Iteration;beta1_1011;beta1_1112;beta1_1213;beta1_1314;beta1_1415;beta1_1516;beta1_1617;beta1_1718;beta1_1819;beta1_1920;beta2_1011;beta2_1112;beta2_1213;beta2_1314;beta2_1415;beta2_1516;beta2_1617;beta2_1718;beta2_1819;beta2_1920;eta1_1011;eta1_1112;eta1_1213;eta1_1314;eta1_1415;eta1_1516;eta1_1617;eta1_1718;eta1_1819;eta1_1920;eta2_1011;eta2_1112;eta2_1213;eta2_1314;eta2_1415;eta2_1516;eta2_1617;eta2_1718;eta2_1819;eta2_1920;alpha1;gamma1;alpha2;gamma2;pi_<6m;pi_6-12m;pi_1;pi_2-4;pi_5-17;pi_18-49;pi_50-64;pi_65-74;pi_75+;lh1_<6m;lh1_6-12m;lh1_1;lh1_2-4;lh1_5-17;lh1_18-49;lh1_50-64;lh1_65-74;lh1_75+;lh2_<6m;lh2_6-12m;lh2_1;lh2_2-4;lh2_5-17;lh2_18-49;lh2_50-64;lh2_65-74;lh2_75+;kappa1_0-4;kappa1_5-14;kappa1_15-64;kappa1_65+;kappa2_0-4;kappa2_5-14;kappa2_15-64;kappa2_65+;lromega1;lrpsi1;delta1;sigma1;theta1;lromega2;lrpsi2;delta2;sigma2;theta2;Loglik;Accepted;Season
0;1,96257758434098;2,87415933563341;2,32355139752399;2,69474155345606;2,68531789180513;2,29053059399079;2,31860704918659;2,23305006681852;2,48313477831144;1,94897073517181;1,95515506819309;1,62777457260964;1,43790880829806;1,22085994718278;1,60616273421994;1,66185795539309;1,82280167419465;1,53502591153856;2,03174490343709;1,60807750502692;-19,2417130414084;-3,68783563053953;-6,61765924180583;-6,99606346443236;-5,86317244115215;-5,51495529071816;-11,6492872076154;-12,4078840221423;-6,07386567824379;-16,4452001607834;-11,1264558411833;-18,4119066924961;-25,3497131618707;-25,1186183431689;-16,1529241662379;-16,6683966462068;-26,6303402812389;-26,376949772366;-13,7046393897514;-19,1950106200335;2,68199219822906;1,52838389719892;1,55555567096163;0,906735395569924;0,505569093294629;0,505568510213577;0,542423295383888;0,645128743653648;0,999999654320567;0,839312184375599;0,686365732674007;0,484882772849465;0,338111817657018;-2,10248812611053;-2,39107314816938;-2,57999843988065;-3,04445220952412;-3,98728360456804;-3,99415245406221;-3,32287235000668;-2,69628304501951;-2,14040516008494;-1,19633754221421;-1,84960330131371;-2,2603080512661;-2,90414846937821;-4,92141460905742;-4,97090981906528;-4,04731849779858;-3,37322715574267;-2,69455527776592;0,0576794539318144;0,0155854222123021;0,0401387249306073;0,0163999959496525;0,0336234616251015;0,00774680590242334;0,0133265931673394;0,00615715054981555;-3;-3;1;1;1,0000000000000000;-3;-3,00000000000000;1;1;1;NA;NA;All
10;1,96257758434098;2,87415933563341;2,32355139752399;2,69474155345606;2,68531789180513;2,29053059399079;2,31860704918659;2,23305006681852;2,48313477831144;1,94897073517181;1,95515506819309;1,62777457260964;1,43790880829806;1,22085994718278;1,60616273421994;1,66185795539309;1,82280167419465;1,53502591153856;2,03174490343709;1,60807750502692;-19,2417130414084;-3,68783563053953;-6,61765924180583;-6,99606346443236;-5,86317244115215;-5,51495529071816;-11,6492872076154;-12,4078840221423;-6,07386567824379;-16,4452001607834;-11,1264558411833;-18,4119066924961;-25,3497131618707;-25,1186183431689;-16,1529241662379;-16,6683966462068;-26,6303402812389;-26,376949772366;-13,7046393897514;-19,1950106200335;2,68199219822906;1,52838389719892;1,55555567096163;0,906735395569924;0,505569093294629;0,505568510213577;0,542423295383888;0,645128743653648;0,999999654320567;0,839312184375599;0,686365732674007;0,484882772849465;0,338111817657018;-2,10248812611053;-2,39107314816938;-2,57999843988065;-3,04445220952412;-3,98728360456804;-3,99415245406221;-3,32287235000668;-2,69628304501951;-2,14040516008494;-1,19633754221421;-1,84960330131371;-2,2603080512661;-2,90414846937821;-4,92141460905742;-4,97090981906528;-4,04731849779858;-3,37322715574267;-2,69455527776592;0,0576794539318144;0,0155854222123021;0,0401387249306073;0,0163999959496525;0,0336234616251015;0,00774680590242334;0,0133265931673394;0,00615715054981555;-3;-3;1;1;0,8023543159015039;-3;-2,53345548496626;1;1;1;-11207,3038239213;NA;All
20;1,96257758434098;2,87415933563341;2,32355139752399;2,69474155345606;2,68531789180513;2,29053059399079;2,31860704918659;2,23305006681852;2,48313477831144;1,94897073517181;1,95515506819309;1,62777457260964;1,43790880829806;1,22085994718278;1,60616273421994;1,66185795539309;1,82280167419465;1,53502591153856;2,03174490343709;1,60807750502692;-19,2417130414084;-3,68783563053953;-6,61765924180583;-6,99606346443236;-5,86317244115215;-5,51495529071816;-11,6492872076154;-12,4078840221423;-6,07386567824379;-16,4452001607834;-11,1264558411833;-18,4119066924961;-25,3497131618707;-25,1186183431689;-16,1529241662379;-16,6683966462068;-26,6303402812389;-26,376949772366;-13,7046393897514;-19,1950106200335;2,68199219822906;1,52838389719892;1,55555567096163;0,906735395569924;0,505569093294629;0,505568510213577;0,542423295383888;0,645128743653648;0,999999654320567;0,839312184375599;0,686365732674007;0,484882772849465;0,338111817657018;-2,10248812611053;-2,39107314816938;-2,57999843988065;-3,04445220952412;-3,98728360456804;-3,99415245406221;-3,32287235000668;-2,69628304501951;-2,14040516008494;-1,19633754221421;-1,84960330131371;-2,2603080512661;-2,90414846937821;-4,92141460905742;-4,97090981906528;-4,04731849779858;-3,37322715574267;-2,69455527776592;0,0576794539318144;0,0155854222123021;0,0401387249306073;0,0163999959496525;0,0336234616251015;0,00774680590242334;0,0133265931673394;0,00615715054981555;-3;-3;1;1;0,4268825866913672;-3;-2,42699285901861;1;1;1;-11192,9252341465;NA;All
30;1,96257758434098;2,87415933563341;2,32355139752399;2,69474155345606;2,68531789180513;2,29053059399079;2,31860704918659;2,23305006681852;2,48313477831144;1,94897073517181;1,95515506819309;1,62777457260964;1,43790880829806;1,22085994718278;1,60616273421994;1,66185795539309;1,82280167419465;1,53502591153856;2,03174490343709;1,60807750502692;-19,2417130414084;-3,68783563053953;-6,61765924180583;-6,99606346443236;-5,86317244115215;-5,51495529071816;-11,6492872076154;-12,4078840221423;-6,07386567824379;-16,4452001607834;-11,1264558411833;-18,4119066924961;-25,3497131618707;-25,1186183431689;-16,1529241662379;-16,6683966462068;-26,6303402812389;-26,376949772366;-13,7046393897514;-19,1950106200335;2,68199219822906;1,52838389719892;1,55555567096163;0,906735395569924;0,505569093294629;0,505568510213577;0,542423295383888;0,645128743653648;0,999999654320567;0,839312184375599;0,686365732674007;0,484882772849465;0,338111817657018;-2,10248812611053;-2,39107314816938;-2,57999843988065;-3,04445220952412;-3,98728360456804;-3,99415245406221;-3,32287235000668;-2,69628304501951;-2,14040516008494;-1,19633754221421;-1,84960330131371;-2,2603080512661;-2,90414846937821;-4,92141460905742;-4,97090981906528;-4,04731849779858;-3,37322715574267;-2,69455527776592;0,0576794539318144;0,0155854222123021;0,0401387249306073;0,0163999959496525;0,0336234616251015;0,00774680590242334;0,0133265931673394;0,00615715054981555;-3;-3;1;1;0,3569824985636891;-3;-2,52129724907018;1;1;1;-11191,0452426080;NA;All
40;1,96257758434098;2,87415933563341;2,32355139752399;2,69474155345606;2,68531789180513;2,29053059399079;2,31860704918659;2,23305006681852;2,48313477831144;1,94897073517181;1,95515506819309;1,62777457260964;1,43790880829806;1,22085994718278;1,60616273421994;1,66185795539309;1,82280167419465;1,53502591153856;2,03174490343709;1,60807750502692;-19,2417130414084;-3,68783563053953;-6,61765924180583;-6,99606346443236;-5,86317244115215;-5,51495529071816;-11,6492872076154;-12,4078840221423;-6,07386567824379;-16,4452001607834;-11,1264558411833;-18,4119066924961;-25,3497131618707;-25,1186183431689;-16,1529241662379;-16,6683966462068;-26,6303402812389;-26,376949772366;-13,7046393897514;-19,1950106200335;2,68199219822906;1,52838389719892;1,55555567096163;0,906735395569924;0,505569093294629;0,505568510213577;0,542423295383888;0,645128743653648;0,999999654320567;0,839312184375599;0,686365732674007;0,484882772849465;0,338111817657018;-2,10248812611053;-2,39107314816938;-2,57999843988065;-3,04445220952412;-3,98728360456804;-3,99415245406221;-3,32287235000668;-2,69628304501951;-2,14040516008494;-1,19633754221421;-1,84960330131371;-2,2603080512661;-2,90414846937821;-4,92141460905742;-4,97090981906528;-4,04731849779858;-3,37322715574267;-2,69455527776592;0,0576794539318144;0,0155854222123021;0,0401387249306073;0,0163999959496525;0,0336234616251015;0,00774680590242334;0,0133265931673394;0,00615715054981555;-3;-3;1;1;0,2164585687064013;-3;-2,20326988344489;1;1;1;-11189,0113179404;NA;All
50;1,96257758434098;2,87415933563341;2,32355139752399;2,69474155345606;2,68531789180513;2,29053059399079;2,31860704918659;2,23305006681852;2,48313477831144;1,94897073517181;1,95515506819309;1,62777457260964;1,43790880829806;1,22085994718278;1,60616273421994;1,66185795539309;1,82280167419465;1,53502591153856;2,03174490343709;1,60807750502692;-19,2417130414084;-3,68783563053953;-6,61765924180583;-6,99606346443236;-5,86317244115215;-5,51495529071816;-11,6492872076154;-12,4078840221423;-6,07386567824379;-16,4452001607834;-11,1264558411833;-18,4119066924961;-25,3497131618707;-25,1186183431689;-16,1529241662379;-16,6683966462068;-26,6303402812389;-26,376949772366;-13,7046393897514;-19,1950106200335;2,68199219822906;1,52838389719892;1,55555567096163;0,906735395569924;0,505569093294629;0,505568510213577;0,542423295383888;0,645128743653648;0,999999654320567;0,839312184375599;0,686365732674007;0,484882772849465;0,338111817657018;-2,10248812611053;-2,39107314816938;-2,57999843988065;-3,04445220952412;-3,98728360456804;-3,99415245406221;-3,32287235000668;-2,69628304501951;-2,14040516008494;-1,19633754221421;-1,84960330131371;-2,2603080512661;-2,90414846937821;-4,92141460905742;-4,97090981906528;-4,04731849779858;-3,37322715574267;-2,69455527776592;0,0576794539318144;0,0155854222123021;0,0401387249306073;0,0163999959496525;0,0336234616251015;0,00774680590242334;0,0133265931673394;0,00615715054981555;-3;-3;1;1;0,3026866882963851;-3;-2,32975067912591;1;1;1;-11189,9809071626;NA;All
60;1,96257758434098;2,87415933563341;2,32355139752399;2,69474155345606;2,68531789180513;2,29053059399079;2,31860704918659;2,23305006681852;2,48313477831144;1,94897073517181;1,95515506819309;1,62777457260964;1,43790880829806;1,22085994718278;1,60616273421994;1,66185795539309;1,82280167419465;1,53502591153856;2,03174490343709;1,60807750502692;-19,2417130414084;-3,68783563053953;-6,61765924180583;-6,99606346443236;-5,86317244115215;-5,51495529071816;-11,6492872076154;-12,4078840221423;-6,07386567824379;-16,4452001607834;-11,1264558411833;-18,4119066924961;-25,3497131618707;-25,1186183431689;-16,1529241662379;-16,6683966462068;-26,6303402812389;-26,376949772366;-13,7046393897514;-19,1950106200335;2,68199219822906;1,52838389719892;1,55555567096163;0,906735395569924;0,505569093294629;0,505568510213577;0,542423295383888;0,645128743653648;0,999999654320567;0,839312184375599;0,686365732674007;0,484882772849465;0,338111817657018;-2,10248812611053;-2,39107314816938;-2,57999843988065;-3,04445220952412;-3,98728360456804;-3,99415245406221;-3,32287235000668;-2,69628304501951;-2,14040516008494;-1,19633754221421;-1,84960330131371;-2,2603080512661;-2,90414846937821;-4,92141460905742;-4,97090981906528;-4,04731849779858;-3,37322715574267;-2,69455527776592;0,0576794539318144;0,0155854222123021;0,0401387249306073;0,0163999959496525;0,0336234616251015;0,00774680590242334;0,0133265931673394;0,00615715054981555;-3;-3;1;1;0,2178197764258386;-3;-2,17517364027276;1;1;1;-11189,0368703541;NA;All
70;1,96257758434098;2,87415933563341;2,32355139752399;2,69474155345606;2,68531789180513;2,29053059399079;2,31860704918659;2,23305006681852;2,48313477831144;1,94897073517181;1,95515506819309;1,62777457260964;1,43790880829806;1,22085994718278;1,60616273421994;1,66185795539309;1,82280167419465;1,53502591153856;2,03174490343709;1,60807750502692;-19,2417130414084;-3,68783563053953;-6,61765924180583;-6,99606346443236;-5,86317244115215;-5,51495529071816;-11,6492872076154;-12,4078840221423;-6,07386567824379;-16,4452001607834;-11,1264558411833;-18,4119066924961;-25,3497131618707;-25,1186183431689;-16,1529241662379;-16,6683966462068;-26,6303402812389;-26,376949772366;-13,7046393897514;-19,1950106200335;2,68199219822906;1,52838389719892;1,55555567096163;0,906735395569924;0,505569093294629;0,505568510213577;0,542423295383888;0,645128743653648;0,999999654320567;0,839312184375599;0,686365732674007;0,484882772849465;0,338111817657018;-2,10248812611053;-2,39107314816938;-2,57999843988065;-3,04445220952412;-3,98728360456804;-3,99415245406221;-3,32287235000668;-2,69628304501951;-2,14040516008494;-1,19633754221421;-1,84960330131371;-2,2603080512661;-2,90414846937821;-4,92141460905742;-4,97090981906528;-4,04731849779858;-3,37322715574267;-2,69455527776592;0,0576794539318144;0,0155854222123021;0,0401387249306073;0,0163999959496525;0,0336234616251015;0,00774680590242334;0,0133265931673394;0,00615715054981555;-3;-3;1;1;0,2178197764258386;-3;-2,17517364027276;1;1;1;-11189,0368703541;NA;All
80;1,96257758434098;2,87415933563341;2,32355139752399;2,69474155345606;2,68531789180513;2,29053059399079;2,31860704918659;2,23305006681852;2,48313477831144;1,94897073517181;1,95515506819309;1,62777457260964;1,43790880829806;1,22085994718278;1,60616273421994;1,66185795539309;1,82280167419465;1,53502591153856;2,03174490343709;1,60807750502692;-19,2417130414084;-3,68783563053953;-6,61765924180583;-6,99606346443236;-5,86317244115215;-5,51495529071816;-11,6492872076154;-12,4078840221423;-6,07386567824379;-16,4452001607834;-11,1264558411833;-18,4119066924961;-25,3497131618707;-25,1186183431689;-16,1529241662379;-16,6683966462068;-26,6303402812389;-26,376949772366;-13,7046393897514;-19,1950106200335;2,68199219822906;1,52838389719892;1,55555567096163;0,906735395569924;0,505569093294629;0,505568510213577;0,542423295383888;0,645128743653648;0,999999654320567;0,839312184375599;0,686365732674007;0,484882772849465;0,338111817657018;-2,10248812611053;-2,39107314816938;-2,57999843988065;-3,04445220952412;-3,98728360456804;-3,99415245406221;-3,32287235000668;-2,69628304501951;-2,14040516008494;-1,19633754221421;-1,84960330131371;-2,2603080512661;-2,90414846937821;-4,92141460905742;-4,97090981906528;-4,04731849779858;-3,37322715574267;-2,69455527776592;0,0576794539318144;0,0155854222123021;0,0401387249306073;0,0163999959496525;0,0336234616251015;0,00774680590242334;0,0133265931673394;0,00615715054981555;-3;-3;1;1;0,2488781826763265;-3;-2,16251396948363;1;1;1;-11189,2961997659;NA;All
90;1,96257758434098;2,87415933563341;2,32355139752399;2,69474155345606;2,68531789180513;2,29053059399079;2,31860704918659;2,23305006681852;2,48313477831144;1,94897073517181;1,95515506819309;1,62777457260964;1,43790880829806;1,22085994718278;1,60616273421994;1,66185795539309;1,82280167419465;1,53502591153856;2,03174490343709;1,60807750502692;-19,2417130414084;-3,68783563053953;-6,61765924180583;-6,99606346443236;-5,86317244115215;-5,51495529071816;-11,6492872076154;-12,4078840221423;-6,07386567824379;-16,4452001607834;-11,1264558411833;-18,4119066924961;-25,3497131618707;-25,1186183431689;-16,1529241662379;-16,6683966462068;-26,6303402812389;-26,376949772366;-13,7046393897514;-19,1950106200335;2,68199219822906;1,52838389719892;1,55555567096163;0,906735395569924;0,505569093294629;0,505568510213577;0,542423295383888;0,645128743653648;0,999999654320567;0,839312184375599;0,686365732674007;0,484882772849465;0,338111817657018;-2,10248812611053;-2,39107314816938;-2,57999843988065;-3,04445220952412;-3,98728360456804;-3,99415245406221;-3,32287235000668;-2,69628304501951;-2,14040516008494;-1,19633754221421;-1,84960330131371;-2,2603080512661;-2,90414846937821;-4,92141460905742;-4,97090981906528;-4,04731849779858;-3,37322715574267;-2,69455527776592;0,0576794539318144;0,0155854222123021;0,0401387249306073;0,0163999959496525;0,0336234616251015;0,00774680590242334;0,0133265931673394;0,00615715054981555;-3;-3;1;1;0,2406211102997564;-3;-1,98050676375580;1;1;1;-11189,3731447564;NA;All
100;1,96257758434098;2,87415933563341;2,32355139752399;2,69474155345606;2,68531789180513;2,29053059399079;2,31860704918659;2,23305006681852;2,48313477831144;1,94897073517181;1,95515506819309;1,62777457260964;1,43790880829806;1,22085994718278;1,60616273421994;1,66185795539309;1,82280167419465;1,53502591153856;2,03174490343709;1,60807750502692;-19,2417130414084;-3,68783563053953;-6,61765924180583;-6,99606346443236;-5,86317244115215;-5,51495529071816;-11,6492872076154;-12,4078840221423;-6,07386567824379;-16,4452001607834;-11,1264558411833;-18,4119066924961;-25,3497131618707;-25,1186183431689;-16,1529241662379;-16,6683966462068;-26,6303402812389;-26,376949772366;-13,7046393897514;-19,1950106200335;2,68199219822906;1,52838389719892;1,55555567096163;0,906735395569924;0,505569093294629;0,505568510213577;0,542423295383888;0,645128743653648;0,999999654320567;0,839312184375599;0,686365732674007;0,484882772849465;0,338111817657018;-2,10248812611053;-2,39107314816938;-2,57999843988065;-3,04445220952412;-3,98728360456804;-3,99415245406221;-3,32287235000668;-2,69628304501951;-2,14040516008494;-1,19633754221421;-1,84960330131371;-2,2603080512661;-2,90414846937821;-4,92141460905742;-4,97090981906528;-4,04731849779858;-3,37322715574267;-2,69455527776592;0,0576794539318144;0,0155854222123021;0,0401387249306073;0,0163999959496525;0,0336234616251015;0,00774680590242334;0,0133265931673394;0,00615715054981555;-3;-3;1;1;0,1447099863770154;-3;-2,08889712963634;1;1;1;-11189,2898256969;NA;All
110;1,96257758434098;2,87415933563341;2,32355139752399;2,69474155345606;2,68531789180513;2,29053059399079;2,31860704918659;2,23305006681852;2,48313477831144;1,94897073517181;1,95515506819309;1,62777457260964;1,43790880829806;1,22085994718278;1,60616273421994;1,66185795539309;1,82280167419465;1,53502591153856;2,03174490343709;1,60807750502692;-19,2417130414084;-3,68783563053953;-6,61765924180583;-6,99606346443236;-5,86317244115215;-5,51495529071816;-11,6492872076154;-12,4078840221423;-6,07386567824379;-16,4452001607834;-11,1264558411833;-18,4119066924961;-25,3497131618707;-25,1186183431689;-16,1529241662379;-16,6683966462068;-26,6303402812389;-26,376949772366;-13,7046393897514;-19,1950106200335;2,68199219822906;1,52838389719892;1,55555567096163;0,906735395569924;0,505569093294629;0,505568510213577;0,542423295383888;0,645128743653648;0,999999654320567;0,839312184375599;0,686365732674007;0,484882772849465;0,338111817657018;-2,10248812611053;-2,39107314816938;-2,57999843988065;-3,04445220952412;-3,98728360456804;-3,99415245406221;-3,32287235000668;-2,69628304501951;-2,14040516008494;-1,19633754221421;-1,84960330131371;-2,2603080512661;-2,90414846937821;-4,92141460905742;-4,97090981906528;-4,04731849779858;-3,37322715574267;-2,69455527776592;0,0576794539318144;0,0155854222123021;0,0401387249306073;0,0163999959496525;0,0336234616251015;0,00774680590242334;0,0133265931673394;0,00615715054981555;-3;-3;1;1;0,2434830094197087;-3;-2,20258867682618;1;1;1;-11189,2156990597;NA;All
120;1,96257758434098;2,87415933563341;2,32355139752399;2,69474155345606;2,68531789180513;2,29053059399079;2,31860704918659;2,23305006681852;2,48313477831144;1,94897073517181;1,95515506819309;1,62777457260964;1,43790880829806;1,22085994718278;1,60616273421994;1,66185795539309;1,82280167419465;1,53502591153856;2,03174490343709;1,60807750502692;-19,2417130414084;-3,68783563053953;-6,61765924180583;-6,99606346443236;-5,86317244115215;-5,51495529071816;-11,6492872076154;-12,4078840221423;-6,07386567824379;-16,4452001607834;-11,1264558411833;-18,4119066924961;-25,3497131618707;-25,1186183431689;-16,1529241662379;-16,6683966462068;-26,6303402812389;-26,376949772366;-13,7046393897514;-19,1950106200335;2,68199219822906;1,52838389719892;1,55555567096163;0,906735395569924;0,505569093294629;0,505568510213577;0,542423295383888;0,645128743653648;0,999999654320567;0,839312184375599;0,686365732674007;0,484882772849465;0,338111817657018;-2,10248812611053;-2,39107314816938;-2,57999843988065;-3,04445220952412;-3,98728360456804;-3,99415245406221;-3,32287235000668;-2,69628304501951;-2,14040516008494;-1,19633754221421;-1,84960330131371;-2,2603080512661;-2,90414846937821;-4,92141460905742;-4,97090981906528;-4,04731849779858;-3,37322715574267;-2,69455527776592;0,0576794539318144;0,0155854222123021;0,0401387249306073;0,0163999959496525;0,0336234616251015;0,00774680590242334;0,0133265931673394;0,00615715054981555;-3;-3;1;1;0,1569986269731042;-3;-2,59824169336450;1;1;1;-11188,9195653341;NA;All
130;1,96257758434098;2,87415933563341;2,32355139752399;2,69474155345606;2,68531789180513;2,29053059399079;2,31860704918659;2,23305006681852;2,48313477831144;1,94897073517181;1,95515506819309;1,62777457260964;1,43790880829806;1,22085994718278;1,60616273421994;1,66185795539309;1,82280167419465;1,53502591153856;2,03174490343709;1,60807750502692;-19,2417130414084;-3,68783563053953;-6,61765924180583;-6,99606346443236;-5,86317244115215;-5,51495529071816;-11,6492872076154;-12,4078840221423;-6,07386567824379;-16,4452001607834;-11,1264558411833;-18,4119066924961;-25,3497131618707;-25,1186183431689;-16,1529241662379;-16,6683966462068;-26,6303402812389;-26,376949772366;-13,7046393897514;-19,1950106200335;2,68199219822906;1,52838389719892;1,55555567096163;0,906735395569924;0,505569093294629;0,505568510213577;0,542423295383888;0,645128743653648;0,999999654320567;0,839312184375599;0,686365732674007;0,484882772849465;0,338111817657018;-2,10248812611053;-2,39107314816938;-2,57999843988065;-3,04445220952412;-3,98728360456804;-3,99415245406221;-3,32287235000668;-2,69628304501951;-2,14040516008494;-1,19633754221421;-1,84960330131371;-2,2603080512661;-2,90414846937821;-4,92141460905742;-4,97090981906528;-4,04731849779858;-3,37322715574267;-2,69455527776592;0,0576794539318144;0,0155854222123021;0,0401387249306073;0,0163999959496525;0,0336234616251015;0,00774680590242334;0,0133265931673394;0,00615715054981555;-3;-3;1;1;0,3073826000054786;-3;-2,98456781260608;1;1;1;-11189,9204056925;NA;All
140;1,96257758434098;2,87415933563341;2,32355139752399;2,69474155345606;2,68531789180513;2,29053059399079;2,31860704918659;2,23305006681852;2,48313477831144;1,94897073517181;1,95515506819309;1,62777457260964;1,43790880829806;1,22085994718278;1,60616273421994;1,66185795539309;1,82280167419465;1,53502591153856;2,03174490343709;1,60807750502692;-19,2417130414084;-3,68783563053953;-6,61765924180583;-6,99606346443236;-5,86317244115215;-5,51495529071816;-11,6492872076154;-12,4078840221423;-6,07386567824379;-16,4452001607834;-11,1264558411833;-18,4119066924961;-25,3497131618707;-25,1186183431689;-16,1529241662379;-16,6683966462068;-26,6303402812389;-26,376949772366;-13,7046393897514;-19,1950106200335;2,68199219822906;1,52838389719892;1,55555567096163;0,906735395569924;0,505569093294629;0,505568510213577;0,542423295383888;0,645128743653648;0,999999654320567;0,839312184375599;0,686365732674007;0,484882772849465;0,338111817657018;-2,10248812611053;-2,39107314816938;-2,57999843988065;-3,04445220952412;-3,98728360456804;-3,99415245406221;-3,32287235000668;-2,69628304501951;-2,14040516008494;-1,19633754221421;-1,84960330131371;-2,2603080512661;-2,90414846937821;-4,92141460905742;-4,97090981906528;-4,04731849779858;-3,37322715574267;-2,69455527776592;0,0576794539318144;0,0155854222123021;0,0401387249306073;0,0163999959496525;0,0336234616251015;0,00774680590242334;0,0133265931673394;0,00615715054981555;-3;-3;1;1;0,2771944011234279;-3;-3,20142955842977;1;1;1;-11189,4009994439;NA;All
150;1,96257758434098;2,87415933563341;2,32355139752399;2,69474155345606;2,68531789180513;2,29053059399079;2,31860704918659;2,23305006681852;2,48313477831144;1,94897073517181;1,95515506819309;1,62777457260964;1,43790880829806;1,22085994718278;1,60616273421994;1,66185795539309;1,82280167419465;1,53502591153856;2,03174490343709;1,60807750502692;-19,2417130414084;-3,68783563053953;-6,61765924180583;-6,99606346443236;-5,86317244115215;-5,51495529071816;-11,6492872076154;-12,4078840221423;-6,07386567824379;-16,4452001607834;-11,1264558411833;-18,4119066924961;-25,3497131618707;-25,1186183431689;-16,1529241662379;-16,6683966462068;-26,6303402812389;-26,376949772366;-13,7046393897514;-19,1950106200335;2,68199219822906;1,52838389719892;1,55555567096163;0,906735395569924;0,505569093294629;0,505568510213577;0,542423295383888;0,645128743653648;0,999999654320567;0,839312184375599;0,686365732674007;0,484882772849465;0,338111817657018;-2,10248812611053;-2,39107314816938;-2,57999843988065;-3,04445220952412;-3,98728360456804;-3,99415245406221;-3,32287235000668;-2,69628304501951;-2,14040516008494;-1,19633754221421;-1,84960330131371;-2,2603080512661;-2,90414846937821;-4,92141460905742;-4,97090981906528;-4,04731849779858;-3,37322715574267;-2,69455527776592;0,0576794539318144;0,0155854222123021;0,0401387249306073;0,0163999959496525;0,0336234616251015;0,00774680590242334;0,0133265931673394;0,00615715054981555;-3;-3;1;1;0,1266440395189093;-3;-3,27087979037231;1;1;1;-11189,2288582620;NA;All
160;1,96257758434098;2,87415933563341;2,32355139752399;2,69474155345606;2,68531789180513;2,29053059399079;2,31860704918659;2,23305006681852;2,48313477831144;1,94897073517181;1,95515506819309;1,62777457260964;1,43790880829806;1,22085994718278;1,60616273421994;1,66185795539309;1,82280167419465;1,53502591153856;2,03174490343709;1,60807750502692;-19,2417130414084;-3,68783563053953;-6,61765924180583;-6,99606346443236;-5,86317244115215;-5,51495529071816;-11,6492872076154;-12,4078840221423;-6,07386567824379;-16,4452001607834;-11,1264558411833;-18,4119066924961;-25,3497131618707;-25,1186183431689;-16,1529241662379;-16,6683966462068;-26,6303402812389;-26,376949772366;-13,7046393897514;-19,1950106200335;2,68199219822906;1,52838389719892;1,55555567096163;0,906735395569924;0,505569093294629;0,505568510213577;0,542423295383888;0,645128743653648;0,999999654320567;0,839312184375599;0,686365732674007;0,484882772849465;0,338111817657018;-2,10248812611053;-2,39107314816938;-2,57999843988065;-3,04445220952412;-3,98728360456804;-3,99415245406221;-3,32287235000668;-2,69628304501951;-2,14040516008494;-1,19633754221421;-1,84960330131371;-2,2603080512661;-2,90414846937821;-4,92141460905742;-4,97090981906528;-4,04731849779858;-3,37322715574267;-2,69455527776592;0,0576794539318144;0,0155854222123021;0,0401387249306073;0,0163999959496525;0,0336234616251015;0,00774680590242334;0,0133265931673394;0,00615715054981555;-3;-3;1;1;0,1266440395189093;-3;-3,27087979037231;1;1;1;-11189,2288582620;NA;All
170;1,96257758434098;2,87415933563341;2,32355139752399;2,69474155345606;2,68531789180513;2,29053059399079;2,31860704918659;2,23305006681852;2,48313477831144;1,94897073517181;1,95515506819309;1,62777457260964;1,43790880829806;1,22085994718278;1,60616273421994;1,66185795539309;1,82280167419465;1,53502591153856;2,03174490343709;1,60807750502692;-19,2417130414084;-3,68783563053953;-6,61765924180583;-6,99606346443236;-5,86317244115215;-5,51495529071816;-11,6492872076154;-12,4078840221423;-6,07386567824379;-16,4452001607834;-11,1264558411833;-18,4119066924961;-25,3497131618707;-25,1186183431689;-16,1529241662379;-16,6683966462068;-26,6303402812389;-26,376949772366;-13,7046393897514;-19,1950106200335;2,68199219822906;1,52838389719892;1,55555567096163;0,906735395569924;0,505569093294629;0,505568510213577;0,542423295383888;0,645128743653648;0,999999654320567;0,839312184375599;0,686365732674007;0,484882772849465;0,338111817657018;-2,10248812611053;-2,39107314816938;-2,57999843988065;-3,04445220952412;-3,98728360456804;-3,99415245406221;-3,32287235000668;-2,69628304501951;-2,14040516008494;-1,19633754221421;-1,84960330131371;-2,2603080512661;-2,90414846937821;-4,92141460905742;-4,97090981906528;-4,04731849779858;-3,37322715574267;-2,69455527776592;0,0576794539318144;0,0155854222123021;0,0401387249306073;0,0163999959496525;0,0336234616251015;0,00774680590242334;0,0133265931673394;0,00615715054981555;-3;-3;1;1;0,1266440395189093;-3;-3,27087979037231;1;1;1;-11189,2288582620;NA;All
180;1,96257758434098;2,87415933563341;2,32355139752399;2,69474155345606;2,68531789180513;2,29053059399079;2,31860704918659;2,23305006681852;2,48313477831144;1,94897073517181;1,95515506819309;1,62777457260964;1,43790880829806;1,22085994718278;1,60616273421994;1,66185795539309;1,82280167419465;1,53502591153856;2,03174490343709;1,60807750502692;-19,2417130414084;-3,68783563053953;-6,61765924180583;-6,99606346443236;-5,86317244115215;-5,51495529071816;-11,6492872076154;-12,4078840221423;-6,07386567824379;-16,4452001607834;-11,1264558411833;-18,4119066924961;-25,3497131618707;-25,1186183431689;-16,1529241662379;-16,6683966462068;-26,6303402812389;-26,376949772366;-13,7046393897514;-19,1950106200335;2,68199219822906;1,52838389719892;1,55555567096163;0,906735395569924;0,505569093294629;0,505568510213577;0,542423295383888;0,645128743653648;0,999999654320567;0,839312184375599;0,686365732674007;0,484882772849465;0,338111817657018;-2,10248812611053;-2,39107314816938;-2,57999843988065;-3,04445220952412;-3,98728360456804;-3,99415245406221;-3,32287235000668;-2,69628304501951;-2,14040516008494;-1,19633754221421;-1,84960330131371;-2,2603080512661;-2,90414846937821;-4,92141460905742;-4,97090981906528;-4,04731849779858;-3,37322715574267;-2,69455527776592;0,0576794539318144;0,0155854222123021;0,0401387249306073;0,0163999959496525;0,0336234616251015;0,00774680590242334;0,0133265931673394;0,00615715054981555;-3;-3;1;1;0,1266440395189093;-3;-3,27087979037231;1;1;1;-11189,2288582620;NA;All
190;1,96257758434098;2,87415933563341;2,32355139752399;2,69474155345606;2,68531789180513;2,29053059399079;2,31860704918659;2,23305006681852;2,48313477831144;1,94897073517181;1,95515506819309;1,62777457260964;1,43790880829806;1,22085994718278;1,60616273421994;1,66185795539309;1,82280167419465;1,53502591153856;2,03174490343709;1,60807750502692;-19,2417130414084;-3,68783563053953;-6,61765924180583;-6,99606346443236;-5,86317244115215;-5,51495529071816;-11,6492872076154;-12,4078840221423;-6,07386567824379;-16,4452001607834;-11,1264558411833;-18,4119066924961;-25,3497131618707;-25,1186183431689;-16,1529241662379;-16,6683966462068;-26,6303402812389;-26,376949772366;-13,7046393897514;-19,1950106200335;2,68199219822906;1,52838389719892;1,55555567096163;0,906735395569924;0,505569093294629;0,505568510213577;0,542423295383888;0,645128743653648;0,999999654320567;0,839312184375599;0,686365732674007;0,484882772849465;0,338111817657018;-2,10248812611053;-2,39107314816938;-2,57999843988065;-3,04445220952412;-3,98728360456804;-3,99415245406221;-3,32287235000668;-2,69628304501951;-2,14040516008494;-1,19633754221421;-1,84960330131371;-2,2603080512661;-2,90414846937821;-4,92141460905742;-4,97090981906528;-4,04731849779858;-3,37322715574267;-2,69455527776592;0,0576794539318144;0,0155854222123021;0,0401387249306073;0,0163999959496525;0,0336234616251015;0,00774680590242334;0,0133265931673394;0,00615715054981555;-3;-3;1;1;0,1792834114957535;-3;-2,38688740413515;1;1;1;-11188,8662202724;NA;All
200;1,96257758434098;2,87415933563341;2,32355139752399;2,69474155345606;2,68531789180513;2,29053059399079;2,31860704918659;2,23305006681852;2,48313477831144;1,94897073517181;1,95515506819309;1,62777457260964;1,43790880829806;1,22085994718278;1,60616273421994;1,66185795539309;1,82280167419465;1,53502591153856;2,03174490343709;1,60807750502692;-19,2417130414084;-3,68783563053953;-6,61765924180583;-6,99606346443236;-5,86317244115215;-5,51495529071816;-11,6492872076154;-12,4078840221423;-6,07386567824379;-16,4452001607834;-11,1264558411833;-18,4119066924961;-25,3497131618707;-25,1186183431689;-16,1529241662379;-16,6683966462068;-26,6303402812389;-26,376949772366;-13,7046393897514;-19,1950106200335;2,68199219822906;1,52838389719892;1,55555567096163;0,906735395569924;0,505569093294629;0,505568510213577;0,542423295383888;0,645128743653648;0,999999654320567;0,839312184375599;0,686365732674007;0,484882772849465;0,338111817657018;-2,10248812611053;-2,39107314816938;-2,57999843988065;-3,04445220952412;-3,98728360456804;-3,99415245406221;-3,32287235000668;-2,69628304501951;-2,14040516008494;-1,19633754221421;-1,84960330131371;-2,2603080512661;-2,90414846937821;-4,92141460905742;-4,97090981906528;-4,04731849779858;-3,37322715574267;-2,69455527776592;0,0576794539318144;0,0155854222123021;0,0401387249306073;0,0163999959496525;0,0336234616251015;0,00774680590242334;0,0133265931673394;0,00615715054981555;-3;-3;1;1;0,1434328933490977;-3;-2,95137309754751;1;1;1;-11189,0001710869;NA;All
210;1,96257758434098;2,87415933563341;2,32355139752399;2,69474155345606;2,68531789180513;2,29053059399079;2,31860704918659;2,23305006681852;2,48313477831144;1,94897073517181;1,95515506819309;1,62777457260964;1,43790880829806;1,22085994718278;1,60616273421994;1,66185795539309;1,82280167419465;1,53502591153856;2,03174490343709;1,60807750502692;-19,2417130414084;-3,68783563053953;-6,61765924180583;-6,99606346443236;-5,86317244115215;-5,51495529071816;-11,6492872076154;-12,4078840221423;-6,07386567824379;-16,4452001607834;-11,1264558411833;-18,4119066924961;-25,3497131618707;-25,1186183431689;-16,1529241662379;-16,6683966462068;-26,6303402812389;-26,376949772366;-13,7046393897514;-19,1950106200335;2,68199219822906;1,52838389719892;1,55555567096163;0,906735395569924;0,505569093294629;0,505568510213577;0,542423295383888;0,645128743653648;0,999999654320567;0,839312184375599;0,686365732674007;0,484882772849465;0,338111817657018;-2,10248812611053;-2,39107314816938;-2,57999843988065;-3,04445220952412;-3,98728360456804;-3,99415245406221;-3,32287235000668;-2,69628304501951;-2,14040516008494;-1,19633754221421;-1,84960330131371;-2,2603080512661;-2,90414846937821;-4,92141460905742;-4,97090981906528;-4,04731849779858;-3,37322715574267;-2,69455527776592;0,0576794539318144;0,0155854222123021;0,0401387249306073;0,0163999959496525;0,0336234616251015;0,00774680590242334;0,0133265931673394;0,00615715054981555;-3;-3;1;1;0,1685925824408672;-3;-3,90127571464361;1;1;1;-11188,7422964435;NA;All
220;1,96257758434098;2,87415933563341;2,32355139752399;2,69474155345606;2,68531789180513;2,29053059399079;2,31860704918659;2,23305006681852;2,48313477831144;1,94897073517181;1,95515506819309;1,62777457260964;1,43790880829806;1,22085994718278;1,60616273421994;1,66185795539309;1,82280167419465;1,53502591153856;2,03174490343709;1,60807750502692;-19,2417130414084;-3,68783563053953;-6,61765924180583;-6,99606346443236;-5,86317244115215;-5,51495529071816;-11,6492872076154;-12,4078840221423;-6,07386567824379;-16,4452001607834;-11,1264558411833;-18,4119066924961;-25,3497131618707;-25,1186183431689;-16,1529241662379;-16,6683966462068;-26,6303402812389;-26,376949772366;-13,7046393897514;-19,1950106200335;2,68199219822906;1,52838389719892;1,55555567096163;0,906735395569924;0,505569093294629;0,505568510213577;0,542423295383888;0,645128743653648;0,999999654320567;0,839312184375599;0,686365732674007;0,484882772849465;0,338111817657018;-2,10248812611053;-2,39107314816938;-2,57999843988065;-3,04445220952412;-3,98728360456804;-3,99415245406221;-3,32287235000668;-2,69628304501951;-2,14040516008494;-1,19633754221421;-1,84960330131371;-2,2603080512661;-2,90414846937821;-4,92141460905742;-4,97090981906528;-4,04731849779858;-3,37322715574267;-2,69455527776592;0,0576794539318144;0,0155854222123021;0,0401387249306073;0,0163999959496525;0,0336234616251015;0,00774680590242334;0,0133265931673394;0,00615715054981555;-3;-3;1;1;0,1685925824408672;-3;-3,90127571464361;1;1;1;-11188,7422964435;NA;All
230;1,96257758434098;2,87415933563341;2,32355139752399;2,69474155345606;2,68531789180513;2,29053059399079;2,31860704918659;2,23305006681852;2,48313477831144;1,94897073517181;1,95515506819309;1,62777457260964;1,43790880829806;1,22085994718278;1,60616273421994;1,66185795539309;1,82280167419465;1,53502591153856;2,03174490343709;1,60807750502692;-19,2417130414084;-3,68783563053953;-6,61765924180583;-6,99606346443236;-5,86317244115215;-5,51495529071816;-11,6492872076154;-12,4078840221423;-6,07386567824379;-16,4452001607834;-11,1264558411833;-18,4119066924961;-25,3497131618707;-25,1186183431689;-16,1529241662379;-16,6683966462068;-26,6303402812389;-26,376949772366;-13,7046393897514;-19,1950106200335;2,68199219822906;1,52838389719892;1,55555567096163;0,906735395569924;0,505569093294629;0,505568510213577;0,542423295383888;0,645128743653648;0,999999654320567;0,839312184375599;0,686365732674007;0,484882772849465;0,338111817657018;-2,10248812611053;-2,39107314816938;-2,57999843988065;-3,04445220952412;-3,98728360456804;-3,99415245406221;-3,32287235000668;-2,69628304501951;-2,14040516008494;-1,19633754221421;-1,84960330131371;-2,2603080512661;-2,90414846937821;-4,92141460905742;-4,97090981906528;-4,04731849779858;-3,37322715574267;-2,69455527776592;0,0576794539318144;0,0155854222123021;0,0401387249306073;0,0163999959496525;0,0336234616251015;0,00774680590242334;0,0133265931673394;0,00615715054981555;-3;-3;1;1;0,1404954682166102;-3;-3,40363963338961;1;1;1;-11189,0091956098;NA;All
240;1,96257758434098;2,87415933563341;2,32355139752399;2,69474155345606;2,68531789180513;2,29053059399079;2,31860704918659;2,23305006681852;2,48313477831144;1,94897073517181;1,95515506819309;1,62777457260964;1,43790880829806;1,22085994718278;1,60616273421994;1,66185795539309;1,82280167419465;1,53502591153856;2,03174490343709;1,60807750502692;-19,2417130414084;-3,68783563053953;-6,61765924180583;-6,99606346443236;-5,86317244115215;-5,51495529071816;-11,6492872076154;-12,4078840221423;-6,07386567824379;-16,4452001607834;-11,1264558411833;-18,4119066924961;-25,3497131618707;-25,1186183431689;-16,1529241662379;-16,6683966462068;-26,6303402812389;-26,376949772366;-13,7046393897514;-19,1950106200335;2,68199219822906;1,52838389719892;1,55555567096163;0,906735395569924;0,505569093294629;0,505568510213577;0,542423295383888;0,645128743653648;0,999999654320567;0,839312184375599;0,686365732674007;0,484882772849465;0,338111817657018;-2,10248812611053;-2,39107314816938;-2,57999843988065;-3,04445220952412;-3,98728360456804;-3,99415245406221;-3,32287235000668;-2,69628304501951;-2,14040516008494;-1,19633754221421;-1,84960330131371;-2,2603080512661;-2,90414846937821;-4,92141460905742;-4,97090981906528;-4,04731849779858;-3,37322715574267;-2,69455527776592;0,0576794539318144;0,0155854222123021;0,0401387249306073;0,0163999959496525;0,0336234616251015;0,00774680590242334;0,0133265931673394;0,00615715054981555;-3;-3;1;1;0,3224532929417331;-3;-2,64750635637692;1;1;1;-11190,2593049710;NA;All
250;1,96257758434098;2,87415933563341;2,32355139752399;2,69474155345606;2,68531789180513;2,29053059399079;2,31860704918659;2,23305006681852;2,48313477831144;1,94897073517181;1,95515506819309;1,62777457260964;1,43790880829806;1,22085994718278;1,60616273421994;1,66185795539309;1,82280167419465;1,53502591153856;2,03174490343709;1,60807750502692;-19,2417130414084;-3,68783563053953;-6,61765924180583;-6,99606346443236;-5,86317244115215;-5,51495529071816;-11,6492872076154;-12,4078840221423;-6,07386567824379;-16,4452001607834;-11,1264558411833;-18,4119066924961;-25,3497131618707;-25,1186183431689;-16,1529241662379;-16,6683966462068;-26,6303402812389;-26,376949772366;-13,7046393897514;-19,1950106200335;2,68199219822906;1,52838389719892;1,55555567096163;0,906735395569924;0,505569093294629;0,505568510213577;0,542423295383888;0,645128743653648;0,999999654320567;0,839312184375599;0,686365732674007;0,484882772849465;0,338111817657018;-2,10248812611053;-2,39107314816938;-2,57999843988065;-3,04445220952412;-3,98728360456804;-3,99415245406221;-3,32287235000668;-2,69628304501951;-2,14040516008494;-1,19633754221421;-1,84960330131371;-2,2603080512661;-2,90414846937821;-4,92141460905742;-4,97090981906528;-4,04731849779858;-3,37322715574267;-2,69455527776592;0,0576794539318144;0,0155854222123021;0,0401387249306073;0,0163999959496525;0,0336234616251015;0,00774680590242334;0,0133265931673394;0,00615715054981555;-3;-3;1;1;0,1432273710343848;-3;-3,45178312861014;1;1;1;-11188,9714011045;NA;All
260;1,96257758434098;2,87415933563341;2,32355139752399;2,69474155345606;2,68531789180513;2,29053059399079;2,31860704918659;2,23305006681852;2,48313477831144;1,94897073517181;1,95515506819309;1,62777457260964;1,43790880829806;1,22085994718278;1,60616273421994;1,66185795539309;1,82280167419465;1,53502591153856;2,03174490343709;1,60807750502692;-19,2417130414084;-3,68783563053953;-6,61765924180583;-6,99606346443236;-5,86317244115215;-5,51495529071816;-11,6492872076154;-12,4078840221423;-6,07386567824379;-16,4452001607834;-11,1264558411833;-18,4119066924961;-25,3497131618707;-25,1186183431689;-16,1529241662379;-16,6683966462068;-26,6303402812389;-26,376949772366;-13,7046393897514;-19,1950106200335;2,68199219822906;1,52838389719892;1,55555567096163;0,906735395569924;0,505569093294629;0,505568510213577;0,542423295383888;0,645128743653648;0,999999654320567;0,839312184375599;0,686365732674007;0,484882772849465;0,338111817657018;-2,10248812611053;-2,39107314816938;-2,57999843988065;-3,04445220952412;-3,98728360456804;-3,99415245406221;-3,32287235000668;-2,69628304501951;-2,14040516008494;-1,19633754221421;-1,84960330131371;-2,2603080512661;-2,90414846937821;-4,92141460905742;-4,97090981906528;-4,04731849779858;-3,37322715574267;-2,69455527776592;0,0576794539318144;0,0155854222123021;0,0401387249306073;0,0163999959496525;0,0336234616251015;0,00774680590242334;0,0133265931673394;0,00615715054981555;-3;-3;1;1;0,1432273710343848;-3;-3,45178312861014;1;1;1;-11188,9714011045;NA;All
270;1,96257758434098;2,87415933563341;2,32355139752399;2,69474155345606;2,68531789180513;2,29053059399079;2,31860704918659;2,23305006681852;2,48313477831144;1,94897073517181;1,95515506819309;1,62777457260964;1,43790880829806;1,22085994718278;1,60616273421994;1,66185795539309;1,82280167419465;1,53502591153856;2,03174490343709;1,60807750502692;-19,2417130414084;-3,68783563053953;-6,61765924180583;-6,99606346443236;-5,86317244115215;-5,51495529071816;-11,6492872076154;-12,4078840221423;-6,07386567824379;-16,4452001607834;-11,1264558411833;-18,4119066924961;-25,3497131618707;-25,1186183431689;-16,1529241662379;-16,6683966462068;-26,6303402812389;-26,376949772366;-13,7046393897514;-19,1950106200335;2,68199219822906;1,52838389719892;1,55555567096163;0,906735395569924;0,505569093294629;0,505568510213577;0,542423295383888;0,645128743653648;0,999999654320567;0,839312184375599;0,686365732674007;0,484882772849465;0,338111817657018;-2,10248812611053;-2,39107314816938;-2,57999843988065;-3,04445220952412;-3,98728360456804;-3,99415245406221;-3,32287235000668;-2,69628304501951;-2,14040516008494;-1,19633754221421;-1,84960330131371;-2,2603080512661;-2,90414846937821;-4,92141460905742;-4,97090981906528;-4,04731849779858;-3,37322715574267;-2,69455527776592;0,0576794539318144;0,0155854222123021;0,0401387249306073;0,0163999959496525;0,0336234616251015;0,00774680590242334;0,0133265931673394;0,00615715054981555;-3;-3;1;1;0,1570067897067033;-3;-2,99364727107842;1;1;1;-11188,8575930696;NA;All
280;1,96257758434098;2,87415933563341;2,32355139752399;2,69474155345606;2,68531789180513;2,29053059399079;2,31860704918659;2,23305006681852;2,48313477831144;1,94897073517181;1,95515506819309;1,62777457260964;1,43790880829806;1,22085994718278;1,60616273421994;1,66185795539309;1,82280167419465;1,53502591153856;2,03174490343709;1,60807750502692;-19,2417130414084;-3,68783563053953;-6,61765924180583;-6,99606346443236;-5,86317244115215;-5,51495529071816;-11,6492872076154;-12,4078840221423;-6,07386567824379;-16,4452001607834;-11,1264558411833;-18,4119066924961;-25,3497131618707;-25,1186183431689;-16,1529241662379;-16,6683966462068;-26,6303402812389;-26,376949772366;-13,7046393897514;-19,1950106200335;2,68199219822906;1,52838389719892;1,55555567096163;0,906735395569924;0,505569093294629;0,505568510213577;0,542423295383888;0,645128743653648;0,999999654320567;0,839312184375599;0,686365732674007;0,484882772849465;0,338111817657018;-2,10248812611053;-2,39107314816938;-2,57999843988065;-3,04445220952412;-3,98728360456804;-3,99415245406221;-3,32287235000668;-2,69628304501951;-2,14040516008494;-1,19633754221421;-1,84960330131371;-2,2603080512661;-2,90414846937821;-4,92141460905742;-4,97090981906528;-4,04731849779858;-3,37322715574267;-2,69455527776592;0,0576794539318144;0,0155854222123021;0,0401387249306073;0,0163999959496525;0,0336234616251015;0,00774680590242334;0,0133265931673394;0,00615715054981555;-3;-3;1;1;0,1245484047911623;-3;-1,42586665626249;1;1;1;-11191,1681810297;NA;All
290;1,96257758434098;2,87415933563341;2,32355139752399;2,69474155345606;2,68531789180513;2,29053059399079;2,31860704918659;2,23305006681852;2,48313477831144;1,94897073517181;1,95515506819309;1,62777457260964;1,43790880829806;1,22085994718278;1,60616273421994;1,66185795539309;1,82280167419465;1,53502591153856;2,03174490343709;1,60807750502692;-19,2417130414084;-3,68783563053953;-6,61765924180583;-6,99606346443236;-5,86317244115215;-5,51495529071816;-11,6492872076154;-12,4078840221423;-6,07386567824379;-16,4452001607834;-11,1264558411833;-18,4119066924961;-25,3497131618707;-25,1186183431689;-16,1529241662379;-16,6683966462068;-26,6303402812389;-26,376949772366;-13,7046393897514;-19,1950106200335;2,68199219822906;1,52838389719892;1,55555567096163;0,906735395569924;0,505569093294629;0,505568510213577;0,542423295383888;0,645128743653648;0,999999654320567;0,839312184375599;0,686365732674007;0,484882772849465;0,338111817657018;-2,10248812611053;-2,39107314816938;-2,57999843988065;-3,04445220952412;-3,98728360456804;-3,99415245406221;-3,32287235000668;-2,69628304501951;-2,14040516008494;-1,19633754221421;-1,84960330131371;-2,2603080512661;-2,90414846937821;-4,92141460905742;-4,97090981906528;-4,04731849779858;-3,37322715574267;-2,69455527776592;0,0576794539318144;0,0155854222123021;0,0401387249306073;0,0163999959496525;0,0336234616251015;0,00774680590242334;0,0133265931673394;0,00615715054981555;-3;-3;1;1;0,1720854342273488;-3;-2,06883243924852;1;1;1;-11189,0855827855;NA;All
300;1,96257758434098;2,87415933563341;2,32355139752399;2,69474155345606;2,68531789180513;2,29053059399079;2,31860704918659;2,23305006681852;2,48313477831144;1,94897073517181;1,95515506819309;1,62777457260964;1,43790880829806;1,22085994718278;1,60616273421994;1,66185795539309;1,82280167419465;1,53502591153856;2,03174490343709;1,60807750502692;-19,2417130414084;-3,68783563053953;-6,61765924180583;-6,99606346443236;-5,86317244115215;-5,51495529071816;-11,6492872076154;-12,4078840221423;-6,07386567824379;-16,4452001607834;-11,1264558411833;-18,4119066924961;-25,3497131618707;-25,1186183431689;-16,1529241662379;-16,6683966462068;-26,6303402812389;-26,376949772366;-13,7046393897514;-19,1950106200335;2,68199219822906;1,52838389719892;1,55555567096163;0,906735395569924;0,505569093294629;0,505568510213577;0,542423295383888;0,645128743653648;0,999999654320567;0,839312184375599;0,686365732674007;0,484882772849465;0,338111817657018;-2,10248812611053;-2,39107314816938;-2,57999843988065;-3,04445220952412;-3,98728360456804;-3,99415245406221;-3,32287235000668;-2,69628304501951;-2,14040516008494;-1,19633754221421;-1,84960330131371;-2,2603080512661;-2,90414846937821;-4,92141460905742;-4,97090981906528;-4,04731849779858;-3,37322715574267;-2,69455527776592;0,0576794539318144;0,0155854222123021;0,0401387249306073;0,0163999959496525;0,0336234616251015;0,00774680590242334;0,0133265931673394;0,00615715054981555;-3;-3;1;1;0,1773789953696343;-3;-3,59484350286777;1;1;1;-11188,7113706898;NA;All
310;1,96257758434098;2,87415933563341;2,32355139752399;2,69474155345606;2,68531789180513;2,29053059399079;2,31860704918659;2,23305006681852;2,48313477831144;1,94897073517181;1,95515506819309;1,62777457260964;1,43790880829806;1,22085994718278;1,60616273421994;1,66185795539309;1,82280167419465;1,53502591153856;2,03174490343709;1,60807750502692;-19,2417130414084;-3,68783563053953;-6,61765924180583;-6,99606346443236;-5,86317244115215;-5,51495529071816;-11,6492872076154;-12,4078840221423;-6,07386567824379;-16,4452001607834;-11,1264558411833;-18,4119066924961;-25,3497131618707;-25,1186183431689;-16,1529241662379;-16,6683966462068;-26,6303402812389;-26,376949772366;-13,7046393897514;-19,1950106200335;2,68199219822906;1,52838389719892;1,55555567096163;0,906735395569924;0,505569093294629;0,505568510213577;0,542423295383888;0,645128743653648;0,999999654320567;0,839312184375599;0,686365732674007;0,484882772849465;0,338111817657018;-2,10248812611053;-2,39107314816938;-2,57999843988065;-3,04445220952412;-3,98728360456804;-3,99415245406221;-3,32287235000668;-2,69628304501951;-2,14040516008494;-1,19633754221421;-1,84960330131371;-2,2603080512661;-2,90414846937821;-4,92141460905742;-4,97090981906528;-4,04731849779858;-3,37322715574267;-2,69455527776592;0,0576794539318144;0,0155854222123021;0,0401387249306073;0,0163999959496525;0,0336234616251015;0,00774680590242334;0,0133265931673394;0,00615715054981555;-3;-3;1;1;0,1113286588056759;-3;-2,99331149161842;1;1;1;-11189,5686073714;NA;All
320;1,96257758434098;2,87415933563341;2,32355139752399;2,69474155345606;2,68531789180513;2,29053059399079;2,31860704918659;2,23305006681852;2,48313477831144;1,94897073517181;1,95515506819309;1,62777457260964;1,43790880829806;1,22085994718278;1,60616273421994;1,66185795539309;1,82280167419465;1,53502591153856;2,03174490343709;1,60807750502692;-19,2417130414084;-3,68783563053953;-6,61765924180583;-6,99606346443236;-5,86317244115215;-5,51495529071816;-11,6492872076154;-12,4078840221423;-6,07386567824379;-16,4452001607834;-11,1264558411833;-18,4119066924961;-25,3497131618707;-25,1186183431689;-16,1529241662379;-16,6683966462068;-26,6303402812389;-26,376949772366;-13,7046393897514;-19,1950106200335;2,68199219822906;1,52838389719892;1,55555567096163;0,906735395569924;0,505569093294629;0,505568510213577;0,542423295383888;0,645128743653648;0,999999654320567;0,839312184375599;0,686365732674007;0,484882772849465;0,338111817657018;-2,10248812611053;-2,39107314816938;-2,57999843988065;-3,04445220952412;-3,98728360456804;-3,99415245406221;-3,32287235000668;-2,69628304501951;-2,14040516008494;-1,19633754221421;-1,84960330131371;-2,2603080512661;-2,90414846937821;-4,92141460905742;-4,97090981906528;-4,04731849779858;-3,37322715574267;-2,69455527776592;0,0576794539318144;0,0155854222123021;0,0401387249306073;0,0163999959496525;0,0336234616251015;0,00774680590242334;0,0133265931673394;0,00615715054981555;-3;-3;1;1;0,3434168290420810;-3;-2,83340085860610;1;1;1;-11190,6736813950;NA;All
330;1,96257758434098;2,87415933563341;2,32355139752399;2,69474155345606;2,68531789180513;2,29053059399079;2,31860704918659;2,23305006681852;2,48313477831144;1,94897073517181;1,95515506819309;1,62777457260964;1,43790880829806;1,22085994718278;1,60616273421994;1,66185795539309;1,82280167419465;1,53502591153856;2,03174490343709;1,60807750502692;-19,2417130414084;-3,68783563053953;-6,61765924180583;-6,99606346443236;-5,86317244115215;-5,51495529071816;-11,6492872076154;-12,4078840221423;-6,07386567824379;-16,4452001607834;-11,1264558411833;-18,4119066924961;-25,3497131618707;-25,1186183431689;-16,1529241662379;-16,6683966462068;-26,6303402812389;-26,376949772366;-13,7046393897514;-19,1950106200335;2,68199219822906;1,52838389719892;1,55555567096163;0,906735395569924;0,505569093294629;0,505568510213577;0,542423295383888;0,645128743653648;0,999999654320567;0,839312184375599;0,686365732674007;0,484882772849465;0,338111817657018;-2,10248812611053;-2,39107314816938;-2,57999843988065;-3,04445220952412;-3,98728360456804;-3,99415245406221;-3,32287235000668;-2,69628304501951;-2,14040516008494;-1,19633754221421;-1,84960330131371;-2,2603080512661;-2,90414846937821;-4,92141460905742;-4,97090981906528;-4,04731849779858;-3,37322715574267;-2,69455527776592;0,0576794539318144;0,0155854222123021;0,0401387249306073;0,0163999959496525;0,0336234616251015;0,00774680590242334;0,0133265931673394;0,00615715054981555;-3;-3;1;1;0,1773258376704985;-3;-3,99449517811213;1;1;1;-11188,7056760207;NA;All
340;1,96257758434098;2,87415933563341;2,32355139752399;2,69474155345606;2,68531789180513;2,29053059399079;2,31860704918659;2,23305006681852;2,48313477831144;1,94897073517181;1,95515506819309;1,62777457260964;1,43790880829806;1,22085994718278;1,60616273421994;1,66185795539309;1,82280167419465;1,53502591153856;2,03174490343709;1,60807750502692;-19,2417130414084;-3,68783563053953;-6,61765924180583;-6,99606346443236;-5,86317244115215;-5,51495529071816;-11,6492872076154;-12,4078840221423;-6,07386567824379;-16,4452001607834;-11,1264558411833;-18,4119066924961;-25,3497131618707;-25,1186183431689;-16,1529241662379;-16,6683966462068;-26,6303402812389;-26,376949772366;-13,7046393897514;-19,1950106200335;2,68199219822906;1,52838389719892;1,55555567096163;0,906735395569924;0,505569093294629;0,505568510213577;0,542423295383888;0,645128743653648;0,999999654320567;0,839312184375599;0,686365732674007;0,484882772849465;0,338111817657018;-2,10248812611053;-2,39107314816938;-2,57999843988065;-3,04445220952412;-3,98728360456804;-3,99415245406221;-3,32287235000668;-2,69628304501951;-2,14040516008494;-1,19633754221421;-1,84960330131371;-2,2603080512661;-2,90414846937821;-4,92141460905742;-4,97090981906528;-4,04731849779858;-3,37322715574267;-2,69455527776592;0,0576794539318144;0,0155854222123021;0,0401387249306073;0,0163999959496525;0,0336234616251015;0,00774680590242334;0,0133265931673394;0,00615715054981555;-3;-3;1;1;0,2879560998366972;-3;-2,87558809450501;1;1;1;-11189,5944706142;NA;All
350;1,96257758434098;2,87415933563341;2,32355139752399;2,69474155345606;2,68531789180513;2,29053059399079;2,31860704918659;2,23305006681852;2,48313477831144;1,94897073517181;1,95515506819309;1,62777457260964;1,43790880829806;1,22085994718278;1,60616273421994;1,66185795539309;1,82280167419465;1,53502591153856;2,03174490343709;1,60807750502692;-19,2417130414084;-3,68783563053953;-6,61765924180583;-6,99606346443236;-5,86317244115215;-5,51495529071816;-11,6492872076154;-12,4078840221423;-6,07386567824379;-16,4452001607834;-11,1264558411833;-18,4119066924961;-25,3497131618707;-25,1186183431689;-16,1529241662379;-16,6683966462068;-26,6303402812389;-26,376949772366;-13,7046393897514;-19,1950106200335;2,68199219822906;1,52838389719892;1,55555567096163;0,906735395569924;0,505569093294629;0,505568510213577;0,542423295383888;0,645128743653648;0,999999654320567;0,839312184375599;0,686365732674007;0,484882772849465;0,338111817657018;-2,10248812611053;-2,39107314816938;-2,57999843988065;-3,04445220952412;-3,98728360456804;-3,99415245406221;-3,32287235000668;-2,69628304501951;-2,14040516008494;-1,19633754221421;-1,84960330131371;-2,2603080512661;-2,90414846937821;-4,92141460905742;-4,97090981906528;-4,04731849779858;-3,37322715574267;-2,69455527776592;0,0576794539318144;0,0155854222123021;0,0401387249306073;0,0163999959496525;0,0336234616251015;0,00774680590242334;0,0133265931673394;0,00615715054981555;-3;-3;1;1;0,2081092510322425;-3;-3,55655653839656;1;1;1;-11188,7256793975;NA;All
360;1,96257758434098;2,87415933563341;2,32355139752399;2,69474155345606;2,68531789180513;2,29053059399079;2,31860704918659;2,23305006681852;2,48313477831144;1,94897073517181;1,95515506819309;1,62777457260964;1,43790880829806;1,22085994718278;1,60616273421994;1,66185795539309;1,82280167419465;1,53502591153856;2,03174490343709;1,60807750502692;-19,2417130414084;-3,68783563053953;-6,61765924180583;-6,99606346443236;-5,86317244115215;-5,51495529071816;-11,6492872076154;-12,4078840221423;-6,07386567824379;-16,4452001607834;-11,1264558411833;-18,4119066924961;-25,3497131618707;-25,1186183431689;-16,1529241662379;-16,6683966462068;-26,6303402812389;-26,376949772366;-13,7046393897514;-19,1950106200335;2,68199219822906;1,52838389719892;1,55555567096163;0,906735395569924;0,505569093294629;0,505568510213577;0,542423295383888;0,645128743653648;0,999999654320567;0,839312184375599;0,686365732674007;0,484882772849465;0,338111817657018;-2,10248812611053;-2,39107314816938;-2,57999843988065;-3,04445220952412;-3,98728360456804;-3,99415245406221;-3,32287235000668;-2,69628304501951;-2,14040516008494;-1,19633754221421;-1,84960330131371;-2,2603080512661;-2,90414846937821;-4,92141460905742;-4,97090981906528;-4,04731849779858;-3,37322715574267;-2,69455527776592;0,0576794539318144;0,0155854222123021;0,0401387249306073;0,0163999959496525;0,0336234616251015;0,00774680590242334;0,0133265931673394;0,00615715054981555;-3;-3;1;1;0,1378503969967944;-3;-2,93525670329203;1;1;1;-11189,0765477963;NA;All
370;1,96257758434098;2,87415933563341;2,32355139752399;2,69474155345606;2,68531789180513;2,29053059399079;2,31860704918659;2,23305006681852;2,48313477831144;1,94897073517181;1,95515506819309;1,62777457260964;1,43790880829806;1,22085994718278;1,60616273421994;1,66185795539309;1,82280167419465;1,53502591153856;2,03174490343709;1,60807750502692;-19,2417130414084;-3,68783563053953;-6,61765924180583;-6,99606346443236;-5,86317244115215;-5,51495529071816;-11,6492872076154;-12,4078840221423;-6,07386567824379;-16,4452001607834;-11,1264558411833;-18,4119066924961;-25,3497131618707;-25,1186183431689;-16,1529241662379;-16,6683966462068;-26,6303402812389;-26,376949772366;-13,7046393897514;-19,1950106200335;2,68199219822906;1,52838389719892;1,55555567096163;0,906735395569924;0,505569093294629;0,505568510213577;0,542423295383888;0,645128743653648;0,999999654320567;0,839312184375599;0,686365732674007;0,484882772849465;0,338111817657018;-2,10248812611053;-2,39107314816938;-2,57999843988065;-3,04445220952412;-3,98728360456804;-3,99415245406221;-3,32287235000668;-2,69628304501951;-2,14040516008494;-1,19633754221421;-1,84960330131371;-2,2603080512661;-2,90414846937821;-4,92141460905742;-4,97090981906528;-4,04731849779858;-3,37322715574267;-2,69455527776592;0,0576794539318144;0,0155854222123021;0,0401387249306073;0,0163999959496525;0,0336234616251015;0,00774680590242334;0,0133265931673394;0,00615715054981555;-3;-3;1;1;0,1609426601721460;-3;-1,70219815044889;1;1;1;-11189,6981744083;NA;All
380;1,96257758434098;2,87415933563341;2,32355139752399;2,69474155345606;2,68531789180513;2,29053059399079;2,31860704918659;2,23305006681852;2,48313477831144;1,94897073517181;1,95515506819309;1,62777457260964;1,43790880829806;1,22085994718278;1,60616273421994;1,66185795539309;1,82280167419465;1,53502591153856;2,03174490343709;1,60807750502692;-19,2417130414084;-3,68783563053953;-6,61765924180583;-6,99606346443236;-5,86317244115215;-5,51495529071816;-11,6492872076154;-12,4078840221423;-6,07386567824379;-16,4452001607834;-11,1264558411833;-18,4119066924961;-25,3497131618707;-25,1186183431689;-16,1529241662379;-16,6683966462068;-26,6303402812389;-26,376949772366;-13,7046393897514;-19,1950106200335;2,68199219822906;1,52838389719892;1,55555567096163;0,906735395569924;0,505569093294629;0,505568510213577;0,542423295383888;0,645128743653648;0,999999654320567;0,839312184375599;0,686365732674007;0,484882772849465;0,338111817657018;-2,10248812611053;-2,39107314816938;-2,57999843988065;-3,04445220952412;-3,98728360456804;-3,99415245406221;-3,32287235000668;-2,69628304501951;-2,14040516008494;-1,19633754221421;-1,84960330131371;-2,2603080512661;-2,90414846937821;-4,92141460905742;-4,97090981906528;-4,04731849779858;-3,37322715574267;-2,69455527776592;0,0576794539318144;0,0155854222123021;0,0401387249306073;0,0163999959496525;0,0336234616251015;0,00774680590242334;0,0133265931673394;0,00615715054981555;-3;-3;1;1;0,0697813336315823;-3;-1,66937897956581;1;1;1;-11191,9452672338;NA;All
390;1,96257758434098;2,87415933563341;2,32355139752399;2,69474155345606;2,68531789180513;2,29053059399079;2,31860704918659;2,23305006681852;2,48313477831144;1,94897073517181;1,95515506819309;1,62777457260964;1,43790880829806;1,22085994718278;1,60616273421994;1,66185795539309;1,82280167419465;1,53502591153856;2,03174490343709;1,60807750502692;-19,2417130414084;-3,68783563053953;-6,61765924180583;-6,99606346443236;-5,86317244115215;-5,51495529071816;-11,6492872076154;-12,4078840221423;-6,07386567824379;-16,4452001607834;-11,1264558411833;-18,4119066924961;-25,3497131618707;-25,1186183431689;-16,1529241662379;-16,6683966462068;-26,6303402812389;-26,376949772366;-13,7046393897514;-19,1950106200335;2,68199219822906;1,52838389719892;1,55555567096163;0,906735395569924;0,505569093294629;0,505568510213577;0,542423295383888;0,645128743653648;0,999999654320567;0,839312184375599;0,686365732674007;0,484882772849465;0,338111817657018;-2,10248812611053;-2,39107314816938;-2,57999843988065;-3,04445220952412;-3,98728360456804;-3,99415245406221;-3,32287235000668;-2,69628304501951;-2,14040516008494;-1,19633754221421;-1,84960330131371;-2,2603080512661;-2,90414846937821;-4,92141460905742;-4,97090981906528;-4,04731849779858;-3,37322715574267;-2,69455527776592;0,0576794539318144;0,0155854222123021;0,0401387249306073;0,0163999959496525;0,0336234616251015;0,00774680590242334;0,0133265931673394;0,00615715054981555;-3;-3;1;1;0,1892639423766660;-3;-3,35183849249521;1;1;1;-11188,6992844666;NA;All
400;1,96257758434098;2,87415933563341;2,32355139752399;2,69474155345606;2,68531789180513;2,29053059399079;2,31860704918659;2,23305006681852;2,48313477831144;1,94897073517181;1,95515506819309;1,62777457260964;1,43790880829806;1,22085994718278;1,60616273421994;1,66185795539309;1,82280167419465;1,53502591153856;2,03174490343709;1,60807750502692;-19,2417130414084;-3,68783563053953;-6,61765924180583;-6,99606346443236;-5,86317244115215;-5,51495529071816;-11,6492872076154;-12,4078840221423;-6,07386567824379;-16,4452001607834;-11,1264558411833;-18,4119066924961;-25,3497131618707;-25,1186183431689;-16,1529241662379;-16,6683966462068;-26,6303402812389;-26,376949772366;-13,7046393897514;-19,1950106200335;2,68199219822906;1,52838389719892;1,55555567096163;0,906735395569924;0,505569093294629;0,505568510213577;0,542423295383888;0,645128743653648;0,999999654320567;0,839312184375599;0,686365732674007;0,484882772849465;0,338111817657018;-2,10248812611053;-2,39107314816938;-2,57999843988065;-3,04445220952412;-3,98728360456804;-3,99415245406221;-3,32287235000668;-2,69628304501951;-2,14040516008494;-1,19633754221421;-1,84960330131371;-2,2603080512661;-2,90414846937821;-4,92141460905742;-4,97090981906528;-4,04731849779858;-3,37322715574267;-2,69455527776592;0,0576794539318144;0,0155854222123021;0,0401387249306073;0,0163999959496525;0,0336234616251015;0,00774680590242334;0,0133265931673394;0,00615715054981555;-3;-3;1;1;0,1892639423766660;-3;-3,35183849249521;1;1;1;-11188,6992844666;NA;All
410;1,96257758434098;2,87415933563341;2,32355139752399;2,69474155345606;2,68531789180513;2,29053059399079;2,31860704918659;2,23305006681852;2,48313477831144;1,94897073517181;1,95515506819309;1,62777457260964;1,43790880829806;1,22085994718278;1,60616273421994;1,66185795539309;1,82280167419465;1,53502591153856;2,03174490343709;1,60807750502692;-19,2417130414084;-3,68783563053953;-6,61765924180583;-6,99606346443236;-5,86317244115215;-5,51495529071816;-11,6492872076154;-12,4078840221423;-6,07386567824379;-16,4452001607834;-11,1264558411833;-18,4119066924961;-25,3497131618707;-25,1186183431689;-16,1529241662379;-16,6683966462068;-26,6303402812389;-26,376949772366;-13,7046393897514;-19,1950106200335;2,68199219822906;1,52838389719892;1,55555567096163;0,906735395569924;0,505569093294629;0,505568510213577;0,542423295383888;0,645128743653648;0,999999654320567;0,839312184375599;0,686365732674007;0,484882772849465;0,338111817657018;-2,10248812611053;-2,39107314816938;-2,57999843988065;-3,04445220952412;-3,98728360456804;-3,99415245406221;-3,32287235000668;-2,69628304501951;-2,14040516008494;-1,19633754221421;-1,84960330131371;-2,2603080512661;-2,90414846937821;-4,92141460905742;-4,97090981906528;-4,04731849779858;-3,37322715574267;-2,69455527776592;0,0576794539318144;0,0155854222123021;0,0401387249306073;0,0163999959496525;0,0336234616251015;0,00774680590242334;0,0133265931673394;0,00615715054981555;-3;-3;1;1;0,3353241926969985;-3;-3,24812093143622;1;1;1;-11190,4608930092;NA;All
420;1,96257758434098;2,87415933563341;2,32355139752399;2,69474155345606;2,68531789180513;2,29053059399079;2,31860704918659;2,23305006681852;2,48313477831144;1,94897073517181;1,95515506819309;1,62777457260964;1,43790880829806;1,22085994718278;1,60616273421994;1,66185795539309;1,82280167419465;1,53502591153856;2,03174490343709;1,60807750502692;-19,2417130414084;-3,68783563053953;-6,61765924180583;-6,99606346443236;-5,86317244115215;-5,51495529071816;-11,6492872076154;-12,4078840221423;-6,07386567824379;-16,4452001607834;-11,1264558411833;-18,4119066924961;-25,3497131618707;-25,1186183431689;-16,1529241662379;-16,6683966462068;-26,6303402812389;-26,376949772366;-13,7046393897514;-19,1950106200335;2,68199219822906;1,52838389719892;1,55555567096163;0,906735395569924;0,505569093294629;0,505568510213577;0,542423295383888;0,645128743653648;0,999999654320567;0,839312184375599;0,686365732674007;0,484882772849465;0,338111817657018;-2,10248812611053;-2,39107314816938;-2,57999843988065;-3,04445220952412;-3,98728360456804;-3,99415245406221;-3,32287235000668;-2,69628304501951;-2,14040516008494;-1,19633754221421;-1,84960330131371;-2,2603080512661;-2,90414846937821;-4,92141460905742;-4,97090981906528;-4,04731849779858;-3,37322715574267;-2,69455527776592;0,0576794539318144;0,0155854222123021;0,0401387249306073;0,0163999959496525;0,0336234616251015;0,00774680590242334;0,0133265931673394;0,00615715054981555;-3;-3;1;1;0,0619134287593610;-3;-3,09542571393423;1;1;1;-11191,3336408881;NA;All
430;1,96257758434098;2,87415933563341;2,32355139752399;2,69474155345606;2,68531789180513;2,29053059399079;2,31860704918659;2,23305006681852;2,48313477831144;1,94897073517181;1,95515506819309;1,62777457260964;1,43790880829806;1,22085994718278;1,60616273421994;1,66185795539309;1,82280167419465;1,53502591153856;2,03174490343709;1,60807750502692;-19,2417130414084;-3,68783563053953;-6,61765924180583;-6,99606346443236;-5,86317244115215;-5,51495529071816;-11,6492872076154;-12,4078840221423;-6,07386567824379;-16,4452001607834;-11,1264558411833;-18,4119066924961;-25,3497131618707;-25,1186183431689;-16,1529241662379;-16,6683966462068;-26,6303402812389;-26,376949772366;-13,7046393897514;-19,1950106200335;2,68199219822906;1,52838389719892;1,55555567096163;0,906735395569924;0,505569093294629;0,505568510213577;0,542423295383888;0,645128743653648;0,999999654320567;0,839312184375599;0,686365732674007;0,484882772849465;0,338111817657018;-2,10248812611053;-2,39107314816938;-2,57999843988065;-3,04445220952412;-3,98728360456804;-3,99415245406221;-3,32287235000668;-2,69628304501951;-2,14040516008494;-1,19633754221421;-1,84960330131371;-2,2603080512661;-2,90414846937821;-4,92141460905742;-4,97090981906528;-4,04731849779858;-3,37322715574267;-2,69455527776592;0,0576794539318144;0,0155854222123021;0,0401387249306073;0,0163999959496525;0,0336234616251015;0,00774680590242334;0,0133265931673394;0,00615715054981555;-3;-3;1;1;0,1699809749785620;-3;-1,71211899705742;1;1;1;-11189,6181782230;NA;All
440;1,96257758434098;2,87415933563341;2,32355139752399;2,69474155345606;2,68531789180513;2,29053059399079;2,31860704918659;2,23305006681852;2,48313477831144;1,94897073517181;1,95515506819309;1,62777457260964;1,43790880829806;1,22085994718278;1,60616273421994;1,66185795539309;1,82280167419465;1,53502591153856;2,03174490343709;1,60807750502692;-19,2417130414084;-3,68783563053953;-6,61765924180583;-6,99606346443236;-5,86317244115215;-5,51495529071816;-11,6492872076154;-12,4078840221423;-6,07386567824379;-16,4452001607834;-11,1264558411833;-18,4119066924961;-25,3497131618707;-25,1186183431689;-16,1529241662379;-16,6683966462068;-26,6303402812389;-26,376949772366;-13,7046393897514;-19,1950106200335;2,68199219822906;1,52838389719892;1,55555567096163;0,906735395569924;0,505569093294629;0,505568510213577;0,542423295383888;0,645128743653648;0,999999654320567;0,839312184375599;0,686365732674007;0,484882772849465;0,338111817657018;-2,10248812611053;-2,39107314816938;-2,57999843988065;-3,04445220952412;-3,98728360456804;-3,99415245406221;-3,32287235000668;-2,69628304501951;-2,14040516008494;-1,19633754221421;-1,84960330131371;-2,2603080512661;-2,90414846937821;-4,92141460905742;-4,97090981906528;-4,04731849779858;-3,37322715574267;-2,69455527776592;0,0576794539318144;0,0155854222123021;0,0401387249306073;0,0163999959496525;0,0336234616251015;0,00774680590242334;0,0133265931673394;0,00615715054981555;-3;-3;1;1;0,1699809749785620;-3;-1,71211899705742;1;1;1;-11189,6181782230;NA;All
450;1,96257758434098;2,87415933563341;2,32355139752399;2,69474155345606;2,68531789180513;2,29053059399079;2,31860704918659;2,23305006681852;2,48313477831144;1,94897073517181;1,95515506819309;1,62777457260964;1,43790880829806;1,22085994718278;1,60616273421994;1,66185795539309;1,82280167419465;1,53502591153856;2,03174490343709;1,60807750502692;-19,2417130414084;-3,68783563053953;-6,61765924180583;-6,99606346443236;-5,86317244115215;-5,51495529071816;-11,6492872076154;-12,4078840221423;-6,07386567824379;-16,4452001607834;-11,1264558411833;-18,4119066924961;-25,3497131618707;-25,1186183431689;-16,1529241662379;-16,6683966462068;-26,6303402812389;-26,376949772366;-13,7046393897514;-19,1950106200335;2,68199219822906;1,52838389719892;1,55555567096163;0,906735395569924;0,505569093294629;0,505568510213577;0,542423295383888;0,645128743653648;0,999999654320567;0,839312184375599;0,686365732674007;0,484882772849465;0,338111817657018;-2,10248812611053;-2,39107314816938;-2,57999843988065;-3,04445220952412;-3,98728360456804;-3,99415245406221;-3,32287235000668;-2,69628304501951;-2,14040516008494;-1,19633754221421;-1,84960330131371;-2,2603080512661;-2,90414846937821;-4,92141460905742;-4,97090981906528;-4,04731849779858;-3,37322715574267;-2,69455527776592;0,0576794539318144;0,0155854222123021;0,0401387249306073;0,0163999959496525;0,0336234616251015;0,00774680590242334;0,0133265931673394;0,00615715054981555;-3;-3;1;1;0,1699809749785620;-3;-1,71211899705742;1;1;1;-11189,6181782230;NA;All
460;1,96257758434098;2,87415933563341;2,32355139752399;2,69474155345606;2,68531789180513;2,29053059399079;2,31860704918659;2,23305006681852;2,48313477831144;1,94897073517181;1,95515506819309;1,62777457260964;1,43790880829806;1,22085994718278;1,60616273421994;1,66185795539309;1,82280167419465;1,53502591153856;2,03174490343709;1,60807750502692;-19,2417130414084;-3,68783563053953;-6,61765924180583;-6,99606346443236;-5,86317244115215;-5,51495529071816;-11,6492872076154;-12,4078840221423;-6,07386567824379;-16,4452001607834;-11,1264558411833;-18,4119066924961;-25,3497131618707;-25,1186183431689;-16,1529241662379;-16,6683966462068;-26,6303402812389;-26,376949772366;-13,7046393897514;-19,1950106200335;2,68199219822906;1,52838389719892;1,55555567096163;0,906735395569924;0,505569093294629;0,505568510213577;0,542423295383888;0,645128743653648;0,999999654320567;0,839312184375599;0,686365732674007;0,484882772849465;0,338111817657018;-2,10248812611053;-2,39107314816938;-2,57999843988065;-3,04445220952412;-3,98728360456804;-3,99415245406221;-3,32287235000668;-2,69628304501951;-2,14040516008494;-1,19633754221421;-1,84960330131371;-2,2603080512661;-2,90414846937821;-4,92141460905742;-4,97090981906528;-4,04731849779858;-3,37322715574267;-2,69455527776592;0,0576794539318144;0,0155854222123021;0,0401387249306073;0,0163999959496525;0,0336234616251015;0,00774680590242334;0,0133265931673394;0,00615715054981555;-3;-3;1;1;0,1899349292525640;-3;-3,05438667816305;1;1;1;-11188,7174162495;NA;All
470;1,96257758434098;2,87415933563341;2,32355139752399;2,69474155345606;2,68531789180513;2,29053059399079;2,31860704918659;2,23305006681852;2,48313477831144;1,94897073517181;1,95515506819309;1,62777457260964;1,43790880829806;1,22085994718278;1,60616273421994;1,66185795539309;1,82280167419465;1,53502591153856;2,03174490343709;1,60807750502692;-19,2417130414084;-3,68783563053953;-6,61765924180583;-6,99606346443236;-5,86317244115215;-5,51495529071816;-11,6492872076154;-12,4078840221423;-6,07386567824379;-16,4452001607834;-11,1264558411833;-18,4119066924961;-25,3497131618707;-25,1186183431689;-16,1529241662379;-16,6683966462068;-26,6303402812389;-26,376949772366;-13,7046393897514;-19,1950106200335;2,68199219822906;1,52838389719892;1,55555567096163;0,906735395569924;0,505569093294629;0,505568510213577;0,542423295383888;0,645128743653648;0,999999654320567;0,839312184375599;0,686365732674007;0,484882772849465;0,338111817657018;-2,10248812611053;-2,39107314816938;-2,57999843988065;-3,04445220952412;-3,98728360456804;-3,99415245406221;-3,32287235000668;-2,69628304501951;-2,14040516008494;-1,19633754221421;-1,84960330131371;-2,2603080512661;-2,90414846937821;-4,92141460905742;-4,97090981906528;-4,04731849779858;-3,37322715574267;-2,69455527776592;0,0576794539318144;0,0155854222123021;0,0401387249306073;0,0163999959496525;0,0336234616251015;0,00774680590242334;0,0133265931673394;0,00615715054981555;-3;-3;1;1;0,1565774988232402;-3;-3,74091814295715;1;1;1;-11188,8265114198;NA;All
480;1,96257758434098;2,87415933563341;2,32355139752399;2,69474155345606;2,68531789180513;2,29053059399079;2,31860704918659;2,23305006681852;2,48313477831144;1,94897073517181;1,95515506819309;1,62777457260964;1,43790880829806;1,22085994718278;1,60616273421994;1,66185795539309;1,82280167419465;1,53502591153856;2,03174490343709;1,60807750502692;-19,2417130414084;-3,68783563053953;-6,61765924180583;-6,99606346443236;-5,86317244115215;-5,51495529071816;-11,6492872076154;-12,4078840221423;-6,07386567824379;-16,4452001607834;-11,1264558411833;-18,4119066924961;-25,3497131618707;-25,1186183431689;-16,1529241662379;-16,6683966462068;-26,6303402812389;-26,376949772366;-13,7046393897514;-19,1950106200335;2,68199219822906;1,52838389719892;1,55555567096163;0,906735395569924;0,505569093294629;0,505568510213577;0,542423295383888;0,645128743653648;0,999999654320567;0,839312184375599;0,686365732674007;0,484882772849465;0,338111817657018;-2,10248812611053;-2,39107314816938;-2,57999843988065;-3,04445220952412;-3,98728360456804;-3,99415245406221;-3,32287235000668;-2,69628304501951;-2,14040516008494;-1,19633754221421;-1,84960330131371;-2,2603080512661;-2,90414846937821;-4,92141460905742;-4,97090981906528;-4,04731849779858;-3,37322715574267;-2,69455527776592;0,0576794539318144;0,0155854222123021;0,0401387249306073;0,0163999959496525;0,0336234616251015;0,00774680590242334;0,0133265931673394;0,00615715054981555;-3;-3;1;1;0,1668697778177491;-3;-3,70401180420294;1;1;1;-11188,7545076300;NA;All
490;1,96257758434098;2,87415933563341;2,32355139752399;2,69474155345606;2,68531789180513;2,29053059399079;2,31860704918659;2,23305006681852;2,48313477831144;1,94897073517181;1,95515506819309;1,62777457260964;1,43790880829806;1,22085994718278;1,60616273421994;1,66185795539309;1,82280167419465;1,53502591153856;2,03174490343709;1,60807750502692;-19,2417130414084;-3,68783563053953;-6,61765924180583;-6,99606346443236;-5,86317244115215;-5,51495529071816;-11,6492872076154;-12,4078840221423;-6,07386567824379;-16,4452001607834;-11,1264558411833;-18,4119066924961;-25,3497131618707;-25,1186183431689;-16,1529241662379;-16,6683966462068;-26,6303402812389;-26,376949772366;-13,7046393897514;-19,1950106200335;2,68199219822906;1,52838389719892;1,55555567096163;0,906735395569924;0,505569093294629;0,505568510213577;0,542423295383888;0,645128743653648;0,999999654320567;0,839312184375599;0,686365732674007;0,484882772849465;0,338111817657018;-2,10248812611053;-2,39107314816938;-2,57999843988065;-3,04445220952412;-3,98728360456804;-3,99415245406221;-3,32287235000668;-2,69628304501951;-2,14040516008494;-1,19633754221421;-1,84960330131371;-2,2603080512661;-2,90414846937821;-4,92141460905742;-4,97090981906528;-4,04731849779858;-3,37322715574267;-2,69455527776592;0,0576794539318144;0,0155854222123021;0,0401387249306073;0,0163999959496525;0,0336234616251015;0,00774680590242334;0,0133265931673394;0,00615715054981555;-3;-3;1;1;0,3131318305050615;-3;-3,97392390401674;1;1;1;-11189,9931699197;NA;All
500;1,96257758434098;2,87415933563341;2,32355139752399;2,69474155345606;2,68531789180513;2,29053059399079;2,31860704918659;2,23305006681852;2,48313477831144;1,94897073517181;1,95515506819309;1,62777457260964;1,43790880829806;1,22085994718278;1,60616273421994;1,66185795539309;1,82280167419465;1,53502591153856;2,03174490343709;1,60807750502692;-19,2417130414084;-3,68783563053953;-6,61765924180583;-6,99606346443236;-5,86317244115215;-5,51495529071816;-11,6492872076154;-12,4078840221423;-6,07386567824379;-16,4452001607834;-11,1264558411833;-18,4119066924961;-25,3497131618707;-25,1186183431689;-16,1529241662379;-16,6683966462068;-26,6303402812389;-26,376949772366;-13,7046393897514;-19,1950106200335;2,68199219822906;1,52838389719892;1,55555567096163;0,906735395569924;0,505569093294629;0,505568510213577;0,542423295383888;0,645128743653648;0,999999654320567;0,839312184375599;0,686365732674007;0,484882772849465;0,338111817657018;-2,10248812611053;-2,39107314816938;-2,57999843988065;-3,04445220952412;-3,98728360456804;-3,99415245406221;-3,32287235000668;-2,69628304501951;-2,14040516008494;-1,19633754221421;-1,84960330131371;-2,2603080512661;-2,90414846937821;-4,92141460905742;-4,97090981906528;-4,04731849779858;-3,37322715574267;-2,69455527776592;0,0576794539318144;0,0155854222123021;0,0401387249306073;0,0163999959496525;0,0336234616251015;0,00774680590242334;0,0133265931673394;0,00615715054981555;-3;-3;1;1;0,2106470011805559;-3;-2,94720274568910;1;1;1;-11188,7701091302;NA;All
510;1,96257758434098;2,87415933563341;2,32355139752399;2,69474155345606;2,68531789180513;2,29053059399079;2,31860704918659;2,23305006681852;2,48313477831144;1,94897073517181;1,95515506819309;1,62777457260964;1,43790880829806;1,22085994718278;1,60616273421994;1,66185795539309;1,82280167419465;1,53502591153856;2,03174490343709;1,60807750502692;-19,2417130414084;-3,68783563053953;-6,61765924180583;-6,99606346443236;-5,86317244115215;-5,51495529071816;-11,6492872076154;-12,4078840221423;-6,07386567824379;-16,4452001607834;-11,1264558411833;-18,4119066924961;-25,3497131618707;-25,1186183431689;-16,1529241662379;-16,6683966462068;-26,6303402812389;-26,376949772366;-13,7046393897514;-19,1950106200335;2,68199219822906;1,52838389719892;1,55555567096163;0,906735395569924;0,505569093294629;0,505568510213577;0,542423295383888;0,645128743653648;0,999999654320567;0,839312184375599;0,686365732674007;0,484882772849465;0,338111817657018;-2,10248812611053;-2,39107314816938;-2,57999843988065;-3,04445220952412;-3,98728360456804;-3,99415245406221;-3,32287235000668;-2,69628304501951;-2,14040516008494;-1,19633754221421;-1,84960330131371;-2,2603080512661;-2,90414846937821;-4,92141460905742;-4,97090981906528;-4,04731849779858;-3,37322715574267;-2,69455527776592;0,0576794539318144;0,0155854222123021;0,0401387249306073;0,0163999959496525;0,0336234616251015;0,00774680590242334;0,0133265931673394;0,00615715054981555;-3;-3;1;1;0,1216900090389567;-3;-2,33496131548436;1;1;1;-11189,4971045689;NA;All
520;1,96257758434098;2,87415933563341;2,32355139752399;2,69474155345606;2,68531789180513;2,29053059399079;2,31860704918659;2,23305006681852;2,48313477831144;1,94897073517181;1,95515506819309;1,62777457260964;1,43790880829806;1,22085994718278;1,60616273421994;1,66185795539309;1,82280167419465;1,53502591153856;2,03174490343709;1,60807750502692;-19,2417130414084;-3,68783563053953;-6,61765924180583;-6,99606346443236;-5,86317244115215;-5,51495529071816;-11,6492872076154;-12,4078840221423;-6,07386567824379;-16,4452001607834;-11,1264558411833;-18,4119066924961;-25,3497131618707;-25,1186183431689;-16,1529241662379;-16,6683966462068;-26,6303402812389;-26,376949772366;-13,7046393897514;-19,1950106200335;2,68199219822906;1,52838389719892;1,55555567096163;0,906735395569924;0,505569093294629;0,505568510213577;0,542423295383888;0,645128743653648;0,999999654320567;0,839312184375599;0,686365732674007;0,484882772849465;0,338111817657018;-2,10248812611053;-2,39107314816938;-2,57999843988065;-3,04445220952412;-3,98728360456804;-3,99415245406221;-3,32287235000668;-2,69628304501951;-2,14040516008494;-1,19633754221421;-1,84960330131371;-2,2603080512661;-2,90414846937821;-4,92141460905742;-4,97090981906528;-4,04731849779858;-3,37322715574267;-2,69455527776592;0,0576794539318144;0,0155854222123021;0,0401387249306073;0,0163999959496525;0,0336234616251015;0,00774680590242334;0,0133265931673394;0,00615715054981555;-3;-3;1;1;0,2940086580788541;-3;-3,83824415946078;1;1;1;-11189,6482408220;NA;All
530;1,96257758434098;2,87415933563341;2,32355139752399;2,69474155345606;2,68531789180513;2,29053059399079;2,31860704918659;2,23305006681852;2,48313477831144;1,94897073517181;1,95515506819309;1,62777457260964;1,43790880829806;1,22085994718278;1,60616273421994;1,66185795539309;1,82280167419465;1,53502591153856;2,03174490343709;1,60807750502692;-19,2417130414084;-3,68783563053953;-6,61765924180583;-6,99606346443236;-5,86317244115215;-5,51495529071816;-11,6492872076154;-12,4078840221423;-6,07386567824379;-16,4452001607834;-11,1264558411833;-18,4119066924961;-25,3497131618707;-25,1186183431689;-16,1529241662379;-16,6683966462068;-26,6303402812389;-26,376949772366;-13,7046393897514;-19,1950106200335;2,68199219822906;1,52838389719892;1,55555567096163;0,906735395569924;0,505569093294629;0,505568510213577;0,542423295383888;0,645128743653648;0,999999654320567;0,839312184375599;0,686365732674007;0,484882772849465;0,338111817657018;-2,10248812611053;-2,39107314816938;-2,57999843988065;-3,04445220952412;-3,98728360456804;-3,99415245406221;-3,32287235000668;-2,69628304501951;-2,14040516008494;-1,19633754221421;-1,84960330131371;-2,2603080512661;-2,90414846937821;-4,92141460905742;-4,97090981906528;-4,04731849779858;-3,37322715574267;-2,69455527776592;0,0576794539318144;0,0155854222123021;0,0401387249306073;0,0163999959496525;0,0336234616251015;0,00774680590242334;0,0133265931673394;0,00615715054981555;-3;-3;1;1;0,1618755740778123;-3;-1,96241272448504;1;1;1;-11189,2524985265;NA;All
540;1,96257758434098;2,87415933563341;2,32355139752399;2,69474155345606;2,68531789180513;2,29053059399079;2,31860704918659;2,23305006681852;2,48313477831144;1,94897073517181;1,95515506819309;1,62777457260964;1,43790880829806;1,22085994718278;1,60616273421994;1,66185795539309;1,82280167419465;1,53502591153856;2,03174490343709;1,60807750502692;-19,2417130414084;-3,68783563053953;-6,61765924180583;-6,99606346443236;-5,86317244115215;-5,51495529071816;-11,6492872076154;-12,4078840221423;-6,07386567824379;-16,4452001607834;-11,1264558411833;-18,4119066924961;-25,3497131618707;-25,1186183431689;-16,1529241662379;-16,6683966462068;-26,6303402812389;-26,376949772366;-13,7046393897514;-19,1950106200335;2,68199219822906;1,52838389719892;1,55555567096163;0,906735395569924;0,505569093294629;0,505568510213577;0,542423295383888;0,645128743653648;0,999999654320567;0,839312184375599;0,686365732674007;0,484882772849465;0,338111817657018;-2,10248812611053;-2,39107314816938;-2,57999843988065;-3,04445220952412;-3,98728360456804;-3,99415245406221;-3,32287235000668;-2,69628304501951;-2,14040516008494;-1,19633754221421;-1,84960330131371;-2,2603080512661;-2,90414846937821;-4,92141460905742;-4,97090981906528;-4,04731849779858;-3,37322715574267;-2,69455527776592;0,0576794539318144;0,0155854222123021;0,0401387249306073;0,0163999959496525;0,0336234616251015;0,00774680590242334;0,0133265931673394;0,00615715054981555;-3;-3;1;1;0,0910247176497978;-3;-2,19213459622788;1;1;1;-11190,3780100398;NA;All
550;1,96257758434098;2,87415933563341;2,32355139752399;2,69474155345606;2,68531789180513;2,29053059399079;2,31860704918659;2,23305006681852;2,48313477831144;1,94897073517181;1,95515506819309;1,62777457260964;1,43790880829806;1,22085994718278;1,60616273421994;1,66185795539309;1,82280167419465;1,53502591153856;2,03174490343709;1,60807750502692;-19,2417130414084;-3,68783563053953;-6,61765924180583;-6,99606346443236;-5,86317244115215;-5,51495529071816;-11,6492872076154;-12,4078840221423;-6,07386567824379;-16,4452001607834;-11,1264558411833;-18,4119066924961;-25,3497131618707;-25,1186183431689;-16,1529241662379;-16,6683966462068;-26,6303402812389;-26,376949772366;-13,7046393897514;-19,1950106200335;2,68199219822906;1,52838389719892;1,55555567096163;0,906735395569924;0,505569093294629;0,505568510213577;0,542423295383888;0,645128743653648;0,999999654320567;0,839312184375599;0,686365732674007;0,484882772849465;0,338111817657018;-2,10248812611053;-2,39107314816938;-2,57999843988065;-3,04445220952412;-3,98728360456804;-3,99415245406221;-3,32287235000668;-2,69628304501951;-2,14040516008494;-1,19633754221421;-1,84960330131371;-2,2603080512661;-2,90414846937821;-4,92141460905742;-4,97090981906528;-4,04731849779858;-3,37322715574267;-2,69455527776592;0,0576794539318144;0,0155854222123021;0,0401387249306073;0,0163999959496525;0,0336234616251015;0,00774680590242334;0,0133265931673394;0,00615715054981555;-3;-3;1;1;0,3212463300820506;-3;-1,93747653053353;1;1;1;-11190,6275840870;NA;All
560;1,96257758434098;2,87415933563341;2,32355139752399;2,69474155345606;2,68531789180513;2,29053059399079;2,31860704918659;2,23305006681852;2,48313477831144;1,94897073517181;1,95515506819309;1,62777457260964;1,43790880829806;1,22085994718278;1,60616273421994;1,66185795539309;1,82280167419465;1,53502591153856;2,03174490343709;1,60807750502692;-19,2417130414084;-3,68783563053953;-6,61765924180583;-6,99606346443236;-5,86317244115215;-5,51495529071816;-11,6492872076154;-12,4078840221423;-6,07386567824379;-16,4452001607834;-11,1264558411833;-18,4119066924961;-25,3497131618707;-25,1186183431689;-16,1529241662379;-16,6683966462068;-26,6303402812389;-26,376949772366;-13,7046393897514;-19,1950106200335;2,68199219822906;1,52838389719892;1,55555567096163;0,906735395569924;0,505569093294629;0,505568510213577;0,542423295383888;0,645128743653648;0,999999654320567;0,839312184375599;0,686365732674007;0,484882772849465;0,338111817657018;-2,10248812611053;-2,39107314816938;-2,57999843988065;-3,04445220952412;-3,98728360456804;-3,99415245406221;-3,32287235000668;-2,69628304501951;-2,14040516008494;-1,19633754221421;-1,84960330131371;-2,2603080512661;-2,90414846937821;-4,92141460905742;-4,97090981906528;-4,04731849779858;-3,37322715574267;-2,69455527776592;0,0576794539318144;0,0155854222123021;0,0401387249306073;0,0163999959496525;0,0336234616251015;0,00774680590242334;0,0133265931673394;0,00615715054981555;-3;-3;1;1;0,3212463300820506;-3;-1,93747653053353;1;1;1;-11190,6275840870;NA;All
570;1,96257758434098;2,87415933563341;2,32355139752399;2,69474155345606;2,68531789180513;2,29053059399079;2,31860704918659;2,23305006681852;2,48313477831144;1,94897073517181;1,95515506819309;1,62777457260964;1,43790880829806;1,22085994718278;1,60616273421994;1,66185795539309;1,82280167419465;1,53502591153856;2,03174490343709;1,60807750502692;-19,2417130414084;-3,68783563053953;-6,61765924180583;-6,99606346443236;-5,86317244115215;-5,51495529071816;-11,6492872076154;-12,4078840221423;-6,07386567824379;-16,4452001607834;-11,1264558411833;-18,4119066924961;-25,3497131618707;-25,1186183431689;-16,1529241662379;-16,6683966462068;-26,6303402812389;-26,376949772366;-13,7046393897514;-19,1950106200335;2,68199219822906;1,52838389719892;1,55555567096163;0,906735395569924;0,505569093294629;0,505568510213577;0,542423295383888;0,645128743653648;0,999999654320567;0,839312184375599;0,686365732674007;0,484882772849465;0,338111817657018;-2,10248812611053;-2,39107314816938;-2,57999843988065;-3,04445220952412;-3,98728360456804;-3,99415245406221;-3,32287235000668;-2,69628304501951;-2,14040516008494;-1,19633754221421;-1,84960330131371;-2,2603080512661;-2,90414846937821;-4,92141460905742;-4,97090981906528;-4,04731849779858;-3,37322715574267;-2,69455527776592;0,0576794539318144;0,0155854222123021;0,0401387249306073;0,0163999959496525;0,0336234616251015;0,00774680590242334;0,0133265931673394;0,00615715054981555;-3;-3;1;1;0,1482198560410242;-3;-2,28854630569122;1;1;1;-11189,1161358904;NA;All
580;1,96257758434098;2,87415933563341;2,32355139752399;2,69474155345606;2,68531789180513;2,29053059399079;2,31860704918659;2,23305006681852;2,48313477831144;1,94897073517181;1,95515506819309;1,62777457260964;1,43790880829806;1,22085994718278;1,60616273421994;1,66185795539309;1,82280167419465;1,53502591153856;2,03174490343709;1,60807750502692;-19,2417130414084;-3,68783563053953;-6,61765924180583;-6,99606346443236;-5,86317244115215;-5,51495529071816;-11,6492872076154;-12,4078840221423;-6,07386567824379;-16,4452001607834;-11,1264558411833;-18,4119066924961;-25,3497131618707;-25,1186183431689;-16,1529241662379;-16,6683966462068;-26,6303402812389;-26,376949772366;-13,7046393897514;-19,1950106200335;2,68199219822906;1,52838389719892;1,55555567096163;0,906735395569924;0,505569093294629;0,505568510213577;0,542423295383888;0,645128743653648;0,999999654320567;0,839312184375599;0,686365732674007;0,484882772849465;0,338111817657018;-2,10248812611053;-2,39107314816938;-2,57999843988065;-3,04445220952412;-3,98728360456804;-3,99415245406221;-3,32287235000668;-2,69628304501951;-2,14040516008494;-1,19633754221421;-1,84960330131371;-2,2603080512661;-2,90414846937821;-4,92141460905742;-4,97090981906528;-4,04731849779858;-3,37322715574267;-2,69455527776592;0,0576794539318144;0,0155854222123021;0,0401387249306073;0,0163999959496525;0,0336234616251015;0,00774680590242334;0,0133265931673394;0,00615715054981555;-3;-3;1;1;0,2160637826694511;-3;-2,06523207220297;1;1;1;-11189,1132315330;NA;All
590;1,96257758434098;2,87415933563341;2,32355139752399;2,69474155345606;2,68531789180513;2,29053059399079;2,31860704918659;2,23305006681852;2,48313477831144;1,94897073517181;1,95515506819309;1,62777457260964;1,43790880829806;1,22085994718278;1,60616273421994;1,66185795539309;1,82280167419465;1,53502591153856;2,03174490343709;1,60807750502692;-19,2417130414084;-3,68783563053953;-6,61765924180583;-6,99606346443236;-5,86317244115215;-5,51495529071816;-11,6492872076154;-12,4078840221423;-6,07386567824379;-16,4452001607834;-11,1264558411833;-18,4119066924961;-25,3497131618707;-25,1186183431689;-16,1529241662379;-16,6683966462068;-26,6303402812389;-26,376949772366;-13,7046393897514;-19,1950106200335;2,68199219822906;1,52838389719892;1,55555567096163;0,906735395569924;0,505569093294629;0,505568510213577;0,542423295383888;0,645128743653648;0,999999654320567;0,839312184375599;0,686365732674007;0,484882772849465;0,338111817657018;-2,10248812611053;-2,39107314816938;-2,57999843988065;-3,04445220952412;-3,98728360456804;-3,99415245406221;-3,32287235000668;-2,69628304501951;-2,14040516008494;-1,19633754221421;-1,84960330131371;-2,2603080512661;-2,90414846937821;-4,92141460905742;-4,97090981906528;-4,04731849779858;-3,37322715574267;-2,69455527776592;0,0576794539318144;0,0155854222123021;0,0401387249306073;0,0163999959496525;0,0336234616251015;0,00774680590242334;0,0133265931673394;0,00615715054981555;-3;-3;1;1;0,1942278046437026;-3;-2,33409800370525;1;1;1;-11188,8746846000;NA;All
600;1,96257758434098;2,87415933563341;2,32355139752399;2,69474155345606;2,68531789180513;2,29053059399079;2,31860704918659;2,23305006681852;2,48313477831144;1,94897073517181;1,95515506819309;1,62777457260964;1,43790880829806;1,22085994718278;1,60616273421994;1,66185795539309;1,82280167419465;1,53502591153856;2,03174490343709;1,60807750502692;-19,2417130414084;-3,68783563053953;-6,61765924180583;-6,99606346443236;-5,86317244115215;-5,51495529071816;-11,6492872076154;-12,4078840221423;-6,07386567824379;-16,4452001607834;-11,1264558411833;-18,4119066924961;-25,3497131618707;-25,1186183431689;-16,1529241662379;-16,6683966462068;-26,6303402812389;-26,376949772366;-13,7046393897514;-19,1950106200335;2,68199219822906;1,52838389719892;1,55555567096163;0,906735395569924;0,505569093294629;0,505568510213577;0,542423295383888;0,645128743653648;0,999999654320567;0,839312184375599;0,686365732674007;0,484882772849465;0,338111817657018;-2,10248812611053;-2,39107314816938;-2,57999843988065;-3,04445220952412;-3,98728360456804;-3,99415245406221;-3,32287235000668;-2,69628304501951;-2,14040516008494;-1,19633754221421;-1,84960330131371;-2,2603080512661;-2,90414846937821;-4,92141460905742;-4,97090981906528;-4,04731849779858;-3,37322715574267;-2,69455527776592;0,0576794539318144;0,0155854222123021;0,0401387249306073;0,0163999959496525;0,0336234616251015;0,00774680590242334;0,0133265931673394;0,00615715054981555;-3;-3;1;1;0,3123977069087275;-3;-1,91586892414649;1;1;1;-11190,4831235338;NA;All
610;1,96257758434098;2,87415933563341;2,32355139752399;2,69474155345606;2,68531789180513;2,29053059399079;2,31860704918659;2,23305006681852;2,48313477831144;1,94897073517181;1,95515506819309;1,62777457260964;1,43790880829806;1,22085994718278;1,60616273421994;1,66185795539309;1,82280167419465;1,53502591153856;2,03174490343709;1,60807750502692;-19,2417130414084;-3,68783563053953;-6,61765924180583;-6,99606346443236;-5,86317244115215;-5,51495529071816;-11,6492872076154;-12,4078840221423;-6,07386567824379;-16,4452001607834;-11,1264558411833;-18,4119066924961;-25,3497131618707;-25,1186183431689;-16,1529241662379;-16,6683966462068;-26,6303402812389;-26,376949772366;-13,7046393897514;-19,1950106200335;2,68199219822906;1,52838389719892;1,55555567096163;0,906735395569924;0,505569093294629;0,505568510213577;0,542423295383888;0,645128743653648;0,999999654320567;0,839312184375599;0,686365732674007;0,484882772849465;0,338111817657018;-2,10248812611053;-2,39107314816938;-2,57999843988065;-3,04445220952412;-3,98728360456804;-3,99415245406221;-3,32287235000668;-2,69628304501951;-2,14040516008494;-1,19633754221421;-1,84960330131371;-2,2603080512661;-2,90414846937821;-4,92141460905742;-4,97090981906528;-4,04731849779858;-3,37322715574267;-2,69455527776592;0,0576794539318144;0,0155854222123021;0,0401387249306073;0,0163999959496525;0,0336234616251015;0,00774680590242334;0,0133265931673394;0,00615715054981555;-3;-3;1;1;0,2201814228272369;-3;-2,11169124617214;1;1;1;-11189,0958717099;NA;All
620;1,96257758434098;2,87415933563341;2,32355139752399;2,69474155345606;2,68531789180513;2,29053059399079;2,31860704918659;2,23305006681852;2,48313477831144;1,94897073517181;1,95515506819309;1,62777457260964;1,43790880829806;1,22085994718278;1,60616273421994;1,66185795539309;1,82280167419465;1,53502591153856;2,03174490343709;1,60807750502692;-19,2417130414084;-3,68783563053953;-6,61765924180583;-6,99606346443236;-5,86317244115215;-5,51495529071816;-11,6492872076154;-12,4078840221423;-6,07386567824379;-16,4452001607834;-11,1264558411833;-18,4119066924961;-25,3497131618707;-25,1186183431689;-16,1529241662379;-16,6683966462068;-26,6303402812389;-26,376949772366;-13,7046393897514;-19,1950106200335;2,68199219822906;1,52838389719892;1,55555567096163;0,906735395569924;0,505569093294629;0,505568510213577;0,542423295383888;0,645128743653648;0,999999654320567;0,839312184375599;0,686365732674007;0,484882772849465;0,338111817657018;-2,10248812611053;-2,39107314816938;-2,57999843988065;-3,04445220952412;-3,98728360456804;-3,99415245406221;-3,32287235000668;-2,69628304501951;-2,14040516008494;-1,19633754221421;-1,84960330131371;-2,2603080512661;-2,90414846937821;-4,92141460905742;-4,97090981906528;-4,04731849779858;-3,37322715574267;-2,69455527776592;0,0576794539318144;0,0155854222123021;0,0401387249306073;0,0163999959496525;0,0336234616251015;0,00774680590242334;0,0133265931673394;0,00615715054981555;-3;-3;1;1;0,2133073127392500;-3;-2,61379610970859;1;1;1;-11188,8341331869;NA;All
630;1,96257758434098;2,87415933563341;2,32355139752399;2,69474155345606;2,68531789180513;2,29053059399079;2,31860704918659;2,23305006681852;2,48313477831144;1,94897073517181;1,95515506819309;1,62777457260964;1,43790880829806;1,22085994718278;1,60616273421994;1,66185795539309;1,82280167419465;1,53502591153856;2,03174490343709;1,60807750502692;-19,2417130414084;-3,68783563053953;-6,61765924180583;-6,99606346443236;-5,86317244115215;-5,51495529071816;-11,6492872076154;-12,4078840221423;-6,07386567824379;-16,4452001607834;-11,1264558411833;-18,4119066924961;-25,3497131618707;-25,1186183431689;-16,1529241662379;-16,6683966462068;-26,6303402812389;-26,376949772366;-13,7046393897514;-19,1950106200335;2,68199219822906;1,52838389719892;1,55555567096163;0,906735395569924;0,505569093294629;0,505568510213577;0,542423295383888;0,645128743653648;0,999999654320567;0,839312184375599;0,686365732674007;0,484882772849465;0,338111817657018;-2,10248812611053;-2,39107314816938;-2,57999843988065;-3,04445220952412;-3,98728360456804;-3,99415245406221;-3,32287235000668;-2,69628304501951;-2,14040516008494;-1,19633754221421;-1,84960330131371;-2,2603080512661;-2,90414846937821;-4,92141460905742;-4,97090981906528;-4,04731849779858;-3,37322715574267;-2,69455527776592;0,0576794539318144;0,0155854222123021;0,0401387249306073;0,0163999959496525;0,0336234616251015;0,00774680590242334;0,0133265931673394;0,00615715054981555;-3;-3;1;1;0,2201218489953122;-3;-3,61279752180309;1;1;1;-11188,7826692551;NA;All
640;1,96257758434098;2,87415933563341;2,32355139752399;2,69474155345606;2,68531789180513;2,29053059399079;2,31860704918659;2,23305006681852;2,48313477831144;1,94897073517181;1,95515506819309;1,62777457260964;1,43790880829806;1,22085994718278;1,60616273421994;1,66185795539309;1,82280167419465;1,53502591153856;2,03174490343709;1,60807750502692;-19,2417130414084;-3,68783563053953;-6,61765924180583;-6,99606346443236;-5,86317244115215;-5,51495529071816;-11,6492872076154;-12,4078840221423;-6,07386567824379;-16,4452001607834;-11,1264558411833;-18,4119066924961;-25,3497131618707;-25,1186183431689;-16,1529241662379;-16,6683966462068;-26,6303402812389;-26,376949772366;-13,7046393897514;-19,1950106200335;2,68199219822906;1,52838389719892;1,55555567096163;0,906735395569924;0,505569093294629;0,505568510213577;0,542423295383888;0,645128743653648;0,999999654320567;0,839312184375599;0,686365732674007;0,484882772849465;0,338111817657018;-2,10248812611053;-2,39107314816938;-2,57999843988065;-3,04445220952412;-3,98728360456804;-3,99415245406221;-3,32287235000668;-2,69628304501951;-2,14040516008494;-1,19633754221421;-1,84960330131371;-2,2603080512661;-2,90414846937821;-4,92141460905742;-4,97090981906528;-4,04731849779858;-3,37322715574267;-2,69455527776592;0,0576794539318144;0,0155854222123021;0,0401387249306073;0,0163999959496525;0,0336234616251015;0,00774680590242334;0,0133265931673394;0,00615715054981555;-3;-3;1;1;0,2855090899957722;-3;-3,84485040576859;1;1;1;-11189,5090477281;NA;All
650;1,96257758434098;2,87415933563341;2,32355139752399;2,69474155345606;2,68531789180513;2,29053059399079;2,31860704918659;2,23305006681852;2,48313477831144;1,94897073517181;1,95515506819309;1,62777457260964;1,43790880829806;1,22085994718278;1,60616273421994;1,66185795539309;1,82280167419465;1,53502591153856;2,03174490343709;1,60807750502692;-19,2417130414084;-3,68783563053953;-6,61765924180583;-6,99606346443236;-5,86317244115215;-5,51495529071816;-11,6492872076154;-12,4078840221423;-6,07386567824379;-16,4452001607834;-11,1264558411833;-18,4119066924961;-25,3497131618707;-25,1186183431689;-16,1529241662379;-16,6683966462068;-26,6303402812389;-26,376949772366;-13,7046393897514;-19,1950106200335;2,68199219822906;1,52838389719892;1,55555567096163;0,906735395569924;0,505569093294629;0,505568510213577;0,542423295383888;0,645128743653648;0,999999654320567;0,839312184375599;0,686365732674007;0,484882772849465;0,338111817657018;-2,10248812611053;-2,39107314816938;-2,57999843988065;-3,04445220952412;-3,98728360456804;-3,99415245406221;-3,32287235000668;-2,69628304501951;-2,14040516008494;-1,19633754221421;-1,84960330131371;-2,2603080512661;-2,90414846937821;-4,92141460905742;-4,97090981906528;-4,04731849779858;-3,37322715574267;-2,69455527776592;0,0576794539318144;0,0155854222123021;0,0401387249306073;0,0163999959496525;0,0336234616251015;0,00774680590242334;0,0133265931673394;0,00615715054981555;-3;-3;1;1;0,3352005971934048;-3;-3,29409087239222;1;1;1;-11190,4569425857;NA;All
660;1,96257758434098;2,87415933563341;2,32355139752399;2,69474155345606;2,68531789180513;2,29053059399079;2,31860704918659;2,23305006681852;2,48313477831144;1,94897073517181;1,95515506819309;1,62777457260964;1,43790880829806;1,22085994718278;1,60616273421994;1,66185795539309;1,82280167419465;1,53502591153856;2,03174490343709;1,60807750502692;-19,2417130414084;-3,68783563053953;-6,61765924180583;-6,99606346443236;-5,86317244115215;-5,51495529071816;-11,6492872076154;-12,4078840221423;-6,07386567824379;-16,4452001607834;-11,1264558411833;-18,4119066924961;-25,3497131618707;-25,1186183431689;-16,1529241662379;-16,6683966462068;-26,6303402812389;-26,376949772366;-13,7046393897514;-19,1950106200335;2,68199219822906;1,52838389719892;1,55555567096163;0,906735395569924;0,505569093294629;0,505568510213577;0,542423295383888;0,645128743653648;0,999999654320567;0,839312184375599;0,686365732674007;0,484882772849465;0,338111817657018;-2,10248812611053;-2,39107314816938;-2,57999843988065;-3,04445220952412;-3,98728360456804;-3,99415245406221;-3,32287235000668;-2,69628304501951;-2,14040516008494;-1,19633754221421;-1,84960330131371;-2,2603080512661;-2,90414846937821;-4,92141460905742;-4,97090981906528;-4,04731849779858;-3,37322715574267;-2,69455527776592;0,0576794539318144;0,0155854222123021;0,0401387249306073;0,0163999959496525;0,0336234616251015;0,00774680590242334;0,0133265931673394;0,00615715054981555;-3;-3;1;1;0,2043507018929224;-3;-3,02204705559944;1;1;1;-11188,7409891515;NA;All
670;1,96257758434098;2,87415933563341;2,32355139752399;2,69474155345606;2,68531789180513;2,29053059399079;2,31860704918659;2,23305006681852;2,48313477831144;1,94897073517181;1,95515506819309;1,62777457260964;1,43790880829806;1,22085994718278;1,60616273421994;1,66185795539309;1,82280167419465;1,53502591153856;2,03174490343709;1,60807750502692;-19,2417130414084;-3,68783563053953;-6,61765924180583;-6,99606346443236;-5,86317244115215;-5,51495529071816;-11,6492872076154;-12,4078840221423;-6,07386567824379;-16,4452001607834;-11,1264558411833;-18,4119066924961;-25,3497131618707;-25,1186183431689;-16,1529241662379;-16,6683966462068;-26,6303402812389;-26,376949772366;-13,7046393897514;-19,1950106200335;2,68199219822906;1,52838389719892;1,55555567096163;0,906735395569924;0,505569093294629;0,505568510213577;0,542423295383888;0,645128743653648;0,999999654320567;0,839312184375599;0,686365732674007;0,484882772849465;0,338111817657018;-2,10248812611053;-2,39107314816938;-2,57999843988065;-3,04445220952412;-3,98728360456804;-3,99415245406221;-3,32287235000668;-2,69628304501951;-2,14040516008494;-1,19633754221421;-1,84960330131371;-2,2603080512661;-2,90414846937821;-4,92141460905742;-4,97090981906528;-4,04731849779858;-3,37322715574267;-2,69455527776592;0,0576794539318144;0,0155854222123021;0,0401387249306073;0,0163999959496525;0,0336234616251015;0,00774680590242334;0,0133265931673394;0,00615715054981555;-3;-3;1;1;0,3275360739162334;-3;-2,72504912714720;1;1;1;-11190,3484973622;NA;All
680;1,96257758434098;2,87415933563341;2,32355139752399;2,69474155345606;2,68531789180513;2,29053059399079;2,31860704918659;2,23305006681852;2,48313477831144;1,94897073517181;1,95515506819309;1,62777457260964;1,43790880829806;1,22085994718278;1,60616273421994;1,66185795539309;1,82280167419465;1,53502591153856;2,03174490343709;1,60807750502692;-19,2417130414084;-3,68783563053953;-6,61765924180583;-6,99606346443236;-5,86317244115215;-5,51495529071816;-11,6492872076154;-12,4078840221423;-6,07386567824379;-16,4452001607834;-11,1264558411833;-18,4119066924961;-25,3497131618707;-25,1186183431689;-16,1529241662379;-16,6683966462068;-26,6303402812389;-26,376949772366;-13,7046393897514;-19,1950106200335;2,68199219822906;1,52838389719892;1,55555567096163;0,906735395569924;0,505569093294629;0,505568510213577;0,542423295383888;0,645128743653648;0,999999654320567;0,839312184375599;0,686365732674007;0,484882772849465;0,338111817657018;-2,10248812611053;-2,39107314816938;-2,57999843988065;-3,04445220952412;-3,98728360456804;-3,99415245406221;-3,32287235000668;-2,69628304501951;-2,14040516008494;-1,19633754221421;-1,84960330131371;-2,2603080512661;-2,90414846937821;-4,92141460905742;-4,97090981906528;-4,04731849779858;-3,37322715574267;-2,69455527776592;0,0576794539318144;0,0155854222123021;0,0401387249306073;0,0163999959496525;0,0336234616251015;0,00774680590242334;0,0133265931673394;0,00615715054981555;-3;-3;1;1;0,2811304099802110;-3;-3,19947958034801;1;1;1;-11189,4603065878;NA;All
690;1,96257758434098;2,87415933563341;2,32355139752399;2,69474155345606;2,68531789180513;2,29053059399079;2,31860704918659;2,23305006681852;2,48313477831144;1,94897073517181;1,95515506819309;1,62777457260964;1,43790880829806;1,22085994718278;1,60616273421994;1,66185795539309;1,82280167419465;1,53502591153856;2,03174490343709;1,60807750502692;-19,2417130414084;-3,68783563053953;-6,61765924180583;-6,99606346443236;-5,86317244115215;-5,51495529071816;-11,6492872076154;-12,4078840221423;-6,07386567824379;-16,4452001607834;-11,1264558411833;-18,4119066924961;-25,3497131618707;-25,1186183431689;-16,1529241662379;-16,6683966462068;-26,6303402812389;-26,376949772366;-13,7046393897514;-19,1950106200335;2,68199219822906;1,52838389719892;1,55555567096163;0,906735395569924;0,505569093294629;0,505568510213577;0,542423295383888;0,645128743653648;0,999999654320567;0,839312184375599;0,686365732674007;0,484882772849465;0,338111817657018;-2,10248812611053;-2,39107314816938;-2,57999843988065;-3,04445220952412;-3,98728360456804;-3,99415245406221;-3,32287235000668;-2,69628304501951;-2,14040516008494;-1,19633754221421;-1,84960330131371;-2,2603080512661;-2,90414846937821;-4,92141460905742;-4,97090981906528;-4,04731849779858;-3,37322715574267;-2,69455527776592;0,0576794539318144;0,0155854222123021;0,0401387249306073;0,0163999959496525;0,0336234616251015;0,00774680590242334;0,0133265931673394;0,00615715054981555;-3;-3;1;1;0,2448269700996280;-3;-3,39916081990189;1;1;1;-11188,9867841047;NA;All
700;1,96257758434098;2,87415933563341;2,32355139752399;2,69474155345606;2,68531789180513;2,29053059399079;2,31860704918659;2,23305006681852;2,48313477831144;1,94897073517181;1,95515506819309;1,62777457260964;1,43790880829806;1,22085994718278;1,60616273421994;1,66185795539309;1,82280167419465;1,53502591153856;2,03174490343709;1,60807750502692;-19,2417130414084;-3,68783563053953;-6,61765924180583;-6,99606346443236;-5,86317244115215;-5,51495529071816;-11,6492872076154;-12,4078840221423;-6,07386567824379;-16,4452001607834;-11,1264558411833;-18,4119066924961;-25,3497131618707;-25,1186183431689;-16,1529241662379;-16,6683966462068;-26,6303402812389;-26,376949772366;-13,7046393897514;-19,1950106200335;2,68199219822906;1,52838389719892;1,55555567096163;0,906735395569924;0,505569093294629;0,505568510213577;0,542423295383888;0,645128743653648;0,999999654320567;0,839312184375599;0,686365732674007;0,484882772849465;0,338111817657018;-2,10248812611053;-2,39107314816938;-2,57999843988065;-3,04445220952412;-3,98728360456804;-3,99415245406221;-3,32287235000668;-2,69628304501951;-2,14040516008494;-1,19633754221421;-1,84960330131371;-2,2603080512661;-2,90414846937821;-4,92141460905742;-4,97090981906528;-4,04731849779858;-3,37322715574267;-2,69455527776592;0,0576794539318144;0,0155854222123021;0,0401387249306073;0,0163999959496525;0,0336234616251015;0,00774680590242334;0,0133265931673394;0,00615715054981555;-3;-3;1;1;0,1427838601570743;-3;-2,30869068793744;1;1;1;-11189,1705085602;NA;All
710;1,96257758434098;2,87415933563341;2,32355139752399;2,69474155345606;2,68531789180513;2,29053059399079;2,31860704918659;2,23305006681852;2,48313477831144;1,94897073517181;1,95515506819309;1,62777457260964;1,43790880829806;1,22085994718278;1,60616273421994;1,66185795539309;1,82280167419465;1,53502591153856;2,03174490343709;1,60807750502692;-19,2417130414084;-3,68783563053953;-6,61765924180583;-6,99606346443236;-5,86317244115215;-5,51495529071816;-11,6492872076154;-12,4078840221423;-6,07386567824379;-16,4452001607834;-11,1264558411833;-18,4119066924961;-25,3497131618707;-25,1186183431689;-16,1529241662379;-16,6683966462068;-26,6303402812389;-26,376949772366;-13,7046393897514;-19,1950106200335;2,68199219822906;1,52838389719892;1,55555567096163;0,906735395569924;0,505569093294629;0,505568510213577;0,542423295383888;0,645128743653648;0,999999654320567;0,839312184375599;0,686365732674007;0,484882772849465;0,338111817657018;-2,10248812611053;-2,39107314816938;-2,57999843988065;-3,04445220952412;-3,98728360456804;-3,99415245406221;-3,32287235000668;-2,69628304501951;-2,14040516008494;-1,19633754221421;-1,84960330131371;-2,2603080512661;-2,90414846937821;-4,92141460905742;-4,97090981906528;-4,04731849779858;-3,37322715574267;-2,69455527776592;0,0576794539318144;0,0155854222123021;0,0401387249306073;0,0163999959496525;0,0336234616251015;0,00774680590242334;0,0133265931673394;0,00615715054981555;-3;-3;1;1;0,1904177134267898;-3;-3,73613004740309;1;1;1;-11188,6892275538;NA;All
720;1,96257758434098;2,87415933563341;2,32355139752399;2,69474155345606;2,68531789180513;2,29053059399079;2,31860704918659;2,23305006681852;2,48313477831144;1,94897073517181;1,95515506819309;1,62777457260964;1,43790880829806;1,22085994718278;1,60616273421994;1,66185795539309;1,82280167419465;1,53502591153856;2,03174490343709;1,60807750502692;-19,2417130414084;-3,68783563053953;-6,61765924180583;-6,99606346443236;-5,86317244115215;-5,51495529071816;-11,6492872076154;-12,4078840221423;-6,07386567824379;-16,4452001607834;-11,1264558411833;-18,4119066924961;-25,3497131618707;-25,1186183431689;-16,1529241662379;-16,6683966462068;-26,6303402812389;-26,376949772366;-13,7046393897514;-19,1950106200335;2,68199219822906;1,52838389719892;1,55555567096163;0,906735395569924;0,505569093294629;0,505568510213577;0,542423295383888;0,645128743653648;0,999999654320567;0,839312184375599;0,686365732674007;0,484882772849465;0,338111817657018;-2,10248812611053;-2,39107314816938;-2,57999843988065;-3,04445220952412;-3,98728360456804;-3,99415245406221;-3,32287235000668;-2,69628304501951;-2,14040516008494;-1,19633754221421;-1,84960330131371;-2,2603080512661;-2,90414846937821;-4,92141460905742;-4,97090981906528;-4,04731849779858;-3,37322715574267;-2,69455527776592;0,0576794539318144;0,0155854222123021;0,0401387249306073;0,0163999959496525;0,0336234616251015;0,00774680590242334;0,0133265931673394;0,00615715054981555;-3;-3;1;1;0,1637719626233467;-3;-3,00469244855639;1;1;1;-11188,8064419709;NA;All
730;1,96257758434098;2,87415933563341;2,32355139752399;2,69474155345606;2,68531789180513;2,29053059399079;2,31860704918659;2,23305006681852;2,48313477831144;1,94897073517181;1,95515506819309;1,62777457260964;1,43790880829806;1,22085994718278;1,60616273421994;1,66185795539309;1,82280167419465;1,53502591153856;2,03174490343709;1,60807750502692;-19,2417130414084;-3,68783563053953;-6,61765924180583;-6,99606346443236;-5,86317244115215;-5,51495529071816;-11,6492872076154;-12,4078840221423;-6,07386567824379;-16,4452001607834;-11,1264558411833;-18,4119066924961;-25,3497131618707;-25,1186183431689;-16,1529241662379;-16,6683966462068;-26,6303402812389;-26,376949772366;-13,7046393897514;-19,1950106200335;2,68199219822906;1,52838389719892;1,55555567096163;0,906735395569924;0,505569093294629;0,505568510213577;0,542423295383888;0,645128743653648;0,999999654320567;0,839312184375599;0,686365732674007;0,484882772849465;0,338111817657018;-2,10248812611053;-2,39107314816938;-2,57999843988065;-3,04445220952412;-3,98728360456804;-3,99415245406221;-3,32287235000668;-2,69628304501951;-2,14040516008494;-1,19633754221421;-1,84960330131371;-2,2603080512661;-2,90414846937821;-4,92141460905742;-4,97090981906528;-4,04731849779858;-3,37322715574267;-2,69455527776592;0,0576794539318144;0,0155854222123021;0,0401387249306073;0,0163999959496525;0,0336234616251015;0,00774680590242334;0,0133265931673394;0,00615715054981555;-3;-3;1;1;0,1086972598981519;-3;-2,53063410700600;1;1;1;-11189,7140238562;NA;All
740;1,96257758434098;2,87415933563341;2,32355139752399;2,69474155345606;2,68531789180513;2,29053059399079;2,31860704918659;2,23305006681852;2,48313477831144;1,94897073517181;1,95515506819309;1,62777457260964;1,43790880829806;1,22085994718278;1,60616273421994;1,66185795539309;1,82280167419465;1,53502591153856;2,03174490343709;1,60807750502692;-19,2417130414084;-3,68783563053953;-6,61765924180583;-6,99606346443236;-5,86317244115215;-5,51495529071816;-11,6492872076154;-12,4078840221423;-6,07386567824379;-16,4452001607834;-11,1264558411833;-18,4119066924961;-25,3497131618707;-25,1186183431689;-16,1529241662379;-16,6683966462068;-26,6303402812389;-26,376949772366;-13,7046393897514;-19,1950106200335;2,68199219822906;1,52838389719892;1,55555567096163;0,906735395569924;0,505569093294629;0,505568510213577;0,542423295383888;0,645128743653648;0,999999654320567;0,839312184375599;0,686365732674007;0,484882772849465;0,338111817657018;-2,10248812611053;-2,39107314816938;-2,57999843988065;-3,04445220952412;-3,98728360456804;-3,99415245406221;-3,32287235000668;-2,69628304501951;-2,14040516008494;-1,19633754221421;-1,84960330131371;-2,2603080512661;-2,90414846937821;-4,92141460905742;-4,97090981906528;-4,04731849779858;-3,37322715574267;-2,69455527776592;0,0576794539318144;0,0155854222123021;0,0401387249306073;0,0163999959496525;0,0336234616251015;0,00774680590242334;0,0133265931673394;0,00615715054981555;-3;-3;1;1;0,2109250990216229;-3;-2,95988441293701;1;1;1;-11188,7693987168;NA;All
750;1,96257758434098;2,87415933563341;2,32355139752399;2,69474155345606;2,68531789180513;2,29053059399079;2,31860704918659;2,23305006681852;2,48313477831144;1,94897073517181;1,95515506819309;1,62777457260964;1,43790880829806;1,22085994718278;1,60616273421994;1,66185795539309;1,82280167419465;1,53502591153856;2,03174490343709;1,60807750502692;-19,2417130414084;-3,68783563053953;-6,61765924180583;-6,99606346443236;-5,86317244115215;-5,51495529071816;-11,6492872076154;-12,4078840221423;-6,07386567824379;-16,4452001607834;-11,1264558411833;-18,4119066924961;-25,3497131618707;-25,1186183431689;-16,1529241662379;-16,6683966462068;-26,6303402812389;-26,376949772366;-13,7046393897514;-19,1950106200335;2,68199219822906;1,52838389719892;1,55555567096163;0,906735395569924;0,505569093294629;0,505568510213577;0,542423295383888;0,645128743653648;0,999999654320567;0,839312184375599;0,686365732674007;0,484882772849465;0,338111817657018;-2,10248812611053;-2,39107314816938;-2,57999843988065;-3,04445220952412;-3,98728360456804;-3,99415245406221;-3,32287235000668;-2,69628304501951;-2,14040516008494;-1,19633754221421;-1,84960330131371;-2,2603080512661;-2,90414846937821;-4,92141460905742;-4,97090981906528;-4,04731849779858;-3,37322715574267;-2,69455527776592;0,0576794539318144;0,0155854222123021;0,0401387249306073;0,0163999959496525;0,0336234616251015;0,00774680590242334;0,0133265931673394;0,00615715054981555;-3;-3;1;1;0,2042439613361962;-3;-2,89562163729321;1;1;1;-11188,7524464449;NA;All
760;1,96257758434098;2,87415933563341;2,32355139752399;2,69474155345606;2,68531789180513;2,29053059399079;2,31860704918659;2,23305006681852;2,48313477831144;1,94897073517181;1,95515506819309;1,62777457260964;1,43790880829806;1,22085994718278;1,60616273421994;1,66185795539309;1,82280167419465;1,53502591153856;2,03174490343709;1,60807750502692;-19,2417130414084;-3,68783563053953;-6,61765924180583;-6,99606346443236;-5,86317244115215;-5,51495529071816;-11,6492872076154;-12,4078840221423;-6,07386567824379;-16,4452001607834;-11,1264558411833;-18,4119066924961;-25,3497131618707;-25,1186183431689;-16,1529241662379;-16,6683966462068;-26,6303402812389;-26,376949772366;-13,7046393897514;-19,1950106200335;2,68199219822906;1,52838389719892;1,55555567096163;0,906735395569924;0,505569093294629;0,505568510213577;0,542423295383888;0,645128743653648;0,999999654320567;0,839312184375599;0,686365732674007;0,484882772849465;0,338111817657018;-2,10248812611053;-2,39107314816938;-2,57999843988065;-3,04445220952412;-3,98728360456804;-3,99415245406221;-3,32287235000668;-2,69628304501951;-2,14040516008494;-1,19633754221421;-1,84960330131371;-2,2603080512661;-2,90414846937821;-4,92141460905742;-4,97090981906528;-4,04731849779858;-3,37322715574267;-2,69455527776592;0,0576794539318144;0,0155854222123021;0,0401387249306073;0,0163999959496525;0,0336234616251015;0,00774680590242334;0,0133265931673394;0,00615715054981555;-3;-3;1;1;0,2042439613361962;-3;-2,89562163729321;1;1;1;-11188,7524464449;NA;All
770;1,96257758434098;2,87415933563341;2,32355139752399;2,69474155345606;2,68531789180513;2,29053059399079;2,31860704918659;2,23305006681852;2,48313477831144;1,94897073517181;1,95515506819309;1,62777457260964;1,43790880829806;1,22085994718278;1,60616273421994;1,66185795539309;1,82280167419465;1,53502591153856;2,03174490343709;1,60807750502692;-19,2417130414084;-3,68783563053953;-6,61765924180583;-6,99606346443236;-5,86317244115215;-5,51495529071816;-11,6492872076154;-12,4078840221423;-6,07386567824379;-16,4452001607834;-11,1264558411833;-18,4119066924961;-25,3497131618707;-25,1186183431689;-16,1529241662379;-16,6683966462068;-26,6303402812389;-26,376949772366;-13,7046393897514;-19,1950106200335;2,68199219822906;1,52838389719892;1,55555567096163;0,906735395569924;0,505569093294629;0,505568510213577;0,542423295383888;0,645128743653648;0,999999654320567;0,839312184375599;0,686365732674007;0,484882772849465;0,338111817657018;-2,10248812611053;-2,39107314816938;-2,57999843988065;-3,04445220952412;-3,98728360456804;-3,99415245406221;-3,32287235000668;-2,69628304501951;-2,14040516008494;-1,19633754221421;-1,84960330131371;-2,2603080512661;-2,90414846937821;-4,92141460905742;-4,97090981906528;-4,04731849779858;-3,37322715574267;-2,69455527776592;0,0576794539318144;0,0155854222123021;0,0401387249306073;0,0163999959496525;0,0336234616251015;0,00774680590242334;0,0133265931673394;0,00615715054981555;-3;-3;1;1;0,2210405236372894;-3;-3,12002870970560;1;1;1;-11188,8079647240;NA;All
780;1,96257758434098;2,87415933563341;2,32355139752399;2,69474155345606;2,68531789180513;2,29053059399079;2,31860704918659;2,23305006681852;2,48313477831144;1,94897073517181;1,95515506819309;1,62777457260964;1,43790880829806;1,22085994718278;1,60616273421994;1,66185795539309;1,82280167419465;1,53502591153856;2,03174490343709;1,60807750502692;-19,2417130414084;-3,68783563053953;-6,61765924180583;-6,99606346443236;-5,86317244115215;-5,51495529071816;-11,6492872076154;-12,4078840221423;-6,07386567824379;-16,4452001607834;-11,1264558411833;-18,4119066924961;-25,3497131618707;-25,1186183431689;-16,1529241662379;-16,6683966462068;-26,6303402812389;-26,376949772366;-13,7046393897514;-19,1950106200335;2,68199219822906;1,52838389719892;1,55555567096163;0,906735395569924;0,505569093294629;0,505568510213577;0,542423295383888;0,645128743653648;0,999999654320567;0,839312184375599;0,686365732674007;0,484882772849465;0,338111817657018;-2,10248812611053;-2,39107314816938;-2,57999843988065;-3,04445220952412;-3,98728360456804;-3,99415245406221;-3,32287235000668;-2,69628304501951;-2,14040516008494;-1,19633754221421;-1,84960330131371;-2,2603080512661;-2,90414846937821;-4,92141460905742;-4,97090981906528;-4,04731849779858;-3,37322715574267;-2,69455527776592;0,0576794539318144;0,0155854222123021;0,0401387249306073;0,0163999959496525;0,0336234616251015;0,00774680590242334;0,0133265931673394;0,00615715054981555;-3;-3;1;1;0,2210405236372894;-3;-3,12002870970560;1;1;1;-11188,8079647240;NA;All
790;1,96257758434098;2,87415933563341;2,32355139752399;2,69474155345606;2,68531789180513;2,29053059399079;2,31860704918659;2,23305006681852;2,48313477831144;1,94897073517181;1,95515506819309;1,62777457260964;1,43790880829806;1,22085994718278;1,60616273421994;1,66185795539309;1,82280167419465;1,53502591153856;2,03174490343709;1,60807750502692;-19,2417130414084;-3,68783563053953;-6,61765924180583;-6,99606346443236;-5,86317244115215;-5,51495529071816;-11,6492872076154;-12,4078840221423;-6,07386567824379;-16,4452001607834;-11,1264558411833;-18,4119066924961;-25,3497131618707;-25,1186183431689;-16,1529241662379;-16,6683966462068;-26,6303402812389;-26,376949772366;-13,7046393897514;-19,1950106200335;2,68199219822906;1,52838389719892;1,55555567096163;0,906735395569924;0,505569093294629;0,505568510213577;0,542423295383888;0,645128743653648;0,999999654320567;0,839312184375599;0,686365732674007;0,484882772849465;0,338111817657018;-2,10248812611053;-2,39107314816938;-2,57999843988065;-3,04445220952412;-3,98728360456804;-3,99415245406221;-3,32287235000668;-2,69628304501951;-2,14040516008494;-1,19633754221421;-1,84960330131371;-2,2603080512661;-2,90414846937821;-4,92141460905742;-4,97090981906528;-4,04731849779858;-3,37322715574267;-2,69455527776592;0,0576794539318144;0,0155854222123021;0,0401387249306073;0,0163999959496525;0,0336234616251015;0,00774680590242334;0,0133265931673394;0,00615715054981555;-3;-3;1;1;0,2706524794148625;-3;-2,90463843811424;1;1;1;-11189,3309827667;NA;All
800;1,96257758434098;2,87415933563341;2,32355139752399;2,69474155345606;2,68531789180513;2,29053059399079;2,31860704918659;2,23305006681852;2,48313477831144;1,94897073517181;1,95515506819309;1,62777457260964;1,43790880829806;1,22085994718278;1,60616273421994;1,66185795539309;1,82280167419465;1,53502591153856;2,03174490343709;1,60807750502692;-19,2417130414084;-3,68783563053953;-6,61765924180583;-6,99606346443236;-5,86317244115215;-5,51495529071816;-11,6492872076154;-12,4078840221423;-6,07386567824379;-16,4452001607834;-11,1264558411833;-18,4119066924961;-25,3497131618707;-25,1186183431689;-16,1529241662379;-16,6683966462068;-26,6303402812389;-26,376949772366;-13,7046393897514;-19,1950106200335;2,68199219822906;1,52838389719892;1,55555567096163;0,906735395569924;0,505569093294629;0,505568510213577;0,542423295383888;0,645128743653648;0,999999654320567;0,839312184375599;0,686365732674007;0,484882772849465;0,338111817657018;-2,10248812611053;-2,39107314816938;-2,57999843988065;-3,04445220952412;-3,98728360456804;-3,99415245406221;-3,32287235000668;-2,69628304501951;-2,14040516008494;-1,19633754221421;-1,84960330131371;-2,2603080512661;-2,90414846937821;-4,92141460905742;-4,97090981906528;-4,04731849779858;-3,37322715574267;-2,69455527776592;0,0576794539318144;0,0155854222123021;0,0401387249306073;0,0163999959496525;0,0336234616251015;0,00774680590242334;0,0133265931673394;0,00615715054981555;-3;-3;1;1;0,2156563862993166;-3;-1,59217696801344;1;1;1;-11189,9437305857;NA;All
810;1,96257758434098;2,87415933563341;2,32355139752399;2,69474155345606;2,68531789180513;2,29053059399079;2,31860704918659;2,23305006681852;2,48313477831144;1,94897073517181;1,95515506819309;1,62777457260964;1,43790880829806;1,22085994718278;1,60616273421994;1,66185795539309;1,82280167419465;1,53502591153856;2,03174490343709;1,60807750502692;-19,2417130414084;-3,68783563053953;-6,61765924180583;-6,99606346443236;-5,86317244115215;-5,51495529071816;-11,6492872076154;-12,4078840221423;-6,07386567824379;-16,4452001607834;-11,1264558411833;-18,4119066924961;-25,3497131618707;-25,1186183431689;-16,1529241662379;-16,6683966462068;-26,6303402812389;-26,376949772366;-13,7046393897514;-19,1950106200335;2,68199219822906;1,52838389719892;1,55555567096163;0,906735395569924;0,505569093294629;0,505568510213577;0,542423295383888;0,645128743653648;0,999999654320567;0,839312184375599;0,686365732674007;0,484882772849465;0,338111817657018;-2,10248812611053;-2,39107314816938;-2,57999843988065;-3,04445220952412;-3,98728360456804;-3,99415245406221;-3,32287235000668;-2,69628304501951;-2,14040516008494;-1,19633754221421;-1,84960330131371;-2,2603080512661;-2,90414846937821;-4,92141460905742;-4,97090981906528;-4,04731849779858;-3,37322715574267;-2,69455527776592;0,0576794539318144;0,0155854222123021;0,0401387249306073;0,0163999959496525;0,0336234616251015;0,00774680590242334;0,0133265931673394;0,00615715054981555;-3;-3;1;1;0,1173091125311639;-3;-2,41932310253894;1;1;1;-11189,5513392098;NA;All
820;1,96257758434098;2,87415933563341;2,32355139752399;2,69474155345606;2,68531789180513;2,29053059399079;2,31860704918659;2,23305006681852;2,48313477831144;1,94897073517181;1,95515506819309;1,62777457260964;1,43790880829806;1,22085994718278;1,60616273421994;1,66185795539309;1,82280167419465;1,53502591153856;2,03174490343709;1,60807750502692;-19,2417130414084;-3,68783563053953;-6,61765924180583;-6,99606346443236;-5,86317244115215;-5,51495529071816;-11,6492872076154;-12,4078840221423;-6,07386567824379;-16,4452001607834;-11,1264558411833;-18,4119066924961;-25,3497131618707;-25,1186183431689;-16,1529241662379;-16,6683966462068;-26,6303402812389;-26,376949772366;-13,7046393897514;-19,1950106200335;2,68199219822906;1,52838389719892;1,55555567096163;0,906735395569924;0,505569093294629;0,505568510213577;0,542423295383888;0,645128743653648;0,999999654320567;0,839312184375599;0,686365732674007;0,484882772849465;0,338111817657018;-2,10248812611053;-2,39107314816938;-2,57999843988065;-3,04445220952412;-3,98728360456804;-3,99415245406221;-3,32287235000668;-2,69628304501951;-2,14040516008494;-1,19633754221421;-1,84960330131371;-2,2603080512661;-2,90414846937821;-4,92141460905742;-4,97090981906528;-4,04731849779858;-3,37322715574267;-2,69455527776592;0,0576794539318144;0,0155854222123021;0,0401387249306073;0,0163999959496525;0,0336234616251015;0,00774680590242334;0,0133265931673394;0,00615715054981555;-3;-3;1;1;0,1162734170902469;-3;-2,95161177883028;1;1;1;-11189,4592760187;NA;All
830;1,96257758434098;2,87415933563341;2,32355139752399;2,69474155345606;2,68531789180513;2,29053059399079;2,31860704918659;2,23305006681852;2,48313477831144;1,94897073517181;1,95515506819309;1,62777457260964;1,43790880829806;1,22085994718278;1,60616273421994;1,66185795539309;1,82280167419465;1,53502591153856;2,03174490343709;1,60807750502692;-19,2417130414084;-3,68783563053953;-6,61765924180583;-6,99606346443236;-5,86317244115215;-5,51495529071816;-11,6492872076154;-12,4078840221423;-6,07386567824379;-16,4452001607834;-11,1264558411833;-18,4119066924961;-25,3497131618707;-25,1186183431689;-16,1529241662379;-16,6683966462068;-26,6303402812389;-26,376949772366;-13,7046393897514;-19,1950106200335;2,68199219822906;1,52838389719892;1,55555567096163;0,906735395569924;0,505569093294629;0,505568510213577;0,542423295383888;0,645128743653648;0,999999654320567;0,839312184375599;0,686365732674007;0,484882772849465;0,338111817657018;-2,10248812611053;-2,39107314816938;-2,57999843988065;-3,04445220952412;-3,98728360456804;-3,99415245406221;-3,32287235000668;-2,69628304501951;-2,14040516008494;-1,19633754221421;-1,84960330131371;-2,2603080512661;-2,90414846937821;-4,92141460905742;-4,97090981906528;-4,04731849779858;-3,37322715574267;-2,69455527776592;0,0576794539318144;0,0155854222123021;0,0401387249306073;0,0163999959496525;0,0336234616251015;0,00774680590242334;0,0133265931673394;0,00615715054981555;-3;-3;1;1;0,2021742620496638;-3;-1,53045128977483;1;1;1;-11190,1116863429;NA;All
840;1,96257758434098;2,87415933563341;2,32355139752399;2,69474155345606;2,68531789180513;2,29053059399079;2,31860704918659;2,23305006681852;2,48313477831144;1,94897073517181;1,95515506819309;1,62777457260964;1,43790880829806;1,22085994718278;1,60616273421994;1,66185795539309;1,82280167419465;1,53502591153856;2,03174490343709;1,60807750502692;-19,2417130414084;-3,68783563053953;-6,61765924180583;-6,99606346443236;-5,86317244115215;-5,51495529071816;-11,6492872076154;-12,4078840221423;-6,07386567824379;-16,4452001607834;-11,1264558411833;-18,4119066924961;-25,3497131618707;-25,1186183431689;-16,1529241662379;-16,6683966462068;-26,6303402812389;-26,376949772366;-13,7046393897514;-19,1950106200335;2,68199219822906;1,52838389719892;1,55555567096163;0,906735395569924;0,505569093294629;0,505568510213577;0,542423295383888;0,645128743653648;0,999999654320567;0,839312184375599;0,686365732674007;0,484882772849465;0,338111817657018;-2,10248812611053;-2,39107314816938;-2,57999843988065;-3,04445220952412;-3,98728360456804;-3,99415245406221;-3,32287235000668;-2,69628304501951;-2,14040516008494;-1,19633754221421;-1,84960330131371;-2,2603080512661;-2,90414846937821;-4,92141460905742;-4,97090981906528;-4,04731849779858;-3,37322715574267;-2,69455527776592;0,0576794539318144;0,0155854222123021;0,0401387249306073;0,0163999959496525;0,0336234616251015;0,00774680590242334;0,0133265931673394;0,00615715054981555;-3;-3;1;1;0,1345954560923586;-3;-3,94764274386712;1;1;1;-11189,0800801067;NA;All
850;1,96257758434098;2,87415933563341;2,32355139752399;2,69474155345606;2,68531789180513;2,29053059399079;2,31860704918659;2,23305006681852;2,48313477831144;1,94897073517181;1,95515506819309;1,62777457260964;1,43790880829806;1,22085994718278;1,60616273421994;1,66185795539309;1,82280167419465;1,53502591153856;2,03174490343709;1,60807750502692;-19,2417130414084;-3,68783563053953;-6,61765924180583;-6,99606346443236;-5,86317244115215;-5,51495529071816;-11,6492872076154;-12,4078840221423;-6,07386567824379;-16,4452001607834;-11,1264558411833;-18,4119066924961;-25,3497131618707;-25,1186183431689;-16,1529241662379;-16,6683966462068;-26,6303402812389;-26,376949772366;-13,7046393897514;-19,1950106200335;2,68199219822906;1,52838389719892;1,55555567096163;0,906735395569924;0,505569093294629;0,505568510213577;0,542423295383888;0,645128743653648;0,999999654320567;0,839312184375599;0,686365732674007;0,484882772849465;0,338111817657018;-2,10248812611053;-2,39107314816938;-2,57999843988065;-3,04445220952412;-3,98728360456804;-3,99415245406221;-3,32287235000668;-2,69628304501951;-2,14040516008494;-1,19633754221421;-1,84960330131371;-2,2603080512661;-2,90414846937821;-4,92141460905742;-4,97090981906528;-4,04731849779858;-3,37322715574267;-2,69455527776592;0,0576794539318144;0,0155854222123021;0,0401387249306073;0,0163999959496525;0,0336234616251015;0,00774680590242334;0,0133265931673394;0,00615715054981555;-3;-3;1;1;0,2485420922663158;-3;-3,40463678155407;1;1;1;-11189,0250232809;NA;All
860;1,96257758434098;2,87415933563341;2,32355139752399;2,69474155345606;2,68531789180513;2,29053059399079;2,31860704918659;2,23305006681852;2,48313477831144;1,94897073517181;1,95515506819309;1,62777457260964;1,43790880829806;1,22085994718278;1,60616273421994;1,66185795539309;1,82280167419465;1,53502591153856;2,03174490343709;1,60807750502692;-19,2417130414084;-3,68783563053953;-6,61765924180583;-6,99606346443236;-5,86317244115215;-5,51495529071816;-11,6492872076154;-12,4078840221423;-6,07386567824379;-16,4452001607834;-11,1264558411833;-18,4119066924961;-25,3497131618707;-25,1186183431689;-16,1529241662379;-16,6683966462068;-26,6303402812389;-26,376949772366;-13,7046393897514;-19,1950106200335;2,68199219822906;1,52838389719892;1,55555567096163;0,906735395569924;0,505569093294629;0,505568510213577;0,542423295383888;0,645128743653648;0,999999654320567;0,839312184375599;0,686365732674007;0,484882772849465;0,338111817657018;-2,10248812611053;-2,39107314816938;-2,57999843988065;-3,04445220952412;-3,98728360456804;-3,99415245406221;-3,32287235000668;-2,69628304501951;-2,14040516008494;-1,19633754221421;-1,84960330131371;-2,2603080512661;-2,90414846937821;-4,92141460905742;-4,97090981906528;-4,04731849779858;-3,37322715574267;-2,69455527776592;0,0576794539318144;0,0155854222123021;0,0401387249306073;0,0163999959496525;0,0336234616251015;0,00774680590242334;0,0133265931673394;0,00615715054981555;-3;-3;1;1;0,2320687619185015;-3;-2,33904338533508;1;1;1;-11189,0421774441;NA;All
870;1,96257758434098;2,87415933563341;2,32355139752399;2,69474155345606;2,68531789180513;2,29053059399079;2,31860704918659;2,23305006681852;2,48313477831144;1,94897073517181;1,95515506819309;1,62777457260964;1,43790880829806;1,22085994718278;1,60616273421994;1,66185795539309;1,82280167419465;1,53502591153856;2,03174490343709;1,60807750502692;-19,2417130414084;-3,68783563053953;-6,61765924180583;-6,99606346443236;-5,86317244115215;-5,51495529071816;-11,6492872076154;-12,4078840221423;-6,07386567824379;-16,4452001607834;-11,1264558411833;-18,4119066924961;-25,3497131618707;-25,1186183431689;-16,1529241662379;-16,6683966462068;-26,6303402812389;-26,376949772366;-13,7046393897514;-19,1950106200335;2,68199219822906;1,52838389719892;1,55555567096163;0,906735395569924;0,505569093294629;0,505568510213577;0,542423295383888;0,645128743653648;0,999999654320567;0,839312184375599;0,686365732674007;0,484882772849465;0,338111817657018;-2,10248812611053;-2,39107314816938;-2,57999843988065;-3,04445220952412;-3,98728360456804;-3,99415245406221;-3,32287235000668;-2,69628304501951;-2,14040516008494;-1,19633754221421;-1,84960330131371;-2,2603080512661;-2,90414846937821;-4,92141460905742;-4,97090981906528;-4,04731849779858;-3,37322715574267;-2,69455527776592;0,0576794539318144;0,0155854222123021;0,0401387249306073;0,0163999959496525;0,0336234616251015;0,00774680590242334;0,0133265931673394;0,00615715054981555;-3;-3;1;1;0,2299934540612281;-3;-3,51372155594474;1;1;1;-11188,8505784819;NA;All
880;1,96257758434098;2,87415933563341;2,32355139752399;2,69474155345606;2,68531789180513;2,29053059399079;2,31860704918659;2,23305006681852;2,48313477831144;1,94897073517181;1,95515506819309;1,62777457260964;1,43790880829806;1,22085994718278;1,60616273421994;1,66185795539309;1,82280167419465;1,53502591153856;2,03174490343709;1,60807750502692;-19,2417130414084;-3,68783563053953;-6,61765924180583;-6,99606346443236;-5,86317244115215;-5,51495529071816;-11,6492872076154;-12,4078840221423;-6,07386567824379;-16,4452001607834;-11,1264558411833;-18,4119066924961;-25,3497131618707;-25,1186183431689;-16,1529241662379;-16,6683966462068;-26,6303402812389;-26,376949772366;-13,7046393897514;-19,1950106200335;2,68199219822906;1,52838389719892;1,55555567096163;0,906735395569924;0,505569093294629;0,505568510213577;0,542423295383888;0,645128743653648;0,999999654320567;0,839312184375599;0,686365732674007;0,484882772849465;0,338111817657018;-2,10248812611053;-2,39107314816938;-2,57999843988065;-3,04445220952412;-3,98728360456804;-3,99415245406221;-3,32287235000668;-2,69628304501951;-2,14040516008494;-1,19633754221421;-1,84960330131371;-2,2603080512661;-2,90414846937821;-4,92141460905742;-4,97090981906528;-4,04731849779858;-3,37322715574267;-2,69455527776592;0,0576794539318144;0,0155854222123021;0,0401387249306073;0,0163999959496525;0,0336234616251015;0,00774680590242334;0,0133265931673394;0,00615715054981555;-3;-3;1;1;0,1789030791064500;-3;-2,76861042175399;1;1;1;-11188,7661193159;NA;All
890;1,96257758434098;2,87415933563341;2,32355139752399;2,69474155345606;2,68531789180513;2,29053059399079;2,31860704918659;2,23305006681852;2,48313477831144;1,94897073517181;1,95515506819309;1,62777457260964;1,43790880829806;1,22085994718278;1,60616273421994;1,66185795539309;1,82280167419465;1,53502591153856;2,03174490343709;1,60807750502692;-19,2417130414084;-3,68783563053953;-6,61765924180583;-6,99606346443236;-5,86317244115215;-5,51495529071816;-11,6492872076154;-12,4078840221423;-6,07386567824379;-16,4452001607834;-11,1264558411833;-18,4119066924961;-25,3497131618707;-25,1186183431689;-16,1529241662379;-16,6683966462068;-26,6303402812389;-26,376949772366;-13,7046393897514;-19,1950106200335;2,68199219822906;1,52838389719892;1,55555567096163;0,906735395569924;0,505569093294629;0,505568510213577;0,542423295383888;0,645128743653648;0,999999654320567;0,839312184375599;0,686365732674007;0,484882772849465;0,338111817657018;-2,10248812611053;-2,39107314816938;-2,57999843988065;-3,04445220952412;-3,98728360456804;-3,99415245406221;-3,32287235000668;-2,69628304501951;-2,14040516008494;-1,19633754221421;-1,84960330131371;-2,2603080512661;-2,90414846937821;-4,92141460905742;-4,97090981906528;-4,04731849779858;-3,37322715574267;-2,69455527776592;0,0576794539318144;0,0155854222123021;0,0401387249306073;0,0163999959496525;0,0336234616251015;0,00774680590242334;0,0133265931673394;0,00615715054981555;-3;-3;1;1;0,0958592524545638;-3;-3,36458793213626;1;1;1;-11189,9635358200;NA;All
900;1,96257758434098;2,87415933563341;2,32355139752399;2,69474155345606;2,68531789180513;2,29053059399079;2,31860704918659;2,23305006681852;2,48313477831144;1,94897073517181;1,95515506819309;1,62777457260964;1,43790880829806;1,22085994718278;1,60616273421994;1,66185795539309;1,82280167419465;1,53502591153856;2,03174490343709;1,60807750502692;-19,2417130414084;-3,68783563053953;-6,61765924180583;-6,99606346443236;-5,86317244115215;-5,51495529071816;-11,6492872076154;-12,4078840221423;-6,07386567824379;-16,4452001607834;-11,1264558411833;-18,4119066924961;-25,3497131618707;-25,1186183431689;-16,1529241662379;-16,6683966462068;-26,6303402812389;-26,376949772366;-13,7046393897514;-19,1950106200335;2,68199219822906;1,52838389719892;1,55555567096163;0,906735395569924;0,505569093294629;0,505568510213577;0,542423295383888;0,645128743653648;0,999999654320567;0,839312184375599;0,686365732674007;0,484882772849465;0,338111817657018;-2,10248812611053;-2,39107314816938;-2,57999843988065;-3,04445220952412;-3,98728360456804;-3,99415245406221;-3,32287235000668;-2,69628304501951;-2,14040516008494;-1,19633754221421;-1,84960330131371;-2,2603080512661;-2,90414846937821;-4,92141460905742;-4,97090981906528;-4,04731849779858;-3,37322715574267;-2,69455527776592;0,0576794539318144;0,0155854222123021;0,0401387249306073;0,0163999959496525;0,0336234616251015;0,00774680590242334;0,0133265931673394;0,00615715054981555;-3;-3;1;1;0,1806507599665106;-3;-2,97696679920075;1;1;1;-11188,7353780186;NA;All
910;1,96257758434098;2,87415933563341;2,32355139752399;2,69474155345606;2,68531789180513;2,29053059399079;2,31860704918659;2,23305006681852;2,48313477831144;1,94897073517181;1,95515506819309;1,62777457260964;1,43790880829806;1,22085994718278;1,60616273421994;1,66185795539309;1,82280167419465;1,53502591153856;2,03174490343709;1,60807750502692;-19,2417130414084;-3,68783563053953;-6,61765924180583;-6,99606346443236;-5,86317244115215;-5,51495529071816;-11,6492872076154;-12,4078840221423;-6,07386567824379;-16,4452001607834;-11,1264558411833;-18,4119066924961;-25,3497131618707;-25,1186183431689;-16,1529241662379;-16,6683966462068;-26,6303402812389;-26,376949772366;-13,7046393897514;-19,1950106200335;2,68199219822906;1,52838389719892;1,55555567096163;0,906735395569924;0,505569093294629;0,505568510213577;0,542423295383888;0,645128743653648;0,999999654320567;0,839312184375599;0,686365732674007;0,484882772849465;0,338111817657018;-2,10248812611053;-2,39107314816938;-2,57999843988065;-3,04445220952412;-3,98728360456804;-3,99415245406221;-3,32287235000668;-2,69628304501951;-2,14040516008494;-1,19633754221421;-1,84960330131371;-2,2603080512661;-2,90414846937821;-4,92141460905742;-4,97090981906528;-4,04731849779858;-3,37322715574267;-2,69455527776592;0,0576794539318144;0,0155854222123021;0,0401387249306073;0,0163999959496525;0,0336234616251015;0,00774680590242334;0,0133265931673394;0,00615715054981555;-3;-3;1;1;0,1686803266415955;-3;-1,58741410563717;1;1;1;-11189,9651616868;NA;All
920;1,96257758434098;2,87415933563341;2,32355139752399;2,69474155345606;2,68531789180513;2,29053059399079;2,31860704918659;2,23305006681852;2,48313477831144;1,94897073517181;1,95515506819309;1,62777457260964;1,43790880829806;1,22085994718278;1,60616273421994;1,66185795539309;1,82280167419465;1,53502591153856;2,03174490343709;1,60807750502692;-19,2417130414084;-3,68783563053953;-6,61765924180583;-6,99606346443236;-5,86317244115215;-5,51495529071816;-11,6492872076154;-12,4078840221423;-6,07386567824379;-16,4452001607834;-11,1264558411833;-18,4119066924961;-25,3497131618707;-25,1186183431689;-16,1529241662379;-16,6683966462068;-26,6303402812389;-26,376949772366;-13,7046393897514;-19,1950106200335;2,68199219822906;1,52838389719892;1,55555567096163;0,906735395569924;0,505569093294629;0,505568510213577;0,542423295383888;0,645128743653648;0,999999654320567;0,839312184375599;0,686365732674007;0,484882772849465;0,338111817657018;-2,10248812611053;-2,39107314816938;-2,57999843988065;-3,04445220952412;-3,98728360456804;-3,99415245406221;-3,32287235000668;-2,69628304501951;-2,14040516008494;-1,19633754221421;-1,84960330131371;-2,2603080512661;-2,90414846937821;-4,92141460905742;-4,97090981906528;-4,04731849779858;-3,37322715574267;-2,69455527776592;0,0576794539318144;0,0155854222123021;0,0401387249306073;0,0163999959496525;0,0336234616251015;0,00774680590242334;0,0133265931673394;0,00615715054981555;-3;-3;1;1;0,1816518950794827;-3;-2,95526272919219;1;1;1;-11188,7353350585;NA;All
930;1,96257758434098;2,87415933563341;2,32355139752399;2,69474155345606;2,68531789180513;2,29053059399079;2,31860704918659;2,23305006681852;2,48313477831144;1,94897073517181;1,95515506819309;1,62777457260964;1,43790880829806;1,22085994718278;1,60616273421994;1,66185795539309;1,82280167419465;1,53502591153856;2,03174490343709;1,60807750502692;-19,2417130414084;-3,68783563053953;-6,61765924180583;-6,99606346443236;-5,86317244115215;-5,51495529071816;-11,6492872076154;-12,4078840221423;-6,07386567824379;-16,4452001607834;-11,1264558411833;-18,4119066924961;-25,3497131618707;-25,1186183431689;-16,1529241662379;-16,6683966462068;-26,6303402812389;-26,376949772366;-13,7046393897514;-19,1950106200335;2,68199219822906;1,52838389719892;1,55555567096163;0,906735395569924;0,505569093294629;0,505568510213577;0,542423295383888;0,645128743653648;0,999999654320567;0,839312184375599;0,686365732674007;0,484882772849465;0,338111817657018;-2,10248812611053;-2,39107314816938;-2,57999843988065;-3,04445220952412;-3,98728360456804;-3,99415245406221;-3,32287235000668;-2,69628304501951;-2,14040516008494;-1,19633754221421;-1,84960330131371;-2,2603080512661;-2,90414846937821;-4,92141460905742;-4,97090981906528;-4,04731849779858;-3,37322715574267;-2,69455527776592;0,0576794539318144;0,0155854222123021;0,0401387249306073;0,0163999959496525;0,0336234616251015;0,00774680590242334;0,0133265931673394;0,00615715054981555;-3;-3;1;1;0,2400091908866781;-3;-3,00079041051571;1;1;1;-11188,9641309629;NA;All
940;1,96257758434098;2,87415933563341;2,32355139752399;2,69474155345606;2,68531789180513;2,29053059399079;2,31860704918659;2,23305006681852;2,48313477831144;1,94897073517181;1,95515506819309;1,62777457260964;1,43790880829806;1,22085994718278;1,60616273421994;1,66185795539309;1,82280167419465;1,53502591153856;2,03174490343709;1,60807750502692;-19,2417130414084;-3,68783563053953;-6,61765924180583;-6,99606346443236;-5,86317244115215;-5,51495529071816;-11,6492872076154;-12,4078840221423;-6,07386567824379;-16,4452001607834;-11,1264558411833;-18,4119066924961;-25,3497131618707;-25,1186183431689;-16,1529241662379;-16,6683966462068;-26,6303402812389;-26,376949772366;-13,7046393897514;-19,1950106200335;2,68199219822906;1,52838389719892;1,55555567096163;0,906735395569924;0,505569093294629;0,505568510213577;0,542423295383888;0,645128743653648;0,999999654320567;0,839312184375599;0,686365732674007;0,484882772849465;0,338111817657018;-2,10248812611053;-2,39107314816938;-2,57999843988065;-3,04445220952412;-3,98728360456804;-3,99415245406221;-3,32287235000668;-2,69628304501951;-2,14040516008494;-1,19633754221421;-1,84960330131371;-2,2603080512661;-2,90414846937821;-4,92141460905742;-4,97090981906528;-4,04731849779858;-3,37322715574267;-2,69455527776592;0,0576794539318144;0,0155854222123021;0,0401387249306073;0,0163999959496525;0,0336234616251015;0,00774680590242334;0,0133265931673394;0,00615715054981555;-3;-3;1;1;0,1456379275052851;-3;-1,79902010112357;1;1;1;-11189,6454381962;NA;All
950;1,96257758434098;2,87415933563341;2,32355139752399;2,69474155345606;2,68531789180513;2,29053059399079;2,31860704918659;2,23305006681852;2,48313477831144;1,94897073517181;1,95515506819309;1,62777457260964;1,43790880829806;1,22085994718278;1,60616273421994;1,66185795539309;1,82280167419465;1,53502591153856;2,03174490343709;1,60807750502692;-19,2417130414084;-3,68783563053953;-6,61765924180583;-6,99606346443236;-5,86317244115215;-5,51495529071816;-11,6492872076154;-12,4078840221423;-6,07386567824379;-16,4452001607834;-11,1264558411833;-18,4119066924961;-25,3497131618707;-25,1186183431689;-16,1529241662379;-16,6683966462068;-26,6303402812389;-26,376949772366;-13,7046393897514;-19,1950106200335;2,68199219822906;1,52838389719892;1,55555567096163;0,906735395569924;0,505569093294629;0,505568510213577;0,542423295383888;0,645128743653648;0,999999654320567;0,839312184375599;0,686365732674007;0,484882772849465;0,338111817657018;-2,10248812611053;-2,39107314816938;-2,57999843988065;-3,04445220952412;-3,98728360456804;-3,99415245406221;-3,32287235000668;-2,69628304501951;-2,14040516008494;-1,19633754221421;-1,84960330131371;-2,2603080512661;-2,90414846937821;-4,92141460905742;-4,97090981906528;-4,04731849779858;-3,37322715574267;-2,69455527776592;0,0576794539318144;0,0155854222123021;0,0401387249306073;0,0163999959496525;0,0336234616251015;0,00774680590242334;0,0133265931673394;0,00615715054981555;-3;-3;1;1;0,0916071952601738;-3;-2,57112334476214;1;1;1;-11190,1938385685;NA;All
960;1,96257758434098;2,87415933563341;2,32355139752399;2,69474155345606;2,68531789180513;2,29053059399079;2,31860704918659;2,23305006681852;2,48313477831144;1,94897073517181;1,95515506819309;1,62777457260964;1,43790880829806;1,22085994718278;1,60616273421994;1,66185795539309;1,82280167419465;1,53502591153856;2,03174490343709;1,60807750502692;-19,2417130414084;-3,68783563053953;-6,61765924180583;-6,99606346443236;-5,86317244115215;-5,51495529071816;-11,6492872076154;-12,4078840221423;-6,07386567824379;-16,4452001607834;-11,1264558411833;-18,4119066924961;-25,3497131618707;-25,1186183431689;-16,1529241662379;-16,6683966462068;-26,6303402812389;-26,376949772366;-13,7046393897514;-19,1950106200335;2,68199219822906;1,52838389719892;1,55555567096163;0,906735395569924;0,505569093294629;0,505568510213577;0,542423295383888;0,645128743653648;0,999999654320567;0,839312184375599;0,686365732674007;0,484882772849465;0,338111817657018;-2,10248812611053;-2,39107314816938;-2,57999843988065;-3,04445220952412;-3,98728360456804;-3,99415245406221;-3,32287235000668;-2,69628304501951;-2,14040516008494;-1,19633754221421;-1,84960330131371;-2,2603080512661;-2,90414846937821;-4,92141460905742;-4,97090981906528;-4,04731849779858;-3,37322715574267;-2,69455527776592;0,0576794539318144;0,0155854222123021;0,0401387249306073;0,0163999959496525;0,0336234616251015;0,00774680590242334;0,0133265931673394;0,00615715054981555;-3;-3;1;1;0,1879413878734041;-3;-3,04236121751029;1;1;1;-11188,7191633094;NA;All
970;1,96257758434098;2,87415933563341;2,32355139752399;2,69474155345606;2,68531789180513;2,29053059399079;2,31860704918659;2,23305006681852;2,48313477831144;1,94897073517181;1,95515506819309;1,62777457260964;1,43790880829806;1,22085994718278;1,60616273421994;1,66185795539309;1,82280167419465;1,53502591153856;2,03174490343709;1,60807750502692;-19,2417130414084;-3,68783563053953;-6,61765924180583;-6,99606346443236;-5,86317244115215;-5,51495529071816;-11,6492872076154;-12,4078840221423;-6,07386567824379;-16,4452001607834;-11,1264558411833;-18,4119066924961;-25,3497131618707;-25,1186183431689;-16,1529241662379;-16,6683966462068;-26,6303402812389;-26,376949772366;-13,7046393897514;-19,1950106200335;2,68199219822906;1,52838389719892;1,55555567096163;0,906735395569924;0,505569093294629;0,505568510213577;0,542423295383888;0,645128743653648;0,999999654320567;0,839312184375599;0,686365732674007;0,484882772849465;0,338111817657018;-2,10248812611053;-2,39107314816938;-2,57999843988065;-3,04445220952412;-3,98728360456804;-3,99415245406221;-3,32287235000668;-2,69628304501951;-2,14040516008494;-1,19633754221421;-1,84960330131371;-2,2603080512661;-2,90414846937821;-4,92141460905742;-4,97090981906528;-4,04731849779858;-3,37322715574267;-2,69455527776592;0,0576794539318144;0,0155854222123021;0,0401387249306073;0,0163999959496525;0,0336234616251015;0,00774680590242334;0,0133265931673394;0,00615715054981555;-3;-3;1;1;0,1739306613695726;-3;-3,09792460937185;1;1;1;-11188,7461676169;NA;All
980;1,96257758434098;2,87415933563341;2,32355139752399;2,69474155345606;2,68531789180513;2,29053059399079;2,31860704918659;2,23305006681852;2,48313477831144;1,94897073517181;1,95515506819309;1,62777457260964;1,43790880829806;1,22085994718278;1,60616273421994;1,66185795539309;1,82280167419465;1,53502591153856;2,03174490343709;1,60807750502692;-19,2417130414084;-3,68783563053953;-6,61765924180583;-6,99606346443236;-5,86317244115215;-5,51495529071816;-11,6492872076154;-12,4078840221423;-6,07386567824379;-16,4452001607834;-11,1264558411833;-18,4119066924961;-25,3497131618707;-25,1186183431689;-16,1529241662379;-16,6683966462068;-26,6303402812389;-26,376949772366;-13,7046393897514;-19,1950106200335;2,68199219822906;1,52838389719892;1,55555567096163;0,906735395569924;0,505569093294629;0,505568510213577;0,542423295383888;0,645128743653648;0,999999654320567;0,839312184375599;0,686365732674007;0,484882772849465;0,338111817657018;-2,10248812611053;-2,39107314816938;-2,57999843988065;-3,04445220952412;-3,98728360456804;-3,99415245406221;-3,32287235000668;-2,69628304501951;-2,14040516008494;-1,19633754221421;-1,84960330131371;-2,2603080512661;-2,90414846937821;-4,92141460905742;-4,97090981906528;-4,04731849779858;-3,37322715574267;-2,69455527776592;0,0576794539318144;0,0155854222123021;0,0401387249306073;0,0163999959496525;0,0336234616251015;0,00774680590242334;0,0133265931673394;0,00615715054981555;-3;-3;1;1;0,1460075365405402;-3;-2,29756871273150;1;1;1;-11189,1366314902;NA;All
990;1,96257758434098;2,87415933563341;2,32355139752399;2,69474155345606;2,68531789180513;2,29053059399079;2,31860704918659;2,23305006681852;2,48313477831144;1,94897073517181;1,95515506819309;1,62777457260964;1,43790880829806;1,22085994718278;1,60616273421994;1,66185795539309;1,82280167419465;1,53502591153856;2,03174490343709;1,60807750502692;-19,2417130414084;-3,68783563053953;-6,61765924180583;-6,99606346443236;-5,86317244115215;-5,51495529071816;-11,6492872076154;-12,4078840221423;-6,07386567824379;-16,4452001607834;-11,1264558411833;-18,4119066924961;-25,3497131618707;-25,1186183431689;-16,1529241662379;-16,6683966462068;-26,6303402812389;-26,376949772366;-13,7046393897514;-19,1950106200335;2,68199219822906;1,52838389719892;1,55555567096163;0,906735395569924;0,505569093294629;0,505568510213577;0,542423295383888;0,645128743653648;0,999999654320567;0,839312184375599;0,686365732674007;0,484882772849465;0,338111817657018;-2,10248812611053;-2,39107314816938;-2,57999843988065;-3,04445220952412;-3,98728360456804;-3,99415245406221;-3,32287235000668;-2,69628304501951;-2,14040516008494;-1,19633754221421;-1,84960330131371;-2,2603080512661;-2,90414846937821;-4,92141460905742;-4,97090981906528;-4,04731849779858;-3,37322715574267;-2,69455527776592;0,0576794539318144;0,0155854222123021;0,0401387249306073;0,0163999959496525;0,0336234616251015;0,00774680590242334;0,0133265931673394;0,00615715054981555;-3;-3;1;1;0,1684506672411110;-3;-3,81540624700128;1;1;1;-11188,7445652386;NA;All
1000;1,96257758434098;2,87415933563341;2,32355139752399;2,69474155345606;2,68531789180513;2,29053059399079;2,31860704918659;2,23305006681852;2,48313477831144;1,94897073517181;1,95515506819309;1,62777457260964;1,43790880829806;1,22085994718278;1,60616273421994;1,66185795539309;1,82280167419465;1,53502591153856;2,03174490343709;1,60807750502692;-19,2417130414084;-3,68783563053953;-6,61765924180583;-6,99606346443236;-5,86317244115215;-5,51495529071816;-11,6492872076154;-12,4078840221423;-6,07386567824379;-16,4452001607834;-11,1264558411833;-18,4119066924961;-25,3497131618707;-25,1186183431689;-16,1529241662379;-16,6683966462068;-26,6303402812389;-26,376949772366;-13,7046393897514;-19,1950106200335;2,68199219822906;1,52838389719892;1,55555567096163;0,906735395569924;0,505569093294629;0,505568510213577;0,542423295383888;0,645128743653648;0,999999654320567;0,839312184375599;0,686365732674007;0,484882772849465;0,338111817657018;-2,10248812611053;-2,39107314816938;-2,57999843988065;-3,04445220952412;-3,98728360456804;-3,99415245406221;-3,32287235000668;-2,69628304501951;-2,14040516008494;-1,19633754221421;-1,84960330131371;-2,2603080512661;-2,90414846937821;-4,92141460905742;-4,97090981906528;-4,04731849779858;-3,37322715574267;-2,69455527776592;0,0576794539318144;0,0155854222123021;0,0401387249306073;0,0163999959496525;0,0336234616251015;0,00774680590242334;0,0133265931673394;0,00615715054981555;-3;-3;1;1;0,1684506672411110;-3;-3,81540624700128;1;1;1;-11188,7445652386;NA;All
1010;1,96257758434098;2,87415933563341;2,32355139752399;2,69474155345606;2,68531789180513;2,29053059399079;2,31860704918659;2,23305006681852;2,48313477831144;1,94897073517181;1,95515506819309;1,62777457260964;1,43790880829806;1,22085994718278;1,60616273421994;1,66185795539309;1,82280167419465;1,53502591153856;2,03174490343709;1,60807750502692;-19,2417130414084;-3,68783563053953;-6,61765924180583;-6,99606346443236;-5,86317244115215;-5,51495529071816;-11,6492872076154;-12,4078840221423;-6,07386567824379;-16,4452001607834;-11,1264558411833;-18,4119066924961;-25,3497131618707;-25,1186183431689;-16,1529241662379;-16,6683966462068;-26,6303402812389;-26,376949772366;-13,7046393897514;-19,1950106200335;2,68199219822906;1,52838389719892;1,55555567096163;0,906735395569924;0,505569093294629;0,505568510213577;0,542423295383888;0,645128743653648;0,999999654320567;0,839312184375599;0,686365732674007;0,484882772849465;0,338111817657018;-2,10248812611053;-2,39107314816938;-2,57999843988065;-3,04445220952412;-3,98728360456804;-3,99415245406221;-3,32287235000668;-2,69628304501951;-2,14040516008494;-1,19633754221421;-1,84960330131371;-2,2603080512661;-2,90414846937821;-4,92141460905742;-4,97090981906528;-4,04731849779858;-3,37322715574267;-2,69455527776592;0,0576794539318144;0,0155854222123021;0,0401387249306073;0,0163999959496525;0,0336234616251015;0,00774680590242334;0,0133265931673394;0,00615715054981555;-3;-3;1;1;0,2400368983288762;-3;-3,60945196951524;1;1;1;-11188,9338665648;NA;All
1020;1,96257758434098;2,87415933563341;2,32355139752399;2,69474155345606;2,68531789180513;2,29053059399079;2,31860704918659;2,23305006681852;2,48313477831144;1,94897073517181;1,95515506819309;1,62777457260964;1,43790880829806;1,22085994718278;1,60616273421994;1,66185795539309;1,82280167419465;1,53502591153856;2,03174490343709;1,60807750502692;-19,2417130414084;-3,68783563053953;-6,61765924180583;-6,99606346443236;-5,86317244115215;-5,51495529071816;-11,6492872076154;-12,4078840221423;-6,07386567824379;-16,4452001607834;-11,1264558411833;-18,4119066924961;-25,3497131618707;-25,1186183431689;-16,1529241662379;-16,6683966462068;-26,6303402812389;-26,376949772366;-13,7046393897514;-19,1950106200335;2,68199219822906;1,52838389719892;1,55555567096163;0,906735395569924;0,505569093294629;0,505568510213577;0,542423295383888;0,645128743653648;0,999999654320567;0,839312184375599;0,686365732674007;0,484882772849465;0,338111817657018;-2,10248812611053;-2,39107314816938;-2,57999843988065;-3,04445220952412;-3,98728360456804;-3,99415245406221;-3,32287235000668;-2,69628304501951;-2,14040516008494;-1,19633754221421;-1,84960330131371;-2,2603080512661;-2,90414846937821;-4,92141460905742;-4,97090981906528;-4,04731849779858;-3,37322715574267;-2,69455527776592;0,0576794539318144;0,0155854222123021;0,0401387249306073;0,0163999959496525;0,0336234616251015;0,00774680590242334;0,0133265931673394;0,00615715054981555;-3;-3;1;1;0,2779375736531192;-3;-3,63009988105920;1;1;1;-11189,3970400707;NA;All
1030;1,96257758434098;2,87415933563341;2,32355139752399;2,69474155345606;2,68531789180513;2,29053059399079;2,31860704918659;2,23305006681852;2,48313477831144;1,94897073517181;1,95515506819309;1,62777457260964;1,43790880829806;1,22085994718278;1,60616273421994;1,66185795539309;1,82280167419465;1,53502591153856;2,03174490343709;1,60807750502692;-19,2417130414084;-3,68783563053953;-6,61765924180583;-6,99606346443236;-5,86317244115215;-5,51495529071816;-11,6492872076154;-12,4078840221423;-6,07386567824379;-16,4452001607834;-11,1264558411833;-18,4119066924961;-25,3497131618707;-25,1186183431689;-16,1529241662379;-16,6683966462068;-26,6303402812389;-26,376949772366;-13,7046393897514;-19,1950106200335;2,68199219822906;1,52838389719892;1,55555567096163;0,906735395569924;0,505569093294629;0,505568510213577;0,542423295383888;0,645128743653648;0,999999654320567;0,839312184375599;0,686365732674007;0,484882772849465;0,338111817657018;-2,10248812611053;-2,39107314816938;-2,57999843988065;-3,04445220952412;-3,98728360456804;-3,99415245406221;-3,32287235000668;-2,69628304501951;-2,14040516008494;-1,19633754221421;-1,84960330131371;-2,2603080512661;-2,90414846937821;-4,92141460905742;-4,97090981906528;-4,04731849779858;-3,37322715574267;-2,69455527776592;0,0576794539318144;0,0155854222123021;0,0401387249306073;0,0163999959496525;0,0336234616251015;0,00774680590242334;0,0133265931673394;0,00615715054981555;-3;-3;1;1;0,1909497028657628;-3;-3,65837649200990;1;1;1;-11188,6905866754;NA;All
1040;1,96257758434098;2,87415933563341;2,32355139752399;2,69474155345606;2,68531789180513;2,29053059399079;2,31860704918659;2,23305006681852;2,48313477831144;1,94897073517181;1,95515506819309;1,62777457260964;1,43790880829806;1,22085994718278;1,60616273421994;1,66185795539309;1,82280167419465;1,53502591153856;2,03174490343709;1,60807750502692;-19,2417130414084;-3,68783563053953;-6,61765924180583;-6,99606346443236;-5,86317244115215;-5,51495529071816;-11,6492872076154;-12,4078840221423;-6,07386567824379;-16,4452001607834;-11,1264558411833;-18,4119066924961;-25,3497131618707;-25,1186183431689;-16,1529241662379;-16,6683966462068;-26,6303402812389;-26,376949772366;-13,7046393897514;-19,1950106200335;2,68199219822906;1,52838389719892;1,55555567096163;0,906735395569924;0,505569093294629;0,505568510213577;0,542423295383888;0,645128743653648;0,999999654320567;0,839312184375599;0,686365732674007;0,484882772849465;0,338111817657018;-2,10248812611053;-2,39107314816938;-2,57999843988065;-3,04445220952412;-3,98728360456804;-3,99415245406221;-3,32287235000668;-2,69628304501951;-2,14040516008494;-1,19633754221421;-1,84960330131371;-2,2603080512661;-2,90414846937821;-4,92141460905742;-4,97090981906528;-4,04731849779858;-3,37322715574267;-2,69455527776592;0,0576794539318144;0,0155854222123021;0,0401387249306073;0,0163999959496525;0,0336234616251015;0,00774680590242334;0,0133265931673394;0,00615715054981555;-3;-3;1;1;0,2994979364676413;-3;-3,44696753933201;1;1;1;-11189,7512389781;NA;All
1050;1,96257758434098;2,87415933563341;2,32355139752399;2,69474155345606;2,68531789180513;2,29053059399079;2,31860704918659;2,23305006681852;2,48313477831144;1,94897073517181;1,95515506819309;1,62777457260964;1,43790880829806;1,22085994718278;1,60616273421994;1,66185795539309;1,82280167419465;1,53502591153856;2,03174490343709;1,60807750502692;-19,2417130414084;-3,68783563053953;-6,61765924180583;-6,99606346443236;-5,86317244115215;-5,51495529071816;-11,6492872076154;-12,4078840221423;-6,07386567824379;-16,4452001607834;-11,1264558411833;-18,4119066924961;-25,3497131618707;-25,1186183431689;-16,1529241662379;-16,6683966462068;-26,6303402812389;-26,376949772366;-13,7046393897514;-19,1950106200335;2,68199219822906;1,52838389719892;1,55555567096163;0,906735395569924;0,505569093294629;0,505568510213577;0,542423295383888;0,645128743653648;0,999999654320567;0,839312184375599;0,686365732674007;0,484882772849465;0,338111817657018;-2,10248812611053;-2,39107314816938;-2,57999843988065;-3,04445220952412;-3,98728360456804;-3,99415245406221;-3,32287235000668;-2,69628304501951;-2,14040516008494;-1,19633754221421;-1,84960330131371;-2,2603080512661;-2,90414846937821;-4,92141460905742;-4,97090981906528;-4,04731849779858;-3,37322715574267;-2,69455527776592;0,0576794539318144;0,0155854222123021;0,0401387249306073;0,0163999959496525;0,0336234616251015;0,00774680590242334;0,0133265931673394;0,00615715054981555;-3;-3;1;1;0,1882688055166450;-3;-3,53314491231095;1;1;1;-11188,6944752983;NA;All
1060;1,96257758434098;2,87415933563341;2,32355139752399;2,69474155345606;2,68531789180513;2,29053059399079;2,31860704918659;2,23305006681852;2,48313477831144;1,94897073517181;1,95515506819309;1,62777457260964;1,43790880829806;1,22085994718278;1,60616273421994;1,66185795539309;1,82280167419465;1,53502591153856;2,03174490343709;1,60807750502692;-19,2417130414084;-3,68783563053953;-6,61765924180583;-6,99606346443236;-5,86317244115215;-5,51495529071816;-11,6492872076154;-12,4078840221423;-6,07386567824379;-16,4452001607834;-11,1264558411833;-18,4119066924961;-25,3497131618707;-25,1186183431689;-16,1529241662379;-16,6683966462068;-26,6303402812389;-26,376949772366;-13,7046393897514;-19,1950106200335;2,68199219822906;1,52838389719892;1,55555567096163;0,906735395569924;0,505569093294629;0,505568510213577;0,542423295383888;0,645128743653648;0,999999654320567;0,839312184375599;0,686365732674007;0,484882772849465;0,338111817657018;-2,10248812611053;-2,39107314816938;-2,57999843988065;-3,04445220952412;-3,98728360456804;-3,99415245406221;-3,32287235000668;-2,69628304501951;-2,14040516008494;-1,19633754221421;-1,84960330131371;-2,2603080512661;-2,90414846937821;-4,92141460905742;-4,97090981906528;-4,04731849779858;-3,37322715574267;-2,69455527776592;0,0576794539318144;0,0155854222123021;0,0401387249306073;0,0163999959496525;0,0336234616251015;0,00774680590242334;0,0133265931673394;0,00615715054981555;-3;-3;1;1;0,2061629014465589;-3;-3,52097899695071;1;1;1;-11188,7191541063;NA;All
1070;1,96257758434098;2,87415933563341;2,32355139752399;2,69474155345606;2,68531789180513;2,29053059399079;2,31860704918659;2,23305006681852;2,48313477831144;1,94897073517181;1,95515506819309;1,62777457260964;1,43790880829806;1,22085994718278;1,60616273421994;1,66185795539309;1,82280167419465;1,53502591153856;2,03174490343709;1,60807750502692;-19,2417130414084;-3,68783563053953;-6,61765924180583;-6,99606346443236;-5,86317244115215;-5,51495529071816;-11,6492872076154;-12,4078840221423;-6,07386567824379;-16,4452001607834;-11,1264558411833;-18,4119066924961;-25,3497131618707;-25,1186183431689;-16,1529241662379;-16,6683966462068;-26,6303402812389;-26,376949772366;-13,7046393897514;-19,1950106200335;2,68199219822906;1,52838389719892;1,55555567096163;0,906735395569924;0,505569093294629;0,505568510213577;0,542423295383888;0,645128743653648;0,999999654320567;0,839312184375599;0,686365732674007;0,484882772849465;0,338111817657018;-2,10248812611053;-2,39107314816938;-2,57999843988065;-3,04445220952412;-3,98728360456804;-3,99415245406221;-3,32287235000668;-2,69628304501951;-2,14040516008494;-1,19633754221421;-1,84960330131371;-2,2603080512661;-2,90414846937821;-4,92141460905742;-4,97090981906528;-4,04731849779858;-3,37322715574267;-2,69455527776592;0,0576794539318144;0,0155854222123021;0,0401387249306073;0,0163999959496525;0,0336234616251015;0,00774680590242334;0,0133265931673394;0,00615715054981555;-3;-3;1;1;0,1428279815757886;-3;-3,67086926475296;1;1;1;-11188,9709753952;NA;All
1080;1,96257758434098;2,87415933563341;2,32355139752399;2,69474155345606;2,68531789180513;2,29053059399079;2,31860704918659;2,23305006681852;2,48313477831144;1,94897073517181;1,95515506819309;1,62777457260964;1,43790880829806;1,22085994718278;1,60616273421994;1,66185795539309;1,82280167419465;1,53502591153856;2,03174490343709;1,60807750502692;-19,2417130414084;-3,68783563053953;-6,61765924180583;-6,99606346443236;-5,86317244115215;-5,51495529071816;-11,6492872076154;-12,4078840221423;-6,07386567824379;-16,4452001607834;-11,1264558411833;-18,4119066924961;-25,3497131618707;-25,1186183431689;-16,1529241662379;-16,6683966462068;-26,6303402812389;-26,376949772366;-13,7046393897514;-19,1950106200335;2,68199219822906;1,52838389719892;1,55555567096163;0,906735395569924;0,505569093294629;0,505568510213577;0,542423295383888;0,645128743653648;0,999999654320567;0,839312184375599;0,686365732674007;0,484882772849465;0,338111817657018;-2,10248812611053;-2,39107314816938;-2,57999843988065;-3,04445220952412;-3,98728360456804;-3,99415245406221;-3,32287235000668;-2,69628304501951;-2,14040516008494;-1,19633754221421;-1,84960330131371;-2,2603080512661;-2,90414846937821;-4,92141460905742;-4,97090981906528;-4,04731849779858;-3,37322715574267;-2,69455527776592;0,0576794539318144;0,0155854222123021;0,0401387249306073;0,0163999959496525;0,0336234616251015;0,00774680590242334;0,0133265931673394;0,00615715054981555;-3;-3;1;1;0,2241142660774823;-3;-3,57339153800657;1;1;1;-11188,8073465571;NA;All
1090;1,96257758434098;2,87415933563341;2,32355139752399;2,69474155345606;2,68531789180513;2,29053059399079;2,31860704918659;2,23305006681852;2,48313477831144;1,94897073517181;1,95515506819309;1,62777457260964;1,43790880829806;1,22085994718278;1,60616273421994;1,66185795539309;1,82280167419465;1,53502591153856;2,03174490343709;1,60807750502692;-19,2417130414084;-3,68783563053953;-6,61765924180583;-6,99606346443236;-5,86317244115215;-5,51495529071816;-11,6492872076154;-12,4078840221423;-6,07386567824379;-16,4452001607834;-11,1264558411833;-18,4119066924961;-25,3497131618707;-25,1186183431689;-16,1529241662379;-16,6683966462068;-26,6303402812389;-26,376949772366;-13,7046393897514;-19,1950106200335;2,68199219822906;1,52838389719892;1,55555567096163;0,906735395569924;0,505569093294629;0,505568510213577;0,542423295383888;0,645128743653648;0,999999654320567;0,839312184375599;0,686365732674007;0,484882772849465;0,338111817657018;-2,10248812611053;-2,39107314816938;-2,57999843988065;-3,04445220952412;-3,98728360456804;-3,99415245406221;-3,32287235000668;-2,69628304501951;-2,14040516008494;-1,19633754221421;-1,84960330131371;-2,2603080512661;-2,90414846937821;-4,92141460905742;-4,97090981906528;-4,04731849779858;-3,37322715574267;-2,69455527776592;0,0576794539318144;0,0155854222123021;0,0401387249306073;0,0163999959496525;0,0336234616251015;0,00774680590242334;0,0133265931673394;0,00615715054981555;-3;-3;1;1;0,1372658873965862;-3;-3,91322119867795;1;1;1;-11189,0419868729;NA;All
1100;1,96257758434098;2,87415933563341;2,32355139752399;2,69474155345606;2,68531789180513;2,29053059399079;2,31860704918659;2,23305006681852;2,48313477831144;1,94897073517181;1,95515506819309;1,62777457260964;1,43790880829806;1,22085994718278;1,60616273421994;1,66185795539309;1,82280167419465;1,53502591153856;2,03174490343709;1,60807750502692;-19,2417130414084;-3,68783563053953;-6,61765924180583;-6,99606346443236;-5,86317244115215;-5,51495529071816;-11,6492872076154;-12,4078840221423;-6,07386567824379;-16,4452001607834;-11,1264558411833;-18,4119066924961;-25,3497131618707;-25,1186183431689;-16,1529241662379;-16,6683966462068;-26,6303402812389;-26,376949772366;-13,7046393897514;-19,1950106200335;2,68199219822906;1,52838389719892;1,55555567096163;0,906735395569924;0,505569093294629;0,505568510213577;0,542423295383888;0,645128743653648;0,999999654320567;0,839312184375599;0,686365732674007;0,484882772849465;0,338111817657018;-2,10248812611053;-2,39107314816938;-2,57999843988065;-3,04445220952412;-3,98728360456804;-3,99415245406221;-3,32287235000668;-2,69628304501951;-2,14040516008494;-1,19633754221421;-1,84960330131371;-2,2603080512661;-2,90414846937821;-4,92141460905742;-4,97090981906528;-4,04731849779858;-3,37322715574267;-2,69455527776592;0,0576794539318144;0,0155854222123021;0,0401387249306073;0,0163999959496525;0,0336234616251015;0,00774680590242334;0,0133265931673394;0,00615715054981555;-3;-3;1;1;0,3228181453281823;-3;-3,70964438950515;1;1;1;-11190,1871110999;NA;All
1110;1,96257758434098;2,87415933563341;2,32355139752399;2,69474155345606;2,68531789180513;2,29053059399079;2,31860704918659;2,23305006681852;2,48313477831144;1,94897073517181;1,95515506819309;1,62777457260964;1,43790880829806;1,22085994718278;1,60616273421994;1,66185795539309;1,82280167419465;1,53502591153856;2,03174490343709;1,60807750502692;-19,2417130414084;-3,68783563053953;-6,61765924180583;-6,99606346443236;-5,86317244115215;-5,51495529071816;-11,6492872076154;-12,4078840221423;-6,07386567824379;-16,4452001607834;-11,1264558411833;-18,4119066924961;-25,3497131618707;-25,1186183431689;-16,1529241662379;-16,6683966462068;-26,6303402812389;-26,376949772366;-13,7046393897514;-19,1950106200335;2,68199219822906;1,52838389719892;1,55555567096163;0,906735395569924;0,505569093294629;0,505568510213577;0,542423295383888;0,645128743653648;0,999999654320567;0,839312184375599;0,686365732674007;0,484882772849465;0,338111817657018;-2,10248812611053;-2,39107314816938;-2,57999843988065;-3,04445220952412;-3,98728360456804;-3,99415245406221;-3,32287235000668;-2,69628304501951;-2,14040516008494;-1,19633754221421;-1,84960330131371;-2,2603080512661;-2,90414846937821;-4,92141460905742;-4,97090981906528;-4,04731849779858;-3,37322715574267;-2,69455527776592;0,0576794539318144;0,0155854222123021;0,0401387249306073;0,0163999959496525;0,0336234616251015;0,00774680590242334;0,0133265931673394;0,00615715054981555;-3;-3;1;1;0,3054205786176086;-3;-3,14991649810244;1;1;1;-11189,8714479859;NA;All
1120;1,96257758434098;2,87415933563341;2,32355139752399;2,69474155345606;2,68531789180513;2,29053059399079;2,31860704918659;2,23305006681852;2,48313477831144;1,94897073517181;1,95515506819309;1,62777457260964;1,43790880829806;1,22085994718278;1,60616273421994;1,66185795539309;1,82280167419465;1,53502591153856;2,03174490343709;1,60807750502692;-19,2417130414084;-3,68783563053953;-6,61765924180583;-6,99606346443236;-5,86317244115215;-5,51495529071816;-11,6492872076154;-12,4078840221423;-6,07386567824379;-16,4452001607834;-11,1264558411833;-18,4119066924961;-25,3497131618707;-25,1186183431689;-16,1529241662379;-16,6683966462068;-26,6303402812389;-26,376949772366;-13,7046393897514;-19,1950106200335;2,68199219822906;1,52838389719892;1,55555567096163;0,906735395569924;0,505569093294629;0,505568510213577;0,542423295383888;0,645128743653648;0,999999654320567;0,839312184375599;0,686365732674007;0,484882772849465;0,338111817657018;-2,10248812611053;-2,39107314816938;-2,57999843988065;-3,04445220952412;-3,98728360456804;-3,99415245406221;-3,32287235000668;-2,69628304501951;-2,14040516008494;-1,19633754221421;-1,84960330131371;-2,2603080512661;-2,90414846937821;-4,92141460905742;-4,97090981906528;-4,04731849779858;-3,37322715574267;-2,69455527776592;0,0576794539318144;0,0155854222123021;0,0401387249306073;0,0163999959496525;0,0336234616251015;0,00774680590242334;0,0133265931673394;0,00615715054981555;-3;-3;1;1;0,2410533314470025;-3;-2,43100970665336;1;1;1;-11189,0841069119;NA;All
1130;1,96257758434098;2,87415933563341;2,32355139752399;2,69474155345606;2,68531789180513;2,29053059399079;2,31860704918659;2,23305006681852;2,48313477831144;1,94897073517181;1,95515506819309;1,62777457260964;1,43790880829806;1,22085994718278;1,60616273421994;1,66185795539309;1,82280167419465;1,53502591153856;2,03174490343709;1,60807750502692;-19,2417130414084;-3,68783563053953;-6,61765924180583;-6,99606346443236;-5,86317244115215;-5,51495529071816;-11,6492872076154;-12,4078840221423;-6,07386567824379;-16,4452001607834;-11,1264558411833;-18,4119066924961;-25,3497131618707;-25,1186183431689;-16,1529241662379;-16,6683966462068;-26,6303402812389;-26,376949772366;-13,7046393897514;-19,1950106200335;2,68199219822906;1,52838389719892;1,55555567096163;0,906735395569924;0,505569093294629;0,505568510213577;0,542423295383888;0,645128743653648;0,999999654320567;0,839312184375599;0,686365732674007;0,484882772849465;0,338111817657018;-2,10248812611053;-2,39107314816938;-2,57999843988065;-3,04445220952412;-3,98728360456804;-3,99415245406221;-3,32287235000668;-2,69628304501951;-2,14040516008494;-1,19633754221421;-1,84960330131371;-2,2603080512661;-2,90414846937821;-4,92141460905742;-4,97090981906528;-4,04731849779858;-3,37322715574267;-2,69455527776592;0,0576794539318144;0,0155854222123021;0,0401387249306073;0,0163999959496525;0,0336234616251015;0,00774680590242334;0,0133265931673394;0,00615715054981555;-3;-3;1;1;0,2809603728543883;-3;-2,16005576542723;1;1;1;-11189,7148663330;NA;All
1140;1,96257758434098;2,87415933563341;2,32355139752399;2,69474155345606;2,68531789180513;2,29053059399079;2,31860704918659;2,23305006681852;2,48313477831144;1,94897073517181;1,95515506819309;1,62777457260964;1,43790880829806;1,22085994718278;1,60616273421994;1,66185795539309;1,82280167419465;1,53502591153856;2,03174490343709;1,60807750502692;-19,2417130414084;-3,68783563053953;-6,61765924180583;-6,99606346443236;-5,86317244115215;-5,51495529071816;-11,6492872076154;-12,4078840221423;-6,07386567824379;-16,4452001607834;-11,1264558411833;-18,4119066924961;-25,3497131618707;-25,1186183431689;-16,1529241662379;-16,6683966462068;-26,6303402812389;-26,376949772366;-13,7046393897514;-19,1950106200335;2,68199219822906;1,52838389719892;1,55555567096163;0,906735395569924;0,505569093294629;0,505568510213577;0,542423295383888;0,645128743653648;0,999999654320567;0,839312184375599;0,686365732674007;0,484882772849465;0,338111817657018;-2,10248812611053;-2,39107314816938;-2,57999843988065;-3,04445220952412;-3,98728360456804;-3,99415245406221;-3,32287235000668;-2,69628304501951;-2,14040516008494;-1,19633754221421;-1,84960330131371;-2,2603080512661;-2,90414846937821;-4,92141460905742;-4,97090981906528;-4,04731849779858;-3,37322715574267;-2,69455527776592;0,0576794539318144;0,0155854222123021;0,0401387249306073;0,0163999959496525;0,0336234616251015;0,00774680590242334;0,0133265931673394;0,00615715054981555;-3;-3;1;1;0,2289016034056505;-3;-2,47003620806218;1;1;1;-11188,9672306403;NA;All
1150;1,96257758434098;2,87415933563341;2,32355139752399;2,69474155345606;2,68531789180513;2,29053059399079;2,31860704918659;2,23305006681852;2,48313477831144;1,94897073517181;1,95515506819309;1,62777457260964;1,43790880829806;1,22085994718278;1,60616273421994;1,66185795539309;1,82280167419465;1,53502591153856;2,03174490343709;1,60807750502692;-19,2417130414084;-3,68783563053953;-6,61765924180583;-6,99606346443236;-5,86317244115215;-5,51495529071816;-11,6492872076154;-12,4078840221423;-6,07386567824379;-16,4452001607834;-11,1264558411833;-18,4119066924961;-25,3497131618707;-25,1186183431689;-16,1529241662379;-16,6683966462068;-26,6303402812389;-26,376949772366;-13,7046393897514;-19,1950106200335;2,68199219822906;1,52838389719892;1,55555567096163;0,906735395569924;0,505569093294629;0,505568510213577;0,542423295383888;0,645128743653648;0,999999654320567;0,839312184375599;0,686365732674007;0,484882772849465;0,338111817657018;-2,10248812611053;-2,39107314816938;-2,57999843988065;-3,04445220952412;-3,98728360456804;-3,99415245406221;-3,32287235000668;-2,69628304501951;-2,14040516008494;-1,19633754221421;-1,84960330131371;-2,2603080512661;-2,90414846937821;-4,92141460905742;-4,97090981906528;-4,04731849779858;-3,37322715574267;-2,69455527776592;0,0576794539318144;0,0155854222123021;0,0401387249306073;0,0163999959496525;0,0336234616251015;0,00774680590242334;0,0133265931673394;0,00615715054981555;-3;-3;1;1;0,1060843096553604;-3;-2,92223811700654;1;1;1;-11189,7060355597;NA;All
1160;1,96257758434098;2,87415933563341;2,32355139752399;2,69474155345606;2,68531789180513;2,29053059399079;2,31860704918659;2,23305006681852;2,48313477831144;1,94897073517181;1,95515506819309;1,62777457260964;1,43790880829806;1,22085994718278;1,60616273421994;1,66185795539309;1,82280167419465;1,53502591153856;2,03174490343709;1,60807750502692;-19,2417130414084;-3,68783563053953;-6,61765924180583;-6,99606346443236;-5,86317244115215;-5,51495529071816;-11,6492872076154;-12,4078840221423;-6,07386567824379;-16,4452001607834;-11,1264558411833;-18,4119066924961;-25,3497131618707;-25,1186183431689;-16,1529241662379;-16,6683966462068;-26,6303402812389;-26,376949772366;-13,7046393897514;-19,1950106200335;2,68199219822906;1,52838389719892;1,55555567096163;0,906735395569924;0,505569093294629;0,505568510213577;0,542423295383888;0,645128743653648;0,999999654320567;0,839312184375599;0,686365732674007;0,484882772849465;0,338111817657018;-2,10248812611053;-2,39107314816938;-2,57999843988065;-3,04445220952412;-3,98728360456804;-3,99415245406221;-3,32287235000668;-2,69628304501951;-2,14040516008494;-1,19633754221421;-1,84960330131371;-2,2603080512661;-2,90414846937821;-4,92141460905742;-4,97090981906528;-4,04731849779858;-3,37322715574267;-2,69455527776592;0,0576794539318144;0,0155854222123021;0,0401387249306073;0,0163999959496525;0,0336234616251015;0,00774680590242334;0,0133265931673394;0,00615715054981555;-3;-3;1;1;0,0738727283326127;-3;-3,35790523556522;1;1;1;-11190,7632691168;NA;All
1170;1,96257758434098;2,87415933563341;2,32355139752399;2,69474155345606;2,68531789180513;2,29053059399079;2,31860704918659;2,23305006681852;2,48313477831144;1,94897073517181;1,95515506819309;1,62777457260964;1,43790880829806;1,22085994718278;1,60616273421994;1,66185795539309;1,82280167419465;1,53502591153856;2,03174490343709;1,60807750502692;-19,2417130414084;-3,68783563053953;-6,61765924180583;-6,99606346443236;-5,86317244115215;-5,51495529071816;-11,6492872076154;-12,4078840221423;-6,07386567824379;-16,4452001607834;-11,1264558411833;-18,4119066924961;-25,3497131618707;-25,1186183431689;-16,1529241662379;-16,6683966462068;-26,6303402812389;-26,376949772366;-13,7046393897514;-19,1950106200335;2,68199219822906;1,52838389719892;1,55555567096163;0,906735395569924;0,505569093294629;0,505568510213577;0,542423295383888;0,645128743653648;0,999999654320567;0,839312184375599;0,686365732674007;0,484882772849465;0,338111817657018;-2,10248812611053;-2,39107314816938;-2,57999843988065;-3,04445220952412;-3,98728360456804;-3,99415245406221;-3,32287235000668;-2,69628304501951;-2,14040516008494;-1,19633754221421;-1,84960330131371;-2,2603080512661;-2,90414846937821;-4,92141460905742;-4,97090981906528;-4,04731849779858;-3,37322715574267;-2,69455527776592;0,0576794539318144;0,0155854222123021;0,0401387249306073;0,0163999959496525;0,0336234616251015;0,00774680590242334;0,0133265931673394;0,00615715054981555;-3;-3;1;1;0,2284572588698559;-3;-3,00110826158578;1;1;1;-11188,8669173904;NA;All
1180;1,96257758434098;2,87415933563341;2,32355139752399;2,69474155345606;2,68531789180513;2,29053059399079;2,31860704918659;2,23305006681852;2,48313477831144;1,94897073517181;1,95515506819309;1,62777457260964;1,43790880829806;1,22085994718278;1,60616273421994;1,66185795539309;1,82280167419465;1,53502591153856;2,03174490343709;1,60807750502692;-19,2417130414084;-3,68783563053953;-6,61765924180583;-6,99606346443236;-5,86317244115215;-5,51495529071816;-11,6492872076154;-12,4078840221423;-6,07386567824379;-16,4452001607834;-11,1264558411833;-18,4119066924961;-25,3497131618707;-25,1186183431689;-16,1529241662379;-16,6683966462068;-26,6303402812389;-26,376949772366;-13,7046393897514;-19,1950106200335;2,68199219822906;1,52838389719892;1,55555567096163;0,906735395569924;0,505569093294629;0,505568510213577;0,542423295383888;0,645128743653648;0,999999654320567;0,839312184375599;0,686365732674007;0,484882772849465;0,338111817657018;-2,10248812611053;-2,39107314816938;-2,57999843988065;-3,04445220952412;-3,98728360456804;-3,99415245406221;-3,32287235000668;-2,69628304501951;-2,14040516008494;-1,19633754221421;-1,84960330131371;-2,2603080512661;-2,90414846937821;-4,92141460905742;-4,97090981906528;-4,04731849779858;-3,37322715574267;-2,69455527776592;0,0576794539318144;0,0155854222123021;0,0401387249306073;0,0163999959496525;0,0336234616251015;0,00774680590242334;0,0133265931673394;0,00615715054981555;-3;-3;1;1;0,2514279454092611;-3;-2,35843940309396;1;1;1;-11189,2184401786;NA;All
1190;1,96257758434098;2,87415933563341;2,32355139752399;2,69474155345606;2,68531789180513;2,29053059399079;2,31860704918659;2,23305006681852;2,48313477831144;1,94897073517181;1,95515506819309;1,62777457260964;1,43790880829806;1,22085994718278;1,60616273421994;1,66185795539309;1,82280167419465;1,53502591153856;2,03174490343709;1,60807750502692;-19,2417130414084;-3,68783563053953;-6,61765924180583;-6,99606346443236;-5,86317244115215;-5,51495529071816;-11,6492872076154;-12,4078840221423;-6,07386567824379;-16,4452001607834;-11,1264558411833;-18,4119066924961;-25,3497131618707;-25,1186183431689;-16,1529241662379;-16,6683966462068;-26,6303402812389;-26,376949772366;-13,7046393897514;-19,1950106200335;2,68199219822906;1,52838389719892;1,55555567096163;0,906735395569924;0,505569093294629;0,505568510213577;0,542423295383888;0,645128743653648;0,999999654320567;0,839312184375599;0,686365732674007;0,484882772849465;0,338111817657018;-2,10248812611053;-2,39107314816938;-2,57999843988065;-3,04445220952412;-3,98728360456804;-3,99415245406221;-3,32287235000668;-2,69628304501951;-2,14040516008494;-1,19633754221421;-1,84960330131371;-2,2603080512661;-2,90414846937821;-4,92141460905742;-4,97090981906528;-4,04731849779858;-3,37322715574267;-2,69455527776592;0,0576794539318144;0,0155854222123021;0,0401387249306073;0,0163999959496525;0,0336234616251015;0,00774680590242334;0,0133265931673394;0,00615715054981555;-3;-3;1;1;0,1253484783261405;-3;-2,75907325646154;1;1;1;-11189,3030917184;NA;All
1200;1,96257758434098;2,87415933563341;2,32355139752399;2,69474155345606;2,68531789180513;2,29053059399079;2,31860704918659;2,23305006681852;2,48313477831144;1,94897073517181;1,95515506819309;1,62777457260964;1,43790880829806;1,22085994718278;1,60616273421994;1,66185795539309;1,82280167419465;1,53502591153856;2,03174490343709;1,60807750502692;-19,2417130414084;-3,68783563053953;-6,61765924180583;-6,99606346443236;-5,86317244115215;-5,51495529071816;-11,6492872076154;-12,4078840221423;-6,07386567824379;-16,4452001607834;-11,1264558411833;-18,4119066924961;-25,3497131618707;-25,1186183431689;-16,1529241662379;-16,6683966462068;-26,6303402812389;-26,376949772366;-13,7046393897514;-19,1950106200335;2,68199219822906;1,52838389719892;1,55555567096163;0,906735395569924;0,505569093294629;0,505568510213577;0,542423295383888;0,645128743653648;0,999999654320567;0,839312184375599;0,686365732674007;0,484882772849465;0,338111817657018;-2,10248812611053;-2,39107314816938;-2,57999843988065;-3,04445220952412;-3,98728360456804;-3,99415245406221;-3,32287235000668;-2,69628304501951;-2,14040516008494;-1,19633754221421;-1,84960330131371;-2,2603080512661;-2,90414846937821;-4,92141460905742;-4,97090981906528;-4,04731849779858;-3,37322715574267;-2,69455527776592;0,0576794539318144;0,0155854222123021;0,0401387249306073;0,0163999959496525;0,0336234616251015;0,00774680590242334;0,0133265931673394;0,00615715054981555;-3;-3;1;1;0,1593029971419482;-3;-3,50289745670540;1;1;1;-11188,8112306855;NA;All
1210;1,96257758434098;2,87415933563341;2,32355139752399;2,69474155345606;2,68531789180513;2,29053059399079;2,31860704918659;2,23305006681852;2,48313477831144;1,94897073517181;1,95515506819309;1,62777457260964;1,43790880829806;1,22085994718278;1,60616273421994;1,66185795539309;1,82280167419465;1,53502591153856;2,03174490343709;1,60807750502692;-19,2417130414084;-3,68783563053953;-6,61765924180583;-6,99606346443236;-5,86317244115215;-5,51495529071816;-11,6492872076154;-12,4078840221423;-6,07386567824379;-16,4452001607834;-11,1264558411833;-18,4119066924961;-25,3497131618707;-25,1186183431689;-16,1529241662379;-16,6683966462068;-26,6303402812389;-26,376949772366;-13,7046393897514;-19,1950106200335;2,68199219822906;1,52838389719892;1,55555567096163;0,906735395569924;0,505569093294629;0,505568510213577;0,542423295383888;0,645128743653648;0,999999654320567;0,839312184375599;0,686365732674007;0,484882772849465;0,338111817657018;-2,10248812611053;-2,39107314816938;-2,57999843988065;-3,04445220952412;-3,98728360456804;-3,99415245406221;-3,32287235000668;-2,69628304501951;-2,14040516008494;-1,19633754221421;-1,84960330131371;-2,2603080512661;-2,90414846937821;-4,92141460905742;-4,97090981906528;-4,04731849779858;-3,37322715574267;-2,69455527776592;0,0576794539318144;0,0155854222123021;0,0401387249306073;0,0163999959496525;0,0336234616251015;0,00774680590242334;0,0133265931673394;0,00615715054981555;-3;-3;1;1;0,1904133795978601;-3;-2,07114149686785;1;1;1;-11189,0426094660;NA;All
1220;1,96257758434098;2,87415933563341;2,32355139752399;2,69474155345606;2,68531789180513;2,29053059399079;2,31860704918659;2,23305006681852;2,48313477831144;1,94897073517181;1,95515506819309;1,62777457260964;1,43790880829806;1,22085994718278;1,60616273421994;1,66185795539309;1,82280167419465;1,53502591153856;2,03174490343709;1,60807750502692;-19,2417130414084;-3,68783563053953;-6,61765924180583;-6,99606346443236;-5,86317244115215;-5,51495529071816;-11,6492872076154;-12,4078840221423;-6,07386567824379;-16,4452001607834;-11,1264558411833;-18,4119066924961;-25,3497131618707;-25,1186183431689;-16,1529241662379;-16,6683966462068;-26,6303402812389;-26,376949772366;-13,7046393897514;-19,1950106200335;2,68199219822906;1,52838389719892;1,55555567096163;0,906735395569924;0,505569093294629;0,505568510213577;0,542423295383888;0,645128743653648;0,999999654320567;0,839312184375599;0,686365732674007;0,484882772849465;0,338111817657018;-2,10248812611053;-2,39107314816938;-2,57999843988065;-3,04445220952412;-3,98728360456804;-3,99415245406221;-3,32287235000668;-2,69628304501951;-2,14040516008494;-1,19633754221421;-1,84960330131371;-2,2603080512661;-2,90414846937821;-4,92141460905742;-4,97090981906528;-4,04731849779858;-3,37322715574267;-2,69455527776592;0,0576794539318144;0,0155854222123021;0,0401387249306073;0,0163999959496525;0,0336234616251015;0,00774680590242334;0,0133265931673394;0,00615715054981555;-3;-3;1;1;0,2420635168917188;-3;-2,82517423566307;1;1;1;-11189,0034577425;NA;All
1230;1,96257758434098;2,87415933563341;2,32355139752399;2,69474155345606;2,68531789180513;2,29053059399079;2,31860704918659;2,23305006681852;2,48313477831144;1,94897073517181;1,95515506819309;1,62777457260964;1,43790880829806;1,22085994718278;1,60616273421994;1,66185795539309;1,82280167419465;1,53502591153856;2,03174490343709;1,60807750502692;-19,2417130414084;-3,68783563053953;-6,61765924180583;-6,99606346443236;-5,86317244115215;-5,51495529071816;-11,6492872076154;-12,4078840221423;-6,07386567824379;-16,4452001607834;-11,1264558411833;-18,4119066924961;-25,3497131618707;-25,1186183431689;-16,1529241662379;-16,6683966462068;-26,6303402812389;-26,376949772366;-13,7046393897514;-19,1950106200335;2,68199219822906;1,52838389719892;1,55555567096163;0,906735395569924;0,505569093294629;0,505568510213577;0,542423295383888;0,645128743653648;0,999999654320567;0,839312184375599;0,686365732674007;0,484882772849465;0,338111817657018;-2,10248812611053;-2,39107314816938;-2,57999843988065;-3,04445220952412;-3,98728360456804;-3,99415245406221;-3,32287235000668;-2,69628304501951;-2,14040516008494;-1,19633754221421;-1,84960330131371;-2,2603080512661;-2,90414846937821;-4,92141460905742;-4,97090981906528;-4,04731849779858;-3,37322715574267;-2,69455527776592;0,0576794539318144;0,0155854222123021;0,0401387249306073;0,0163999959496525;0,0336234616251015;0,00774680590242334;0,0133265931673394;0,00615715054981555;-3;-3;1;1;0,1726411928646120;-3;-2,94690306512187;1;1;1;-11188,7645326550;NA;All
1240;1,96257758434098;2,87415933563341;2,32355139752399;2,69474155345606;2,68531789180513;2,29053059399079;2,31860704918659;2,23305006681852;2,48313477831144;1,94897073517181;1,95515506819309;1,62777457260964;1,43790880829806;1,22085994718278;1,60616273421994;1,66185795539309;1,82280167419465;1,53502591153856;2,03174490343709;1,60807750502692;-19,2417130414084;-3,68783563053953;-6,61765924180583;-6,99606346443236;-5,86317244115215;-5,51495529071816;-11,6492872076154;-12,4078840221423;-6,07386567824379;-16,4452001607834;-11,1264558411833;-18,4119066924961;-25,3497131618707;-25,1186183431689;-16,1529241662379;-16,6683966462068;-26,6303402812389;-26,376949772366;-13,7046393897514;-19,1950106200335;2,68199219822906;1,52838389719892;1,55555567096163;0,906735395569924;0,505569093294629;0,505568510213577;0,542423295383888;0,645128743653648;0,999999654320567;0,839312184375599;0,686365732674007;0,484882772849465;0,338111817657018;-2,10248812611053;-2,39107314816938;-2,57999843988065;-3,04445220952412;-3,98728360456804;-3,99415245406221;-3,32287235000668;-2,69628304501951;-2,14040516008494;-1,19633754221421;-1,84960330131371;-2,2603080512661;-2,90414846937821;-4,92141460905742;-4,97090981906528;-4,04731849779858;-3,37322715574267;-2,69455527776592;0,0576794539318144;0,0155854222123021;0,0401387249306073;0,0163999959496525;0,0336234616251015;0,00774680590242334;0,0133265931673394;0,00615715054981555;-3;-3;1;1;0,3001783325042605;-3;-2,50153372236151;1;1;1;-11189,8749535928;NA;All
1250;1,96257758434098;2,87415933563341;2,32355139752399;2,69474155345606;2,68531789180513;2,29053059399079;2,31860704918659;2,23305006681852;2,48313477831144;1,94897073517181;1,95515506819309;1,62777457260964;1,43790880829806;1,22085994718278;1,60616273421994;1,66185795539309;1,82280167419465;1,53502591153856;2,03174490343709;1,60807750502692;-19,2417130414084;-3,68783563053953;-6,61765924180583;-6,99606346443236;-5,86317244115215;-5,51495529071816;-11,6492872076154;-12,4078840221423;-6,07386567824379;-16,4452001607834;-11,1264558411833;-18,4119066924961;-25,3497131618707;-25,1186183431689;-16,1529241662379;-16,6683966462068;-26,6303402812389;-26,376949772366;-13,7046393897514;-19,1950106200335;2,68199219822906;1,52838389719892;1,55555567096163;0,906735395569924;0,505569093294629;0,505568510213577;0,542423295383888;0,645128743653648;0,999999654320567;0,839312184375599;0,686365732674007;0,484882772849465;0,338111817657018;-2,10248812611053;-2,39107314816938;-2,57999843988065;-3,04445220952412;-3,98728360456804;-3,99415245406221;-3,32287235000668;-2,69628304501951;-2,14040516008494;-1,19633754221421;-1,84960330131371;-2,2603080512661;-2,90414846937821;-4,92141460905742;-4,97090981906528;-4,04731849779858;-3,37322715574267;-2,69455527776592;0,0576794539318144;0,0155854222123021;0,0401387249306073;0,0163999959496525;0,0336234616251015;0,00774680590242334;0,0133265931673394;0,00615715054981555;-3;-3;1;1;0,1310391317717424;-3;-3,90262155020846;1;1;1;-11189,1380433009;NA;All
1260;1,96257758434098;2,87415933563341;2,32355139752399;2,69474155345606;2,68531789180513;2,29053059399079;2,31860704918659;2,23305006681852;2,48313477831144;1,94897073517181;1,95515506819309;1,62777457260964;1,43790880829806;1,22085994718278;1,60616273421994;1,66185795539309;1,82280167419465;1,53502591153856;2,03174490343709;1,60807750502692;-19,2417130414084;-3,68783563053953;-6,61765924180583;-6,99606346443236;-5,86317244115215;-5,51495529071816;-11,6492872076154;-12,4078840221423;-6,07386567824379;-16,4452001607834;-11,1264558411833;-18,4119066924961;-25,3497131618707;-25,1186183431689;-16,1529241662379;-16,6683966462068;-26,6303402812389;-26,376949772366;-13,7046393897514;-19,1950106200335;2,68199219822906;1,52838389719892;1,55555567096163;0,906735395569924;0,505569093294629;0,505568510213577;0,542423295383888;0,645128743653648;0,999999654320567;0,839312184375599;0,686365732674007;0,484882772849465;0,338111817657018;-2,10248812611053;-2,39107314816938;-2,57999843988065;-3,04445220952412;-3,98728360456804;-3,99415245406221;-3,32287235000668;-2,69628304501951;-2,14040516008494;-1,19633754221421;-1,84960330131371;-2,2603080512661;-2,90414846937821;-4,92141460905742;-4,97090981906528;-4,04731849779858;-3,37322715574267;-2,69455527776592;0,0576794539318144;0,0155854222123021;0,0401387249306073;0,0163999959496525;0,0336234616251015;0,00774680590242334;0,0133265931673394;0,00615715054981555;-3;-3;1;1;0,1092452421781518;-3;-2,71846002940836;1;1;1;-11189,6572351908;NA;All
1270;1,96257758434098;2,87415933563341;2,32355139752399;2,69474155345606;2,68531789180513;2,29053059399079;2,31860704918659;2,23305006681852;2,48313477831144;1,94897073517181;1,95515506819309;1,62777457260964;1,43790880829806;1,22085994718278;1,60616273421994;1,66185795539309;1,82280167419465;1,53502591153856;2,03174490343709;1,60807750502692;-19,2417130414084;-3,68783563053953;-6,61765924180583;-6,99606346443236;-5,86317244115215;-5,51495529071816;-11,6492872076154;-12,4078840221423;-6,07386567824379;-16,4452001607834;-11,1264558411833;-18,4119066924961;-25,3497131618707;-25,1186183431689;-16,1529241662379;-16,6683966462068;-26,6303402812389;-26,376949772366;-13,7046393897514;-19,1950106200335;2,68199219822906;1,52838389719892;1,55555567096163;0,906735395569924;0,505569093294629;0,505568510213577;0,542423295383888;0,645128743653648;0,999999654320567;0,839312184375599;0,686365732674007;0,484882772849465;0,338111817657018;-2,10248812611053;-2,39107314816938;-2,57999843988065;-3,04445220952412;-3,98728360456804;-3,99415245406221;-3,32287235000668;-2,69628304501951;-2,14040516008494;-1,19633754221421;-1,84960330131371;-2,2603080512661;-2,90414846937821;-4,92141460905742;-4,97090981906528;-4,04731849779858;-3,37322715574267;-2,69455527776592;0,0576794539318144;0,0155854222123021;0,0401387249306073;0,0163999959496525;0,0336234616251015;0,00774680590242334;0,0133265931673394;0,00615715054981555;-3;-3;1;1;0,0684135304536370;-3;-2,91941921107730;1;1;1;-11191,0366172310;NA;All
1280;1,96257758434098;2,87415933563341;2,32355139752399;2,69474155345606;2,68531789180513;2,29053059399079;2,31860704918659;2,23305006681852;2,48313477831144;1,94897073517181;1,95515506819309;1,62777457260964;1,43790880829806;1,22085994718278;1,60616273421994;1,66185795539309;1,82280167419465;1,53502591153856;2,03174490343709;1,60807750502692;-19,2417130414084;-3,68783563053953;-6,61765924180583;-6,99606346443236;-5,86317244115215;-5,51495529071816;-11,6492872076154;-12,4078840221423;-6,07386567824379;-16,4452001607834;-11,1264558411833;-18,4119066924961;-25,3497131618707;-25,1186183431689;-16,1529241662379;-16,6683966462068;-26,6303402812389;-26,376949772366;-13,7046393897514;-19,1950106200335;2,68199219822906;1,52838389719892;1,55555567096163;0,906735395569924;0,505569093294629;0,505568510213577;0,542423295383888;0,645128743653648;0,999999654320567;0,839312184375599;0,686365732674007;0,484882772849465;0,338111817657018;-2,10248812611053;-2,39107314816938;-2,57999843988065;-3,04445220952412;-3,98728360456804;-3,99415245406221;-3,32287235000668;-2,69628304501951;-2,14040516008494;-1,19633754221421;-1,84960330131371;-2,2603080512661;-2,90414846937821;-4,92141460905742;-4,97090981906528;-4,04731849779858;-3,37322715574267;-2,69455527776592;0,0576794539318144;0,0155854222123021;0,0401387249306073;0,0163999959496525;0,0336234616251015;0,00774680590242334;0,0133265931673394;0,00615715054981555;-3;-3;1;1;0,2207834200817622;-3;-2,41164198135605;1;1;1;-11188,9344918722;NA;All
1290;1,96257758434098;2,87415933563341;2,32355139752399;2,69474155345606;2,68531789180513;2,29053059399079;2,31860704918659;2,23305006681852;2,48313477831144;1,94897073517181;1,95515506819309;1,62777457260964;1,43790880829806;1,22085994718278;1,60616273421994;1,66185795539309;1,82280167419465;1,53502591153856;2,03174490343709;1,60807750502692;-19,2417130414084;-3,68783563053953;-6,61765924180583;-6,99606346443236;-5,86317244115215;-5,51495529071816;-11,6492872076154;-12,4078840221423;-6,07386567824379;-16,4452001607834;-11,1264558411833;-18,4119066924961;-25,3497131618707;-25,1186183431689;-16,1529241662379;-16,6683966462068;-26,6303402812389;-26,376949772366;-13,7046393897514;-19,1950106200335;2,68199219822906;1,52838389719892;1,55555567096163;0,906735395569924;0,505569093294629;0,505568510213577;0,542423295383888;0,645128743653648;0,999999654320567;0,839312184375599;0,686365732674007;0,484882772849465;0,338111817657018;-2,10248812611053;-2,39107314816938;-2,57999843988065;-3,04445220952412;-3,98728360456804;-3,99415245406221;-3,32287235000668;-2,69628304501951;-2,14040516008494;-1,19633754221421;-1,84960330131371;-2,2603080512661;-2,90414846937821;-4,92141460905742;-4,97090981906528;-4,04731849779858;-3,37322715574267;-2,69455527776592;0,0576794539318144;0,0155854222123021;0,0401387249306073;0,0163999959496525;0,0336234616251015;0,00774680590242334;0,0133265931673394;0,00615715054981555;-3;-3;1;1;0,3091506803614389;-3;-2,80254783729901;1;1;1;-11189,9746872443;NA;All
1300;1,96257758434098;2,87415933563341;2,32355139752399;2,69474155345606;2,68531789180513;2,29053059399079;2,31860704918659;2,23305006681852;2,48313477831144;1,94897073517181;1,95515506819309;1,62777457260964;1,43790880829806;1,22085994718278;1,60616273421994;1,66185795539309;1,82280167419465;1,53502591153856;2,03174490343709;1,60807750502692;-19,2417130414084;-3,68783563053953;-6,61765924180583;-6,99606346443236;-5,86317244115215;-5,51495529071816;-11,6492872076154;-12,4078840221423;-6,07386567824379;-16,4452001607834;-11,1264558411833;-18,4119066924961;-25,3497131618707;-25,1186183431689;-16,1529241662379;-16,6683966462068;-26,6303402812389;-26,376949772366;-13,7046393897514;-19,1950106200335;2,68199219822906;1,52838389719892;1,55555567096163;0,906735395569924;0,505569093294629;0,505568510213577;0,542423295383888;0,645128743653648;0,999999654320567;0,839312184375599;0,686365732674007;0,484882772849465;0,338111817657018;-2,10248812611053;-2,39107314816938;-2,57999843988065;-3,04445220952412;-3,98728360456804;-3,99415245406221;-3,32287235000668;-2,69628304501951;-2,14040516008494;-1,19633754221421;-1,84960330131371;-2,2603080512661;-2,90414846937821;-4,92141460905742;-4,97090981906528;-4,04731849779858;-3,37322715574267;-2,69455527776592;0,0576794539318144;0,0155854222123021;0,0401387249306073;0,0163999959496525;0,0336234616251015;0,00774680590242334;0,0133265931673394;0,00615715054981555;-3;-3;1;1;0,1943581689837772;-3;-2,94527865488766;1;1;1;-11188,7287429509;NA;All
1310;1,96257758434098;2,87415933563341;2,32355139752399;2,69474155345606;2,68531789180513;2,29053059399079;2,31860704918659;2,23305006681852;2,48313477831144;1,94897073517181;1,95515506819309;1,62777457260964;1,43790880829806;1,22085994718278;1,60616273421994;1,66185795539309;1,82280167419465;1,53502591153856;2,03174490343709;1,60807750502692;-19,2417130414084;-3,68783563053953;-6,61765924180583;-6,99606346443236;-5,86317244115215;-5,51495529071816;-11,6492872076154;-12,4078840221423;-6,07386567824379;-16,4452001607834;-11,1264558411833;-18,4119066924961;-25,3497131618707;-25,1186183431689;-16,1529241662379;-16,6683966462068;-26,6303402812389;-26,376949772366;-13,7046393897514;-19,1950106200335;2,68199219822906;1,52838389719892;1,55555567096163;0,906735395569924;0,505569093294629;0,505568510213577;0,542423295383888;0,645128743653648;0,999999654320567;0,839312184375599;0,686365732674007;0,484882772849465;0,338111817657018;-2,10248812611053;-2,39107314816938;-2,57999843988065;-3,04445220952412;-3,98728360456804;-3,99415245406221;-3,32287235000668;-2,69628304501951;-2,14040516008494;-1,19633754221421;-1,84960330131371;-2,2603080512661;-2,90414846937821;-4,92141460905742;-4,97090981906528;-4,04731849779858;-3,37322715574267;-2,69455527776592;0,0576794539318144;0,0155854222123021;0,0401387249306073;0,0163999959496525;0,0336234616251015;0,00774680590242334;0,0133265931673394;0,00615715054981555;-3;-3;1;1;0,1273111344153898;-3;-1,69207898659819;1;1;1;-11190,1421850680;NA;All
1320;1,96257758434098;2,87415933563341;2,32355139752399;2,69474155345606;2,68531789180513;2,29053059399079;2,31860704918659;2,23305006681852;2,48313477831144;1,94897073517181;1,95515506819309;1,62777457260964;1,43790880829806;1,22085994718278;1,60616273421994;1,66185795539309;1,82280167419465;1,53502591153856;2,03174490343709;1,60807750502692;-19,2417130414084;-3,68783563053953;-6,61765924180583;-6,99606346443236;-5,86317244115215;-5,51495529071816;-11,6492872076154;-12,4078840221423;-6,07386567824379;-16,4452001607834;-11,1264558411833;-18,4119066924961;-25,3497131618707;-25,1186183431689;-16,1529241662379;-16,6683966462068;-26,6303402812389;-26,376949772366;-13,7046393897514;-19,1950106200335;2,68199219822906;1,52838389719892;1,55555567096163;0,906735395569924;0,505569093294629;0,505568510213577;0,542423295383888;0,645128743653648;0,999999654320567;0,839312184375599;0,686365732674007;0,484882772849465;0,338111817657018;-2,10248812611053;-2,39107314816938;-2,57999843988065;-3,04445220952412;-3,98728360456804;-3,99415245406221;-3,32287235000668;-2,69628304501951;-2,14040516008494;-1,19633754221421;-1,84960330131371;-2,2603080512661;-2,90414846937821;-4,92141460905742;-4,97090981906528;-4,04731849779858;-3,37322715574267;-2,69455527776592;0,0576794539318144;0,0155854222123021;0,0401387249306073;0,0163999959496525;0,0336234616251015;0,00774680590242334;0,0133265931673394;0,00615715054981555;-3;-3;1;1;0,1924281713764359;-3;-3,53327063228373;1;1;1;-11188,6936905107;NA;All
1330;1,96257758434098;2,87415933563341;2,32355139752399;2,69474155345606;2,68531789180513;2,29053059399079;2,31860704918659;2,23305006681852;2,48313477831144;1,94897073517181;1,95515506819309;1,62777457260964;1,43790880829806;1,22085994718278;1,60616273421994;1,66185795539309;1,82280167419465;1,53502591153856;2,03174490343709;1,60807750502692;-19,2417130414084;-3,68783563053953;-6,61765924180583;-6,99606346443236;-5,86317244115215;-5,51495529071816;-11,6492872076154;-12,4078840221423;-6,07386567824379;-16,4452001607834;-11,1264558411833;-18,4119066924961;-25,3497131618707;-25,1186183431689;-16,1529241662379;-16,6683966462068;-26,6303402812389;-26,376949772366;-13,7046393897514;-19,1950106200335;2,68199219822906;1,52838389719892;1,55555567096163;0,906735395569924;0,505569093294629;0,505568510213577;0,542423295383888;0,645128743653648;0,999999654320567;0,839312184375599;0,686365732674007;0,484882772849465;0,338111817657018;-2,10248812611053;-2,39107314816938;-2,57999843988065;-3,04445220952412;-3,98728360456804;-3,99415245406221;-3,32287235000668;-2,69628304501951;-2,14040516008494;-1,19633754221421;-1,84960330131371;-2,2603080512661;-2,90414846937821;-4,92141460905742;-4,97090981906528;-4,04731849779858;-3,37322715574267;-2,69455527776592;0,0576794539318144;0,0155854222123021;0,0401387249306073;0,0163999959496525;0,0336234616251015;0,00774680590242334;0,0133265931673394;0,00615715054981555;-3;-3;1;1;0,1874536167618652;-3;-3,06706355056692;1;1;1;-11188,7176147873;NA;All
1340;1,96257758434098;2,87415933563341;2,32355139752399;2,69474155345606;2,68531789180513;2,29053059399079;2,31860704918659;2,23305006681852;2,48313477831144;1,94897073517181;1,95515506819309;1,62777457260964;1,43790880829806;1,22085994718278;1,60616273421994;1,66185795539309;1,82280167419465;1,53502591153856;2,03174490343709;1,60807750502692;-19,2417130414084;-3,68783563053953;-6,61765924180583;-6,99606346443236;-5,86317244115215;-5,51495529071816;-11,6492872076154;-12,4078840221423;-6,07386567824379;-16,4452001607834;-11,1264558411833;-18,4119066924961;-25,3497131618707;-25,1186183431689;-16,1529241662379;-16,6683966462068;-26,6303402812389;-26,376949772366;-13,7046393897514;-19,1950106200335;2,68199219822906;1,52838389719892;1,55555567096163;0,906735395569924;0,505569093294629;0,505568510213577;0,542423295383888;0,645128743653648;0,999999654320567;0,839312184375599;0,686365732674007;0,484882772849465;0,338111817657018;-2,10248812611053;-2,39107314816938;-2,57999843988065;-3,04445220952412;-3,98728360456804;-3,99415245406221;-3,32287235000668;-2,69628304501951;-2,14040516008494;-1,19633754221421;-1,84960330131371;-2,2603080512661;-2,90414846937821;-4,92141460905742;-4,97090981906528;-4,04731849779858;-3,37322715574267;-2,69455527776592;0,0576794539318144;0,0155854222123021;0,0401387249306073;0,0163999959496525;0,0336234616251015;0,00774680590242334;0,0133265931673394;0,00615715054981555;-3;-3;1;1;0,1187361844964993;-3;-2,89727603792880;1;1;1;-11189,4136219524;NA;All
1350;1,96257758434098;2,87415933563341;2,32355139752399;2,69474155345606;2,68531789180513;2,29053059399079;2,31860704918659;2,23305006681852;2,48313477831144;1,94897073517181;1,95515506819309;1,62777457260964;1,43790880829806;1,22085994718278;1,60616273421994;1,66185795539309;1,82280167419465;1,53502591153856;2,03174490343709;1,60807750502692;-19,2417130414084;-3,68783563053953;-6,61765924180583;-6,99606346443236;-5,86317244115215;-5,51495529071816;-11,6492872076154;-12,4078840221423;-6,07386567824379;-16,4452001607834;-11,1264558411833;-18,4119066924961;-25,3497131618707;-25,1186183431689;-16,1529241662379;-16,6683966462068;-26,6303402812389;-26,376949772366;-13,7046393897514;-19,1950106200335;2,68199219822906;1,52838389719892;1,55555567096163;0,906735395569924;0,505569093294629;0,505568510213577;0,542423295383888;0,645128743653648;0,999999654320567;0,839312184375599;0,686365732674007;0,484882772849465;0,338111817657018;-2,10248812611053;-2,39107314816938;-2,57999843988065;-3,04445220952412;-3,98728360456804;-3,99415245406221;-3,32287235000668;-2,69628304501951;-2,14040516008494;-1,19633754221421;-1,84960330131371;-2,2603080512661;-2,90414846937821;-4,92141460905742;-4,97090981906528;-4,04731849779858;-3,37322715574267;-2,69455527776592;0,0576794539318144;0,0155854222123021;0,0401387249306073;0,0163999959496525;0,0336234616251015;0,00774680590242334;0,0133265931673394;0,00615715054981555;-3;-3;1;1;0,2507915187045283;-3;-3,85361543019677;1;1;1;-11189,0396456742;NA;All
1360;1,96257758434098;2,87415933563341;2,32355139752399;2,69474155345606;2,68531789180513;2,29053059399079;2,31860704918659;2,23305006681852;2,48313477831144;1,94897073517181;1,95515506819309;1,62777457260964;1,43790880829806;1,22085994718278;1,60616273421994;1,66185795539309;1,82280167419465;1,53502591153856;2,03174490343709;1,60807750502692;-19,2417130414084;-3,68783563053953;-6,61765924180583;-6,99606346443236;-5,86317244115215;-5,51495529071816;-11,6492872076154;-12,4078840221423;-6,07386567824379;-16,4452001607834;-11,1264558411833;-18,4119066924961;-25,3497131618707;-25,1186183431689;-16,1529241662379;-16,6683966462068;-26,6303402812389;-26,376949772366;-13,7046393897514;-19,1950106200335;2,68199219822906;1,52838389719892;1,55555567096163;0,906735395569924;0,505569093294629;0,505568510213577;0,542423295383888;0,645128743653648;0,999999654320567;0,839312184375599;0,686365732674007;0,484882772849465;0,338111817657018;-2,10248812611053;-2,39107314816938;-2,57999843988065;-3,04445220952412;-3,98728360456804;-3,99415245406221;-3,32287235000668;-2,69628304501951;-2,14040516008494;-1,19633754221421;-1,84960330131371;-2,2603080512661;-2,90414846937821;-4,92141460905742;-4,97090981906528;-4,04731849779858;-3,37322715574267;-2,69455527776592;0,0576794539318144;0,0155854222123021;0,0401387249306073;0,0163999959496525;0,0336234616251015;0,00774680590242334;0,0133265931673394;0,00615715054981555;-3;-3;1;1;0,2693790422811029;-3;-2,25193236956180;1;1;1;-11189,4917390283;NA;All
1370;1,96257758434098;2,87415933563341;2,32355139752399;2,69474155345606;2,68531789180513;2,29053059399079;2,31860704918659;2,23305006681852;2,48313477831144;1,94897073517181;1,95515506819309;1,62777457260964;1,43790880829806;1,22085994718278;1,60616273421994;1,66185795539309;1,82280167419465;1,53502591153856;2,03174490343709;1,60807750502692;-19,2417130414084;-3,68783563053953;-6,61765924180583;-6,99606346443236;-5,86317244115215;-5,51495529071816;-11,6492872076154;-12,4078840221423;-6,07386567824379;-16,4452001607834;-11,1264558411833;-18,4119066924961;-25,3497131618707;-25,1186183431689;-16,1529241662379;-16,6683966462068;-26,6303402812389;-26,376949772366;-13,7046393897514;-19,1950106200335;2,68199219822906;1,52838389719892;1,55555567096163;0,906735395569924;0,505569093294629;0,505568510213577;0,542423295383888;0,645128743653648;0,999999654320567;0,839312184375599;0,686365732674007;0,484882772849465;0,338111817657018;-2,10248812611053;-2,39107314816938;-2,57999843988065;-3,04445220952412;-3,98728360456804;-3,99415245406221;-3,32287235000668;-2,69628304501951;-2,14040516008494;-1,19633754221421;-1,84960330131371;-2,2603080512661;-2,90414846937821;-4,92141460905742;-4,97090981906528;-4,04731849779858;-3,37322715574267;-2,69455527776592;0,0576794539318144;0,0155854222123021;0,0401387249306073;0,0163999959496525;0,0336234616251015;0,00774680590242334;0,0133265931673394;0,00615715054981555;-3;-3;1;1;0,2778684407044493;-3;-2,88623606587960;1;1;1;-11189,4372334985;NA;All
1380;1,96257758434098;2,87415933563341;2,32355139752399;2,69474155345606;2,68531789180513;2,29053059399079;2,31860704918659;2,23305006681852;2,48313477831144;1,94897073517181;1,95515506819309;1,62777457260964;1,43790880829806;1,22085994718278;1,60616273421994;1,66185795539309;1,82280167419465;1,53502591153856;2,03174490343709;1,60807750502692;-19,2417130414084;-3,68783563053953;-6,61765924180583;-6,99606346443236;-5,86317244115215;-5,51495529071816;-11,6492872076154;-12,4078840221423;-6,07386567824379;-16,4452001607834;-11,1264558411833;-18,4119066924961;-25,3497131618707;-25,1186183431689;-16,1529241662379;-16,6683966462068;-26,6303402812389;-26,376949772366;-13,7046393897514;-19,1950106200335;2,68199219822906;1,52838389719892;1,55555567096163;0,906735395569924;0,505569093294629;0,505568510213577;0,542423295383888;0,645128743653648;0,999999654320567;0,839312184375599;0,686365732674007;0,484882772849465;0,338111817657018;-2,10248812611053;-2,39107314816938;-2,57999843988065;-3,04445220952412;-3,98728360456804;-3,99415245406221;-3,32287235000668;-2,69628304501951;-2,14040516008494;-1,19633754221421;-1,84960330131371;-2,2603080512661;-2,90414846937821;-4,92141460905742;-4,97090981906528;-4,04731849779858;-3,37322715574267;-2,69455527776592;0,0576794539318144;0,0155854222123021;0,0401387249306073;0,0163999959496525;0,0336234616251015;0,00774680590242334;0,0133265931673394;0,00615715054981555;-3;-3;1;1;0,1917404766096827;-3;-2,29579923024671;1;1;1;-11188,8917913804;NA;All
1390;1,96257758434098;2,87415933563341;2,32355139752399;2,69474155345606;2,68531789180513;2,29053059399079;2,31860704918659;2,23305006681852;2,48313477831144;1,94897073517181;1,95515506819309;1,62777457260964;1,43790880829806;1,22085994718278;1,60616273421994;1,66185795539309;1,82280167419465;1,53502591153856;2,03174490343709;1,60807750502692;-19,2417130414084;-3,68783563053953;-6,61765924180583;-6,99606346443236;-5,86317244115215;-5,51495529071816;-11,6492872076154;-12,4078840221423;-6,07386567824379;-16,4452001607834;-11,1264558411833;-18,4119066924961;-25,3497131618707;-25,1186183431689;-16,1529241662379;-16,6683966462068;-26,6303402812389;-26,376949772366;-13,7046393897514;-19,1950106200335;2,68199219822906;1,52838389719892;1,55555567096163;0,906735395569924;0,505569093294629;0,505568510213577;0,542423295383888;0,645128743653648;0,999999654320567;0,839312184375599;0,686365732674007;0,484882772849465;0,338111817657018;-2,10248812611053;-2,39107314816938;-2,57999843988065;-3,04445220952412;-3,98728360456804;-3,99415245406221;-3,32287235000668;-2,69628304501951;-2,14040516008494;-1,19633754221421;-1,84960330131371;-2,2603080512661;-2,90414846937821;-4,92141460905742;-4,97090981906528;-4,04731849779858;-3,37322715574267;-2,69455527776592;0,0576794539318144;0,0155854222123021;0,0401387249306073;0,0163999959496525;0,0336234616251015;0,00774680590242334;0,0133265931673394;0,00615715054981555;-3;-3;1;1;0,1473444204914626;-3;-3,75227218950043;1;1;1;-11188,9155059152;NA;All
1400;1,96257758434098;2,87415933563341;2,32355139752399;2,69474155345606;2,68531789180513;2,29053059399079;2,31860704918659;2,23305006681852;2,48313477831144;1,94897073517181;1,95515506819309;1,62777457260964;1,43790880829806;1,22085994718278;1,60616273421994;1,66185795539309;1,82280167419465;1,53502591153856;2,03174490343709;1,60807750502692;-19,2417130414084;-3,68783563053953;-6,61765924180583;-6,99606346443236;-5,86317244115215;-5,51495529071816;-11,6492872076154;-12,4078840221423;-6,07386567824379;-16,4452001607834;-11,1264558411833;-18,4119066924961;-25,3497131618707;-25,1186183431689;-16,1529241662379;-16,6683966462068;-26,6303402812389;-26,376949772366;-13,7046393897514;-19,1950106200335;2,68199219822906;1,52838389719892;1,55555567096163;0,906735395569924;0,505569093294629;0,505568510213577;0,542423295383888;0,645128743653648;0,999999654320567;0,839312184375599;0,686365732674007;0,484882772849465;0,338111817657018;-2,10248812611053;-2,39107314816938;-2,57999843988065;-3,04445220952412;-3,98728360456804;-3,99415245406221;-3,32287235000668;-2,69628304501951;-2,14040516008494;-1,19633754221421;-1,84960330131371;-2,2603080512661;-2,90414846937821;-4,92141460905742;-4,97090981906528;-4,04731849779858;-3,37322715574267;-2,69455527776592;0,0576794539318144;0,0155854222123021;0,0401387249306073;0,0163999959496525;0,0336234616251015;0,00774680590242334;0,0133265931673394;0,00615715054981555;-3;-3;1;1;0,0961660705231703;-3;-2,51260907433947;1;1;1;-11190,0663416914;NA;All
1410;1,96257758434098;2,87415933563341;2,32355139752399;2,69474155345606;2,68531789180513;2,29053059399079;2,31860704918659;2,23305006681852;2,48313477831144;1,94897073517181;1,95515506819309;1,62777457260964;1,43790880829806;1,22085994718278;1,60616273421994;1,66185795539309;1,82280167419465;1,53502591153856;2,03174490343709;1,60807750502692;-19,2417130414084;-3,68783563053953;-6,61765924180583;-6,99606346443236;-5,86317244115215;-5,51495529071816;-11,6492872076154;-12,4078840221423;-6,07386567824379;-16,4452001607834;-11,1264558411833;-18,4119066924961;-25,3497131618707;-25,1186183431689;-16,1529241662379;-16,6683966462068;-26,6303402812389;-26,376949772366;-13,7046393897514;-19,1950106200335;2,68199219822906;1,52838389719892;1,55555567096163;0,906735395569924;0,505569093294629;0,505568510213577;0,542423295383888;0,645128743653648;0,999999654320567;0,839312184375599;0,686365732674007;0,484882772849465;0,338111817657018;-2,10248812611053;-2,39107314816938;-2,57999843988065;-3,04445220952412;-3,98728360456804;-3,99415245406221;-3,32287235000668;-2,69628304501951;-2,14040516008494;-1,19633754221421;-1,84960330131371;-2,2603080512661;-2,90414846937821;-4,92141460905742;-4,97090981906528;-4,04731849779858;-3,37322715574267;-2,69455527776592;0,0576794539318144;0,0155854222123021;0,0401387249306073;0,0163999959496525;0,0336234616251015;0,00774680590242334;0,0133265931673394;0,00615715054981555;-3;-3;1;1;0,1761927000654394;-3;-1,36251923267496;1;1;1;-11190,9668844909;NA;All
1420;1,96257758434098;2,87415933563341;2,32355139752399;2,69474155345606;2,68531789180513;2,29053059399079;2,31860704918659;2,23305006681852;2,48313477831144;1,94897073517181;1,95515506819309;1,62777457260964;1,43790880829806;1,22085994718278;1,60616273421994;1,66185795539309;1,82280167419465;1,53502591153856;2,03174490343709;1,60807750502692;-19,2417130414084;-3,68783563053953;-6,61765924180583;-6,99606346443236;-5,86317244115215;-5,51495529071816;-11,6492872076154;-12,4078840221423;-6,07386567824379;-16,4452001607834;-11,1264558411833;-18,4119066924961;-25,3497131618707;-25,1186183431689;-16,1529241662379;-16,6683966462068;-26,6303402812389;-26,376949772366;-13,7046393897514;-19,1950106200335;2,68199219822906;1,52838389719892;1,55555567096163;0,906735395569924;0,505569093294629;0,505568510213577;0,542423295383888;0,645128743653648;0,999999654320567;0,839312184375599;0,686365732674007;0,484882772849465;0,338111817657018;-2,10248812611053;-2,39107314816938;-2,57999843988065;-3,04445220952412;-3,98728360456804;-3,99415245406221;-3,32287235000668;-2,69628304501951;-2,14040516008494;-1,19633754221421;-1,84960330131371;-2,2603080512661;-2,90414846937821;-4,92141460905742;-4,97090981906528;-4,04731849779858;-3,37322715574267;-2,69455527776592;0,0576794539318144;0,0155854222123021;0,0401387249306073;0,0163999959496525;0,0336234616251015;0,00774680590242334;0,0133265931673394;0,00615715054981555;-3;-3;1;1;0,1904350350166215;-3;-2,64410995349827;1;1;1;-11188,7742888939;NA;All
1430;1,96257758434098;2,87415933563341;2,32355139752399;2,69474155345606;2,68531789180513;2,29053059399079;2,31860704918659;2,23305006681852;2,48313477831144;1,94897073517181;1,95515506819309;1,62777457260964;1,43790880829806;1,22085994718278;1,60616273421994;1,66185795539309;1,82280167419465;1,53502591153856;2,03174490343709;1,60807750502692;-19,2417130414084;-3,68783563053953;-6,61765924180583;-6,99606346443236;-5,86317244115215;-5,51495529071816;-11,6492872076154;-12,4078840221423;-6,07386567824379;-16,4452001607834;-11,1264558411833;-18,4119066924961;-25,3497131618707;-25,1186183431689;-16,1529241662379;-16,6683966462068;-26,6303402812389;-26,376949772366;-13,7046393897514;-19,1950106200335;2,68199219822906;1,52838389719892;1,55555567096163;0,906735395569924;0,505569093294629;0,505568510213577;0,542423295383888;0,645128743653648;0,999999654320567;0,839312184375599;0,686365732674007;0,484882772849465;0,338111817657018;-2,10248812611053;-2,39107314816938;-2,57999843988065;-3,04445220952412;-3,98728360456804;-3,99415245406221;-3,32287235000668;-2,69628304501951;-2,14040516008494;-1,19633754221421;-1,84960330131371;-2,2603080512661;-2,90414846937821;-4,92141460905742;-4,97090981906528;-4,04731849779858;-3,37322715574267;-2,69455527776592;0,0576794539318144;0,0155854222123021;0,0401387249306073;0,0163999959496525;0,0336234616251015;0,00774680590242334;0,0133265931673394;0,00615715054981555;-3;-3;1;1;0,1263022669581873;-3;-2,08418287576311;1;1;1;-11189,5703443584;NA;All
1440;1,96257758434098;2,87415933563341;2,32355139752399;2,69474155345606;2,68531789180513;2,29053059399079;2,31860704918659;2,23305006681852;2,48313477831144;1,94897073517181;1,95515506819309;1,62777457260964;1,43790880829806;1,22085994718278;1,60616273421994;1,66185795539309;1,82280167419465;1,53502591153856;2,03174490343709;1,60807750502692;-19,2417130414084;-3,68783563053953;-6,61765924180583;-6,99606346443236;-5,86317244115215;-5,51495529071816;-11,6492872076154;-12,4078840221423;-6,07386567824379;-16,4452001607834;-11,1264558411833;-18,4119066924961;-25,3497131618707;-25,1186183431689;-16,1529241662379;-16,6683966462068;-26,6303402812389;-26,376949772366;-13,7046393897514;-19,1950106200335;2,68199219822906;1,52838389719892;1,55555567096163;0,906735395569924;0,505569093294629;0,505568510213577;0,542423295383888;0,645128743653648;0,999999654320567;0,839312184375599;0,686365732674007;0,484882772849465;0,338111817657018;-2,10248812611053;-2,39107314816938;-2,57999843988065;-3,04445220952412;-3,98728360456804;-3,99415245406221;-3,32287235000668;-2,69628304501951;-2,14040516008494;-1,19633754221421;-1,84960330131371;-2,2603080512661;-2,90414846937821;-4,92141460905742;-4,97090981906528;-4,04731849779858;-3,37322715574267;-2,69455527776592;0,0576794539318144;0,0155854222123021;0,0401387249306073;0,0163999959496525;0,0336234616251015;0,00774680590242334;0,0133265931673394;0,00615715054981555;-3;-3;1;1;0,4052326727910786;-3;-3,16096454738823;1;1;1;-11192,1930978020;NA;All
1450;1,96257758434098;2,87415933563341;2,32355139752399;2,69474155345606;2,68531789180513;2,29053059399079;2,31860704918659;2,23305006681852;2,48313477831144;1,94897073517181;1,95515506819309;1,62777457260964;1,43790880829806;1,22085994718278;1,60616273421994;1,66185795539309;1,82280167419465;1,53502591153856;2,03174490343709;1,60807750502692;-19,2417130414084;-3,68783563053953;-6,61765924180583;-6,99606346443236;-5,86317244115215;-5,51495529071816;-11,6492872076154;-12,4078840221423;-6,07386567824379;-16,4452001607834;-11,1264558411833;-18,4119066924961;-25,3497131618707;-25,1186183431689;-16,1529241662379;-16,6683966462068;-26,6303402812389;-26,376949772366;-13,7046393897514;-19,1950106200335;2,68199219822906;1,52838389719892;1,55555567096163;0,906735395569924;0,505569093294629;0,505568510213577;0,542423295383888;0,645128743653648;0,999999654320567;0,839312184375599;0,686365732674007;0,484882772849465;0,338111817657018;-2,10248812611053;-2,39107314816938;-2,57999843988065;-3,04445220952412;-3,98728360456804;-3,99415245406221;-3,32287235000668;-2,69628304501951;-2,14040516008494;-1,19633754221421;-1,84960330131371;-2,2603080512661;-2,90414846937821;-4,92141460905742;-4,97090981906528;-4,04731849779858;-3,37322715574267;-2,69455527776592;0,0576794539318144;0,0155854222123021;0,0401387249306073;0,0163999959496525;0,0336234616251015;0,00774680590242334;0,0133265931673394;0,00615715054981555;-3;-3;1;1;0,1006237762863239;-3;-2,86506819216932;1;1;1;-11189,8618509198;NA;All
1460;1,96257758434098;2,87415933563341;2,32355139752399;2,69474155345606;2,68531789180513;2,29053059399079;2,31860704918659;2,23305006681852;2,48313477831144;1,94897073517181;1,95515506819309;1,62777457260964;1,43790880829806;1,22085994718278;1,60616273421994;1,66185795539309;1,82280167419465;1,53502591153856;2,03174490343709;1,60807750502692;-19,2417130414084;-3,68783563053953;-6,61765924180583;-6,99606346443236;-5,86317244115215;-5,51495529071816;-11,6492872076154;-12,4078840221423;-6,07386567824379;-16,4452001607834;-11,1264558411833;-18,4119066924961;-25,3497131618707;-25,1186183431689;-16,1529241662379;-16,6683966462068;-26,6303402812389;-26,376949772366;-13,7046393897514;-19,1950106200335;2,68199219822906;1,52838389719892;1,55555567096163;0,906735395569924;0,505569093294629;0,505568510213577;0,542423295383888;0,645128743653648;0,999999654320567;0,839312184375599;0,686365732674007;0,484882772849465;0,338111817657018;-2,10248812611053;-2,39107314816938;-2,57999843988065;-3,04445220952412;-3,98728360456804;-3,99415245406221;-3,32287235000668;-2,69628304501951;-2,14040516008494;-1,19633754221421;-1,84960330131371;-2,2603080512661;-2,90414846937821;-4,92141460905742;-4,97090981906528;-4,04731849779858;-3,37322715574267;-2,69455527776592;0,0576794539318144;0,0155854222123021;0,0401387249306073;0,0163999959496525;0,0336234616251015;0,00774680590242334;0,0133265931673394;0,00615715054981555;-3;-3;1;1;0,1439322528813279;-3;-2,22924586058152;1;1;1;-11189,1989154356;NA;All
1470;1,96257758434098;2,87415933563341;2,32355139752399;2,69474155345606;2,68531789180513;2,29053059399079;2,31860704918659;2,23305006681852;2,48313477831144;1,94897073517181;1,95515506819309;1,62777457260964;1,43790880829806;1,22085994718278;1,60616273421994;1,66185795539309;1,82280167419465;1,53502591153856;2,03174490343709;1,60807750502692;-19,2417130414084;-3,68783563053953;-6,61765924180583;-6,99606346443236;-5,86317244115215;-5,51495529071816;-11,6492872076154;-12,4078840221423;-6,07386567824379;-16,4452001607834;-11,1264558411833;-18,4119066924961;-25,3497131618707;-25,1186183431689;-16,1529241662379;-16,6683966462068;-26,6303402812389;-26,376949772366;-13,7046393897514;-19,1950106200335;2,68199219822906;1,52838389719892;1,55555567096163;0,906735395569924;0,505569093294629;0,505568510213577;0,542423295383888;0,645128743653648;0,999999654320567;0,839312184375599;0,686365732674007;0,484882772849465;0,338111817657018;-2,10248812611053;-2,39107314816938;-2,57999843988065;-3,04445220952412;-3,98728360456804;-3,99415245406221;-3,32287235000668;-2,69628304501951;-2,14040516008494;-1,19633754221421;-1,84960330131371;-2,2603080512661;-2,90414846937821;-4,92141460905742;-4,97090981906528;-4,04731849779858;-3,37322715574267;-2,69455527776592;0,0576794539318144;0,0155854222123021;0,0401387249306073;0,0163999959496525;0,0336234616251015;0,00774680590242334;0,0133265931673394;0,00615715054981555;-3;-3;1;1;0,2580013404370456;-3;-3,49906984772611;1;1;1;-11189,1304556424;NA;All
1480;1,96257758434098;2,87415933563341;2,32355139752399;2,69474155345606;2,68531789180513;2,29053059399079;2,31860704918659;2,23305006681852;2,48313477831144;1,94897073517181;1,95515506819309;1,62777457260964;1,43790880829806;1,22085994718278;1,60616273421994;1,66185795539309;1,82280167419465;1,53502591153856;2,03174490343709;1,60807750502692;-19,2417130414084;-3,68783563053953;-6,61765924180583;-6,99606346443236;-5,86317244115215;-5,51495529071816;-11,6492872076154;-12,4078840221423;-6,07386567824379;-16,4452001607834;-11,1264558411833;-18,4119066924961;-25,3497131618707;-25,1186183431689;-16,1529241662379;-16,6683966462068;-26,6303402812389;-26,376949772366;-13,7046393897514;-19,1950106200335;2,68199219822906;1,52838389719892;1,55555567096163;0,906735395569924;0,505569093294629;0,505568510213577;0,542423295383888;0,645128743653648;0,999999654320567;0,839312184375599;0,686365732674007;0,484882772849465;0,338111817657018;-2,10248812611053;-2,39107314816938;-2,57999843988065;-3,04445220952412;-3,98728360456804;-3,99415245406221;-3,32287235000668;-2,69628304501951;-2,14040516008494;-1,19633754221421;-1,84960330131371;-2,2603080512661;-2,90414846937821;-4,92141460905742;-4,97090981906528;-4,04731849779858;-3,37322715574267;-2,69455527776592;0,0576794539318144;0,0155854222123021;0,0401387249306073;0,0163999959496525;0,0336234616251015;0,00774680590242334;0,0133265931673394;0,00615715054981555;-3;-3;1;1;0,1917876959108094;-3;-2,41533849349465;1;1;1;-11188,8402248384;NA;All
1490;1,96257758434098;2,87415933563341;2,32355139752399;2,69474155345606;2,68531789180513;2,29053059399079;2,31860704918659;2,23305006681852;2,48313477831144;1,94897073517181;1,95515506819309;1,62777457260964;1,43790880829806;1,22085994718278;1,60616273421994;1,66185795539309;1,82280167419465;1,53502591153856;2,03174490343709;1,60807750502692;-19,2417130414084;-3,68783563053953;-6,61765924180583;-6,99606346443236;-5,86317244115215;-5,51495529071816;-11,6492872076154;-12,4078840221423;-6,07386567824379;-16,4452001607834;-11,1264558411833;-18,4119066924961;-25,3497131618707;-25,1186183431689;-16,1529241662379;-16,6683966462068;-26,6303402812389;-26,376949772366;-13,7046393897514;-19,1950106200335;2,68199219822906;1,52838389719892;1,55555567096163;0,906735395569924;0,505569093294629;0,505568510213577;0,542423295383888;0,645128743653648;0,999999654320567;0,839312184375599;0,686365732674007;0,484882772849465;0,338111817657018;-2,10248812611053;-2,39107314816938;-2,57999843988065;-3,04445220952412;-3,98728360456804;-3,99415245406221;-3,32287235000668;-2,69628304501951;-2,14040516008494;-1,19633754221421;-1,84960330131371;-2,2603080512661;-2,90414846937821;-4,92141460905742;-4,97090981906528;-4,04731849779858;-3,37322715574267;-2,69455527776592;0,0576794539318144;0,0155854222123021;0,0401387249306073;0,0163999959496525;0,0336234616251015;0,00774680590242334;0,0133265931673394;0,00615715054981555;-3;-3;1;1;0,1917876959108094;-3;-2,41533849349465;1;1;1;-11188,8402248384;NA;All
1500;1,96257758434098;2,87415933563341;2,32355139752399;2,69474155345606;2,68531789180513;2,29053059399079;2,31860704918659;2,23305006681852;2,48313477831144;1,94897073517181;1,95515506819309;1,62777457260964;1,43790880829806;1,22085994718278;1,60616273421994;1,66185795539309;1,82280167419465;1,53502591153856;2,03174490343709;1,60807750502692;-19,2417130414084;-3,68783563053953;-6,61765924180583;-6,99606346443236;-5,86317244115215;-5,51495529071816;-11,6492872076154;-12,4078840221423;-6,07386567824379;-16,4452001607834;-11,1264558411833;-18,4119066924961;-25,3497131618707;-25,1186183431689;-16,1529241662379;-16,6683966462068;-26,6303402812389;-26,376949772366;-13,7046393897514;-19,1950106200335;2,68199219822906;1,52838389719892;1,55555567096163;0,906735395569924;0,505569093294629;0,505568510213577;0,542423295383888;0,645128743653648;0,999999654320567;0,839312184375599;0,686365732674007;0,484882772849465;0,338111817657018;-2,10248812611053;-2,39107314816938;-2,57999843988065;-3,04445220952412;-3,98728360456804;-3,99415245406221;-3,32287235000668;-2,69628304501951;-2,14040516008494;-1,19633754221421;-1,84960330131371;-2,2603080512661;-2,90414846937821;-4,92141460905742;-4,97090981906528;-4,04731849779858;-3,37322715574267;-2,69455527776592;0,0576794539318144;0,0155854222123021;0,0401387249306073;0,0163999959496525;0,0336234616251015;0,00774680590242334;0,0133265931673394;0,00615715054981555;-3;-3;1;1;0,1602175153838349;-3;-2,28229073306649;1;1;1;-11189,0096539204;NA;All
1510;1,96257758434098;2,87415933563341;2,32355139752399;2,69474155345606;2,68531789180513;2,29053059399079;2,31860704918659;2,23305006681852;2,48313477831144;1,94897073517181;1,95515506819309;1,62777457260964;1,43790880829806;1,22085994718278;1,60616273421994;1,66185795539309;1,82280167419465;1,53502591153856;2,03174490343709;1,60807750502692;-19,2417130414084;-3,68783563053953;-6,61765924180583;-6,99606346443236;-5,86317244115215;-5,51495529071816;-11,6492872076154;-12,4078840221423;-6,07386567824379;-16,4452001607834;-11,1264558411833;-18,4119066924961;-25,3497131618707;-25,1186183431689;-16,1529241662379;-16,6683966462068;-26,6303402812389;-26,376949772366;-13,7046393897514;-19,1950106200335;2,68199219822906;1,52838389719892;1,55555567096163;0,906735395569924;0,505569093294629;0,505568510213577;0,542423295383888;0,645128743653648;0,999999654320567;0,839312184375599;0,686365732674007;0,484882772849465;0,338111817657018;-2,10248812611053;-2,39107314816938;-2,57999843988065;-3,04445220952412;-3,98728360456804;-3,99415245406221;-3,32287235000668;-2,69628304501951;-2,14040516008494;-1,19633754221421;-1,84960330131371;-2,2603080512661;-2,90414846937821;-4,92141460905742;-4,97090981906528;-4,04731849779858;-3,37322715574267;-2,69455527776592;0,0576794539318144;0,0155854222123021;0,0401387249306073;0,0163999959496525;0,0336234616251015;0,00774680590242334;0,0133265931673394;0,00615715054981555;-3;-3;1;1;0,2376570923184375;-3;-2,30905766159520;1;1;1;-11189,1030987783;NA;All
1520;1,96257758434098;2,87415933563341;2,32355139752399;2,69474155345606;2,68531789180513;2,29053059399079;2,31860704918659;2,23305006681852;2,48313477831144;1,94897073517181;1,95515506819309;1,62777457260964;1,43790880829806;1,22085994718278;1,60616273421994;1,66185795539309;1,82280167419465;1,53502591153856;2,03174490343709;1,60807750502692;-19,2417130414084;-3,68783563053953;-6,61765924180583;-6,99606346443236;-5,86317244115215;-5,51495529071816;-11,6492872076154;-12,4078840221423;-6,07386567824379;-16,4452001607834;-11,1264558411833;-18,4119066924961;-25,3497131618707;-25,1186183431689;-16,1529241662379;-16,6683966462068;-26,6303402812389;-26,376949772366;-13,7046393897514;-19,1950106200335;2,68199219822906;1,52838389719892;1,55555567096163;0,906735395569924;0,505569093294629;0,505568510213577;0,542423295383888;0,645128743653648;0,999999654320567;0,839312184375599;0,686365732674007;0,484882772849465;0,338111817657018;-2,10248812611053;-2,39107314816938;-2,57999843988065;-3,04445220952412;-3,98728360456804;-3,99415245406221;-3,32287235000668;-2,69628304501951;-2,14040516008494;-1,19633754221421;-1,84960330131371;-2,2603080512661;-2,90414846937821;-4,92141460905742;-4,97090981906528;-4,04731849779858;-3,37322715574267;-2,69455527776592;0,0576794539318144;0,0155854222123021;0,0401387249306073;0,0163999959496525;0,0336234616251015;0,00774680590242334;0,0133265931673394;0,00615715054981555;-3;-3;1;1;0,4538005720983331;-3;-1,72103511987047;1;1;1;-11194,3893414200;NA;All
1530;1,96257758434098;2,87415933563341;2,32355139752399;2,69474155345606;2,68531789180513;2,29053059399079;2,31860704918659;2,23305006681852;2,48313477831144;1,94897073517181;1,95515506819309;1,62777457260964;1,43790880829806;1,22085994718278;1,60616273421994;1,66185795539309;1,82280167419465;1,53502591153856;2,03174490343709;1,60807750502692;-19,2417130414084;-3,68783563053953;-6,61765924180583;-6,99606346443236;-5,86317244115215;-5,51495529071816;-11,6492872076154;-12,4078840221423;-6,07386567824379;-16,4452001607834;-11,1264558411833;-18,4119066924961;-25,3497131618707;-25,1186183431689;-16,1529241662379;-16,6683966462068;-26,6303402812389;-26,376949772366;-13,7046393897514;-19,1950106200335;2,68199219822906;1,52838389719892;1,55555567096163;0,906735395569924;0,505569093294629;0,505568510213577;0,542423295383888;0,645128743653648;0,999999654320567;0,839312184375599;0,686365732674007;0,484882772849465;0,338111817657018;-2,10248812611053;-2,39107314816938;-2,57999843988065;-3,04445220952412;-3,98728360456804;-3,99415245406221;-3,32287235000668;-2,69628304501951;-2,14040516008494;-1,19633754221421;-1,84960330131371;-2,2603080512661;-2,90414846937821;-4,92141460905742;-4,97090981906528;-4,04731849779858;-3,37322715574267;-2,69455527776592;0,0576794539318144;0,0155854222123021;0,0401387249306073;0,0163999959496525;0,0336234616251015;0,00774680590242334;0,0133265931673394;0,00615715054981555;-3;-3;1;1;0,2208213541945714;-3;-2,41665280238758;1;1;1;-11188,9332008438;NA;All
1540;1,96257758434098;2,87415933563341;2,32355139752399;2,69474155345606;2,68531789180513;2,29053059399079;2,31860704918659;2,23305006681852;2,48313477831144;1,94897073517181;1,95515506819309;1,62777457260964;1,43790880829806;1,22085994718278;1,60616273421994;1,66185795539309;1,82280167419465;1,53502591153856;2,03174490343709;1,60807750502692;-19,2417130414084;-3,68783563053953;-6,61765924180583;-6,99606346443236;-5,86317244115215;-5,51495529071816;-11,6492872076154;-12,4078840221423;-6,07386567824379;-16,4452001607834;-11,1264558411833;-18,4119066924961;-25,3497131618707;-25,1186183431689;-16,1529241662379;-16,6683966462068;-26,6303402812389;-26,376949772366;-13,7046393897514;-19,1950106200335;2,68199219822906;1,52838389719892;1,55555567096163;0,906735395569924;0,505569093294629;0,505568510213577;0,542423295383888;0,645128743653648;0,999999654320567;0,839312184375599;0,686365732674007;0,484882772849465;0,338111817657018;-2,10248812611053;-2,39107314816938;-2,57999843988065;-3,04445220952412;-3,98728360456804;-3,99415245406221;-3,32287235000668;-2,69628304501951;-2,14040516008494;-1,19633754221421;-1,84960330131371;-2,2603080512661;-2,90414846937821;-4,92141460905742;-4,97090981906528;-4,04731849779858;-3,37322715574267;-2,69455527776592;0,0576794539318144;0,0155854222123021;0,0401387249306073;0,0163999959496525;0,0336234616251015;0,00774680590242334;0,0133265931673394;0,00615715054981555;-3;-3;1;1;0,2057143434607954;-3;-2,84151964228772;1;1;1;-11188,7642513731;NA;All
1550;1,96257758434098;2,87415933563341;2,32355139752399;2,69474155345606;2,68531789180513;2,29053059399079;2,31860704918659;2,23305006681852;2,48313477831144;1,94897073517181;1,95515506819309;1,62777457260964;1,43790880829806;1,22085994718278;1,60616273421994;1,66185795539309;1,82280167419465;1,53502591153856;2,03174490343709;1,60807750502692;-19,2417130414084;-3,68783563053953;-6,61765924180583;-6,99606346443236;-5,86317244115215;-5,51495529071816;-11,6492872076154;-12,4078840221423;-6,07386567824379;-16,4452001607834;-11,1264558411833;-18,4119066924961;-25,3497131618707;-25,1186183431689;-16,1529241662379;-16,6683966462068;-26,6303402812389;-26,376949772366;-13,7046393897514;-19,1950106200335;2,68199219822906;1,52838389719892;1,55555567096163;0,906735395569924;0,505569093294629;0,505568510213577;0,542423295383888;0,645128743653648;0,999999654320567;0,839312184375599;0,686365732674007;0,484882772849465;0,338111817657018;-2,10248812611053;-2,39107314816938;-2,57999843988065;-3,04445220952412;-3,98728360456804;-3,99415245406221;-3,32287235000668;-2,69628304501951;-2,14040516008494;-1,19633754221421;-1,84960330131371;-2,2603080512661;-2,90414846937821;-4,92141460905742;-4,97090981906528;-4,04731849779858;-3,37322715574267;-2,69455527776592;0,0576794539318144;0,0155854222123021;0,0401387249306073;0,0163999959496525;0,0336234616251015;0,00774680590242334;0,0133265931673394;0,00615715054981555;-3;-3;1;1;0,3633132862571931;-3;-3,77917143130818;1;1;1;-11191,0857902296;NA;All
1560;1,96257758434098;2,87415933563341;2,32355139752399;2,69474155345606;2,68531789180513;2,29053059399079;2,31860704918659;2,23305006681852;2,48313477831144;1,94897073517181;1,95515506819309;1,62777457260964;1,43790880829806;1,22085994718278;1,60616273421994;1,66185795539309;1,82280167419465;1,53502591153856;2,03174490343709;1,60807750502692;-19,2417130414084;-3,68783563053953;-6,61765924180583;-6,99606346443236;-5,86317244115215;-5,51495529071816;-11,6492872076154;-12,4078840221423;-6,07386567824379;-16,4452001607834;-11,1264558411833;-18,4119066924961;-25,3497131618707;-25,1186183431689;-16,1529241662379;-16,6683966462068;-26,6303402812389;-26,376949772366;-13,7046393897514;-19,1950106200335;2,68199219822906;1,52838389719892;1,55555567096163;0,906735395569924;0,505569093294629;0,505568510213577;0,542423295383888;0,645128743653648;0,999999654320567;0,839312184375599;0,686365732674007;0,484882772849465;0,338111817657018;-2,10248812611053;-2,39107314816938;-2,57999843988065;-3,04445220952412;-3,98728360456804;-3,99415245406221;-3,32287235000668;-2,69628304501951;-2,14040516008494;-1,19633754221421;-1,84960330131371;-2,2603080512661;-2,90414846937821;-4,92141460905742;-4,97090981906528;-4,04731849779858;-3,37322715574267;-2,69455527776592;0,0576794539318144;0,0155854222123021;0,0401387249306073;0,0163999959496525;0,0336234616251015;0,00774680590242334;0,0133265931673394;0,00615715054981555;-3;-3;1;1;0,2664409741720866;-3;-3,28308558939624;1;1;1;-11189,2456537330;NA;All
1570;1,96257758434098;2,87415933563341;2,32355139752399;2,69474155345606;2,68531789180513;2,29053059399079;2,31860704918659;2,23305006681852;2,48313477831144;1,94897073517181;1,95515506819309;1,62777457260964;1,43790880829806;1,22085994718278;1,60616273421994;1,66185795539309;1,82280167419465;1,53502591153856;2,03174490343709;1,60807750502692;-19,2417130414084;-3,68783563053953;-6,61765924180583;-6,99606346443236;-5,86317244115215;-5,51495529071816;-11,6492872076154;-12,4078840221423;-6,07386567824379;-16,4452001607834;-11,1264558411833;-18,4119066924961;-25,3497131618707;-25,1186183431689;-16,1529241662379;-16,6683966462068;-26,6303402812389;-26,376949772366;-13,7046393897514;-19,1950106200335;2,68199219822906;1,52838389719892;1,55555567096163;0,906735395569924;0,505569093294629;0,505568510213577;0,542423295383888;0,645128743653648;0,999999654320567;0,839312184375599;0,686365732674007;0,484882772849465;0,338111817657018;-2,10248812611053;-2,39107314816938;-2,57999843988065;-3,04445220952412;-3,98728360456804;-3,99415245406221;-3,32287235000668;-2,69628304501951;-2,14040516008494;-1,19633754221421;-1,84960330131371;-2,2603080512661;-2,90414846937821;-4,92141460905742;-4,97090981906528;-4,04731849779858;-3,37322715574267;-2,69455527776592;0,0576794539318144;0,0155854222123021;0,0401387249306073;0,0163999959496525;0,0336234616251015;0,00774680590242334;0,0133265931673394;0,00615715054981555;-3;-3;1;1;0,1110890846616994;-3;-2,99337590118524;1;1;1;-11189,5742025451;NA;All
1580;1,96257758434098;2,87415933563341;2,32355139752399;2,69474155345606;2,68531789180513;2,29053059399079;2,31860704918659;2,23305006681852;2,48313477831144;1,94897073517181;1,95515506819309;1,62777457260964;1,43790880829806;1,22085994718278;1,60616273421994;1,66185795539309;1,82280167419465;1,53502591153856;2,03174490343709;1,60807750502692;-19,2417130414084;-3,68783563053953;-6,61765924180583;-6,99606346443236;-5,86317244115215;-5,51495529071816;-11,6492872076154;-12,4078840221423;-6,07386567824379;-16,4452001607834;-11,1264558411833;-18,4119066924961;-25,3497131618707;-25,1186183431689;-16,1529241662379;-16,6683966462068;-26,6303402812389;-26,376949772366;-13,7046393897514;-19,1950106200335;2,68199219822906;1,52838389719892;1,55555567096163;0,906735395569924;0,505569093294629;0,505568510213577;0,542423295383888;0,645128743653648;0,999999654320567;0,839312184375599;0,686365732674007;0,484882772849465;0,338111817657018;-2,10248812611053;-2,39107314816938;-2,57999843988065;-3,04445220952412;-3,98728360456804;-3,99415245406221;-3,32287235000668;-2,69628304501951;-2,14040516008494;-1,19633754221421;-1,84960330131371;-2,2603080512661;-2,90414846937821;-4,92141460905742;-4,97090981906528;-4,04731849779858;-3,37322715574267;-2,69455527776592;0,0576794539318144;0,0155854222123021;0,0401387249306073;0,0163999959496525;0,0336234616251015;0,00774680590242334;0,0133265931673394;0,00615715054981555;-3;-3;1;1;0,1944198764553215;-3;-3,58336678396869;1;1;1;-11188,6943140049;NA;All
1590;1,96257758434098;2,87415933563341;2,32355139752399;2,69474155345606;2,68531789180513;2,29053059399079;2,31860704918659;2,23305006681852;2,48313477831144;1,94897073517181;1,95515506819309;1,62777457260964;1,43790880829806;1,22085994718278;1,60616273421994;1,66185795539309;1,82280167419465;1,53502591153856;2,03174490343709;1,60807750502692;-19,2417130414084;-3,68783563053953;-6,61765924180583;-6,99606346443236;-5,86317244115215;-5,51495529071816;-11,6492872076154;-12,4078840221423;-6,07386567824379;-16,4452001607834;-11,1264558411833;-18,4119066924961;-25,3497131618707;-25,1186183431689;-16,1529241662379;-16,6683966462068;-26,6303402812389;-26,376949772366;-13,7046393897514;-19,1950106200335;2,68199219822906;1,52838389719892;1,55555567096163;0,906735395569924;0,505569093294629;0,505568510213577;0,542423295383888;0,645128743653648;0,999999654320567;0,839312184375599;0,686365732674007;0,484882772849465;0,338111817657018;-2,10248812611053;-2,39107314816938;-2,57999843988065;-3,04445220952412;-3,98728360456804;-3,99415245406221;-3,32287235000668;-2,69628304501951;-2,14040516008494;-1,19633754221421;-1,84960330131371;-2,2603080512661;-2,90414846937821;-4,92141460905742;-4,97090981906528;-4,04731849779858;-3,37322715574267;-2,69455527776592;0,0576794539318144;0,0155854222123021;0,0401387249306073;0,0163999959496525;0,0336234616251015;0,00774680590242334;0,0133265931673394;0,00615715054981555;-3;-3;1;1;0,1091250572709966;-3;-2,19691823337621;1;1;1;-11189,8525926125;NA;All
1600;1,96257758434098;2,87415933563341;2,32355139752399;2,69474155345606;2,68531789180513;2,29053059399079;2,31860704918659;2,23305006681852;2,48313477831144;1,94897073517181;1,95515506819309;1,62777457260964;1,43790880829806;1,22085994718278;1,60616273421994;1,66185795539309;1,82280167419465;1,53502591153856;2,03174490343709;1,60807750502692;-19,2417130414084;-3,68783563053953;-6,61765924180583;-6,99606346443236;-5,86317244115215;-5,51495529071816;-11,6492872076154;-12,4078840221423;-6,07386567824379;-16,4452001607834;-11,1264558411833;-18,4119066924961;-25,3497131618707;-25,1186183431689;-16,1529241662379;-16,6683966462068;-26,6303402812389;-26,376949772366;-13,7046393897514;-19,1950106200335;2,68199219822906;1,52838389719892;1,55555567096163;0,906735395569924;0,505569093294629;0,505568510213577;0,542423295383888;0,645128743653648;0,999999654320567;0,839312184375599;0,686365732674007;0,484882772849465;0,338111817657018;-2,10248812611053;-2,39107314816938;-2,57999843988065;-3,04445220952412;-3,98728360456804;-3,99415245406221;-3,32287235000668;-2,69628304501951;-2,14040516008494;-1,19633754221421;-1,84960330131371;-2,2603080512661;-2,90414846937821;-4,92141460905742;-4,97090981906528;-4,04731849779858;-3,37322715574267;-2,69455527776592;0,0576794539318144;0,0155854222123021;0,0401387249306073;0,0163999959496525;0,0336234616251015;0,00774680590242334;0,0133265931673394;0,00615715054981555;-3;-3;1;1;0,2777727720274920;-3;-2,56478271662450;1;1;1;-11189,4925918611;NA;All
1610;1,96257758434098;2,87415933563341;2,32355139752399;2,69474155345606;2,68531789180513;2,29053059399079;2,31860704918659;2,23305006681852;2,48313477831144;1,94897073517181;1,95515506819309;1,62777457260964;1,43790880829806;1,22085994718278;1,60616273421994;1,66185795539309;1,82280167419465;1,53502591153856;2,03174490343709;1,60807750502692;-19,2417130414084;-3,68783563053953;-6,61765924180583;-6,99606346443236;-5,86317244115215;-5,51495529071816;-11,6492872076154;-12,4078840221423;-6,07386567824379;-16,4452001607834;-11,1264558411833;-18,4119066924961;-25,3497131618707;-25,1186183431689;-16,1529241662379;-16,6683966462068;-26,6303402812389;-26,376949772366;-13,7046393897514;-19,1950106200335;2,68199219822906;1,52838389719892;1,55555567096163;0,906735395569924;0,505569093294629;0,505568510213577;0,542423295383888;0,645128743653648;0,999999654320567;0,839312184375599;0,686365732674007;0,484882772849465;0,338111817657018;-2,10248812611053;-2,39107314816938;-2,57999843988065;-3,04445220952412;-3,98728360456804;-3,99415245406221;-3,32287235000668;-2,69628304501951;-2,14040516008494;-1,19633754221421;-1,84960330131371;-2,2603080512661;-2,90414846937821;-4,92141460905742;-4,97090981906528;-4,04731849779858;-3,37322715574267;-2,69455527776592;0,0576794539318144;0,0155854222123021;0,0401387249306073;0,0163999959496525;0,0336234616251015;0,00774680590242334;0,0133265931673394;0,00615715054981555;-3;-3;1;1;0,2803522235408251;-3;-3,51895410191275;1;1;1;-11189,4349008816;NA;All
1620;1,96257758434098;2,87415933563341;2,32355139752399;2,69474155345606;2,68531789180513;2,29053059399079;2,31860704918659;2,23305006681852;2,48313477831144;1,94897073517181;1,95515506819309;1,62777457260964;1,43790880829806;1,22085994718278;1,60616273421994;1,66185795539309;1,82280167419465;1,53502591153856;2,03174490343709;1,60807750502692;-19,2417130414084;-3,68783563053953;-6,61765924180583;-6,99606346443236;-5,86317244115215;-5,51495529071816;-11,6492872076154;-12,4078840221423;-6,07386567824379;-16,4452001607834;-11,1264558411833;-18,4119066924961;-25,3497131618707;-25,1186183431689;-16,1529241662379;-16,6683966462068;-26,6303402812389;-26,376949772366;-13,7046393897514;-19,1950106200335;2,68199219822906;1,52838389719892;1,55555567096163;0,906735395569924;0,505569093294629;0,505568510213577;0,542423295383888;0,645128743653648;0,999999654320567;0,839312184375599;0,686365732674007;0,484882772849465;0,338111817657018;-2,10248812611053;-2,39107314816938;-2,57999843988065;-3,04445220952412;-3,98728360456804;-3,99415245406221;-3,32287235000668;-2,69628304501951;-2,14040516008494;-1,19633754221421;-1,84960330131371;-2,2603080512661;-2,90414846937821;-4,92141460905742;-4,97090981906528;-4,04731849779858;-3,37322715574267;-2,69455527776592;0,0576794539318144;0,0155854222123021;0,0401387249306073;0,0163999959496525;0,0336234616251015;0,00774680590242334;0,0133265931673394;0,00615715054981555;-3;-3;1;1;0,2349031544605404;-3;-2,84975677356470;1;1;1;-11188,9351339426;NA;All
1630;1,96257758434098;2,87415933563341;2,32355139752399;2,69474155345606;2,68531789180513;2,29053059399079;2,31860704918659;2,23305006681852;2,48313477831144;1,94897073517181;1,95515506819309;1,62777457260964;1,43790880829806;1,22085994718278;1,60616273421994;1,66185795539309;1,82280167419465;1,53502591153856;2,03174490343709;1,60807750502692;-19,2417130414084;-3,68783563053953;-6,61765924180583;-6,99606346443236;-5,86317244115215;-5,51495529071816;-11,6492872076154;-12,4078840221423;-6,07386567824379;-16,4452001607834;-11,1264558411833;-18,4119066924961;-25,3497131618707;-25,1186183431689;-16,1529241662379;-16,6683966462068;-26,6303402812389;-26,376949772366;-13,7046393897514;-19,1950106200335;2,68199219822906;1,52838389719892;1,55555567096163;0,906735395569924;0,505569093294629;0,505568510213577;0,542423295383888;0,645128743653648;0,999999654320567;0,839312184375599;0,686365732674007;0,484882772849465;0,338111817657018;-2,10248812611053;-2,39107314816938;-2,57999843988065;-3,04445220952412;-3,98728360456804;-3,99415245406221;-3,32287235000668;-2,69628304501951;-2,14040516008494;-1,19633754221421;-1,84960330131371;-2,2603080512661;-2,90414846937821;-4,92141460905742;-4,97090981906528;-4,04731849779858;-3,37322715574267;-2,69455527776592;0,0576794539318144;0,0155854222123021;0,0401387249306073;0,0163999959496525;0,0336234616251015;0,00774680590242334;0,0133265931673394;0,00615715054981555;-3;-3;1;1;0,2200742062595855;-3;-3,39821540989191;1;1;1;-11188,7881341341;NA;All
1640;1,96257758434098;2,87415933563341;2,32355139752399;2,69474155345606;2,68531789180513;2,29053059399079;2,31860704918659;2,23305006681852;2,48313477831144;1,94897073517181;1,95515506819309;1,62777457260964;1,43790880829806;1,22085994718278;1,60616273421994;1,66185795539309;1,82280167419465;1,53502591153856;2,03174490343709;1,60807750502692;-19,2417130414084;-3,68783563053953;-6,61765924180583;-6,99606346443236;-5,86317244115215;-5,51495529071816;-11,6492872076154;-12,4078840221423;-6,07386567824379;-16,4452001607834;-11,1264558411833;-18,4119066924961;-25,3497131618707;-25,1186183431689;-16,1529241662379;-16,6683966462068;-26,6303402812389;-26,376949772366;-13,7046393897514;-19,1950106200335;2,68199219822906;1,52838389719892;1,55555567096163;0,906735395569924;0,505569093294629;0,505568510213577;0,542423295383888;0,645128743653648;0,999999654320567;0,839312184375599;0,686365732674007;0,484882772849465;0,338111817657018;-2,10248812611053;-2,39107314816938;-2,57999843988065;-3,04445220952412;-3,98728360456804;-3,99415245406221;-3,32287235000668;-2,69628304501951;-2,14040516008494;-1,19633754221421;-1,84960330131371;-2,2603080512661;-2,90414846937821;-4,92141460905742;-4,97090981906528;-4,04731849779858;-3,37322715574267;-2,69455527776592;0,0576794539318144;0,0155854222123021;0,0401387249306073;0,0163999959496525;0,0336234616251015;0,00774680590242334;0,0133265931673394;0,00615715054981555;-3;-3;1;1;0,2451957334918066;-3;-3,94875738247603;1;1;1;-11188,9790965242;NA;All
1650;1,96257758434098;2,87415933563341;2,32355139752399;2,69474155345606;2,68531789180513;2,29053059399079;2,31860704918659;2,23305006681852;2,48313477831144;1,94897073517181;1,95515506819309;1,62777457260964;1,43790880829806;1,22085994718278;1,60616273421994;1,66185795539309;1,82280167419465;1,53502591153856;2,03174490343709;1,60807750502692;-19,2417130414084;-3,68783563053953;-6,61765924180583;-6,99606346443236;-5,86317244115215;-5,51495529071816;-11,6492872076154;-12,4078840221423;-6,07386567824379;-16,4452001607834;-11,1264558411833;-18,4119066924961;-25,3497131618707;-25,1186183431689;-16,1529241662379;-16,6683966462068;-26,6303402812389;-26,376949772366;-13,7046393897514;-19,1950106200335;2,68199219822906;1,52838389719892;1,55555567096163;0,906735395569924;0,505569093294629;0,505568510213577;0,542423295383888;0,645128743653648;0,999999654320567;0,839312184375599;0,686365732674007;0,484882772849465;0,338111817657018;-2,10248812611053;-2,39107314816938;-2,57999843988065;-3,04445220952412;-3,98728360456804;-3,99415245406221;-3,32287235000668;-2,69628304501951;-2,14040516008494;-1,19633754221421;-1,84960330131371;-2,2603080512661;-2,90414846937821;-4,92141460905742;-4,97090981906528;-4,04731849779858;-3,37322715574267;-2,69455527776592;0,0576794539318144;0,0155854222123021;0,0401387249306073;0,0163999959496525;0,0336234616251015;0,00774680590242334;0,0133265931673394;0,00615715054981555;-3;-3;1;1;0,2639751582180523;-3;-1,99270681210681;1;1;1;-11189,6193589694;NA;All
1660;1,96257758434098;2,87415933563341;2,32355139752399;2,69474155345606;2,68531789180513;2,29053059399079;2,31860704918659;2,23305006681852;2,48313477831144;1,94897073517181;1,95515506819309;1,62777457260964;1,43790880829806;1,22085994718278;1,60616273421994;1,66185795539309;1,82280167419465;1,53502591153856;2,03174490343709;1,60807750502692;-19,2417130414084;-3,68783563053953;-6,61765924180583;-6,99606346443236;-5,86317244115215;-5,51495529071816;-11,6492872076154;-12,4078840221423;-6,07386567824379;-16,4452001607834;-11,1264558411833;-18,4119066924961;-25,3497131618707;-25,1186183431689;-16,1529241662379;-16,6683966462068;-26,6303402812389;-26,376949772366;-13,7046393897514;-19,1950106200335;2,68199219822906;1,52838389719892;1,55555567096163;0,906735395569924;0,505569093294629;0,505568510213577;0,542423295383888;0,645128743653648;0,999999654320567;0,839312184375599;0,686365732674007;0,484882772849465;0,338111817657018;-2,10248812611053;-2,39107314816938;-2,57999843988065;-3,04445220952412;-3,98728360456804;-3,99415245406221;-3,32287235000668;-2,69628304501951;-2,14040516008494;-1,19633754221421;-1,84960330131371;-2,2603080512661;-2,90414846937821;-4,92141460905742;-4,97090981906528;-4,04731849779858;-3,37322715574267;-2,69455527776592;0,0576794539318144;0,0155854222123021;0,0401387249306073;0,0163999959496525;0,0336234616251015;0,00774680590242334;0,0133265931673394;0,00615715054981555;-3;-3;1;1;0,1139008878983883;-3;-3,49686682721739;1;1;1;-11189,4795498919;NA;All
1670;1,96257758434098;2,87415933563341;2,32355139752399;2,69474155345606;2,68531789180513;2,29053059399079;2,31860704918659;2,23305006681852;2,48313477831144;1,94897073517181;1,95515506819309;1,62777457260964;1,43790880829806;1,22085994718278;1,60616273421994;1,66185795539309;1,82280167419465;1,53502591153856;2,03174490343709;1,60807750502692;-19,2417130414084;-3,68783563053953;-6,61765924180583;-6,99606346443236;-5,86317244115215;-5,51495529071816;-11,6492872076154;-12,4078840221423;-6,07386567824379;-16,4452001607834;-11,1264558411833;-18,4119066924961;-25,3497131618707;-25,1186183431689;-16,1529241662379;-16,6683966462068;-26,6303402812389;-26,376949772366;-13,7046393897514;-19,1950106200335;2,68199219822906;1,52838389719892;1,55555567096163;0,906735395569924;0,505569093294629;0,505568510213577;0,542423295383888;0,645128743653648;0,999999654320567;0,839312184375599;0,686365732674007;0,484882772849465;0,338111817657018;-2,10248812611053;-2,39107314816938;-2,57999843988065;-3,04445220952412;-3,98728360456804;-3,99415245406221;-3,32287235000668;-2,69628304501951;-2,14040516008494;-1,19633754221421;-1,84960330131371;-2,2603080512661;-2,90414846937821;-4,92141460905742;-4,97090981906528;-4,04731849779858;-3,37322715574267;-2,69455527776592;0,0576794539318144;0,0155854222123021;0,0401387249306073;0,0163999959496525;0,0336234616251015;0,00774680590242334;0,0133265931673394;0,00615715054981555;-3;-3;1;1;0,2038984585106464;-3;-2,55806167998911;1;1;1;-11188,8133148225;NA;All
1680;1,96257758434098;2,87415933563341;2,32355139752399;2,69474155345606;2,68531789180513;2,29053059399079;2,31860704918659;2,23305006681852;2,48313477831144;1,94897073517181;1,95515506819309;1,62777457260964;1,43790880829806;1,22085994718278;1,60616273421994;1,66185795539309;1,82280167419465;1,53502591153856;2,03174490343709;1,60807750502692;-19,2417130414084;-3,68783563053953;-6,61765924180583;-6,99606346443236;-5,86317244115215;-5,51495529071816;-11,6492872076154;-12,4078840221423;-6,07386567824379;-16,4452001607834;-11,1264558411833;-18,4119066924961;-25,3497131618707;-25,1186183431689;-16,1529241662379;-16,6683966462068;-26,6303402812389;-26,376949772366;-13,7046393897514;-19,1950106200335;2,68199219822906;1,52838389719892;1,55555567096163;0,906735395569924;0,505569093294629;0,505568510213577;0,542423295383888;0,645128743653648;0,999999654320567;0,839312184375599;0,686365732674007;0,484882772849465;0,338111817657018;-2,10248812611053;-2,39107314816938;-2,57999843988065;-3,04445220952412;-3,98728360456804;-3,99415245406221;-3,32287235000668;-2,69628304501951;-2,14040516008494;-1,19633754221421;-1,84960330131371;-2,2603080512661;-2,90414846937821;-4,92141460905742;-4,97090981906528;-4,04731849779858;-3,37322715574267;-2,69455527776592;0,0576794539318144;0,0155854222123021;0,0401387249306073;0,0163999959496525;0,0336234616251015;0,00774680590242334;0,0133265931673394;0,00615715054981555;-3;-3;1;1;0,3200985061593115;-3;-3,86174770822799;1;1;1;-11190,1298958029;NA;All
1690;1,96257758434098;2,87415933563341;2,32355139752399;2,69474155345606;2,68531789180513;2,29053059399079;2,31860704918659;2,23305006681852;2,48313477831144;1,94897073517181;1,95515506819309;1,62777457260964;1,43790880829806;1,22085994718278;1,60616273421994;1,66185795539309;1,82280167419465;1,53502591153856;2,03174490343709;1,60807750502692;-19,2417130414084;-3,68783563053953;-6,61765924180583;-6,99606346443236;-5,86317244115215;-5,51495529071816;-11,6492872076154;-12,4078840221423;-6,07386567824379;-16,4452001607834;-11,1264558411833;-18,4119066924961;-25,3497131618707;-25,1186183431689;-16,1529241662379;-16,6683966462068;-26,6303402812389;-26,376949772366;-13,7046393897514;-19,1950106200335;2,68199219822906;1,52838389719892;1,55555567096163;0,906735395569924;0,505569093294629;0,505568510213577;0,542423295383888;0,645128743653648;0,999999654320567;0,839312184375599;0,686365732674007;0,484882772849465;0,338111817657018;-2,10248812611053;-2,39107314816938;-2,57999843988065;-3,04445220952412;-3,98728360456804;-3,99415245406221;-3,32287235000668;-2,69628304501951;-2,14040516008494;-1,19633754221421;-1,84960330131371;-2,2603080512661;-2,90414846937821;-4,92141460905742;-4,97090981906528;-4,04731849779858;-3,37322715574267;-2,69455527776592;0,0576794539318144;0,0155854222123021;0,0401387249306073;0,0163999959496525;0,0336234616251015;0,00774680590242334;0,0133265931673394;0,00615715054981555;-3;-3;1;1;0,2057342227732586;-3;-3,69749708763533;1;1;1;-11188,7149250173;NA;All
1700;1,96257758434098;2,87415933563341;2,32355139752399;2,69474155345606;2,68531789180513;2,29053059399079;2,31860704918659;2,23305006681852;2,48313477831144;1,94897073517181;1,95515506819309;1,62777457260964;1,43790880829806;1,22085994718278;1,60616273421994;1,66185795539309;1,82280167419465;1,53502591153856;2,03174490343709;1,60807750502692;-19,2417130414084;-3,68783563053953;-6,61765924180583;-6,99606346443236;-5,86317244115215;-5,51495529071816;-11,6492872076154;-12,4078840221423;-6,07386567824379;-16,4452001607834;-11,1264558411833;-18,4119066924961;-25,3497131618707;-25,1186183431689;-16,1529241662379;-16,6683966462068;-26,6303402812389;-26,376949772366;-13,7046393897514;-19,1950106200335;2,68199219822906;1,52838389719892;1,55555567096163;0,906735395569924;0,505569093294629;0,505568510213577;0,542423295383888;0,645128743653648;0,999999654320567;0,839312184375599;0,686365732674007;0,484882772849465;0,338111817657018;-2,10248812611053;-2,39107314816938;-2,57999843988065;-3,04445220952412;-3,98728360456804;-3,99415245406221;-3,32287235000668;-2,69628304501951;-2,14040516008494;-1,19633754221421;-1,84960330131371;-2,2603080512661;-2,90414846937821;-4,92141460905742;-4,97090981906528;-4,04731849779858;-3,37322715574267;-2,69455527776592;0,0576794539318144;0,0155854222123021;0,0401387249306073;0,0163999959496525;0,0336234616251015;0,00774680590242334;0,0133265931673394;0,00615715054981555;-3;-3;1;1;0,1931438376317277;-3;-3,94954509169395;1;1;1;-11188,6864713360;NA;All
1710;1,96257758434098;2,87415933563341;2,32355139752399;2,69474155345606;2,68531789180513;2,29053059399079;2,31860704918659;2,23305006681852;2,48313477831144;1,94897073517181;1,95515506819309;1,62777457260964;1,43790880829806;1,22085994718278;1,60616273421994;1,66185795539309;1,82280167419465;1,53502591153856;2,03174490343709;1,60807750502692;-19,2417130414084;-3,68783563053953;-6,61765924180583;-6,99606346443236;-5,86317244115215;-5,51495529071816;-11,6492872076154;-12,4078840221423;-6,07386567824379;-16,4452001607834;-11,1264558411833;-18,4119066924961;-25,3497131618707;-25,1186183431689;-16,1529241662379;-16,6683966462068;-26,6303402812389;-26,376949772366;-13,7046393897514;-19,1950106200335;2,68199219822906;1,52838389719892;1,55555567096163;0,906735395569924;0,505569093294629;0,505568510213577;0,542423295383888;0,645128743653648;0,999999654320567;0,839312184375599;0,686365732674007;0,484882772849465;0,338111817657018;-2,10248812611053;-2,39107314816938;-2,57999843988065;-3,04445220952412;-3,98728360456804;-3,99415245406221;-3,32287235000668;-2,69628304501951;-2,14040516008494;-1,19633754221421;-1,84960330131371;-2,2603080512661;-2,90414846937821;-4,92141460905742;-4,97090981906528;-4,04731849779858;-3,37322715574267;-2,69455527776592;0,0576794539318144;0,0155854222123021;0,0401387249306073;0,0163999959496525;0,0336234616251015;0,00774680590242334;0,0133265931673394;0,00615715054981555;-3;-3;1;1;0,0712693178265686;-3;-2,35571412386572;1;1;1;-11191,0485339234;NA;All
1720;1,96257758434098;2,87415933563341;2,32355139752399;2,69474155345606;2,68531789180513;2,29053059399079;2,31860704918659;2,23305006681852;2,48313477831144;1,94897073517181;1,95515506819309;1,62777457260964;1,43790880829806;1,22085994718278;1,60616273421994;1,66185795539309;1,82280167419465;1,53502591153856;2,03174490343709;1,60807750502692;-19,2417130414084;-3,68783563053953;-6,61765924180583;-6,99606346443236;-5,86317244115215;-5,51495529071816;-11,6492872076154;-12,4078840221423;-6,07386567824379;-16,4452001607834;-11,1264558411833;-18,4119066924961;-25,3497131618707;-25,1186183431689;-16,1529241662379;-16,6683966462068;-26,6303402812389;-26,376949772366;-13,7046393897514;-19,1950106200335;2,68199219822906;1,52838389719892;1,55555567096163;0,906735395569924;0,505569093294629;0,505568510213577;0,542423295383888;0,645128743653648;0,999999654320567;0,839312184375599;0,686365732674007;0,484882772849465;0,338111817657018;-2,10248812611053;-2,39107314816938;-2,57999843988065;-3,04445220952412;-3,98728360456804;-3,99415245406221;-3,32287235000668;-2,69628304501951;-2,14040516008494;-1,19633754221421;-1,84960330131371;-2,2603080512661;-2,90414846937821;-4,92141460905742;-4,97090981906528;-4,04731849779858;-3,37322715574267;-2,69455527776592;0,0576794539318144;0,0155854222123021;0,0401387249306073;0,0163999959496525;0,0336234616251015;0,00774680590242334;0,0133265931673394;0,00615715054981555;-3;-3;1;1;0,2644430625636136;-3;-2,95727330180584;1;1;1;-11189,2418661273;NA;All
1730;1,96257758434098;2,87415933563341;2,32355139752399;2,69474155345606;2,68531789180513;2,29053059399079;2,31860704918659;2,23305006681852;2,48313477831144;1,94897073517181;1,95515506819309;1,62777457260964;1,43790880829806;1,22085994718278;1,60616273421994;1,66185795539309;1,82280167419465;1,53502591153856;2,03174490343709;1,60807750502692;-19,2417130414084;-3,68783563053953;-6,61765924180583;-6,99606346443236;-5,86317244115215;-5,51495529071816;-11,6492872076154;-12,4078840221423;-6,07386567824379;-16,4452001607834;-11,1264558411833;-18,4119066924961;-25,3497131618707;-25,1186183431689;-16,1529241662379;-16,6683966462068;-26,6303402812389;-26,376949772366;-13,7046393897514;-19,1950106200335;2,68199219822906;1,52838389719892;1,55555567096163;0,906735395569924;0,505569093294629;0,505568510213577;0,542423295383888;0,645128743653648;0,999999654320567;0,839312184375599;0,686365732674007;0,484882772849465;0,338111817657018;-2,10248812611053;-2,39107314816938;-2,57999843988065;-3,04445220952412;-3,98728360456804;-3,99415245406221;-3,32287235000668;-2,69628304501951;-2,14040516008494;-1,19633754221421;-1,84960330131371;-2,2603080512661;-2,90414846937821;-4,92141460905742;-4,97090981906528;-4,04731849779858;-3,37322715574267;-2,69455527776592;0,0576794539318144;0,0155854222123021;0,0401387249306073;0,0163999959496525;0,0336234616251015;0,00774680590242334;0,0133265931673394;0,00615715054981555;-3;-3;1;1;0,1247772839760224;-3;-2,52119690309780;1;1;1;-11189,3670603127;NA;All
1740;1,96257758434098;2,87415933563341;2,32355139752399;2,69474155345606;2,68531789180513;2,29053059399079;2,31860704918659;2,23305006681852;2,48313477831144;1,94897073517181;1,95515506819309;1,62777457260964;1,43790880829806;1,22085994718278;1,60616273421994;1,66185795539309;1,82280167419465;1,53502591153856;2,03174490343709;1,60807750502692;-19,2417130414084;-3,68783563053953;-6,61765924180583;-6,99606346443236;-5,86317244115215;-5,51495529071816;-11,6492872076154;-12,4078840221423;-6,07386567824379;-16,4452001607834;-11,1264558411833;-18,4119066924961;-25,3497131618707;-25,1186183431689;-16,1529241662379;-16,6683966462068;-26,6303402812389;-26,376949772366;-13,7046393897514;-19,1950106200335;2,68199219822906;1,52838389719892;1,55555567096163;0,906735395569924;0,505569093294629;0,505568510213577;0,542423295383888;0,645128743653648;0,999999654320567;0,839312184375599;0,686365732674007;0,484882772849465;0,338111817657018;-2,10248812611053;-2,39107314816938;-2,57999843988065;-3,04445220952412;-3,98728360456804;-3,99415245406221;-3,32287235000668;-2,69628304501951;-2,14040516008494;-1,19633754221421;-1,84960330131371;-2,2603080512661;-2,90414846937821;-4,92141460905742;-4,97090981906528;-4,04731849779858;-3,37322715574267;-2,69455527776592;0,0576794539318144;0,0155854222123021;0,0401387249306073;0,0163999959496525;0,0336234616251015;0,00774680590242334;0,0133265931673394;0,00615715054981555;-3;-3;1;1;0,2001678561950204;-3;-3,23065684183628;1;1;1;-11188,7159131423;NA;All
1750;1,96257758434098;2,87415933563341;2,32355139752399;2,69474155345606;2,68531789180513;2,29053059399079;2,31860704918659;2,23305006681852;2,48313477831144;1,94897073517181;1,95515506819309;1,62777457260964;1,43790880829806;1,22085994718278;1,60616273421994;1,66185795539309;1,82280167419465;1,53502591153856;2,03174490343709;1,60807750502692;-19,2417130414084;-3,68783563053953;-6,61765924180583;-6,99606346443236;-5,86317244115215;-5,51495529071816;-11,6492872076154;-12,4078840221423;-6,07386567824379;-16,4452001607834;-11,1264558411833;-18,4119066924961;-25,3497131618707;-25,1186183431689;-16,1529241662379;-16,6683966462068;-26,6303402812389;-26,376949772366;-13,7046393897514;-19,1950106200335;2,68199219822906;1,52838389719892;1,55555567096163;0,906735395569924;0,505569093294629;0,505568510213577;0,542423295383888;0,645128743653648;0,999999654320567;0,839312184375599;0,686365732674007;0,484882772849465;0,338111817657018;-2,10248812611053;-2,39107314816938;-2,57999843988065;-3,04445220952412;-3,98728360456804;-3,99415245406221;-3,32287235000668;-2,69628304501951;-2,14040516008494;-1,19633754221421;-1,84960330131371;-2,2603080512661;-2,90414846937821;-4,92141460905742;-4,97090981906528;-4,04731849779858;-3,37322715574267;-2,69455527776592;0,0576794539318144;0,0155854222123021;0,0401387249306073;0,0163999959496525;0,0336234616251015;0,00774680590242334;0,0133265931673394;0,00615715054981555;-3;-3;1;1;0,2700770169583199;-3;-2,71925589781526;1;1;1;-11189,3499058320;NA;All
1760;1,96257758434098;2,87415933563341;2,32355139752399;2,69474155345606;2,68531789180513;2,29053059399079;2,31860704918659;2,23305006681852;2,48313477831144;1,94897073517181;1,95515506819309;1,62777457260964;1,43790880829806;1,22085994718278;1,60616273421994;1,66185795539309;1,82280167419465;1,53502591153856;2,03174490343709;1,60807750502692;-19,2417130414084;-3,68783563053953;-6,61765924180583;-6,99606346443236;-5,86317244115215;-5,51495529071816;-11,6492872076154;-12,4078840221423;-6,07386567824379;-16,4452001607834;-11,1264558411833;-18,4119066924961;-25,3497131618707;-25,1186183431689;-16,1529241662379;-16,6683966462068;-26,6303402812389;-26,376949772366;-13,7046393897514;-19,1950106200335;2,68199219822906;1,52838389719892;1,55555567096163;0,906735395569924;0,505569093294629;0,505568510213577;0,542423295383888;0,645128743653648;0,999999654320567;0,839312184375599;0,686365732674007;0,484882772849465;0,338111817657018;-2,10248812611053;-2,39107314816938;-2,57999843988065;-3,04445220952412;-3,98728360456804;-3,99415245406221;-3,32287235000668;-2,69628304501951;-2,14040516008494;-1,19633754221421;-1,84960330131371;-2,2603080512661;-2,90414846937821;-4,92141460905742;-4,97090981906528;-4,04731849779858;-3,37322715574267;-2,69455527776592;0,0576794539318144;0,0155854222123021;0,0401387249306073;0,0163999959496525;0,0336234616251015;0,00774680590242334;0,0133265931673394;0,00615715054981555;-3;-3;1;1;0,1466621700132962;-3;-3,58478598848704;1;1;1;-11188,9276157565;NA;All
1770;1,96257758434098;2,87415933563341;2,32355139752399;2,69474155345606;2,68531789180513;2,29053059399079;2,31860704918659;2,23305006681852;2,48313477831144;1,94897073517181;1,95515506819309;1,62777457260964;1,43790880829806;1,22085994718278;1,60616273421994;1,66185795539309;1,82280167419465;1,53502591153856;2,03174490343709;1,60807750502692;-19,2417130414084;-3,68783563053953;-6,61765924180583;-6,99606346443236;-5,86317244115215;-5,51495529071816;-11,6492872076154;-12,4078840221423;-6,07386567824379;-16,4452001607834;-11,1264558411833;-18,4119066924961;-25,3497131618707;-25,1186183431689;-16,1529241662379;-16,6683966462068;-26,6303402812389;-26,376949772366;-13,7046393897514;-19,1950106200335;2,68199219822906;1,52838389719892;1,55555567096163;0,906735395569924;0,505569093294629;0,505568510213577;0,542423295383888;0,645128743653648;0,999999654320567;0,839312184375599;0,686365732674007;0,484882772849465;0,338111817657018;-2,10248812611053;-2,39107314816938;-2,57999843988065;-3,04445220952412;-3,98728360456804;-3,99415245406221;-3,32287235000668;-2,69628304501951;-2,14040516008494;-1,19633754221421;-1,84960330131371;-2,2603080512661;-2,90414846937821;-4,92141460905742;-4,97090981906528;-4,04731849779858;-3,37322715574267;-2,69455527776592;0,0576794539318144;0,0155854222123021;0,0401387249306073;0,0163999959496525;0,0336234616251015;0,00774680590242334;0,0133265931673394;0,00615715054981555;-3;-3;1;1;0,1730932590930790;-3;-1,60888644629007;1;1;1;-11189,8756793669;NA;All
1780;1,96257758434098;2,87415933563341;2,32355139752399;2,69474155345606;2,68531789180513;2,29053059399079;2,31860704918659;2,23305006681852;2,48313477831144;1,94897073517181;1,95515506819309;1,62777457260964;1,43790880829806;1,22085994718278;1,60616273421994;1,66185795539309;1,82280167419465;1,53502591153856;2,03174490343709;1,60807750502692;-19,2417130414084;-3,68783563053953;-6,61765924180583;-6,99606346443236;-5,86317244115215;-5,51495529071816;-11,6492872076154;-12,4078840221423;-6,07386567824379;-16,4452001607834;-11,1264558411833;-18,4119066924961;-25,3497131618707;-25,1186183431689;-16,1529241662379;-16,6683966462068;-26,6303402812389;-26,376949772366;-13,7046393897514;-19,1950106200335;2,68199219822906;1,52838389719892;1,55555567096163;0,906735395569924;0,505569093294629;0,505568510213577;0,542423295383888;0,645128743653648;0,999999654320567;0,839312184375599;0,686365732674007;0,484882772849465;0,338111817657018;-2,10248812611053;-2,39107314816938;-2,57999843988065;-3,04445220952412;-3,98728360456804;-3,99415245406221;-3,32287235000668;-2,69628304501951;-2,14040516008494;-1,19633754221421;-1,84960330131371;-2,2603080512661;-2,90414846937821;-4,92141460905742;-4,97090981906528;-4,04731849779858;-3,37322715574267;-2,69455527776592;0,0576794539318144;0,0155854222123021;0,0401387249306073;0,0163999959496525;0,0336234616251015;0,00774680590242334;0,0133265931673394;0,00615715054981555;-3;-3;1;1;0,1661935174735187;-3;-1,96026548520841;1;1;1;-11189,2270902152;NA;All
1790;1,96257758434098;2,87415933563341;2,32355139752399;2,69474155345606;2,68531789180513;2,29053059399079;2,31860704918659;2,23305006681852;2,48313477831144;1,94897073517181;1,95515506819309;1,62777457260964;1,43790880829806;1,22085994718278;1,60616273421994;1,66185795539309;1,82280167419465;1,53502591153856;2,03174490343709;1,60807750502692;-19,2417130414084;-3,68783563053953;-6,61765924180583;-6,99606346443236;-5,86317244115215;-5,51495529071816;-11,6492872076154;-12,4078840221423;-6,07386567824379;-16,4452001607834;-11,1264558411833;-18,4119066924961;-25,3497131618707;-25,1186183431689;-16,1529241662379;-16,6683966462068;-26,6303402812389;-26,376949772366;-13,7046393897514;-19,1950106200335;2,68199219822906;1,52838389719892;1,55555567096163;0,906735395569924;0,505569093294629;0,505568510213577;0,542423295383888;0,645128743653648;0,999999654320567;0,839312184375599;0,686365732674007;0,484882772849465;0,338111817657018;-2,10248812611053;-2,39107314816938;-2,57999843988065;-3,04445220952412;-3,98728360456804;-3,99415245406221;-3,32287235000668;-2,69628304501951;-2,14040516008494;-1,19633754221421;-1,84960330131371;-2,2603080512661;-2,90414846937821;-4,92141460905742;-4,97090981906528;-4,04731849779858;-3,37322715574267;-2,69455527776592;0,0576794539318144;0,0155854222123021;0,0401387249306073;0,0163999959496525;0,0336234616251015;0,00774680590242334;0,0133265931673394;0,00615715054981555;-3;-3;1;1;0,2380222708847313;-3;-2,83447423657976;1;1;1;-11188,9641211040;NA;All
1800;1,96257758434098;2,87415933563341;2,32355139752399;2,69474155345606;2,68531789180513;2,29053059399079;2,31860704918659;2,23305006681852;2,48313477831144;1,94897073517181;1,95515506819309;1,62777457260964;1,43790880829806;1,22085994718278;1,60616273421994;1,66185795539309;1,82280167419465;1,53502591153856;2,03174490343709;1,60807750502692;-19,2417130414084;-3,68783563053953;-6,61765924180583;-6,99606346443236;-5,86317244115215;-5,51495529071816;-11,6492872076154;-12,4078840221423;-6,07386567824379;-16,4452001607834;-11,1264558411833;-18,4119066924961;-25,3497131618707;-25,1186183431689;-16,1529241662379;-16,6683966462068;-26,6303402812389;-26,376949772366;-13,7046393897514;-19,1950106200335;2,68199219822906;1,52838389719892;1,55555567096163;0,906735395569924;0,505569093294629;0,505568510213577;0,542423295383888;0,645128743653648;0,999999654320567;0,839312184375599;0,686365732674007;0,484882772849465;0,338111817657018;-2,10248812611053;-2,39107314816938;-2,57999843988065;-3,04445220952412;-3,98728360456804;-3,99415245406221;-3,32287235000668;-2,69628304501951;-2,14040516008494;-1,19633754221421;-1,84960330131371;-2,2603080512661;-2,90414846937821;-4,92141460905742;-4,97090981906528;-4,04731849779858;-3,37322715574267;-2,69455527776592;0,0576794539318144;0,0155854222123021;0,0401387249306073;0,0163999959496525;0,0336234616251015;0,00774680590242334;0,0133265931673394;0,00615715054981555;-3;-3;1;1;0,1709386098561857;-3;-3,31070258046993;1;1;1;-11188,7453547693;NA;All
1810;1,96257758434098;2,87415933563341;2,32355139752399;2,69474155345606;2,68531789180513;2,29053059399079;2,31860704918659;2,23305006681852;2,48313477831144;1,94897073517181;1,95515506819309;1,62777457260964;1,43790880829806;1,22085994718278;1,60616273421994;1,66185795539309;1,82280167419465;1,53502591153856;2,03174490343709;1,60807750502692;-19,2417130414084;-3,68783563053953;-6,61765924180583;-6,99606346443236;-5,86317244115215;-5,51495529071816;-11,6492872076154;-12,4078840221423;-6,07386567824379;-16,4452001607834;-11,1264558411833;-18,4119066924961;-25,3497131618707;-25,1186183431689;-16,1529241662379;-16,6683966462068;-26,6303402812389;-26,376949772366;-13,7046393897514;-19,1950106200335;2,68199219822906;1,52838389719892;1,55555567096163;0,906735395569924;0,505569093294629;0,505568510213577;0,542423295383888;0,645128743653648;0,999999654320567;0,839312184375599;0,686365732674007;0,484882772849465;0,338111817657018;-2,10248812611053;-2,39107314816938;-2,57999843988065;-3,04445220952412;-3,98728360456804;-3,99415245406221;-3,32287235000668;-2,69628304501951;-2,14040516008494;-1,19633754221421;-1,84960330131371;-2,2603080512661;-2,90414846937821;-4,92141460905742;-4,97090981906528;-4,04731849779858;-3,37322715574267;-2,69455527776592;0,0576794539318144;0,0155854222123021;0,0401387249306073;0,0163999959496525;0,0336234616251015;0,00774680590242334;0,0133265931673394;0,00615715054981555;-3;-3;1;1;0,2966220161955381;-3;-3,79280303774926;1;1;1;-11189,6938775267;NA;All
1820;1,96257758434098;2,87415933563341;2,32355139752399;2,69474155345606;2,68531789180513;2,29053059399079;2,31860704918659;2,23305006681852;2,48313477831144;1,94897073517181;1,95515506819309;1,62777457260964;1,43790880829806;1,22085994718278;1,60616273421994;1,66185795539309;1,82280167419465;1,53502591153856;2,03174490343709;1,60807750502692;-19,2417130414084;-3,68783563053953;-6,61765924180583;-6,99606346443236;-5,86317244115215;-5,51495529071816;-11,6492872076154;-12,4078840221423;-6,07386567824379;-16,4452001607834;-11,1264558411833;-18,4119066924961;-25,3497131618707;-25,1186183431689;-16,1529241662379;-16,6683966462068;-26,6303402812389;-26,376949772366;-13,7046393897514;-19,1950106200335;2,68199219822906;1,52838389719892;1,55555567096163;0,906735395569924;0,505569093294629;0,505568510213577;0,542423295383888;0,645128743653648;0,999999654320567;0,839312184375599;0,686365732674007;0,484882772849465;0,338111817657018;-2,10248812611053;-2,39107314816938;-2,57999843988065;-3,04445220952412;-3,98728360456804;-3,99415245406221;-3,32287235000668;-2,69628304501951;-2,14040516008494;-1,19633754221421;-1,84960330131371;-2,2603080512661;-2,90414846937821;-4,92141460905742;-4,97090981906528;-4,04731849779858;-3,37322715574267;-2,69455527776592;0,0576794539318144;0,0155854222123021;0,0401387249306073;0,0163999959496525;0,0336234616251015;0,00774680590242334;0,0133265931673394;0,00615715054981555;-3;-3;1;1;0,1141171631627907;-3;-2,98707161970326;1;1;1;-11189,5040241415;NA;All
1830;1,96257758434098;2,87415933563341;2,32355139752399;2,69474155345606;2,68531789180513;2,29053059399079;2,31860704918659;2,23305006681852;2,48313477831144;1,94897073517181;1,95515506819309;1,62777457260964;1,43790880829806;1,22085994718278;1,60616273421994;1,66185795539309;1,82280167419465;1,53502591153856;2,03174490343709;1,60807750502692;-19,2417130414084;-3,68783563053953;-6,61765924180583;-6,99606346443236;-5,86317244115215;-5,51495529071816;-11,6492872076154;-12,4078840221423;-6,07386567824379;-16,4452001607834;-11,1264558411833;-18,4119066924961;-25,3497131618707;-25,1186183431689;-16,1529241662379;-16,6683966462068;-26,6303402812389;-26,376949772366;-13,7046393897514;-19,1950106200335;2,68199219822906;1,52838389719892;1,55555567096163;0,906735395569924;0,505569093294629;0,505568510213577;0,542423295383888;0,645128743653648;0,999999654320567;0,839312184375599;0,686365732674007;0,484882772849465;0,338111817657018;-2,10248812611053;-2,39107314816938;-2,57999843988065;-3,04445220952412;-3,98728360456804;-3,99415245406221;-3,32287235000668;-2,69628304501951;-2,14040516008494;-1,19633754221421;-1,84960330131371;-2,2603080512661;-2,90414846937821;-4,92141460905742;-4,97090981906528;-4,04731849779858;-3,37322715574267;-2,69455527776592;0,0576794539318144;0,0155854222123021;0,0401387249306073;0,0163999959496525;0,0336234616251015;0,00774680590242334;0,0133265931673394;0,00615715054981555;-3;-3;1;1;0,2476604841227193;-3;-3,84332283181764;1;1;1;-11189,0057730594;NA;All
1840;1,96257758434098;2,87415933563341;2,32355139752399;2,69474155345606;2,68531789180513;2,29053059399079;2,31860704918659;2,23305006681852;2,48313477831144;1,94897073517181;1,95515506819309;1,62777457260964;1,43790880829806;1,22085994718278;1,60616273421994;1,66185795539309;1,82280167419465;1,53502591153856;2,03174490343709;1,60807750502692;-19,2417130414084;-3,68783563053953;-6,61765924180583;-6,99606346443236;-5,86317244115215;-5,51495529071816;-11,6492872076154;-12,4078840221423;-6,07386567824379;-16,4452001607834;-11,1264558411833;-18,4119066924961;-25,3497131618707;-25,1186183431689;-16,1529241662379;-16,6683966462068;-26,6303402812389;-26,376949772366;-13,7046393897514;-19,1950106200335;2,68199219822906;1,52838389719892;1,55555567096163;0,906735395569924;0,505569093294629;0,505568510213577;0,542423295383888;0,645128743653648;0,999999654320567;0,839312184375599;0,686365732674007;0,484882772849465;0,338111817657018;-2,10248812611053;-2,39107314816938;-2,57999843988065;-3,04445220952412;-3,98728360456804;-3,99415245406221;-3,32287235000668;-2,69628304501951;-2,14040516008494;-1,19633754221421;-1,84960330131371;-2,2603080512661;-2,90414846937821;-4,92141460905742;-4,97090981906528;-4,04731849779858;-3,37322715574267;-2,69455527776592;0,0576794539318144;0,0155854222123021;0,0401387249306073;0,0163999959496525;0,0336234616251015;0,00774680590242334;0,0133265931673394;0,00615715054981555;-3;-3;1;1;0,2828882402577703;-3;-3,20075611339346;1;1;1;-11189,4871778974;NA;All
1850;1,96257758434098;2,87415933563341;2,32355139752399;2,69474155345606;2,68531789180513;2,29053059399079;2,31860704918659;2,23305006681852;2,48313477831144;1,94897073517181;1,95515506819309;1,62777457260964;1,43790880829806;1,22085994718278;1,60616273421994;1,66185795539309;1,82280167419465;1,53502591153856;2,03174490343709;1,60807750502692;-19,2417130414084;-3,68783563053953;-6,61765924180583;-6,99606346443236;-5,86317244115215;-5,51495529071816;-11,6492872076154;-12,4078840221423;-6,07386567824379;-16,4452001607834;-11,1264558411833;-18,4119066924961;-25,3497131618707;-25,1186183431689;-16,1529241662379;-16,6683966462068;-26,6303402812389;-26,376949772366;-13,7046393897514;-19,1950106200335;2,68199219822906;1,52838389719892;1,55555567096163;0,906735395569924;0,505569093294629;0,505568510213577;0,542423295383888;0,645128743653648;0,999999654320567;0,839312184375599;0,686365732674007;0,484882772849465;0,338111817657018;-2,10248812611053;-2,39107314816938;-2,57999843988065;-3,04445220952412;-3,98728360456804;-3,99415245406221;-3,32287235000668;-2,69628304501951;-2,14040516008494;-1,19633754221421;-1,84960330131371;-2,2603080512661;-2,90414846937821;-4,92141460905742;-4,97090981906528;-4,04731849779858;-3,37322715574267;-2,69455527776592;0,0576794539318144;0,0155854222123021;0,0401387249306073;0,0163999959496525;0,0336234616251015;0,00774680590242334;0,0133265931673394;0,00615715054981555;-3;-3;1;1;0,3272326610008340;-3;-3,79930757117943;1;1;1;-11190,2755642099;NA;All
1860;1,96257758434098;2,87415933563341;2,32355139752399;2,69474155345606;2,68531789180513;2,29053059399079;2,31860704918659;2,23305006681852;2,48313477831144;1,94897073517181;1,95515506819309;1,62777457260964;1,43790880829806;1,22085994718278;1,60616273421994;1,66185795539309;1,82280167419465;1,53502591153856;2,03174490343709;1,60807750502692;-19,2417130414084;-3,68783563053953;-6,61765924180583;-6,99606346443236;-5,86317244115215;-5,51495529071816;-11,6492872076154;-12,4078840221423;-6,07386567824379;-16,4452001607834;-11,1264558411833;-18,4119066924961;-25,3497131618707;-25,1186183431689;-16,1529241662379;-16,6683966462068;-26,6303402812389;-26,376949772366;-13,7046393897514;-19,1950106200335;2,68199219822906;1,52838389719892;1,55555567096163;0,906735395569924;0,505569093294629;0,505568510213577;0,542423295383888;0,645128743653648;0,999999654320567;0,839312184375599;0,686365732674007;0,484882772849465;0,338111817657018;-2,10248812611053;-2,39107314816938;-2,57999843988065;-3,04445220952412;-3,98728360456804;-3,99415245406221;-3,32287235000668;-2,69628304501951;-2,14040516008494;-1,19633754221421;-1,84960330131371;-2,2603080512661;-2,90414846937821;-4,92141460905742;-4,97090981906528;-4,04731849779858;-3,37322715574267;-2,69455527776592;0,0576794539318144;0,0155854222123021;0,0401387249306073;0,0163999959496525;0,0336234616251015;0,00774680590242334;0,0133265931673394;0,00615715054981555;-3;-3;1;1;0,2494044506673476;-3;-1,72032298399121;1;1;1;-11189,8674794465;NA;All
1870;1,96257758434098;2,87415933563341;2,32355139752399;2,69474155345606;2,68531789180513;2,29053059399079;2,31860704918659;2,23305006681852;2,48313477831144;1,94897073517181;1,95515506819309;1,62777457260964;1,43790880829806;1,22085994718278;1,60616273421994;1,66185795539309;1,82280167419465;1,53502591153856;2,03174490343709;1,60807750502692;-19,2417130414084;-3,68783563053953;-6,61765924180583;-6,99606346443236;-5,86317244115215;-5,51495529071816;-11,6492872076154;-12,4078840221423;-6,07386567824379;-16,4452001607834;-11,1264558411833;-18,4119066924961;-25,3497131618707;-25,1186183431689;-16,1529241662379;-16,6683966462068;-26,6303402812389;-26,376949772366;-13,7046393897514;-19,1950106200335;2,68199219822906;1,52838389719892;1,55555567096163;0,906735395569924;0,505569093294629;0,505568510213577;0,542423295383888;0,645128743653648;0,999999654320567;0,839312184375599;0,686365732674007;0,484882772849465;0,338111817657018;-2,10248812611053;-2,39107314816938;-2,57999843988065;-3,04445220952412;-3,98728360456804;-3,99415245406221;-3,32287235000668;-2,69628304501951;-2,14040516008494;-1,19633754221421;-1,84960330131371;-2,2603080512661;-2,90414846937821;-4,92141460905742;-4,97090981906528;-4,04731849779858;-3,37322715574267;-2,69455527776592;0,0576794539318144;0,0155854222123021;0,0401387249306073;0,0163999959496525;0,0336234616251015;0,00774680590242334;0,0133265931673394;0,00615715054981555;-3;-3;1;1;0,3076243685169420;-3;-2,73111589713779;1;1;1;-11189,9576668278;NA;All
1880;1,96257758434098;2,87415933563341;2,32355139752399;2,69474155345606;2,68531789180513;2,29053059399079;2,31860704918659;2,23305006681852;2,48313477831144;1,94897073517181;1,95515506819309;1,62777457260964;1,43790880829806;1,22085994718278;1,60616273421994;1,66185795539309;1,82280167419465;1,53502591153856;2,03174490343709;1,60807750502692;-19,2417130414084;-3,68783563053953;-6,61765924180583;-6,99606346443236;-5,86317244115215;-5,51495529071816;-11,6492872076154;-12,4078840221423;-6,07386567824379;-16,4452001607834;-11,1264558411833;-18,4119066924961;-25,3497131618707;-25,1186183431689;-16,1529241662379;-16,6683966462068;-26,6303402812389;-26,376949772366;-13,7046393897514;-19,1950106200335;2,68199219822906;1,52838389719892;1,55555567096163;0,906735395569924;0,505569093294629;0,505568510213577;0,542423295383888;0,645128743653648;0,999999654320567;0,839312184375599;0,686365732674007;0,484882772849465;0,338111817657018;-2,10248812611053;-2,39107314816938;-2,57999843988065;-3,04445220952412;-3,98728360456804;-3,99415245406221;-3,32287235000668;-2,69628304501951;-2,14040516008494;-1,19633754221421;-1,84960330131371;-2,2603080512661;-2,90414846937821;-4,92141460905742;-4,97090981906528;-4,04731849779858;-3,37322715574267;-2,69455527776592;0,0576794539318144;0,0155854222123021;0,0401387249306073;0,0163999959496525;0,0336234616251015;0,00774680590242334;0,0133265931673394;0,00615715054981555;-3;-3;1;1;0,2352435037921572;-3;-2,08182706394307;1;1;1;-11189,2283786759;NA;All
1890;1,96257758434098;2,87415933563341;2,32355139752399;2,69474155345606;2,68531789180513;2,29053059399079;2,31860704918659;2,23305006681852;2,48313477831144;1,94897073517181;1,95515506819309;1,62777457260964;1,43790880829806;1,22085994718278;1,60616273421994;1,66185795539309;1,82280167419465;1,53502591153856;2,03174490343709;1,60807750502692;-19,2417130414084;-3,68783563053953;-6,61765924180583;-6,99606346443236;-5,86317244115215;-5,51495529071816;-11,6492872076154;-12,4078840221423;-6,07386567824379;-16,4452001607834;-11,1264558411833;-18,4119066924961;-25,3497131618707;-25,1186183431689;-16,1529241662379;-16,6683966462068;-26,6303402812389;-26,376949772366;-13,7046393897514;-19,1950106200335;2,68199219822906;1,52838389719892;1,55555567096163;0,906735395569924;0,505569093294629;0,505568510213577;0,542423295383888;0,645128743653648;0,999999654320567;0,839312184375599;0,686365732674007;0,484882772849465;0,338111817657018;-2,10248812611053;-2,39107314816938;-2,57999843988065;-3,04445220952412;-3,98728360456804;-3,99415245406221;-3,32287235000668;-2,69628304501951;-2,14040516008494;-1,19633754221421;-1,84960330131371;-2,2603080512661;-2,90414846937821;-4,92141460905742;-4,97090981906528;-4,04731849779858;-3,37322715574267;-2,69455527776592;0,0576794539318144;0,0155854222123021;0,0401387249306073;0,0163999959496525;0,0336234616251015;0,00774680590242334;0,0133265931673394;0,00615715054981555;-3;-3;1;1;0,2058746358735598;-3;-3,40120060917729;1;1;1;-11188,7236948336;NA;All
1900;1,96257758434098;2,87415933563341;2,32355139752399;2,69474155345606;2,68531789180513;2,29053059399079;2,31860704918659;2,23305006681852;2,48313477831144;1,94897073517181;1,95515506819309;1,62777457260964;1,43790880829806;1,22085994718278;1,60616273421994;1,66185795539309;1,82280167419465;1,53502591153856;2,03174490343709;1,60807750502692;-19,2417130414084;-3,68783563053953;-6,61765924180583;-6,99606346443236;-5,86317244115215;-5,51495529071816;-11,6492872076154;-12,4078840221423;-6,07386567824379;-16,4452001607834;-11,1264558411833;-18,4119066924961;-25,3497131618707;-25,1186183431689;-16,1529241662379;-16,6683966462068;-26,6303402812389;-26,376949772366;-13,7046393897514;-19,1950106200335;2,68199219822906;1,52838389719892;1,55555567096163;0,906735395569924;0,505569093294629;0,505568510213577;0,542423295383888;0,645128743653648;0,999999654320567;0,839312184375599;0,686365732674007;0,484882772849465;0,338111817657018;-2,10248812611053;-2,39107314816938;-2,57999843988065;-3,04445220952412;-3,98728360456804;-3,99415245406221;-3,32287235000668;-2,69628304501951;-2,14040516008494;-1,19633754221421;-1,84960330131371;-2,2603080512661;-2,90414846937821;-4,92141460905742;-4,97090981906528;-4,04731849779858;-3,37322715574267;-2,69455527776592;0,0576794539318144;0,0155854222123021;0,0401387249306073;0,0163999959496525;0,0336234616251015;0,00774680590242334;0,0133265931673394;0,00615715054981555;-3;-3;1;1;0,2109943851472896;-3;-1,58566284786790;1;1;1;-11189,9447853777;NA;All
1910;1,96257758434098;2,87415933563341;2,32355139752399;2,69474155345606;2,68531789180513;2,29053059399079;2,31860704918659;2,23305006681852;2,48313477831144;1,94897073517181;1,95515506819309;1,62777457260964;1,43790880829806;1,22085994718278;1,60616273421994;1,66185795539309;1,82280167419465;1,53502591153856;2,03174490343709;1,60807750502692;-19,2417130414084;-3,68783563053953;-6,61765924180583;-6,99606346443236;-5,86317244115215;-5,51495529071816;-11,6492872076154;-12,4078840221423;-6,07386567824379;-16,4452001607834;-11,1264558411833;-18,4119066924961;-25,3497131618707;-25,1186183431689;-16,1529241662379;-16,6683966462068;-26,6303402812389;-26,376949772366;-13,7046393897514;-19,1950106200335;2,68199219822906;1,52838389719892;1,55555567096163;0,906735395569924;0,505569093294629;0,505568510213577;0,542423295383888;0,645128743653648;0,999999654320567;0,839312184375599;0,686365732674007;0,484882772849465;0,338111817657018;-2,10248812611053;-2,39107314816938;-2,57999843988065;-3,04445220952412;-3,98728360456804;-3,99415245406221;-3,32287235000668;-2,69628304501951;-2,14040516008494;-1,19633754221421;-1,84960330131371;-2,2603080512661;-2,90414846937821;-4,92141460905742;-4,97090981906528;-4,04731849779858;-3,37322715574267;-2,69455527776592;0,0576794539318144;0,0155854222123021;0,0401387249306073;0,0163999959496525;0,0336234616251015;0,00774680590242334;0,0133265931673394;0,00615715054981555;-3;-3;1;1;0,3202313144595862;-3;-3,22184203973102;1;1;1;-11190,1498196943;NA;All
1920;1,96257758434098;2,87415933563341;2,32355139752399;2,69474155345606;2,68531789180513;2,29053059399079;2,31860704918659;2,23305006681852;2,48313477831144;1,94897073517181;1,95515506819309;1,62777457260964;1,43790880829806;1,22085994718278;1,60616273421994;1,66185795539309;1,82280167419465;1,53502591153856;2,03174490343709;1,60807750502692;-19,2417130414084;-3,68783563053953;-6,61765924180583;-6,99606346443236;-5,86317244115215;-5,51495529071816;-11,6492872076154;-12,4078840221423;-6,07386567824379;-16,4452001607834;-11,1264558411833;-18,4119066924961;-25,3497131618707;-25,1186183431689;-16,1529241662379;-16,6683966462068;-26,6303402812389;-26,376949772366;-13,7046393897514;-19,1950106200335;2,68199219822906;1,52838389719892;1,55555567096163;0,906735395569924;0,505569093294629;0,505568510213577;0,542423295383888;0,645128743653648;0,999999654320567;0,839312184375599;0,686365732674007;0,484882772849465;0,338111817657018;-2,10248812611053;-2,39107314816938;-2,57999843988065;-3,04445220952412;-3,98728360456804;-3,99415245406221;-3,32287235000668;-2,69628304501951;-2,14040516008494;-1,19633754221421;-1,84960330131371;-2,2603080512661;-2,90414846937821;-4,92141460905742;-4,97090981906528;-4,04731849779858;-3,37322715574267;-2,69455527776592;0,0576794539318144;0,0155854222123021;0,0401387249306073;0,0163999959496525;0,0336234616251015;0,00774680590242334;0,0133265931673394;0,00615715054981555;-3;-3;1;1;0,1598264895661352;-3;-3,09024333072658;1;1;1;-11188,8264710777;NA;All
1930;1,96257758434098;2,87415933563341;2,32355139752399;2,69474155345606;2,68531789180513;2,29053059399079;2,31860704918659;2,23305006681852;2,48313477831144;1,94897073517181;1,95515506819309;1,62777457260964;1,43790880829806;1,22085994718278;1,60616273421994;1,66185795539309;1,82280167419465;1,53502591153856;2,03174490343709;1,60807750502692;-19,2417130414084;-3,68783563053953;-6,61765924180583;-6,99606346443236;-5,86317244115215;-5,51495529071816;-11,6492872076154;-12,4078840221423;-6,07386567824379;-16,4452001607834;-11,1264558411833;-18,4119066924961;-25,3497131618707;-25,1186183431689;-16,1529241662379;-16,6683966462068;-26,6303402812389;-26,376949772366;-13,7046393897514;-19,1950106200335;2,68199219822906;1,52838389719892;1,55555567096163;0,906735395569924;0,505569093294629;0,505568510213577;0,542423295383888;0,645128743653648;0,999999654320567;0,839312184375599;0,686365732674007;0,484882772849465;0,338111817657018;-2,10248812611053;-2,39107314816938;-2,57999843988065;-3,04445220952412;-3,98728360456804;-3,99415245406221;-3,32287235000668;-2,69628304501951;-2,14040516008494;-1,19633754221421;-1,84960330131371;-2,2603080512661;-2,90414846937821;-4,92141460905742;-4,97090981906528;-4,04731849779858;-3,37322715574267;-2,69455527776592;0,0576794539318144;0,0155854222123021;0,0401387249306073;0,0163999959496525;0,0336234616251015;0,00774680590242334;0,0133265931673394;0,00615715054981555;-3;-3;1;1;0,1558601260349063;-3;-2,76961290041485;1;1;1;-11188,8952436949;NA;All
1940;1,96257758434098;2,87415933563341;2,32355139752399;2,69474155345606;2,68531789180513;2,29053059399079;2,31860704918659;2,23305006681852;2,48313477831144;1,94897073517181;1,95515506819309;1,62777457260964;1,43790880829806;1,22085994718278;1,60616273421994;1,66185795539309;1,82280167419465;1,53502591153856;2,03174490343709;1,60807750502692;-19,2417130414084;-3,68783563053953;-6,61765924180583;-6,99606346443236;-5,86317244115215;-5,51495529071816;-11,6492872076154;-12,4078840221423;-6,07386567824379;-16,4452001607834;-11,1264558411833;-18,4119066924961;-25,3497131618707;-25,1186183431689;-16,1529241662379;-16,6683966462068;-26,6303402812389;-26,376949772366;-13,7046393897514;-19,1950106200335;2,68199219822906;1,52838389719892;1,55555567096163;0,906735395569924;0,505569093294629;0,505568510213577;0,542423295383888;0,645128743653648;0,999999654320567;0,839312184375599;0,686365732674007;0,484882772849465;0,338111817657018;-2,10248812611053;-2,39107314816938;-2,57999843988065;-3,04445220952412;-3,98728360456804;-3,99415245406221;-3,32287235000668;-2,69628304501951;-2,14040516008494;-1,19633754221421;-1,84960330131371;-2,2603080512661;-2,90414846937821;-4,92141460905742;-4,97090981906528;-4,04731849779858;-3,37322715574267;-2,69455527776592;0,0576794539318144;0,0155854222123021;0,0401387249306073;0,0163999959496525;0,0336234616251015;0,00774680590242334;0,0133265931673394;0,00615715054981555;-3;-3;1;1;0,1985047251625576;-3;-3,42598836351305;1;1;1;-11188,7032752622;NA;All
1950;1,96257758434098;2,87415933563341;2,32355139752399;2,69474155345606;2,68531789180513;2,29053059399079;2,31860704918659;2,23305006681852;2,48313477831144;1,94897073517181;1,95515506819309;1,62777457260964;1,43790880829806;1,22085994718278;1,60616273421994;1,66185795539309;1,82280167419465;1,53502591153856;2,03174490343709;1,60807750502692;-19,2417130414084;-3,68783563053953;-6,61765924180583;-6,99606346443236;-5,86317244115215;-5,51495529071816;-11,6492872076154;-12,4078840221423;-6,07386567824379;-16,4452001607834;-11,1264558411833;-18,4119066924961;-25,3497131618707;-25,1186183431689;-16,1529241662379;-16,6683966462068;-26,6303402812389;-26,376949772366;-13,7046393897514;-19,1950106200335;2,68199219822906;1,52838389719892;1,55555567096163;0,906735395569924;0,505569093294629;0,505568510213577;0,542423295383888;0,645128743653648;0,999999654320567;0,839312184375599;0,686365732674007;0,484882772849465;0,338111817657018;-2,10248812611053;-2,39107314816938;-2,57999843988065;-3,04445220952412;-3,98728360456804;-3,99415245406221;-3,32287235000668;-2,69628304501951;-2,14040516008494;-1,19633754221421;-1,84960330131371;-2,2603080512661;-2,90414846937821;-4,92141460905742;-4,97090981906528;-4,04731849779858;-3,37322715574267;-2,69455527776592;0,0576794539318144;0,0155854222123021;0,0401387249306073;0,0163999959496525;0,0336234616251015;0,00774680590242334;0,0133265931673394;0,00615715054981555;-3;-3;1;1;0,1105521214522498;-3;-3,15732511739182;1;1;1;-11189,5734094303;NA;All
1960;1,96257758434098;2,87415933563341;2,32355139752399;2,69474155345606;2,68531789180513;2,29053059399079;2,31860704918659;2,23305006681852;2,48313477831144;1,94897073517181;1,95515506819309;1,62777457260964;1,43790880829806;1,22085994718278;1,60616273421994;1,66185795539309;1,82280167419465;1,53502591153856;2,03174490343709;1,60807750502692;-19,2417130414084;-3,68783563053953;-6,61765924180583;-6,99606346443236;-5,86317244115215;-5,51495529071816;-11,6492872076154;-12,4078840221423;-6,07386567824379;-16,4452001607834;-11,1264558411833;-18,4119066924961;-25,3497131618707;-25,1186183431689;-16,1529241662379;-16,6683966462068;-26,6303402812389;-26,376949772366;-13,7046393897514;-19,1950106200335;2,68199219822906;1,52838389719892;1,55555567096163;0,906735395569924;0,505569093294629;0,505568510213577;0,542423295383888;0,645128743653648;0,999999654320567;0,839312184375599;0,686365732674007;0,484882772849465;0,338111817657018;-2,10248812611053;-2,39107314816938;-2,57999843988065;-3,04445220952412;-3,98728360456804;-3,99415245406221;-3,32287235000668;-2,69628304501951;-2,14040516008494;-1,19633754221421;-1,84960330131371;-2,2603080512661;-2,90414846937821;-4,92141460905742;-4,97090981906528;-4,04731849779858;-3,37322715574267;-2,69455527776592;0,0576794539318144;0,0155854222123021;0,0401387249306073;0,0163999959496525;0,0336234616251015;0,00774680590242334;0,0133265931673394;0,00615715054981555;-3;-3;1;1;0,2799072601220483;-3;-1,75147676044787;1;1;1;-11190,1927558485;NA;All
1970;1,96257758434098;2,87415933563341;2,32355139752399;2,69474155345606;2,68531789180513;2,29053059399079;2,31860704918659;2,23305006681852;2,48313477831144;1,94897073517181;1,95515506819309;1,62777457260964;1,43790880829806;1,22085994718278;1,60616273421994;1,66185795539309;1,82280167419465;1,53502591153856;2,03174490343709;1,60807750502692;-19,2417130414084;-3,68783563053953;-6,61765924180583;-6,99606346443236;-5,86317244115215;-5,51495529071816;-11,6492872076154;-12,4078840221423;-6,07386567824379;-16,4452001607834;-11,1264558411833;-18,4119066924961;-25,3497131618707;-25,1186183431689;-16,1529241662379;-16,6683966462068;-26,6303402812389;-26,376949772366;-13,7046393897514;-19,1950106200335;2,68199219822906;1,52838389719892;1,55555567096163;0,906735395569924;0,505569093294629;0,505568510213577;0,542423295383888;0,645128743653648;0,999999654320567;0,839312184375599;0,686365732674007;0,484882772849465;0,338111817657018;-2,10248812611053;-2,39107314816938;-2,57999843988065;-3,04445220952412;-3,98728360456804;-3,99415245406221;-3,32287235000668;-2,69628304501951;-2,14040516008494;-1,19633754221421;-1,84960330131371;-2,2603080512661;-2,90414846937821;-4,92141460905742;-4,97090981906528;-4,04731849779858;-3,37322715574267;-2,69455527776592;0,0576794539318144;0,0155854222123021;0,0401387249306073;0,0163999959496525;0,0336234616251015;0,00774680590242334;0,0133265931673394;0,00615715054981555;-3;-3;1;1;0,1606277823491411;-3;-2,74364478083610;1;1;1;-11188,8612978320;NA;All
1980;1,96257758434098;2,87415933563341;2,32355139752399;2,69474155345606;2,68531789180513;2,29053059399079;2,31860704918659;2,23305006681852;2,48313477831144;1,94897073517181;1,95515506819309;1,62777457260964;1,43790880829806;1,22085994718278;1,60616273421994;1,66185795539309;1,82280167419465;1,53502591153856;2,03174490343709;1,60807750502692;-19,2417130414084;-3,68783563053953;-6,61765924180583;-6,99606346443236;-5,86317244115215;-5,51495529071816;-11,6492872076154;-12,4078840221423;-6,07386567824379;-16,4452001607834;-11,1264558411833;-18,4119066924961;-25,3497131618707;-25,1186183431689;-16,1529241662379;-16,6683966462068;-26,6303402812389;-26,376949772366;-13,7046393897514;-19,1950106200335;2,68199219822906;1,52838389719892;1,55555567096163;0,906735395569924;0,505569093294629;0,505568510213577;0,542423295383888;0,645128743653648;0,999999654320567;0,839312184375599;0,686365732674007;0,484882772849465;0,338111817657018;-2,10248812611053;-2,39107314816938;-2,57999843988065;-3,04445220952412;-3,98728360456804;-3,99415245406221;-3,32287235000668;-2,69628304501951;-2,14040516008494;-1,19633754221421;-1,84960330131371;-2,2603080512661;-2,90414846937821;-4,92141460905742;-4,97090981906528;-4,04731849779858;-3,37322715574267;-2,69455527776592;0,0576794539318144;0,0155854222123021;0,0401387249306073;0,0163999959496525;0,0336234616251015;0,00774680590242334;0,0133265931673394;0,00615715054981555;-3;-3;1;1;0,0963474353686348;-3;-2,86443692981541;1;1;1;-11189,9877795500;NA;All
1990;1,96257758434098;2,87415933563341;2,32355139752399;2,69474155345606;2,68531789180513;2,29053059399079;2,31860704918659;2,23305006681852;2,48313477831144;1,94897073517181;1,95515506819309;1,62777457260964;1,43790880829806;1,22085994718278;1,60616273421994;1,66185795539309;1,82280167419465;1,53502591153856;2,03174490343709;1,60807750502692;-19,2417130414084;-3,68783563053953;-6,61765924180583;-6,99606346443236;-5,86317244115215;-5,51495529071816;-11,6492872076154;-12,4078840221423;-6,07386567824379;-16,4452001607834;-11,1264558411833;-18,4119066924961;-25,3497131618707;-25,1186183431689;-16,1529241662379;-16,6683966462068;-26,6303402812389;-26,376949772366;-13,7046393897514;-19,1950106200335;2,68199219822906;1,52838389719892;1,55555567096163;0,906735395569924;0,505569093294629;0,505568510213577;0,542423295383888;0,645128743653648;0,999999654320567;0,839312184375599;0,686365732674007;0,484882772849465;0,338111817657018;-2,10248812611053;-2,39107314816938;-2,57999843988065;-3,04445220952412;-3,98728360456804;-3,99415245406221;-3,32287235000668;-2,69628304501951;-2,14040516008494;-1,19633754221421;-1,84960330131371;-2,2603080512661;-2,90414846937821;-4,92141460905742;-4,97090981906528;-4,04731849779858;-3,37322715574267;-2,69455527776592;0,0576794539318144;0,0155854222123021;0,0401387249306073;0,0163999959496525;0,0336234616251015;0,00774680590242334;0,0133265931673394;0,00615715054981555;-3;-3;1;1;0,2007498460250784;-3;-2,00618030190374;1;1;1;-11189,1145638048;NA;All
2000;1,96257758434098;2,87415933563341;2,32355139752399;2,69474155345606;2,68531789180513;2,29053059399079;2,31860704918659;2,23305006681852;2,48313477831144;1,94897073517181;1,95515506819309;1,62777457260964;1,43790880829806;1,22085994718278;1,60616273421994;1,66185795539309;1,82280167419465;1,53502591153856;2,03174490343709;1,60807750502692;-19,2417130414084;-3,68783563053953;-6,61765924180583;-6,99606346443236;-5,86317244115215;-5,51495529071816;-11,6492872076154;-12,4078840221423;-6,07386567824379;-16,4452001607834;-11,1264558411833;-18,4119066924961;-25,3497131618707;-25,1186183431689;-16,1529241662379;-16,6683966462068;-26,6303402812389;-26,376949772366;-13,7046393897514;-19,1950106200335;2,68199219822906;1,52838389719892;1,55555567096163;0,906735395569924;0,505569093294629;0,505568510213577;0,542423295383888;0,645128743653648;0,999999654320567;0,839312184375599;0,686365732674007;0,484882772849465;0,338111817657018;-2,10248812611053;-2,39107314816938;-2,57999843988065;-3,04445220952412;-3,98728360456804;-3,99415245406221;-3,32287235000668;-2,69628304501951;-2,14040516008494;-1,19633754221421;-1,84960330131371;-2,2603080512661;-2,90414846937821;-4,92141460905742;-4,97090981906528;-4,04731849779858;-3,37322715574267;-2,69455527776592;0,0576794539318144;0,0155854222123021;0,0401387249306073;0,0163999959496525;0,0336234616251015;0,00774680590242334;0,0133265931673394;0,00615715054981555;-3;-3;1;1;0,1256580656296404;-3;-2,64721681398858;1;1;1;-11189,3191898472;NA;All
2010;1,96257758434098;2,87415933563341;2,32355139752399;2,69474155345606;2,68531789180513;2,29053059399079;2,31860704918659;2,23305006681852;2,48313477831144;1,94897073517181;1,95515506819309;1,62777457260964;1,43790880829806;1,22085994718278;1,60616273421994;1,66185795539309;1,82280167419465;1,53502591153856;2,03174490343709;1,60807750502692;-19,2417130414084;-3,68783563053953;-6,61765924180583;-6,99606346443236;-5,86317244115215;-5,51495529071816;-11,6492872076154;-12,4078840221423;-6,07386567824379;-16,4452001607834;-11,1264558411833;-18,4119066924961;-25,3497131618707;-25,1186183431689;-16,1529241662379;-16,6683966462068;-26,6303402812389;-26,376949772366;-13,7046393897514;-19,1950106200335;2,68199219822906;1,52838389719892;1,55555567096163;0,906735395569924;0,505569093294629;0,505568510213577;0,542423295383888;0,645128743653648;0,999999654320567;0,839312184375599;0,686365732674007;0,484882772849465;0,338111817657018;-2,10248812611053;-2,39107314816938;-2,57999843988065;-3,04445220952412;-3,98728360456804;-3,99415245406221;-3,32287235000668;-2,69628304501951;-2,14040516008494;-1,19633754221421;-1,84960330131371;-2,2603080512661;-2,90414846937821;-4,92141460905742;-4,97090981906528;-4,04731849779858;-3,37322715574267;-2,69455527776592;0,0576794539318144;0,0155854222123021;0,0401387249306073;0,0163999959496525;0,0336234616251015;0,00774680590242334;0,0133265931673394;0,00615715054981555;-3;-3;1;1;0,1410815308264926;-3;-2,54934732179596;1;1;1;-11189,1020827733;NA;All
2020;1,96257758434098;2,87415933563341;2,32355139752399;2,69474155345606;2,68531789180513;2,29053059399079;2,31860704918659;2,23305006681852;2,48313477831144;1,94897073517181;1,95515506819309;1,62777457260964;1,43790880829806;1,22085994718278;1,60616273421994;1,66185795539309;1,82280167419465;1,53502591153856;2,03174490343709;1,60807750502692;-19,2417130414084;-3,68783563053953;-6,61765924180583;-6,99606346443236;-5,86317244115215;-5,51495529071816;-11,6492872076154;-12,4078840221423;-6,07386567824379;-16,4452001607834;-11,1264558411833;-18,4119066924961;-25,3497131618707;-25,1186183431689;-16,1529241662379;-16,6683966462068;-26,6303402812389;-26,376949772366;-13,7046393897514;-19,1950106200335;2,68199219822906;1,52838389719892;1,55555567096163;0,906735395569924;0,505569093294629;0,505568510213577;0,542423295383888;0,645128743653648;0,999999654320567;0,839312184375599;0,686365732674007;0,484882772849465;0,338111817657018;-2,10248812611053;-2,39107314816938;-2,57999843988065;-3,04445220952412;-3,98728360456804;-3,99415245406221;-3,32287235000668;-2,69628304501951;-2,14040516008494;-1,19633754221421;-1,84960330131371;-2,2603080512661;-2,90414846937821;-4,92141460905742;-4,97090981906528;-4,04731849779858;-3,37322715574267;-2,69455527776592;0,0576794539318144;0,0155854222123021;0,0401387249306073;0,0163999959496525;0,0336234616251015;0,00774680590242334;0,0133265931673394;0,00615715054981555;-3;-3;1;1;0,0950739754293447;-3;-2,66988136297818;1;1;1;-11190,0592909488;NA;All
2030;1,96257758434098;2,87415933563341;2,32355139752399;2,69474155345606;2,68531789180513;2,29053059399079;2,31860704918659;2,23305006681852;2,48313477831144;1,94897073517181;1,95515506819309;1,62777457260964;1,43790880829806;1,22085994718278;1,60616273421994;1,66185795539309;1,82280167419465;1,53502591153856;2,03174490343709;1,60807750502692;-19,2417130414084;-3,68783563053953;-6,61765924180583;-6,99606346443236;-5,86317244115215;-5,51495529071816;-11,6492872076154;-12,4078840221423;-6,07386567824379;-16,4452001607834;-11,1264558411833;-18,4119066924961;-25,3497131618707;-25,1186183431689;-16,1529241662379;-16,6683966462068;-26,6303402812389;-26,376949772366;-13,7046393897514;-19,1950106200335;2,68199219822906;1,52838389719892;1,55555567096163;0,906735395569924;0,505569093294629;0,505568510213577;0,542423295383888;0,645128743653648;0,999999654320567;0,839312184375599;0,686365732674007;0,484882772849465;0,338111817657018;-2,10248812611053;-2,39107314816938;-2,57999843988065;-3,04445220952412;-3,98728360456804;-3,99415245406221;-3,32287235000668;-2,69628304501951;-2,14040516008494;-1,19633754221421;-1,84960330131371;-2,2603080512661;-2,90414846937821;-4,92141460905742;-4,97090981906528;-4,04731849779858;-3,37322715574267;-2,69455527776592;0,0576794539318144;0,0155854222123021;0,0401387249306073;0,0163999959496525;0,0336234616251015;0,00774680590242334;0,0133265931673394;0,00615715054981555;-3;-3;1;1;0,2856312328930506;-3;-2,64209448731344;1;1;1;-11189,5953355255;NA;All
2040;1,96257758434098;2,87415933563341;2,32355139752399;2,69474155345606;2,68531789180513;2,29053059399079;2,31860704918659;2,23305006681852;2,48313477831144;1,94897073517181;1,95515506819309;1,62777457260964;1,43790880829806;1,22085994718278;1,60616273421994;1,66185795539309;1,82280167419465;1,53502591153856;2,03174490343709;1,60807750502692;-19,2417130414084;-3,68783563053953;-6,61765924180583;-6,99606346443236;-5,86317244115215;-5,51495529071816;-11,6492872076154;-12,4078840221423;-6,07386567824379;-16,4452001607834;-11,1264558411833;-18,4119066924961;-25,3497131618707;-25,1186183431689;-16,1529241662379;-16,6683966462068;-26,6303402812389;-26,376949772366;-13,7046393897514;-19,1950106200335;2,68199219822906;1,52838389719892;1,55555567096163;0,906735395569924;0,505569093294629;0,505568510213577;0,542423295383888;0,645128743653648;0,999999654320567;0,839312184375599;0,686365732674007;0,484882772849465;0,338111817657018;-2,10248812611053;-2,39107314816938;-2,57999843988065;-3,04445220952412;-3,98728360456804;-3,99415245406221;-3,32287235000668;-2,69628304501951;-2,14040516008494;-1,19633754221421;-1,84960330131371;-2,2603080512661;-2,90414846937821;-4,92141460905742;-4,97090981906528;-4,04731849779858;-3,37322715574267;-2,69455527776592;0,0576794539318144;0,0155854222123021;0,0401387249306073;0,0163999959496525;0,0336234616251015;0,00774680590242334;0,0133265931673394;0,00615715054981555;-3;-3;1;1;0,1492088135929856;-3;-2,48170885021812;1;1;1;-11189,0262138455;NA;All
2050;1,96257758434098;2,87415933563341;2,32355139752399;2,69474155345606;2,68531789180513;2,29053059399079;2,31860704918659;2,23305006681852;2,48313477831144;1,94897073517181;1,95515506819309;1,62777457260964;1,43790880829806;1,22085994718278;1,60616273421994;1,66185795539309;1,82280167419465;1,53502591153856;2,03174490343709;1,60807750502692;-19,2417130414084;-3,68783563053953;-6,61765924180583;-6,99606346443236;-5,86317244115215;-5,51495529071816;-11,6492872076154;-12,4078840221423;-6,07386567824379;-16,4452001607834;-11,1264558411833;-18,4119066924961;-25,3497131618707;-25,1186183431689;-16,1529241662379;-16,6683966462068;-26,6303402812389;-26,376949772366;-13,7046393897514;-19,1950106200335;2,68199219822906;1,52838389719892;1,55555567096163;0,906735395569924;0,505569093294629;0,505568510213577;0,542423295383888;0,645128743653648;0,999999654320567;0,839312184375599;0,686365732674007;0,484882772849465;0,338111817657018;-2,10248812611053;-2,39107314816938;-2,57999843988065;-3,04445220952412;-3,98728360456804;-3,99415245406221;-3,32287235000668;-2,69628304501951;-2,14040516008494;-1,19633754221421;-1,84960330131371;-2,2603080512661;-2,90414846937821;-4,92141460905742;-4,97090981906528;-4,04731849779858;-3,37322715574267;-2,69455527776592;0,0576794539318144;0,0155854222123021;0,0401387249306073;0,0163999959496525;0,0336234616251015;0,00774680590242334;0,0133265931673394;0,00615715054981555;-3;-3;1;1;0,0894328468487053;-3;-2,48922536708489;1;1;1;-11190,2899630682;NA;All
2060;1,96257758434098;2,87415933563341;2,32355139752399;2,69474155345606;2,68531789180513;2,29053059399079;2,31860704918659;2,23305006681852;2,48313477831144;1,94897073517181;1,95515506819309;1,62777457260964;1,43790880829806;1,22085994718278;1,60616273421994;1,66185795539309;1,82280167419465;1,53502591153856;2,03174490343709;1,60807750502692;-19,2417130414084;-3,68783563053953;-6,61765924180583;-6,99606346443236;-5,86317244115215;-5,51495529071816;-11,6492872076154;-12,4078840221423;-6,07386567824379;-16,4452001607834;-11,1264558411833;-18,4119066924961;-25,3497131618707;-25,1186183431689;-16,1529241662379;-16,6683966462068;-26,6303402812389;-26,376949772366;-13,7046393897514;-19,1950106200335;2,68199219822906;1,52838389719892;1,55555567096163;0,906735395569924;0,505569093294629;0,505568510213577;0,542423295383888;0,645128743653648;0,999999654320567;0,839312184375599;0,686365732674007;0,484882772849465;0,338111817657018;-2,10248812611053;-2,39107314816938;-2,57999843988065;-3,04445220952412;-3,98728360456804;-3,99415245406221;-3,32287235000668;-2,69628304501951;-2,14040516008494;-1,19633754221421;-1,84960330131371;-2,2603080512661;-2,90414846937821;-4,92141460905742;-4,97090981906528;-4,04731849779858;-3,37322715574267;-2,69455527776592;0,0576794539318144;0,0155854222123021;0,0401387249306073;0,0163999959496525;0,0336234616251015;0,00774680590242334;0,0133265931673394;0,00615715054981555;-3;-3;1;1;0,2623779777050249;-3;-2,38250207176871;1;1;1;-11189,3384884975;NA;All
2070;1,96257758434098;2,87415933563341;2,32355139752399;2,69474155345606;2,68531789180513;2,29053059399079;2,31860704918659;2,23305006681852;2,48313477831144;1,94897073517181;1,95515506819309;1,62777457260964;1,43790880829806;1,22085994718278;1,60616273421994;1,66185795539309;1,82280167419465;1,53502591153856;2,03174490343709;1,60807750502692;-19,2417130414084;-3,68783563053953;-6,61765924180583;-6,99606346443236;-5,86317244115215;-5,51495529071816;-11,6492872076154;-12,4078840221423;-6,07386567824379;-16,4452001607834;-11,1264558411833;-18,4119066924961;-25,3497131618707;-25,1186183431689;-16,1529241662379;-16,6683966462068;-26,6303402812389;-26,376949772366;-13,7046393897514;-19,1950106200335;2,68199219822906;1,52838389719892;1,55555567096163;0,906735395569924;0,505569093294629;0,505568510213577;0,542423295383888;0,645128743653648;0,999999654320567;0,839312184375599;0,686365732674007;0,484882772849465;0,338111817657018;-2,10248812611053;-2,39107314816938;-2,57999843988065;-3,04445220952412;-3,98728360456804;-3,99415245406221;-3,32287235000668;-2,69628304501951;-2,14040516008494;-1,19633754221421;-1,84960330131371;-2,2603080512661;-2,90414846937821;-4,92141460905742;-4,97090981906528;-4,04731849779858;-3,37322715574267;-2,69455527776592;0,0576794539318144;0,0155854222123021;0,0401387249306073;0,0163999959496525;0,0336234616251015;0,00774680590242334;0,0133265931673394;0,00615715054981555;-3;-3;1;1;0,1783280470214162;-3;-3,80370608903289;1;1;1;-11188,7055503571;NA;All
2080;1,96257758434098;2,87415933563341;2,32355139752399;2,69474155345606;2,68531789180513;2,29053059399079;2,31860704918659;2,23305006681852;2,48313477831144;1,94897073517181;1,95515506819309;1,62777457260964;1,43790880829806;1,22085994718278;1,60616273421994;1,66185795539309;1,82280167419465;1,53502591153856;2,03174490343709;1,60807750502692;-19,2417130414084;-3,68783563053953;-6,61765924180583;-6,99606346443236;-5,86317244115215;-5,51495529071816;-11,6492872076154;-12,4078840221423;-6,07386567824379;-16,4452001607834;-11,1264558411833;-18,4119066924961;-25,3497131618707;-25,1186183431689;-16,1529241662379;-16,6683966462068;-26,6303402812389;-26,376949772366;-13,7046393897514;-19,1950106200335;2,68199219822906;1,52838389719892;1,55555567096163;0,906735395569924;0,505569093294629;0,505568510213577;0,542423295383888;0,645128743653648;0,999999654320567;0,839312184375599;0,686365732674007;0,484882772849465;0,338111817657018;-2,10248812611053;-2,39107314816938;-2,57999843988065;-3,04445220952412;-3,98728360456804;-3,99415245406221;-3,32287235000668;-2,69628304501951;-2,14040516008494;-1,19633754221421;-1,84960330131371;-2,2603080512661;-2,90414846937821;-4,92141460905742;-4,97090981906528;-4,04731849779858;-3,37322715574267;-2,69455527776592;0,0576794539318144;0,0155854222123021;0,0401387249306073;0,0163999959496525;0,0336234616251015;0,00774680590242334;0,0133265931673394;0,00615715054981555;-3;-3;1;1;0,2134752877375981;-3;-3,13455800018121;1;1;1;-11188,7660427060;NA;All
2090;1,96257758434098;2,87415933563341;2,32355139752399;2,69474155345606;2,68531789180513;2,29053059399079;2,31860704918659;2,23305006681852;2,48313477831144;1,94897073517181;1,95515506819309;1,62777457260964;1,43790880829806;1,22085994718278;1,60616273421994;1,66185795539309;1,82280167419465;1,53502591153856;2,03174490343709;1,60807750502692;-19,2417130414084;-3,68783563053953;-6,61765924180583;-6,99606346443236;-5,86317244115215;-5,51495529071816;-11,6492872076154;-12,4078840221423;-6,07386567824379;-16,4452001607834;-11,1264558411833;-18,4119066924961;-25,3497131618707;-25,1186183431689;-16,1529241662379;-16,6683966462068;-26,6303402812389;-26,376949772366;-13,7046393897514;-19,1950106200335;2,68199219822906;1,52838389719892;1,55555567096163;0,906735395569924;0,505569093294629;0,505568510213577;0,542423295383888;0,645128743653648;0,999999654320567;0,839312184375599;0,686365732674007;0,484882772849465;0,338111817657018;-2,10248812611053;-2,39107314816938;-2,57999843988065;-3,04445220952412;-3,98728360456804;-3,99415245406221;-3,32287235000668;-2,69628304501951;-2,14040516008494;-1,19633754221421;-1,84960330131371;-2,2603080512661;-2,90414846937821;-4,92141460905742;-4,97090981906528;-4,04731849779858;-3,37322715574267;-2,69455527776592;0,0576794539318144;0,0155854222123021;0,0401387249306073;0,0163999959496525;0,0336234616251015;0,00774680590242334;0,0133265931673394;0,00615715054981555;-3;-3;1;1;0,3076973398366399;-3;-3,29685695180687;1;1;1;-11189,9053843261;NA;All
2100;1,96257758434098;2,87415933563341;2,32355139752399;2,69474155345606;2,68531789180513;2,29053059399079;2,31860704918659;2,23305006681852;2,48313477831144;1,94897073517181;1,95515506819309;1,62777457260964;1,43790880829806;1,22085994718278;1,60616273421994;1,66185795539309;1,82280167419465;1,53502591153856;2,03174490343709;1,60807750502692;-19,2417130414084;-3,68783563053953;-6,61765924180583;-6,99606346443236;-5,86317244115215;-5,51495529071816;-11,6492872076154;-12,4078840221423;-6,07386567824379;-16,4452001607834;-11,1264558411833;-18,4119066924961;-25,3497131618707;-25,1186183431689;-16,1529241662379;-16,6683966462068;-26,6303402812389;-26,376949772366;-13,7046393897514;-19,1950106200335;2,68199219822906;1,52838389719892;1,55555567096163;0,906735395569924;0,505569093294629;0,505568510213577;0,542423295383888;0,645128743653648;0,999999654320567;0,839312184375599;0,686365732674007;0,484882772849465;0,338111817657018;-2,10248812611053;-2,39107314816938;-2,57999843988065;-3,04445220952412;-3,98728360456804;-3,99415245406221;-3,32287235000668;-2,69628304501951;-2,14040516008494;-1,19633754221421;-1,84960330131371;-2,2603080512661;-2,90414846937821;-4,92141460905742;-4,97090981906528;-4,04731849779858;-3,37322715574267;-2,69455527776592;0,0576794539318144;0,0155854222123021;0,0401387249306073;0,0163999959496525;0,0336234616251015;0,00774680590242334;0,0133265931673394;0,00615715054981555;-3;-3;1;1;0,1679713287805214;-3;-3,79967742006137;1;1;1;-11188,7472393385;NA;All
2110;1,96257758434098;2,87415933563341;2,32355139752399;2,69474155345606;2,68531789180513;2,29053059399079;2,31860704918659;2,23305006681852;2,48313477831144;1,94897073517181;1,95515506819309;1,62777457260964;1,43790880829806;1,22085994718278;1,60616273421994;1,66185795539309;1,82280167419465;1,53502591153856;2,03174490343709;1,60807750502692;-19,2417130414084;-3,68783563053953;-6,61765924180583;-6,99606346443236;-5,86317244115215;-5,51495529071816;-11,6492872076154;-12,4078840221423;-6,07386567824379;-16,4452001607834;-11,1264558411833;-18,4119066924961;-25,3497131618707;-25,1186183431689;-16,1529241662379;-16,6683966462068;-26,6303402812389;-26,376949772366;-13,7046393897514;-19,1950106200335;2,68199219822906;1,52838389719892;1,55555567096163;0,906735395569924;0,505569093294629;0,505568510213577;0,542423295383888;0,645128743653648;0,999999654320567;0,839312184375599;0,686365732674007;0,484882772849465;0,338111817657018;-2,10248812611053;-2,39107314816938;-2,57999843988065;-3,04445220952412;-3,98728360456804;-3,99415245406221;-3,32287235000668;-2,69628304501951;-2,14040516008494;-1,19633754221421;-1,84960330131371;-2,2603080512661;-2,90414846937821;-4,92141460905742;-4,97090981906528;-4,04731849779858;-3,37322715574267;-2,69455527776592;0,0576794539318144;0,0155854222123021;0,0401387249306073;0,0163999959496525;0,0336234616251015;0,00774680590242334;0,0133265931673394;0,00615715054981555;-3;-3;1;1;0,0720832172360461;-3;-3,40237899480164;1;1;1;-11190,8389535954;NA;All
2120;1,96257758434098;2,87415933563341;2,32355139752399;2,69474155345606;2,68531789180513;2,29053059399079;2,31860704918659;2,23305006681852;2,48313477831144;1,94897073517181;1,95515506819309;1,62777457260964;1,43790880829806;1,22085994718278;1,60616273421994;1,66185795539309;1,82280167419465;1,53502591153856;2,03174490343709;1,60807750502692;-19,2417130414084;-3,68783563053953;-6,61765924180583;-6,99606346443236;-5,86317244115215;-5,51495529071816;-11,6492872076154;-12,4078840221423;-6,07386567824379;-16,4452001607834;-11,1264558411833;-18,4119066924961;-25,3497131618707;-25,1186183431689;-16,1529241662379;-16,6683966462068;-26,6303402812389;-26,376949772366;-13,7046393897514;-19,1950106200335;2,68199219822906;1,52838389719892;1,55555567096163;0,906735395569924;0,505569093294629;0,505568510213577;0,542423295383888;0,645128743653648;0,999999654320567;0,839312184375599;0,686365732674007;0,484882772849465;0,338111817657018;-2,10248812611053;-2,39107314816938;-2,57999843988065;-3,04445220952412;-3,98728360456804;-3,99415245406221;-3,32287235000668;-2,69628304501951;-2,14040516008494;-1,19633754221421;-1,84960330131371;-2,2603080512661;-2,90414846937821;-4,92141460905742;-4,97090981906528;-4,04731849779858;-3,37322715574267;-2,69455527776592;0,0576794539318144;0,0155854222123021;0,0401387249306073;0,0163999959496525;0,0336234616251015;0,00774680590242334;0,0133265931673394;0,00615715054981555;-3;-3;1;1;0,1924001180232212;-3;-3,21974269208971;1;1;1;-11188,7051366716;NA;All
2130;1,96257758434098;2,87415933563341;2,32355139752399;2,69474155345606;2,68531789180513;2,29053059399079;2,31860704918659;2,23305006681852;2,48313477831144;1,94897073517181;1,95515506819309;1,62777457260964;1,43790880829806;1,22085994718278;1,60616273421994;1,66185795539309;1,82280167419465;1,53502591153856;2,03174490343709;1,60807750502692;-19,2417130414084;-3,68783563053953;-6,61765924180583;-6,99606346443236;-5,86317244115215;-5,51495529071816;-11,6492872076154;-12,4078840221423;-6,07386567824379;-16,4452001607834;-11,1264558411833;-18,4119066924961;-25,3497131618707;-25,1186183431689;-16,1529241662379;-16,6683966462068;-26,6303402812389;-26,376949772366;-13,7046393897514;-19,1950106200335;2,68199219822906;1,52838389719892;1,55555567096163;0,906735395569924;0,505569093294629;0,505568510213577;0,542423295383888;0,645128743653648;0,999999654320567;0,839312184375599;0,686365732674007;0,484882772849465;0,338111817657018;-2,10248812611053;-2,39107314816938;-2,57999843988065;-3,04445220952412;-3,98728360456804;-3,99415245406221;-3,32287235000668;-2,69628304501951;-2,14040516008494;-1,19633754221421;-1,84960330131371;-2,2603080512661;-2,90414846937821;-4,92141460905742;-4,97090981906528;-4,04731849779858;-3,37322715574267;-2,69455527776592;0,0576794539318144;0,0155854222123021;0,0401387249306073;0,0163999959496525;0,0336234616251015;0,00774680590242334;0,0133265931673394;0,00615715054981555;-3;-3;1;1;0,0996171333443220;-3;-1,72891023301875;1;1;1;-11190,7021821578;NA;All
2140;1,96257758434098;2,87415933563341;2,32355139752399;2,69474155345606;2,68531789180513;2,29053059399079;2,31860704918659;2,23305006681852;2,48313477831144;1,94897073517181;1,95515506819309;1,62777457260964;1,43790880829806;1,22085994718278;1,60616273421994;1,66185795539309;1,82280167419465;1,53502591153856;2,03174490343709;1,60807750502692;-19,2417130414084;-3,68783563053953;-6,61765924180583;-6,99606346443236;-5,86317244115215;-5,51495529071816;-11,6492872076154;-12,4078840221423;-6,07386567824379;-16,4452001607834;-11,1264558411833;-18,4119066924961;-25,3497131618707;-25,1186183431689;-16,1529241662379;-16,6683966462068;-26,6303402812389;-26,376949772366;-13,7046393897514;-19,1950106200335;2,68199219822906;1,52838389719892;1,55555567096163;0,906735395569924;0,505569093294629;0,505568510213577;0,542423295383888;0,645128743653648;0,999999654320567;0,839312184375599;0,686365732674007;0,484882772849465;0,338111817657018;-2,10248812611053;-2,39107314816938;-2,57999843988065;-3,04445220952412;-3,98728360456804;-3,99415245406221;-3,32287235000668;-2,69628304501951;-2,14040516008494;-1,19633754221421;-1,84960330131371;-2,2603080512661;-2,90414846937821;-4,92141460905742;-4,97090981906528;-4,04731849779858;-3,37322715574267;-2,69455527776592;0,0576794539318144;0,0155854222123021;0,0401387249306073;0,0163999959496525;0,0336234616251015;0,00774680590242334;0,0133265931673394;0,00615715054981555;-3;-3;1;1;0,2086079596486586;-3;-2,68149813921716;1;1;1;-11188,8005696339;NA;All
2150;1,96257758434098;2,87415933563341;2,32355139752399;2,69474155345606;2,68531789180513;2,29053059399079;2,31860704918659;2,23305006681852;2,48313477831144;1,94897073517181;1,95515506819309;1,62777457260964;1,43790880829806;1,22085994718278;1,60616273421994;1,66185795539309;1,82280167419465;1,53502591153856;2,03174490343709;1,60807750502692;-19,2417130414084;-3,68783563053953;-6,61765924180583;-6,99606346443236;-5,86317244115215;-5,51495529071816;-11,6492872076154;-12,4078840221423;-6,07386567824379;-16,4452001607834;-11,1264558411833;-18,4119066924961;-25,3497131618707;-25,1186183431689;-16,1529241662379;-16,6683966462068;-26,6303402812389;-26,376949772366;-13,7046393897514;-19,1950106200335;2,68199219822906;1,52838389719892;1,55555567096163;0,906735395569924;0,505569093294629;0,505568510213577;0,542423295383888;0,645128743653648;0,999999654320567;0,839312184375599;0,686365732674007;0,484882772849465;0,338111817657018;-2,10248812611053;-2,39107314816938;-2,57999843988065;-3,04445220952412;-3,98728360456804;-3,99415245406221;-3,32287235000668;-2,69628304501951;-2,14040516008494;-1,19633754221421;-1,84960330131371;-2,2603080512661;-2,90414846937821;-4,92141460905742;-4,97090981906528;-4,04731849779858;-3,37322715574267;-2,69455527776592;0,0576794539318144;0,0155854222123021;0,0401387249306073;0,0163999959496525;0,0336234616251015;0,00774680590242334;0,0133265931673394;0,00615715054981555;-3;-3;1;1;0,2574626545916043;-3;-3,17163084579101;1;1;1;-11189,1374442559;NA;All
2160;1,96257758434098;2,87415933563341;2,32355139752399;2,69474155345606;2,68531789180513;2,29053059399079;2,31860704918659;2,23305006681852;2,48313477831144;1,94897073517181;1,95515506819309;1,62777457260964;1,43790880829806;1,22085994718278;1,60616273421994;1,66185795539309;1,82280167419465;1,53502591153856;2,03174490343709;1,60807750502692;-19,2417130414084;-3,68783563053953;-6,61765924180583;-6,99606346443236;-5,86317244115215;-5,51495529071816;-11,6492872076154;-12,4078840221423;-6,07386567824379;-16,4452001607834;-11,1264558411833;-18,4119066924961;-25,3497131618707;-25,1186183431689;-16,1529241662379;-16,6683966462068;-26,6303402812389;-26,376949772366;-13,7046393897514;-19,1950106200335;2,68199219822906;1,52838389719892;1,55555567096163;0,906735395569924;0,505569093294629;0,505568510213577;0,542423295383888;0,645128743653648;0,999999654320567;0,839312184375599;0,686365732674007;0,484882772849465;0,338111817657018;-2,10248812611053;-2,39107314816938;-2,57999843988065;-3,04445220952412;-3,98728360456804;-3,99415245406221;-3,32287235000668;-2,69628304501951;-2,14040516008494;-1,19633754221421;-1,84960330131371;-2,2603080512661;-2,90414846937821;-4,92141460905742;-4,97090981906528;-4,04731849779858;-3,37322715574267;-2,69455527776592;0,0576794539318144;0,0155854222123021;0,0401387249306073;0,0163999959496525;0,0336234616251015;0,00774680590242334;0,0133265931673394;0,00615715054981555;-3;-3;1;1;0,1779016345569143;-3;-3,58223165541509;1;1;1;-11188,7097792056;NA;All
2170;1,96257758434098;2,87415933563341;2,32355139752399;2,69474155345606;2,68531789180513;2,29053059399079;2,31860704918659;2,23305006681852;2,48313477831144;1,94897073517181;1,95515506819309;1,62777457260964;1,43790880829806;1,22085994718278;1,60616273421994;1,66185795539309;1,82280167419465;1,53502591153856;2,03174490343709;1,60807750502692;-19,2417130414084;-3,68783563053953;-6,61765924180583;-6,99606346443236;-5,86317244115215;-5,51495529071816;-11,6492872076154;-12,4078840221423;-6,07386567824379;-16,4452001607834;-11,1264558411833;-18,4119066924961;-25,3497131618707;-25,1186183431689;-16,1529241662379;-16,6683966462068;-26,6303402812389;-26,376949772366;-13,7046393897514;-19,1950106200335;2,68199219822906;1,52838389719892;1,55555567096163;0,906735395569924;0,505569093294629;0,505568510213577;0,542423295383888;0,645128743653648;0,999999654320567;0,839312184375599;0,686365732674007;0,484882772849465;0,338111817657018;-2,10248812611053;-2,39107314816938;-2,57999843988065;-3,04445220952412;-3,98728360456804;-3,99415245406221;-3,32287235000668;-2,69628304501951;-2,14040516008494;-1,19633754221421;-1,84960330131371;-2,2603080512661;-2,90414846937821;-4,92141460905742;-4,97090981906528;-4,04731849779858;-3,37322715574267;-2,69455527776592;0,0576794539318144;0,0155854222123021;0,0401387249306073;0,0163999959496525;0,0336234616251015;0,00774680590242334;0,0133265931673394;0,00615715054981555;-3;-3;1;1;0,1515154501748935;-3;-3,57015355870008;1;1;1;-11188,8765349664;NA;All
2180;1,96257758434098;2,87415933563341;2,32355139752399;2,69474155345606;2,68531789180513;2,29053059399079;2,31860704918659;2,23305006681852;2,48313477831144;1,94897073517181;1,95515506819309;1,62777457260964;1,43790880829806;1,22085994718278;1,60616273421994;1,66185795539309;1,82280167419465;1,53502591153856;2,03174490343709;1,60807750502692;-19,2417130414084;-3,68783563053953;-6,61765924180583;-6,99606346443236;-5,86317244115215;-5,51495529071816;-11,6492872076154;-12,4078840221423;-6,07386567824379;-16,4452001607834;-11,1264558411833;-18,4119066924961;-25,3497131618707;-25,1186183431689;-16,1529241662379;-16,6683966462068;-26,6303402812389;-26,376949772366;-13,7046393897514;-19,1950106200335;2,68199219822906;1,52838389719892;1,55555567096163;0,906735395569924;0,505569093294629;0,505568510213577;0,542423295383888;0,645128743653648;0,999999654320567;0,839312184375599;0,686365732674007;0,484882772849465;0,338111817657018;-2,10248812611053;-2,39107314816938;-2,57999843988065;-3,04445220952412;-3,98728360456804;-3,99415245406221;-3,32287235000668;-2,69628304501951;-2,14040516008494;-1,19633754221421;-1,84960330131371;-2,2603080512661;-2,90414846937821;-4,92141460905742;-4,97090981906528;-4,04731849779858;-3,37322715574267;-2,69455527776592;0,0576794539318144;0,0155854222123021;0,0401387249306073;0,0163999959496525;0,0336234616251015;0,00774680590242334;0,0133265931673394;0,00615715054981555;-3;-3;1;1;0,2743382052396987;-3;-3,50798085481567;1;1;1;-11189,3473361668;NA;All
2190;1,96257758434098;2,87415933563341;2,32355139752399;2,69474155345606;2,68531789180513;2,29053059399079;2,31860704918659;2,23305006681852;2,48313477831144;1,94897073517181;1,95515506819309;1,62777457260964;1,43790880829806;1,22085994718278;1,60616273421994;1,66185795539309;1,82280167419465;1,53502591153856;2,03174490343709;1,60807750502692;-19,2417130414084;-3,68783563053953;-6,61765924180583;-6,99606346443236;-5,86317244115215;-5,51495529071816;-11,6492872076154;-12,4078840221423;-6,07386567824379;-16,4452001607834;-11,1264558411833;-18,4119066924961;-25,3497131618707;-25,1186183431689;-16,1529241662379;-16,6683966462068;-26,6303402812389;-26,376949772366;-13,7046393897514;-19,1950106200335;2,68199219822906;1,52838389719892;1,55555567096163;0,906735395569924;0,505569093294629;0,505568510213577;0,542423295383888;0,645128743653648;0,999999654320567;0,839312184375599;0,686365732674007;0,484882772849465;0,338111817657018;-2,10248812611053;-2,39107314816938;-2,57999843988065;-3,04445220952412;-3,98728360456804;-3,99415245406221;-3,32287235000668;-2,69628304501951;-2,14040516008494;-1,19633754221421;-1,84960330131371;-2,2603080512661;-2,90414846937821;-4,92141460905742;-4,97090981906528;-4,04731849779858;-3,37322715574267;-2,69455527776592;0,0576794539318144;0,0155854222123021;0,0401387249306073;0,0163999959496525;0,0336234616251015;0,00774680590242334;0,0133265931673394;0,00615715054981555;-3;-3;1;1;0,2673158148788931;-3;-1,50720128361587;1;1;1;-11190,7162926540;NA;All
2200;1,96257758434098;2,87415933563341;2,32355139752399;2,69474155345606;2,68531789180513;2,29053059399079;2,31860704918659;2,23305006681852;2,48313477831144;1,94897073517181;1,95515506819309;1,62777457260964;1,43790880829806;1,22085994718278;1,60616273421994;1,66185795539309;1,82280167419465;1,53502591153856;2,03174490343709;1,60807750502692;-19,2417130414084;-3,68783563053953;-6,61765924180583;-6,99606346443236;-5,86317244115215;-5,51495529071816;-11,6492872076154;-12,4078840221423;-6,07386567824379;-16,4452001607834;-11,1264558411833;-18,4119066924961;-25,3497131618707;-25,1186183431689;-16,1529241662379;-16,6683966462068;-26,6303402812389;-26,376949772366;-13,7046393897514;-19,1950106200335;2,68199219822906;1,52838389719892;1,55555567096163;0,906735395569924;0,505569093294629;0,505568510213577;0,542423295383888;0,645128743653648;0,999999654320567;0,839312184375599;0,686365732674007;0,484882772849465;0,338111817657018;-2,10248812611053;-2,39107314816938;-2,57999843988065;-3,04445220952412;-3,98728360456804;-3,99415245406221;-3,32287235000668;-2,69628304501951;-2,14040516008494;-1,19633754221421;-1,84960330131371;-2,2603080512661;-2,90414846937821;-4,92141460905742;-4,97090981906528;-4,04731849779858;-3,37322715574267;-2,69455527776592;0,0576794539318144;0,0155854222123021;0,0401387249306073;0,0163999959496525;0,0336234616251015;0,00774680590242334;0,0133265931673394;0,00615715054981555;-3;-3;1;1;0,2172021034459687;-3;-3,39945382462903;1;1;1;-11188,7708944107;NA;All
2210;1,96257758434098;2,87415933563341;2,32355139752399;2,69474155345606;2,68531789180513;2,29053059399079;2,31860704918659;2,23305006681852;2,48313477831144;1,94897073517181;1,95515506819309;1,62777457260964;1,43790880829806;1,22085994718278;1,60616273421994;1,66185795539309;1,82280167419465;1,53502591153856;2,03174490343709;1,60807750502692;-19,2417130414084;-3,68783563053953;-6,61765924180583;-6,99606346443236;-5,86317244115215;-5,51495529071816;-11,6492872076154;-12,4078840221423;-6,07386567824379;-16,4452001607834;-11,1264558411833;-18,4119066924961;-25,3497131618707;-25,1186183431689;-16,1529241662379;-16,6683966462068;-26,6303402812389;-26,376949772366;-13,7046393897514;-19,1950106200335;2,68199219822906;1,52838389719892;1,55555567096163;0,906735395569924;0,505569093294629;0,505568510213577;0,542423295383888;0,645128743653648;0,999999654320567;0,839312184375599;0,686365732674007;0,484882772849465;0,338111817657018;-2,10248812611053;-2,39107314816938;-2,57999843988065;-3,04445220952412;-3,98728360456804;-3,99415245406221;-3,32287235000668;-2,69628304501951;-2,14040516008494;-1,19633754221421;-1,84960330131371;-2,2603080512661;-2,90414846937821;-4,92141460905742;-4,97090981906528;-4,04731849779858;-3,37322715574267;-2,69455527776592;0,0576794539318144;0,0155854222123021;0,0401387249306073;0,0163999959496525;0,0336234616251015;0,00774680590242334;0,0133265931673394;0,00615715054981555;-3;-3;1;1;0,1581606010818499;-3;-3,50215971004400;1;1;1;-11188,8198017645;NA;All
2220;1,96257758434098;2,87415933563341;2,32355139752399;2,69474155345606;2,68531789180513;2,29053059399079;2,31860704918659;2,23305006681852;2,48313477831144;1,94897073517181;1,95515506819309;1,62777457260964;1,43790880829806;1,22085994718278;1,60616273421994;1,66185795539309;1,82280167419465;1,53502591153856;2,03174490343709;1,60807750502692;-19,2417130414084;-3,68783563053953;-6,61765924180583;-6,99606346443236;-5,86317244115215;-5,51495529071816;-11,6492872076154;-12,4078840221423;-6,07386567824379;-16,4452001607834;-11,1264558411833;-18,4119066924961;-25,3497131618707;-25,1186183431689;-16,1529241662379;-16,6683966462068;-26,6303402812389;-26,376949772366;-13,7046393897514;-19,1950106200335;2,68199219822906;1,52838389719892;1,55555567096163;0,906735395569924;0,505569093294629;0,505568510213577;0,542423295383888;0,645128743653648;0,999999654320567;0,839312184375599;0,686365732674007;0,484882772849465;0,338111817657018;-2,10248812611053;-2,39107314816938;-2,57999843988065;-3,04445220952412;-3,98728360456804;-3,99415245406221;-3,32287235000668;-2,69628304501951;-2,14040516008494;-1,19633754221421;-1,84960330131371;-2,2603080512661;-2,90414846937821;-4,92141460905742;-4,97090981906528;-4,04731849779858;-3,37322715574267;-2,69455527776592;0,0576794539318144;0,0155854222123021;0,0401387249306073;0,0163999959496525;0,0336234616251015;0,00774680590242334;0,0133265931673394;0,00615715054981555;-3;-3;1;1;0,2096596199209045;-3;-2,88838171175430;1;1;1;-11188,7721912304;NA;All
2230;1,96257758434098;2,87415933563341;2,32355139752399;2,69474155345606;2,68531789180513;2,29053059399079;2,31860704918659;2,23305006681852;2,48313477831144;1,94897073517181;1,95515506819309;1,62777457260964;1,43790880829806;1,22085994718278;1,60616273421994;1,66185795539309;1,82280167419465;1,53502591153856;2,03174490343709;1,60807750502692;-19,2417130414084;-3,68783563053953;-6,61765924180583;-6,99606346443236;-5,86317244115215;-5,51495529071816;-11,6492872076154;-12,4078840221423;-6,07386567824379;-16,4452001607834;-11,1264558411833;-18,4119066924961;-25,3497131618707;-25,1186183431689;-16,1529241662379;-16,6683966462068;-26,6303402812389;-26,376949772366;-13,7046393897514;-19,1950106200335;2,68199219822906;1,52838389719892;1,55555567096163;0,906735395569924;0,505569093294629;0,505568510213577;0,542423295383888;0,645128743653648;0,999999654320567;0,839312184375599;0,686365732674007;0,484882772849465;0,338111817657018;-2,10248812611053;-2,39107314816938;-2,57999843988065;-3,04445220952412;-3,98728360456804;-3,99415245406221;-3,32287235000668;-2,69628304501951;-2,14040516008494;-1,19633754221421;-1,84960330131371;-2,2603080512661;-2,90414846937821;-4,92141460905742;-4,97090981906528;-4,04731849779858;-3,37322715574267;-2,69455527776592;0,0576794539318144;0,0155854222123021;0,0401387249306073;0,0163999959496525;0,0336234616251015;0,00774680590242334;0,0133265931673394;0,00615715054981555;-3;-3;1;1;0,2090460299645573;-3;-3,14372164144400;1;1;1;-11188,7466045750;NA;All
2240;1,96257758434098;2,87415933563341;2,32355139752399;2,69474155345606;2,68531789180513;2,29053059399079;2,31860704918659;2,23305006681852;2,48313477831144;1,94897073517181;1,95515506819309;1,62777457260964;1,43790880829806;1,22085994718278;1,60616273421994;1,66185795539309;1,82280167419465;1,53502591153856;2,03174490343709;1,60807750502692;-19,2417130414084;-3,68783563053953;-6,61765924180583;-6,99606346443236;-5,86317244115215;-5,51495529071816;-11,6492872076154;-12,4078840221423;-6,07386567824379;-16,4452001607834;-11,1264558411833;-18,4119066924961;-25,3497131618707;-25,1186183431689;-16,1529241662379;-16,6683966462068;-26,6303402812389;-26,376949772366;-13,7046393897514;-19,1950106200335;2,68199219822906;1,52838389719892;1,55555567096163;0,906735395569924;0,505569093294629;0,505568510213577;0,542423295383888;0,645128743653648;0,999999654320567;0,839312184375599;0,686365732674007;0,484882772849465;0,338111817657018;-2,10248812611053;-2,39107314816938;-2,57999843988065;-3,04445220952412;-3,98728360456804;-3,99415245406221;-3,32287235000668;-2,69628304501951;-2,14040516008494;-1,19633754221421;-1,84960330131371;-2,2603080512661;-2,90414846937821;-4,92141460905742;-4,97090981906528;-4,04731849779858;-3,37322715574267;-2,69455527776592;0,0576794539318144;0,0155854222123021;0,0401387249306073;0,0163999959496525;0,0336234616251015;0,00774680590242334;0,0133265931673394;0,00615715054981555;-3;-3;1;1;0,2199821290351979;-3;-3,25675651952063;1;1;1;-11188,7939913403;NA;All
2250;1,96257758434098;2,87415933563341;2,32355139752399;2,69474155345606;2,68531789180513;2,29053059399079;2,31860704918659;2,23305006681852;2,48313477831144;1,94897073517181;1,95515506819309;1,62777457260964;1,43790880829806;1,22085994718278;1,60616273421994;1,66185795539309;1,82280167419465;1,53502591153856;2,03174490343709;1,60807750502692;-19,2417130414084;-3,68783563053953;-6,61765924180583;-6,99606346443236;-5,86317244115215;-5,51495529071816;-11,6492872076154;-12,4078840221423;-6,07386567824379;-16,4452001607834;-11,1264558411833;-18,4119066924961;-25,3497131618707;-25,1186183431689;-16,1529241662379;-16,6683966462068;-26,6303402812389;-26,376949772366;-13,7046393897514;-19,1950106200335;2,68199219822906;1,52838389719892;1,55555567096163;0,906735395569924;0,505569093294629;0,505568510213577;0,542423295383888;0,645128743653648;0,999999654320567;0,839312184375599;0,686365732674007;0,484882772849465;0,338111817657018;-2,10248812611053;-2,39107314816938;-2,57999843988065;-3,04445220952412;-3,98728360456804;-3,99415245406221;-3,32287235000668;-2,69628304501951;-2,14040516008494;-1,19633754221421;-1,84960330131371;-2,2603080512661;-2,90414846937821;-4,92141460905742;-4,97090981906528;-4,04731849779858;-3,37322715574267;-2,69455527776592;0,0576794539318144;0,0155854222123021;0,0401387249306073;0,0163999959496525;0,0336234616251015;0,00774680590242334;0,0133265931673394;0,00615715054981555;-3;-3;1;1;0,1881560392970709;-3;-3,90909233598791;1;1;1;-11188,6872303942;NA;All
2260;1,96257758434098;2,87415933563341;2,32355139752399;2,69474155345606;2,68531789180513;2,29053059399079;2,31860704918659;2,23305006681852;2,48313477831144;1,94897073517181;1,95515506819309;1,62777457260964;1,43790880829806;1,22085994718278;1,60616273421994;1,66185795539309;1,82280167419465;1,53502591153856;2,03174490343709;1,60807750502692;-19,2417130414084;-3,68783563053953;-6,61765924180583;-6,99606346443236;-5,86317244115215;-5,51495529071816;-11,6492872076154;-12,4078840221423;-6,07386567824379;-16,4452001607834;-11,1264558411833;-18,4119066924961;-25,3497131618707;-25,1186183431689;-16,1529241662379;-16,6683966462068;-26,6303402812389;-26,376949772366;-13,7046393897514;-19,1950106200335;2,68199219822906;1,52838389719892;1,55555567096163;0,906735395569924;0,505569093294629;0,505568510213577;0,542423295383888;0,645128743653648;0,999999654320567;0,839312184375599;0,686365732674007;0,484882772849465;0,338111817657018;-2,10248812611053;-2,39107314816938;-2,57999843988065;-3,04445220952412;-3,98728360456804;-3,99415245406221;-3,32287235000668;-2,69628304501951;-2,14040516008494;-1,19633754221421;-1,84960330131371;-2,2603080512661;-2,90414846937821;-4,92141460905742;-4,97090981906528;-4,04731849779858;-3,37322715574267;-2,69455527776592;0,0576794539318144;0,0155854222123021;0,0401387249306073;0,0163999959496525;0,0336234616251015;0,00774680590242334;0,0133265931673394;0,00615715054981555;-3;-3;1;1;0,1767647815142071;-3;-2,50021144233658;1;1;1;-11188,8340555281;NA;All
2270;1,96257758434098;2,87415933563341;2,32355139752399;2,69474155345606;2,68531789180513;2,29053059399079;2,31860704918659;2,23305006681852;2,48313477831144;1,94897073517181;1,95515506819309;1,62777457260964;1,43790880829806;1,22085994718278;1,60616273421994;1,66185795539309;1,82280167419465;1,53502591153856;2,03174490343709;1,60807750502692;-19,2417130414084;-3,68783563053953;-6,61765924180583;-6,99606346443236;-5,86317244115215;-5,51495529071816;-11,6492872076154;-12,4078840221423;-6,07386567824379;-16,4452001607834;-11,1264558411833;-18,4119066924961;-25,3497131618707;-25,1186183431689;-16,1529241662379;-16,6683966462068;-26,6303402812389;-26,376949772366;-13,7046393897514;-19,1950106200335;2,68199219822906;1,52838389719892;1,55555567096163;0,906735395569924;0,505569093294629;0,505568510213577;0,542423295383888;0,645128743653648;0,999999654320567;0,839312184375599;0,686365732674007;0,484882772849465;0,338111817657018;-2,10248812611053;-2,39107314816938;-2,57999843988065;-3,04445220952412;-3,98728360456804;-3,99415245406221;-3,32287235000668;-2,69628304501951;-2,14040516008494;-1,19633754221421;-1,84960330131371;-2,2603080512661;-2,90414846937821;-4,92141460905742;-4,97090981906528;-4,04731849779858;-3,37322715574267;-2,69455527776592;0,0576794539318144;0,0155854222123021;0,0401387249306073;0,0163999959496525;0,0336234616251015;0,00774680590242334;0,0133265931673394;0,00615715054981555;-3;-3;1;1;0,1362786946180460;-3;-2,65641859978305;1;1;1;-11189,1429854467;NA;All
2280;1,96257758434098;2,87415933563341;2,32355139752399;2,69474155345606;2,68531789180513;2,29053059399079;2,31860704918659;2,23305006681852;2,48313477831144;1,94897073517181;1,95515506819309;1,62777457260964;1,43790880829806;1,22085994718278;1,60616273421994;1,66185795539309;1,82280167419465;1,53502591153856;2,03174490343709;1,60807750502692;-19,2417130414084;-3,68783563053953;-6,61765924180583;-6,99606346443236;-5,86317244115215;-5,51495529071816;-11,6492872076154;-12,4078840221423;-6,07386567824379;-16,4452001607834;-11,1264558411833;-18,4119066924961;-25,3497131618707;-25,1186183431689;-16,1529241662379;-16,6683966462068;-26,6303402812389;-26,376949772366;-13,7046393897514;-19,1950106200335;2,68199219822906;1,52838389719892;1,55555567096163;0,906735395569924;0,505569093294629;0,505568510213577;0,542423295383888;0,645128743653648;0,999999654320567;0,839312184375599;0,686365732674007;0,484882772849465;0,338111817657018;-2,10248812611053;-2,39107314816938;-2,57999843988065;-3,04445220952412;-3,98728360456804;-3,99415245406221;-3,32287235000668;-2,69628304501951;-2,14040516008494;-1,19633754221421;-1,84960330131371;-2,2603080512661;-2,90414846937821;-4,92141460905742;-4,97090981906528;-4,04731849779858;-3,37322715574267;-2,69455527776592;0,0576794539318144;0,0155854222123021;0,0401387249306073;0,0163999959496525;0,0336234616251015;0,00774680590242334;0,0133265931673394;0,00615715054981555;-3;-3;1;1;0,1288373843155844;-3;-1,80874324264583;1;1;1;-11189,8718460850;NA;All
2290;1,96257758434098;2,87415933563341;2,32355139752399;2,69474155345606;2,68531789180513;2,29053059399079;2,31860704918659;2,23305006681852;2,48313477831144;1,94897073517181;1,95515506819309;1,62777457260964;1,43790880829806;1,22085994718278;1,60616273421994;1,66185795539309;1,82280167419465;1,53502591153856;2,03174490343709;1,60807750502692;-19,2417130414084;-3,68783563053953;-6,61765924180583;-6,99606346443236;-5,86317244115215;-5,51495529071816;-11,6492872076154;-12,4078840221423;-6,07386567824379;-16,4452001607834;-11,1264558411833;-18,4119066924961;-25,3497131618707;-25,1186183431689;-16,1529241662379;-16,6683966462068;-26,6303402812389;-26,376949772366;-13,7046393897514;-19,1950106200335;2,68199219822906;1,52838389719892;1,55555567096163;0,906735395569924;0,505569093294629;0,505568510213577;0,542423295383888;0,645128743653648;0,999999654320567;0,839312184375599;0,686365732674007;0,484882772849465;0,338111817657018;-2,10248812611053;-2,39107314816938;-2,57999843988065;-3,04445220952412;-3,98728360456804;-3,99415245406221;-3,32287235000668;-2,69628304501951;-2,14040516008494;-1,19633754221421;-1,84960330131371;-2,2603080512661;-2,90414846937821;-4,92141460905742;-4,97090981906528;-4,04731849779858;-3,37322715574267;-2,69455527776592;0,0576794539318144;0,0155854222123021;0,0401387249306073;0,0163999959496525;0,0336234616251015;0,00774680590242334;0,0133265931673394;0,00615715054981555;-3;-3;1;1;0,2227854845213249;-3;-1,71568502599031;1;1;1;-11189,6537763504;NA;All
2300;1,96257758434098;2,87415933563341;2,32355139752399;2,69474155345606;2,68531789180513;2,29053059399079;2,31860704918659;2,23305006681852;2,48313477831144;1,94897073517181;1,95515506819309;1,62777457260964;1,43790880829806;1,22085994718278;1,60616273421994;1,66185795539309;1,82280167419465;1,53502591153856;2,03174490343709;1,60807750502692;-19,2417130414084;-3,68783563053953;-6,61765924180583;-6,99606346443236;-5,86317244115215;-5,51495529071816;-11,6492872076154;-12,4078840221423;-6,07386567824379;-16,4452001607834;-11,1264558411833;-18,4119066924961;-25,3497131618707;-25,1186183431689;-16,1529241662379;-16,6683966462068;-26,6303402812389;-26,376949772366;-13,7046393897514;-19,1950106200335;2,68199219822906;1,52838389719892;1,55555567096163;0,906735395569924;0,505569093294629;0,505568510213577;0,542423295383888;0,645128743653648;0,999999654320567;0,839312184375599;0,686365732674007;0,484882772849465;0,338111817657018;-2,10248812611053;-2,39107314816938;-2,57999843988065;-3,04445220952412;-3,98728360456804;-3,99415245406221;-3,32287235000668;-2,69628304501951;-2,14040516008494;-1,19633754221421;-1,84960330131371;-2,2603080512661;-2,90414846937821;-4,92141460905742;-4,97090981906528;-4,04731849779858;-3,37322715574267;-2,69455527776592;0,0576794539318144;0,0155854222123021;0,0401387249306073;0,0163999959496525;0,0336234616251015;0,00774680590242334;0,0133265931673394;0,00615715054981555;-3;-3;1;1;0,2922571611060106;-3;-2,53680680090957;1;1;1;-11189,7283815527;NA;All
2310;1,96257758434098;2,87415933563341;2,32355139752399;2,69474155345606;2,68531789180513;2,29053059399079;2,31860704918659;2,23305006681852;2,48313477831144;1,94897073517181;1,95515506819309;1,62777457260964;1,43790880829806;1,22085994718278;1,60616273421994;1,66185795539309;1,82280167419465;1,53502591153856;2,03174490343709;1,60807750502692;-19,2417130414084;-3,68783563053953;-6,61765924180583;-6,99606346443236;-5,86317244115215;-5,51495529071816;-11,6492872076154;-12,4078840221423;-6,07386567824379;-16,4452001607834;-11,1264558411833;-18,4119066924961;-25,3497131618707;-25,1186183431689;-16,1529241662379;-16,6683966462068;-26,6303402812389;-26,376949772366;-13,7046393897514;-19,1950106200335;2,68199219822906;1,52838389719892;1,55555567096163;0,906735395569924;0,505569093294629;0,505568510213577;0,542423295383888;0,645128743653648;0,999999654320567;0,839312184375599;0,686365732674007;0,484882772849465;0,338111817657018;-2,10248812611053;-2,39107314816938;-2,57999843988065;-3,04445220952412;-3,98728360456804;-3,99415245406221;-3,32287235000668;-2,69628304501951;-2,14040516008494;-1,19633754221421;-1,84960330131371;-2,2603080512661;-2,90414846937821;-4,92141460905742;-4,97090981906528;-4,04731849779858;-3,37322715574267;-2,69455527776592;0,0576794539318144;0,0155854222123021;0,0401387249306073;0,0163999959496525;0,0336234616251015;0,00774680590242334;0,0133265931673394;0,00615715054981555;-3;-3;1;1;0,1216227768217011;-3;-2,86110914269588;1;1;1;-11189,3586845435;NA;All
2320;1,96257758434098;2,87415933563341;2,32355139752399;2,69474155345606;2,68531789180513;2,29053059399079;2,31860704918659;2,23305006681852;2,48313477831144;1,94897073517181;1,95515506819309;1,62777457260964;1,43790880829806;1,22085994718278;1,60616273421994;1,66185795539309;1,82280167419465;1,53502591153856;2,03174490343709;1,60807750502692;-19,2417130414084;-3,68783563053953;-6,61765924180583;-6,99606346443236;-5,86317244115215;-5,51495529071816;-11,6492872076154;-12,4078840221423;-6,07386567824379;-16,4452001607834;-11,1264558411833;-18,4119066924961;-25,3497131618707;-25,1186183431689;-16,1529241662379;-16,6683966462068;-26,6303402812389;-26,376949772366;-13,7046393897514;-19,1950106200335;2,68199219822906;1,52838389719892;1,55555567096163;0,906735395569924;0,505569093294629;0,505568510213577;0,542423295383888;0,645128743653648;0,999999654320567;0,839312184375599;0,686365732674007;0,484882772849465;0,338111817657018;-2,10248812611053;-2,39107314816938;-2,57999843988065;-3,04445220952412;-3,98728360456804;-3,99415245406221;-3,32287235000668;-2,69628304501951;-2,14040516008494;-1,19633754221421;-1,84960330131371;-2,2603080512661;-2,90414846937821;-4,92141460905742;-4,97090981906528;-4,04731849779858;-3,37322715574267;-2,69455527776592;0,0576794539318144;0,0155854222123021;0,0401387249306073;0,0163999959496525;0,0336234616251015;0,00774680590242334;0,0133265931673394;0,00615715054981555;-3;-3;1;1;0,1172479233103861;-3;-3,63890243320218;1;1;1;-11189,4009275558;NA;All
2330;1,96257758434098;2,87415933563341;2,32355139752399;2,69474155345606;2,68531789180513;2,29053059399079;2,31860704918659;2,23305006681852;2,48313477831144;1,94897073517181;1,95515506819309;1,62777457260964;1,43790880829806;1,22085994718278;1,60616273421994;1,66185795539309;1,82280167419465;1,53502591153856;2,03174490343709;1,60807750502692;-19,2417130414084;-3,68783563053953;-6,61765924180583;-6,99606346443236;-5,86317244115215;-5,51495529071816;-11,6492872076154;-12,4078840221423;-6,07386567824379;-16,4452001607834;-11,1264558411833;-18,4119066924961;-25,3497131618707;-25,1186183431689;-16,1529241662379;-16,6683966462068;-26,6303402812389;-26,376949772366;-13,7046393897514;-19,1950106200335;2,68199219822906;1,52838389719892;1,55555567096163;0,906735395569924;0,505569093294629;0,505568510213577;0,542423295383888;0,645128743653648;0,999999654320567;0,839312184375599;0,686365732674007;0,484882772849465;0,338111817657018;-2,10248812611053;-2,39107314816938;-2,57999843988065;-3,04445220952412;-3,98728360456804;-3,99415245406221;-3,32287235000668;-2,69628304501951;-2,14040516008494;-1,19633754221421;-1,84960330131371;-2,2603080512661;-2,90414846937821;-4,92141460905742;-4,97090981906528;-4,04731849779858;-3,37322715574267;-2,69455527776592;0,0576794539318144;0,0155854222123021;0,0401387249306073;0,0163999959496525;0,0336234616251015;0,00774680590242334;0,0133265931673394;0,00615715054981555;-3;-3;1;1;0,1396814370435973;-3;-3,65313255067412;1;1;1;-11189,0119001488;NA;All
2340;1,96257758434098;2,87415933563341;2,32355139752399;2,69474155345606;2,68531789180513;2,29053059399079;2,31860704918659;2,23305006681852;2,48313477831144;1,94897073517181;1,95515506819309;1,62777457260964;1,43790880829806;1,22085994718278;1,60616273421994;1,66185795539309;1,82280167419465;1,53502591153856;2,03174490343709;1,60807750502692;-19,2417130414084;-3,68783563053953;-6,61765924180583;-6,99606346443236;-5,86317244115215;-5,51495529071816;-11,6492872076154;-12,4078840221423;-6,07386567824379;-16,4452001607834;-11,1264558411833;-18,4119066924961;-25,3497131618707;-25,1186183431689;-16,1529241662379;-16,6683966462068;-26,6303402812389;-26,376949772366;-13,7046393897514;-19,1950106200335;2,68199219822906;1,52838389719892;1,55555567096163;0,906735395569924;0,505569093294629;0,505568510213577;0,542423295383888;0,645128743653648;0,999999654320567;0,839312184375599;0,686365732674007;0,484882772849465;0,338111817657018;-2,10248812611053;-2,39107314816938;-2,57999843988065;-3,04445220952412;-3,98728360456804;-3,99415245406221;-3,32287235000668;-2,69628304501951;-2,14040516008494;-1,19633754221421;-1,84960330131371;-2,2603080512661;-2,90414846937821;-4,92141460905742;-4,97090981906528;-4,04731849779858;-3,37322715574267;-2,69455527776592;0,0576794539318144;0,0155854222123021;0,0401387249306073;0,0163999959496525;0,0336234616251015;0,00774680590242334;0,0133265931673394;0,00615715054981555;-3;-3;1;1;0,2893488517101593;-3;-2,04701944824440;1;1;1;-11189,9360380934;NA;All
2350;1,96257758434098;2,87415933563341;2,32355139752399;2,69474155345606;2,68531789180513;2,29053059399079;2,31860704918659;2,23305006681852;2,48313477831144;1,94897073517181;1,95515506819309;1,62777457260964;1,43790880829806;1,22085994718278;1,60616273421994;1,66185795539309;1,82280167419465;1,53502591153856;2,03174490343709;1,60807750502692;-19,2417130414084;-3,68783563053953;-6,61765924180583;-6,99606346443236;-5,86317244115215;-5,51495529071816;-11,6492872076154;-12,4078840221423;-6,07386567824379;-16,4452001607834;-11,1264558411833;-18,4119066924961;-25,3497131618707;-25,1186183431689;-16,1529241662379;-16,6683966462068;-26,6303402812389;-26,376949772366;-13,7046393897514;-19,1950106200335;2,68199219822906;1,52838389719892;1,55555567096163;0,906735395569924;0,505569093294629;0,505568510213577;0,542423295383888;0,645128743653648;0,999999654320567;0,839312184375599;0,686365732674007;0,484882772849465;0,338111817657018;-2,10248812611053;-2,39107314816938;-2,57999843988065;-3,04445220952412;-3,98728360456804;-3,99415245406221;-3,32287235000668;-2,69628304501951;-2,14040516008494;-1,19633754221421;-1,84960330131371;-2,2603080512661;-2,90414846937821;-4,92141460905742;-4,97090981906528;-4,04731849779858;-3,37322715574267;-2,69455527776592;0,0576794539318144;0,0155854222123021;0,0401387249306073;0,0163999959496525;0,0336234616251015;0,00774680590242334;0,0133265931673394;0,00615715054981555;-3;-3;1;1;0,1504608698077233;-3;-1,85827113555853;1;1;1;-11189,4931922078;NA;All
2360;1,96257758434098;2,87415933563341;2,32355139752399;2,69474155345606;2,68531789180513;2,29053059399079;2,31860704918659;2,23305006681852;2,48313477831144;1,94897073517181;1,95515506819309;1,62777457260964;1,43790880829806;1,22085994718278;1,60616273421994;1,66185795539309;1,82280167419465;1,53502591153856;2,03174490343709;1,60807750502692;-19,2417130414084;-3,68783563053953;-6,61765924180583;-6,99606346443236;-5,86317244115215;-5,51495529071816;-11,6492872076154;-12,4078840221423;-6,07386567824379;-16,4452001607834;-11,1264558411833;-18,4119066924961;-25,3497131618707;-25,1186183431689;-16,1529241662379;-16,6683966462068;-26,6303402812389;-26,376949772366;-13,7046393897514;-19,1950106200335;2,68199219822906;1,52838389719892;1,55555567096163;0,906735395569924;0,505569093294629;0,505568510213577;0,542423295383888;0,645128743653648;0,999999654320567;0,839312184375599;0,686365732674007;0,484882772849465;0,338111817657018;-2,10248812611053;-2,39107314816938;-2,57999843988065;-3,04445220952412;-3,98728360456804;-3,99415245406221;-3,32287235000668;-2,69628304501951;-2,14040516008494;-1,19633754221421;-1,84960330131371;-2,2603080512661;-2,90414846937821;-4,92141460905742;-4,97090981906528;-4,04731849779858;-3,37322715574267;-2,69455527776592;0,0576794539318144;0,0155854222123021;0,0401387249306073;0,0163999959496525;0,0336234616251015;0,00774680590242334;0,0133265931673394;0,00615715054981555;-3;-3;1;1;0,1825156370022756;-3;-2,44986404840360;1;1;1;-11188,8358865093;NA;All
2370;1,96257758434098;2,87415933563341;2,32355139752399;2,69474155345606;2,68531789180513;2,29053059399079;2,31860704918659;2,23305006681852;2,48313477831144;1,94897073517181;1,95515506819309;1,62777457260964;1,43790880829806;1,22085994718278;1,60616273421994;1,66185795539309;1,82280167419465;1,53502591153856;2,03174490343709;1,60807750502692;-19,2417130414084;-3,68783563053953;-6,61765924180583;-6,99606346443236;-5,86317244115215;-5,51495529071816;-11,6492872076154;-12,4078840221423;-6,07386567824379;-16,4452001607834;-11,1264558411833;-18,4119066924961;-25,3497131618707;-25,1186183431689;-16,1529241662379;-16,6683966462068;-26,6303402812389;-26,376949772366;-13,7046393897514;-19,1950106200335;2,68199219822906;1,52838389719892;1,55555567096163;0,906735395569924;0,505569093294629;0,505568510213577;0,542423295383888;0,645128743653648;0,999999654320567;0,839312184375599;0,686365732674007;0,484882772849465;0,338111817657018;-2,10248812611053;-2,39107314816938;-2,57999843988065;-3,04445220952412;-3,98728360456804;-3,99415245406221;-3,32287235000668;-2,69628304501951;-2,14040516008494;-1,19633754221421;-1,84960330131371;-2,2603080512661;-2,90414846937821;-4,92141460905742;-4,97090981906528;-4,04731849779858;-3,37322715574267;-2,69455527776592;0,0576794539318144;0,0155854222123021;0,0401387249306073;0,0163999959496525;0,0336234616251015;0,00774680590242334;0,0133265931673394;0,00615715054981555;-3;-3;1;1;0,1938688793953000;-3;-2,94356164397871;1;1;1;-11188,7287750944;NA;All
2380;1,96257758434098;2,87415933563341;2,32355139752399;2,69474155345606;2,68531789180513;2,29053059399079;2,31860704918659;2,23305006681852;2,48313477831144;1,94897073517181;1,95515506819309;1,62777457260964;1,43790880829806;1,22085994718278;1,60616273421994;1,66185795539309;1,82280167419465;1,53502591153856;2,03174490343709;1,60807750502692;-19,2417130414084;-3,68783563053953;-6,61765924180583;-6,99606346443236;-5,86317244115215;-5,51495529071816;-11,6492872076154;-12,4078840221423;-6,07386567824379;-16,4452001607834;-11,1264558411833;-18,4119066924961;-25,3497131618707;-25,1186183431689;-16,1529241662379;-16,6683966462068;-26,6303402812389;-26,376949772366;-13,7046393897514;-19,1950106200335;2,68199219822906;1,52838389719892;1,55555567096163;0,906735395569924;0,505569093294629;0,505568510213577;0,542423295383888;0,645128743653648;0,999999654320567;0,839312184375599;0,686365732674007;0,484882772849465;0,338111817657018;-2,10248812611053;-2,39107314816938;-2,57999843988065;-3,04445220952412;-3,98728360456804;-3,99415245406221;-3,32287235000668;-2,69628304501951;-2,14040516008494;-1,19633754221421;-1,84960330131371;-2,2603080512661;-2,90414846937821;-4,92141460905742;-4,97090981906528;-4,04731849779858;-3,37322715574267;-2,69455527776592;0,0576794539318144;0,0155854222123021;0,0401387249306073;0,0163999959496525;0,0336234616251015;0,00774680590242334;0,0133265931673394;0,00615715054981555;-3;-3;1;1;0,2972188472675220;-3;-1,75553709582163;1;1;1;-11190,4618111207;NA;All
2390;1,96257758434098;2,87415933563341;2,32355139752399;2,69474155345606;2,68531789180513;2,29053059399079;2,31860704918659;2,23305006681852;2,48313477831144;1,94897073517181;1,95515506819309;1,62777457260964;1,43790880829806;1,22085994718278;1,60616273421994;1,66185795539309;1,82280167419465;1,53502591153856;2,03174490343709;1,60807750502692;-19,2417130414084;-3,68783563053953;-6,61765924180583;-6,99606346443236;-5,86317244115215;-5,51495529071816;-11,6492872076154;-12,4078840221423;-6,07386567824379;-16,4452001607834;-11,1264558411833;-18,4119066924961;-25,3497131618707;-25,1186183431689;-16,1529241662379;-16,6683966462068;-26,6303402812389;-26,376949772366;-13,7046393897514;-19,1950106200335;2,68199219822906;1,52838389719892;1,55555567096163;0,906735395569924;0,505569093294629;0,505568510213577;0,542423295383888;0,645128743653648;0,999999654320567;0,839312184375599;0,686365732674007;0,484882772849465;0,338111817657018;-2,10248812611053;-2,39107314816938;-2,57999843988065;-3,04445220952412;-3,98728360456804;-3,99415245406221;-3,32287235000668;-2,69628304501951;-2,14040516008494;-1,19633754221421;-1,84960330131371;-2,2603080512661;-2,90414846937821;-4,92141460905742;-4,97090981906528;-4,04731849779858;-3,37322715574267;-2,69455527776592;0,0576794539318144;0,0155854222123021;0,0401387249306073;0,0163999959496525;0,0336234616251015;0,00774680590242334;0,0133265931673394;0,00615715054981555;-3;-3;1;1;0,2884707334059620;-3;-1,80917931093951;1;1;1;-11190,2194503178;NA;All
2400;1,96257758434098;2,87415933563341;2,32355139752399;2,69474155345606;2,68531789180513;2,29053059399079;2,31860704918659;2,23305006681852;2,48313477831144;1,94897073517181;1,95515506819309;1,62777457260964;1,43790880829806;1,22085994718278;1,60616273421994;1,66185795539309;1,82280167419465;1,53502591153856;2,03174490343709;1,60807750502692;-19,2417130414084;-3,68783563053953;-6,61765924180583;-6,99606346443236;-5,86317244115215;-5,51495529071816;-11,6492872076154;-12,4078840221423;-6,07386567824379;-16,4452001607834;-11,1264558411833;-18,4119066924961;-25,3497131618707;-25,1186183431689;-16,1529241662379;-16,6683966462068;-26,6303402812389;-26,376949772366;-13,7046393897514;-19,1950106200335;2,68199219822906;1,52838389719892;1,55555567096163;0,906735395569924;0,505569093294629;0,505568510213577;0,542423295383888;0,645128743653648;0,999999654320567;0,839312184375599;0,686365732674007;0,484882772849465;0,338111817657018;-2,10248812611053;-2,39107314816938;-2,57999843988065;-3,04445220952412;-3,98728360456804;-3,99415245406221;-3,32287235000668;-2,69628304501951;-2,14040516008494;-1,19633754221421;-1,84960330131371;-2,2603080512661;-2,90414846937821;-4,92141460905742;-4,97090981906528;-4,04731849779858;-3,37322715574267;-2,69455527776592;0,0576794539318144;0,0155854222123021;0,0401387249306073;0,0163999959496525;0,0336234616251015;0,00774680590242334;0,0133265931673394;0,00615715054981555;-3;-3;1;1;0,2513983998433398;-3;-1,89500101309888;1;1;1;-11189,5863880516;NA;All
2410;1,96257758434098;2,87415933563341;2,32355139752399;2,69474155345606;2,68531789180513;2,29053059399079;2,31860704918659;2,23305006681852;2,48313477831144;1,94897073517181;1,95515506819309;1,62777457260964;1,43790880829806;1,22085994718278;1,60616273421994;1,66185795539309;1,82280167419465;1,53502591153856;2,03174490343709;1,60807750502692;-19,2417130414084;-3,68783563053953;-6,61765924180583;-6,99606346443236;-5,86317244115215;-5,51495529071816;-11,6492872076154;-12,4078840221423;-6,07386567824379;-16,4452001607834;-11,1264558411833;-18,4119066924961;-25,3497131618707;-25,1186183431689;-16,1529241662379;-16,6683966462068;-26,6303402812389;-26,376949772366;-13,7046393897514;-19,1950106200335;2,68199219822906;1,52838389719892;1,55555567096163;0,906735395569924;0,505569093294629;0,505568510213577;0,542423295383888;0,645128743653648;0,999999654320567;0,839312184375599;0,686365732674007;0,484882772849465;0,338111817657018;-2,10248812611053;-2,39107314816938;-2,57999843988065;-3,04445220952412;-3,98728360456804;-3,99415245406221;-3,32287235000668;-2,69628304501951;-2,14040516008494;-1,19633754221421;-1,84960330131371;-2,2603080512661;-2,90414846937821;-4,92141460905742;-4,97090981906528;-4,04731849779858;-3,37322715574267;-2,69455527776592;0,0576794539318144;0,0155854222123021;0,0401387249306073;0,0163999959496525;0,0336234616251015;0,00774680590242334;0,0133265931673394;0,00615715054981555;-3;-3;1;1;0,2628759766903719;-3;-1,86468373399803;1;1;1;-11189,7651866418;NA;All
2420;1,96257758434098;2,87415933563341;2,32355139752399;2,69474155345606;2,68531789180513;2,29053059399079;2,31860704918659;2,23305006681852;2,48313477831144;1,94897073517181;1,95515506819309;1,62777457260964;1,43790880829806;1,22085994718278;1,60616273421994;1,66185795539309;1,82280167419465;1,53502591153856;2,03174490343709;1,60807750502692;-19,2417130414084;-3,68783563053953;-6,61765924180583;-6,99606346443236;-5,86317244115215;-5,51495529071816;-11,6492872076154;-12,4078840221423;-6,07386567824379;-16,4452001607834;-11,1264558411833;-18,4119066924961;-25,3497131618707;-25,1186183431689;-16,1529241662379;-16,6683966462068;-26,6303402812389;-26,376949772366;-13,7046393897514;-19,1950106200335;2,68199219822906;1,52838389719892;1,55555567096163;0,906735395569924;0,505569093294629;0,505568510213577;0,542423295383888;0,645128743653648;0,999999654320567;0,839312184375599;0,686365732674007;0,484882772849465;0,338111817657018;-2,10248812611053;-2,39107314816938;-2,57999843988065;-3,04445220952412;-3,98728360456804;-3,99415245406221;-3,32287235000668;-2,69628304501951;-2,14040516008494;-1,19633754221421;-1,84960330131371;-2,2603080512661;-2,90414846937821;-4,92141460905742;-4,97090981906528;-4,04731849779858;-3,37322715574267;-2,69455527776592;0,0576794539318144;0,0155854222123021;0,0401387249306073;0,0163999959496525;0,0336234616251015;0,00774680590242334;0,0133265931673394;0,00615715054981555;-3;-3;1;1;0,2006272561740158;-3;-1,69112413127725;1;1;1;-11189,6207204455;NA;All
2430;1,96257758434098;2,87415933563341;2,32355139752399;2,69474155345606;2,68531789180513;2,29053059399079;2,31860704918659;2,23305006681852;2,48313477831144;1,94897073517181;1,95515506819309;1,62777457260964;1,43790880829806;1,22085994718278;1,60616273421994;1,66185795539309;1,82280167419465;1,53502591153856;2,03174490343709;1,60807750502692;-19,2417130414084;-3,68783563053953;-6,61765924180583;-6,99606346443236;-5,86317244115215;-5,51495529071816;-11,6492872076154;-12,4078840221423;-6,07386567824379;-16,4452001607834;-11,1264558411833;-18,4119066924961;-25,3497131618707;-25,1186183431689;-16,1529241662379;-16,6683966462068;-26,6303402812389;-26,376949772366;-13,7046393897514;-19,1950106200335;2,68199219822906;1,52838389719892;1,55555567096163;0,906735395569924;0,505569093294629;0,505568510213577;0,542423295383888;0,645128743653648;0,999999654320567;0,839312184375599;0,686365732674007;0,484882772849465;0,338111817657018;-2,10248812611053;-2,39107314816938;-2,57999843988065;-3,04445220952412;-3,98728360456804;-3,99415245406221;-3,32287235000668;-2,69628304501951;-2,14040516008494;-1,19633754221421;-1,84960330131371;-2,2603080512661;-2,90414846937821;-4,92141460905742;-4,97090981906528;-4,04731849779858;-3,37322715574267;-2,69455527776592;0,0576794539318144;0,0155854222123021;0,0401387249306073;0,0163999959496525;0,0336234616251015;0,00774680590242334;0,0133265931673394;0,00615715054981555;-3;-3;1;1;0,2797648352826220;-3;-2,67845632426766;1;1;1;-11189,4978599468;NA;All
2440;1,96257758434098;2,87415933563341;2,32355139752399;2,69474155345606;2,68531789180513;2,29053059399079;2,31860704918659;2,23305006681852;2,48313477831144;1,94897073517181;1,95515506819309;1,62777457260964;1,43790880829806;1,22085994718278;1,60616273421994;1,66185795539309;1,82280167419465;1,53502591153856;2,03174490343709;1,60807750502692;-19,2417130414084;-3,68783563053953;-6,61765924180583;-6,99606346443236;-5,86317244115215;-5,51495529071816;-11,6492872076154;-12,4078840221423;-6,07386567824379;-16,4452001607834;-11,1264558411833;-18,4119066924961;-25,3497131618707;-25,1186183431689;-16,1529241662379;-16,6683966462068;-26,6303402812389;-26,376949772366;-13,7046393897514;-19,1950106200335;2,68199219822906;1,52838389719892;1,55555567096163;0,906735395569924;0,505569093294629;0,505568510213577;0,542423295383888;0,645128743653648;0,999999654320567;0,839312184375599;0,686365732674007;0,484882772849465;0,338111817657018;-2,10248812611053;-2,39107314816938;-2,57999843988065;-3,04445220952412;-3,98728360456804;-3,99415245406221;-3,32287235000668;-2,69628304501951;-2,14040516008494;-1,19633754221421;-1,84960330131371;-2,2603080512661;-2,90414846937821;-4,92141460905742;-4,97090981906528;-4,04731849779858;-3,37322715574267;-2,69455527776592;0,0576794539318144;0,0155854222123021;0,0401387249306073;0,0163999959496525;0,0336234616251015;0,00774680590242334;0,0133265931673394;0,00615715054981555;-3;-3;1;1;0,2880245965089069;-3;-3,36840128701811;1;1;1;-11189,5608011234;NA;All
2450;1,96257758434098;2,87415933563341;2,32355139752399;2,69474155345606;2,68531789180513;2,29053059399079;2,31860704918659;2,23305006681852;2,48313477831144;1,94897073517181;1,95515506819309;1,62777457260964;1,43790880829806;1,22085994718278;1,60616273421994;1,66185795539309;1,82280167419465;1,53502591153856;2,03174490343709;1,60807750502692;-19,2417130414084;-3,68783563053953;-6,61765924180583;-6,99606346443236;-5,86317244115215;-5,51495529071816;-11,6492872076154;-12,4078840221423;-6,07386567824379;-16,4452001607834;-11,1264558411833;-18,4119066924961;-25,3497131618707;-25,1186183431689;-16,1529241662379;-16,6683966462068;-26,6303402812389;-26,376949772366;-13,7046393897514;-19,1950106200335;2,68199219822906;1,52838389719892;1,55555567096163;0,906735395569924;0,505569093294629;0,505568510213577;0,542423295383888;0,645128743653648;0,999999654320567;0,839312184375599;0,686365732674007;0,484882772849465;0,338111817657018;-2,10248812611053;-2,39107314816938;-2,57999843988065;-3,04445220952412;-3,98728360456804;-3,99415245406221;-3,32287235000668;-2,69628304501951;-2,14040516008494;-1,19633754221421;-1,84960330131371;-2,2603080512661;-2,90414846937821;-4,92141460905742;-4,97090981906528;-4,04731849779858;-3,37322715574267;-2,69455527776592;0,0576794539318144;0,0155854222123021;0,0401387249306073;0,0163999959496525;0,0336234616251015;0,00774680590242334;0,0133265931673394;0,00615715054981555;-3;-3;1;1;0,2214245088741436;-3;-2,96326288101954;1;1;1;-11188,8234732863;NA;All
2460;1,96257758434098;2,87415933563341;2,32355139752399;2,69474155345606;2,68531789180513;2,29053059399079;2,31860704918659;2,23305006681852;2,48313477831144;1,94897073517181;1,95515506819309;1,62777457260964;1,43790880829806;1,22085994718278;1,60616273421994;1,66185795539309;1,82280167419465;1,53502591153856;2,03174490343709;1,60807750502692;-19,2417130414084;-3,68783563053953;-6,61765924180583;-6,99606346443236;-5,86317244115215;-5,51495529071816;-11,6492872076154;-12,4078840221423;-6,07386567824379;-16,4452001607834;-11,1264558411833;-18,4119066924961;-25,3497131618707;-25,1186183431689;-16,1529241662379;-16,6683966462068;-26,6303402812389;-26,376949772366;-13,7046393897514;-19,1950106200335;2,68199219822906;1,52838389719892;1,55555567096163;0,906735395569924;0,505569093294629;0,505568510213577;0,542423295383888;0,645128743653648;0,999999654320567;0,839312184375599;0,686365732674007;0,484882772849465;0,338111817657018;-2,10248812611053;-2,39107314816938;-2,57999843988065;-3,04445220952412;-3,98728360456804;-3,99415245406221;-3,32287235000668;-2,69628304501951;-2,14040516008494;-1,19633754221421;-1,84960330131371;-2,2603080512661;-2,90414846937821;-4,92141460905742;-4,97090981906528;-4,04731849779858;-3,37322715574267;-2,69455527776592;0,0576794539318144;0,0155854222123021;0,0401387249306073;0,0163999959496525;0,0336234616251015;0,00774680590242334;0,0133265931673394;0,00615715054981555;-3;-3;1;1;0,2994138519696386;-3;-3,79261599249674;1;1;1;-11189,7431695208;NA;All
2470;1,96257758434098;2,87415933563341;2,32355139752399;2,69474155345606;2,68531789180513;2,29053059399079;2,31860704918659;2,23305006681852;2,48313477831144;1,94897073517181;1,95515506819309;1,62777457260964;1,43790880829806;1,22085994718278;1,60616273421994;1,66185795539309;1,82280167419465;1,53502591153856;2,03174490343709;1,60807750502692;-19,2417130414084;-3,68783563053953;-6,61765924180583;-6,99606346443236;-5,86317244115215;-5,51495529071816;-11,6492872076154;-12,4078840221423;-6,07386567824379;-16,4452001607834;-11,1264558411833;-18,4119066924961;-25,3497131618707;-25,1186183431689;-16,1529241662379;-16,6683966462068;-26,6303402812389;-26,376949772366;-13,7046393897514;-19,1950106200335;2,68199219822906;1,52838389719892;1,55555567096163;0,906735395569924;0,505569093294629;0,505568510213577;0,542423295383888;0,645128743653648;0,999999654320567;0,839312184375599;0,686365732674007;0,484882772849465;0,338111817657018;-2,10248812611053;-2,39107314816938;-2,57999843988065;-3,04445220952412;-3,98728360456804;-3,99415245406221;-3,32287235000668;-2,69628304501951;-2,14040516008494;-1,19633754221421;-1,84960330131371;-2,2603080512661;-2,90414846937821;-4,92141460905742;-4,97090981906528;-4,04731849779858;-3,37322715574267;-2,69455527776592;0,0576794539318144;0,0155854222123021;0,0401387249306073;0,0163999959496525;0,0336234616251015;0,00774680590242334;0,0133265931673394;0,00615715054981555;-3;-3;1;1;0,2282955738921737;-3;-2,35515813629954;1;1;1;-11189,0066960095;NA;All
2480;1,96257758434098;2,87415933563341;2,32355139752399;2,69474155345606;2,68531789180513;2,29053059399079;2,31860704918659;2,23305006681852;2,48313477831144;1,94897073517181;1,95515506819309;1,62777457260964;1,43790880829806;1,22085994718278;1,60616273421994;1,66185795539309;1,82280167419465;1,53502591153856;2,03174490343709;1,60807750502692;-19,2417130414084;-3,68783563053953;-6,61765924180583;-6,99606346443236;-5,86317244115215;-5,51495529071816;-11,6492872076154;-12,4078840221423;-6,07386567824379;-16,4452001607834;-11,1264558411833;-18,4119066924961;-25,3497131618707;-25,1186183431689;-16,1529241662379;-16,6683966462068;-26,6303402812389;-26,376949772366;-13,7046393897514;-19,1950106200335;2,68199219822906;1,52838389719892;1,55555567096163;0,906735395569924;0,505569093294629;0,505568510213577;0,542423295383888;0,645128743653648;0,999999654320567;0,839312184375599;0,686365732674007;0,484882772849465;0,338111817657018;-2,10248812611053;-2,39107314816938;-2,57999843988065;-3,04445220952412;-3,98728360456804;-3,99415245406221;-3,32287235000668;-2,69628304501951;-2,14040516008494;-1,19633754221421;-1,84960330131371;-2,2603080512661;-2,90414846937821;-4,92141460905742;-4,97090981906528;-4,04731849779858;-3,37322715574267;-2,69455527776592;0,0576794539318144;0,0155854222123021;0,0401387249306073;0,0163999959496525;0,0336234616251015;0,00774680590242334;0,0133265931673394;0,00615715054981555;-3;-3;1;1;0,2251161713942648;-3;-2,26744334700707;1;1;1;-11189,0260864308;NA;All
2490;1,96257758434098;2,87415933563341;2,32355139752399;2,69474155345606;2,68531789180513;2,29053059399079;2,31860704918659;2,23305006681852;2,48313477831144;1,94897073517181;1,95515506819309;1,62777457260964;1,43790880829806;1,22085994718278;1,60616273421994;1,66185795539309;1,82280167419465;1,53502591153856;2,03174490343709;1,60807750502692;-19,2417130414084;-3,68783563053953;-6,61765924180583;-6,99606346443236;-5,86317244115215;-5,51495529071816;-11,6492872076154;-12,4078840221423;-6,07386567824379;-16,4452001607834;-11,1264558411833;-18,4119066924961;-25,3497131618707;-25,1186183431689;-16,1529241662379;-16,6683966462068;-26,6303402812389;-26,376949772366;-13,7046393897514;-19,1950106200335;2,68199219822906;1,52838389719892;1,55555567096163;0,906735395569924;0,505569093294629;0,505568510213577;0,542423295383888;0,645128743653648;0,999999654320567;0,839312184375599;0,686365732674007;0,484882772849465;0,338111817657018;-2,10248812611053;-2,39107314816938;-2,57999843988065;-3,04445220952412;-3,98728360456804;-3,99415245406221;-3,32287235000668;-2,69628304501951;-2,14040516008494;-1,19633754221421;-1,84960330131371;-2,2603080512661;-2,90414846937821;-4,92141460905742;-4,97090981906528;-4,04731849779858;-3,37322715574267;-2,69455527776592;0,0576794539318144;0,0155854222123021;0,0401387249306073;0,0163999959496525;0,0336234616251015;0,00774680590242334;0,0133265931673394;0,00615715054981555;-3;-3;1;1;0,2028334506161583;-3;-2,23245073295344;1;1;1;-11188,9415433201;NA;All
2500;1,96257758434098;2,87415933563341;2,32355139752399;2,69474155345606;2,68531789180513;2,29053059399079;2,31860704918659;2,23305006681852;2,48313477831144;1,94897073517181;1,95515506819309;1,62777457260964;1,43790880829806;1,22085994718278;1,60616273421994;1,66185795539309;1,82280167419465;1,53502591153856;2,03174490343709;1,60807750502692;-19,2417130414084;-3,68783563053953;-6,61765924180583;-6,99606346443236;-5,86317244115215;-5,51495529071816;-11,6492872076154;-12,4078840221423;-6,07386567824379;-16,4452001607834;-11,1264558411833;-18,4119066924961;-25,3497131618707;-25,1186183431689;-16,1529241662379;-16,6683966462068;-26,6303402812389;-26,376949772366;-13,7046393897514;-19,1950106200335;2,68199219822906;1,52838389719892;1,55555567096163;0,906735395569924;0,505569093294629;0,505568510213577;0,542423295383888;0,645128743653648;0,999999654320567;0,839312184375599;0,686365732674007;0,484882772849465;0,338111817657018;-2,10248812611053;-2,39107314816938;-2,57999843988065;-3,04445220952412;-3,98728360456804;-3,99415245406221;-3,32287235000668;-2,69628304501951;-2,14040516008494;-1,19633754221421;-1,84960330131371;-2,2603080512661;-2,90414846937821;-4,92141460905742;-4,97090981906528;-4,04731849779858;-3,37322715574267;-2,69455527776592;0,0576794539318144;0,0155854222123021;0,0401387249306073;0,0163999959496525;0,0336234616251015;0,00774680590242334;0,0133265931673394;0,00615715054981555;-3;-3;1;1;0,2078691946011809;-3;-2,15019766491188;1;1;1;-11189,0098530791;NA;All
2510;1,96257758434098;2,87415933563341;2,32355139752399;2,69474155345606;2,68531789180513;2,29053059399079;2,31860704918659;2,23305006681852;2,48313477831144;1,94897073517181;1,95515506819309;1,62777457260964;1,43790880829806;1,22085994718278;1,60616273421994;1,66185795539309;1,82280167419465;1,53502591153856;2,03174490343709;1,60807750502692;-19,2417130414084;-3,68783563053953;-6,61765924180583;-6,99606346443236;-5,86317244115215;-5,51495529071816;-11,6492872076154;-12,4078840221423;-6,07386567824379;-16,4452001607834;-11,1264558411833;-18,4119066924961;-25,3497131618707;-25,1186183431689;-16,1529241662379;-16,6683966462068;-26,6303402812389;-26,376949772366;-13,7046393897514;-19,1950106200335;2,68199219822906;1,52838389719892;1,55555567096163;0,906735395569924;0,505569093294629;0,505568510213577;0,542423295383888;0,645128743653648;0,999999654320567;0,839312184375599;0,686365732674007;0,484882772849465;0,338111817657018;-2,10248812611053;-2,39107314816938;-2,57999843988065;-3,04445220952412;-3,98728360456804;-3,99415245406221;-3,32287235000668;-2,69628304501951;-2,14040516008494;-1,19633754221421;-1,84960330131371;-2,2603080512661;-2,90414846937821;-4,92141460905742;-4,97090981906528;-4,04731849779858;-3,37322715574267;-2,69455527776592;0,0576794539318144;0,0155854222123021;0,0401387249306073;0,0163999959496525;0,0336234616251015;0,00774680590242334;0,0133265931673394;0,00615715054981555;-3;-3;1;1;0,2245276246546812;-3;-2,36131893474348;1;1;1;-11188,9777343917;NA;All
2520;1,96257758434098;2,87415933563341;2,32355139752399;2,69474155345606;2,68531789180513;2,29053059399079;2,31860704918659;2,23305006681852;2,48313477831144;1,94897073517181;1,95515506819309;1,62777457260964;1,43790880829806;1,22085994718278;1,60616273421994;1,66185795539309;1,82280167419465;1,53502591153856;2,03174490343709;1,60807750502692;-19,2417130414084;-3,68783563053953;-6,61765924180583;-6,99606346443236;-5,86317244115215;-5,51495529071816;-11,6492872076154;-12,4078840221423;-6,07386567824379;-16,4452001607834;-11,1264558411833;-18,4119066924961;-25,3497131618707;-25,1186183431689;-16,1529241662379;-16,6683966462068;-26,6303402812389;-26,376949772366;-13,7046393897514;-19,1950106200335;2,68199219822906;1,52838389719892;1,55555567096163;0,906735395569924;0,505569093294629;0,505568510213577;0,542423295383888;0,645128743653648;0,999999654320567;0,839312184375599;0,686365732674007;0,484882772849465;0,338111817657018;-2,10248812611053;-2,39107314816938;-2,57999843988065;-3,04445220952412;-3,98728360456804;-3,99415245406221;-3,32287235000668;-2,69628304501951;-2,14040516008494;-1,19633754221421;-1,84960330131371;-2,2603080512661;-2,90414846937821;-4,92141460905742;-4,97090981906528;-4,04731849779858;-3,37322715574267;-2,69455527776592;0,0576794539318144;0,0155854222123021;0,0401387249306073;0,0163999959496525;0,0336234616251015;0,00774680590242334;0,0133265931673394;0,00615715054981555;-3;-3;1;1;0,3038624601668259;-3;-3,27452439348042;1;1;1;-11189,8363747218;NA;All
2530;1,96257758434098;2,87415933563341;2,32355139752399;2,69474155345606;2,68531789180513;2,29053059399079;2,31860704918659;2,23305006681852;2,48313477831144;1,94897073517181;1,95515506819309;1,62777457260964;1,43790880829806;1,22085994718278;1,60616273421994;1,66185795539309;1,82280167419465;1,53502591153856;2,03174490343709;1,60807750502692;-19,2417130414084;-3,68783563053953;-6,61765924180583;-6,99606346443236;-5,86317244115215;-5,51495529071816;-11,6492872076154;-12,4078840221423;-6,07386567824379;-16,4452001607834;-11,1264558411833;-18,4119066924961;-25,3497131618707;-25,1186183431689;-16,1529241662379;-16,6683966462068;-26,6303402812389;-26,376949772366;-13,7046393897514;-19,1950106200335;2,68199219822906;1,52838389719892;1,55555567096163;0,906735395569924;0,505569093294629;0,505568510213577;0,542423295383888;0,645128743653648;0,999999654320567;0,839312184375599;0,686365732674007;0,484882772849465;0,338111817657018;-2,10248812611053;-2,39107314816938;-2,57999843988065;-3,04445220952412;-3,98728360456804;-3,99415245406221;-3,32287235000668;-2,69628304501951;-2,14040516008494;-1,19633754221421;-1,84960330131371;-2,2603080512661;-2,90414846937821;-4,92141460905742;-4,97090981906528;-4,04731849779858;-3,37322715574267;-2,69455527776592;0,0576794539318144;0,0155854222123021;0,0401387249306073;0,0163999959496525;0,0336234616251015;0,00774680590242334;0,0133265931673394;0,00615715054981555;-3;-3;1;1;0,3408581120994267;-3;-2,77149193495010;1;1;1;-11190,6260533263;NA;All
2540;1,96257758434098;2,87415933563341;2,32355139752399;2,69474155345606;2,68531789180513;2,29053059399079;2,31860704918659;2,23305006681852;2,48313477831144;1,94897073517181;1,95515506819309;1,62777457260964;1,43790880829806;1,22085994718278;1,60616273421994;1,66185795539309;1,82280167419465;1,53502591153856;2,03174490343709;1,60807750502692;-19,2417130414084;-3,68783563053953;-6,61765924180583;-6,99606346443236;-5,86317244115215;-5,51495529071816;-11,6492872076154;-12,4078840221423;-6,07386567824379;-16,4452001607834;-11,1264558411833;-18,4119066924961;-25,3497131618707;-25,1186183431689;-16,1529241662379;-16,6683966462068;-26,6303402812389;-26,376949772366;-13,7046393897514;-19,1950106200335;2,68199219822906;1,52838389719892;1,55555567096163;0,906735395569924;0,505569093294629;0,505568510213577;0,542423295383888;0,645128743653648;0,999999654320567;0,839312184375599;0,686365732674007;0,484882772849465;0,338111817657018;-2,10248812611053;-2,39107314816938;-2,57999843988065;-3,04445220952412;-3,98728360456804;-3,99415245406221;-3,32287235000668;-2,69628304501951;-2,14040516008494;-1,19633754221421;-1,84960330131371;-2,2603080512661;-2,90414846937821;-4,92141460905742;-4,97090981906528;-4,04731849779858;-3,37322715574267;-2,69455527776592;0,0576794539318144;0,0155854222123021;0,0401387249306073;0,0163999959496525;0,0336234616251015;0,00774680590242334;0,0133265931673394;0,00615715054981555;-3;-3;1;1;0,2673157945669615;-3;-3,83253602840132;1;1;1;-11189,2419248180;NA;All
2550;1,96257758434098;2,87415933563341;2,32355139752399;2,69474155345606;2,68531789180513;2,29053059399079;2,31860704918659;2,23305006681852;2,48313477831144;1,94897073517181;1,95515506819309;1,62777457260964;1,43790880829806;1,22085994718278;1,60616273421994;1,66185795539309;1,82280167419465;1,53502591153856;2,03174490343709;1,60807750502692;-19,2417130414084;-3,68783563053953;-6,61765924180583;-6,99606346443236;-5,86317244115215;-5,51495529071816;-11,6492872076154;-12,4078840221423;-6,07386567824379;-16,4452001607834;-11,1264558411833;-18,4119066924961;-25,3497131618707;-25,1186183431689;-16,1529241662379;-16,6683966462068;-26,6303402812389;-26,376949772366;-13,7046393897514;-19,1950106200335;2,68199219822906;1,52838389719892;1,55555567096163;0,906735395569924;0,505569093294629;0,505568510213577;0,542423295383888;0,645128743653648;0,999999654320567;0,839312184375599;0,686365732674007;0,484882772849465;0,338111817657018;-2,10248812611053;-2,39107314816938;-2,57999843988065;-3,04445220952412;-3,98728360456804;-3,99415245406221;-3,32287235000668;-2,69628304501951;-2,14040516008494;-1,19633754221421;-1,84960330131371;-2,2603080512661;-2,90414846937821;-4,92141460905742;-4,97090981906528;-4,04731849779858;-3,37322715574267;-2,69455527776592;0,0576794539318144;0,0155854222123021;0,0401387249306073;0,0163999959496525;0,0336234616251015;0,00774680590242334;0,0133265931673394;0,00615715054981555;-3;-3;1;1;0,2430614700697995;-3;-2,27934536254787;1;1;1;-11189,1684695446;NA;All
2560;1,96257758434098;2,87415933563341;2,32355139752399;2,69474155345606;2,68531789180513;2,29053059399079;2,31860704918659;2,23305006681852;2,48313477831144;1,94897073517181;1,95515506819309;1,62777457260964;1,43790880829806;1,22085994718278;1,60616273421994;1,66185795539309;1,82280167419465;1,53502591153856;2,03174490343709;1,60807750502692;-19,2417130414084;-3,68783563053953;-6,61765924180583;-6,99606346443236;-5,86317244115215;-5,51495529071816;-11,6492872076154;-12,4078840221423;-6,07386567824379;-16,4452001607834;-11,1264558411833;-18,4119066924961;-25,3497131618707;-25,1186183431689;-16,1529241662379;-16,6683966462068;-26,6303402812389;-26,376949772366;-13,7046393897514;-19,1950106200335;2,68199219822906;1,52838389719892;1,55555567096163;0,906735395569924;0,505569093294629;0,505568510213577;0,542423295383888;0,645128743653648;0,999999654320567;0,839312184375599;0,686365732674007;0,484882772849465;0,338111817657018;-2,10248812611053;-2,39107314816938;-2,57999843988065;-3,04445220952412;-3,98728360456804;-3,99415245406221;-3,32287235000668;-2,69628304501951;-2,14040516008494;-1,19633754221421;-1,84960330131371;-2,2603080512661;-2,90414846937821;-4,92141460905742;-4,97090981906528;-4,04731849779858;-3,37322715574267;-2,69455527776592;0,0576794539318144;0,0155854222123021;0,0401387249306073;0,0163999959496525;0,0336234616251015;0,00774680590242334;0,0133265931673394;0,00615715054981555;-3;-3;1;1;0,2225357984949859;-3;-3,66022606549687;1;1;1;-11188,7960178406;NA;All
2570;1,96257758434098;2,87415933563341;2,32355139752399;2,69474155345606;2,68531789180513;2,29053059399079;2,31860704918659;2,23305006681852;2,48313477831144;1,94897073517181;1,95515506819309;1,62777457260964;1,43790880829806;1,22085994718278;1,60616273421994;1,66185795539309;1,82280167419465;1,53502591153856;2,03174490343709;1,60807750502692;-19,2417130414084;-3,68783563053953;-6,61765924180583;-6,99606346443236;-5,86317244115215;-5,51495529071816;-11,6492872076154;-12,4078840221423;-6,07386567824379;-16,4452001607834;-11,1264558411833;-18,4119066924961;-25,3497131618707;-25,1186183431689;-16,1529241662379;-16,6683966462068;-26,6303402812389;-26,376949772366;-13,7046393897514;-19,1950106200335;2,68199219822906;1,52838389719892;1,55555567096163;0,906735395569924;0,505569093294629;0,505568510213577;0,542423295383888;0,645128743653648;0,999999654320567;0,839312184375599;0,686365732674007;0,484882772849465;0,338111817657018;-2,10248812611053;-2,39107314816938;-2,57999843988065;-3,04445220952412;-3,98728360456804;-3,99415245406221;-3,32287235000668;-2,69628304501951;-2,14040516008494;-1,19633754221421;-1,84960330131371;-2,2603080512661;-2,90414846937821;-4,92141460905742;-4,97090981906528;-4,04731849779858;-3,37322715574267;-2,69455527776592;0,0576794539318144;0,0155854222123021;0,0401387249306073;0,0163999959496525;0,0336234616251015;0,00774680590242334;0,0133265931673394;0,00615715054981555;-3;-3;1;1;0,2735227668984823;-3;-3,47836038605020;1;1;1;-11189,3350867223;NA;All
2580;1,96257758434098;2,87415933563341;2,32355139752399;2,69474155345606;2,68531789180513;2,29053059399079;2,31860704918659;2,23305006681852;2,48313477831144;1,94897073517181;1,95515506819309;1,62777457260964;1,43790880829806;1,22085994718278;1,60616273421994;1,66185795539309;1,82280167419465;1,53502591153856;2,03174490343709;1,60807750502692;-19,2417130414084;-3,68783563053953;-6,61765924180583;-6,99606346443236;-5,86317244115215;-5,51495529071816;-11,6492872076154;-12,4078840221423;-6,07386567824379;-16,4452001607834;-11,1264558411833;-18,4119066924961;-25,3497131618707;-25,1186183431689;-16,1529241662379;-16,6683966462068;-26,6303402812389;-26,376949772366;-13,7046393897514;-19,1950106200335;2,68199219822906;1,52838389719892;1,55555567096163;0,906735395569924;0,505569093294629;0,505568510213577;0,542423295383888;0,645128743653648;0,999999654320567;0,839312184375599;0,686365732674007;0,484882772849465;0,338111817657018;-2,10248812611053;-2,39107314816938;-2,57999843988065;-3,04445220952412;-3,98728360456804;-3,99415245406221;-3,32287235000668;-2,69628304501951;-2,14040516008494;-1,19633754221421;-1,84960330131371;-2,2603080512661;-2,90414846937821;-4,92141460905742;-4,97090981906528;-4,04731849779858;-3,37322715574267;-2,69455527776592;0,0576794539318144;0,0155854222123021;0,0401387249306073;0,0163999959496525;0,0336234616251015;0,00774680590242334;0,0133265931673394;0,00615715054981555;-3;-3;1;1;0,1531865142228776;-3;-1,97420293961502;1;1;1;-11189,3130404119;NA;All
2590;1,96257758434098;2,87415933563341;2,32355139752399;2,69474155345606;2,68531789180513;2,29053059399079;2,31860704918659;2,23305006681852;2,48313477831144;1,94897073517181;1,95515506819309;1,62777457260964;1,43790880829806;1,22085994718278;1,60616273421994;1,66185795539309;1,82280167419465;1,53502591153856;2,03174490343709;1,60807750502692;-19,2417130414084;-3,68783563053953;-6,61765924180583;-6,99606346443236;-5,86317244115215;-5,51495529071816;-11,6492872076154;-12,4078840221423;-6,07386567824379;-16,4452001607834;-11,1264558411833;-18,4119066924961;-25,3497131618707;-25,1186183431689;-16,1529241662379;-16,6683966462068;-26,6303402812389;-26,376949772366;-13,7046393897514;-19,1950106200335;2,68199219822906;1,52838389719892;1,55555567096163;0,906735395569924;0,505569093294629;0,505568510213577;0,542423295383888;0,645128743653648;0,999999654320567;0,839312184375599;0,686365732674007;0,484882772849465;0,338111817657018;-2,10248812611053;-2,39107314816938;-2,57999843988065;-3,04445220952412;-3,98728360456804;-3,99415245406221;-3,32287235000668;-2,69628304501951;-2,14040516008494;-1,19633754221421;-1,84960330131371;-2,2603080512661;-2,90414846937821;-4,92141460905742;-4,97090981906528;-4,04731849779858;-3,37322715574267;-2,69455527776592;0,0576794539318144;0,0155854222123021;0,0401387249306073;0,0163999959496525;0,0336234616251015;0,00774680590242334;0,0133265931673394;0,00615715054981555;-3;-3;1;1;0,1797010747444259;-3;-2,15418681377052;1;1;1;-11188,9908717751;NA;All
2600;1,96257758434098;2,87415933563341;2,32355139752399;2,69474155345606;2,68531789180513;2,29053059399079;2,31860704918659;2,23305006681852;2,48313477831144;1,94897073517181;1,95515506819309;1,62777457260964;1,43790880829806;1,22085994718278;1,60616273421994;1,66185795539309;1,82280167419465;1,53502591153856;2,03174490343709;1,60807750502692;-19,2417130414084;-3,68783563053953;-6,61765924180583;-6,99606346443236;-5,86317244115215;-5,51495529071816;-11,6492872076154;-12,4078840221423;-6,07386567824379;-16,4452001607834;-11,1264558411833;-18,4119066924961;-25,3497131618707;-25,1186183431689;-16,1529241662379;-16,6683966462068;-26,6303402812389;-26,376949772366;-13,7046393897514;-19,1950106200335;2,68199219822906;1,52838389719892;1,55555567096163;0,906735395569924;0,505569093294629;0,505568510213577;0,542423295383888;0,645128743653648;0,999999654320567;0,839312184375599;0,686365732674007;0,484882772849465;0,338111817657018;-2,10248812611053;-2,39107314816938;-2,57999843988065;-3,04445220952412;-3,98728360456804;-3,99415245406221;-3,32287235000668;-2,69628304501951;-2,14040516008494;-1,19633754221421;-1,84960330131371;-2,2603080512661;-2,90414846937821;-4,92141460905742;-4,97090981906528;-4,04731849779858;-3,37322715574267;-2,69455527776592;0,0576794539318144;0,0155854222123021;0,0401387249306073;0,0163999959496525;0,0336234616251015;0,00774680590242334;0,0133265931673394;0,00615715054981555;-3;-3;1;1;0,2353937458896776;-3;-2,73669400717327;1;1;1;-11188,9559986991;NA;All
2610;1,96257758434098;2,87415933563341;2,32355139752399;2,69474155345606;2,68531789180513;2,29053059399079;2,31860704918659;2,23305006681852;2,48313477831144;1,94897073517181;1,95515506819309;1,62777457260964;1,43790880829806;1,22085994718278;1,60616273421994;1,66185795539309;1,82280167419465;1,53502591153856;2,03174490343709;1,60807750502692;-19,2417130414084;-3,68783563053953;-6,61765924180583;-6,99606346443236;-5,86317244115215;-5,51495529071816;-11,6492872076154;-12,4078840221423;-6,07386567824379;-16,4452001607834;-11,1264558411833;-18,4119066924961;-25,3497131618707;-25,1186183431689;-16,1529241662379;-16,6683966462068;-26,6303402812389;-26,376949772366;-13,7046393897514;-19,1950106200335;2,68199219822906;1,52838389719892;1,55555567096163;0,906735395569924;0,505569093294629;0,505568510213577;0,542423295383888;0,645128743653648;0,999999654320567;0,839312184375599;0,686365732674007;0,484882772849465;0,338111817657018;-2,10248812611053;-2,39107314816938;-2,57999843988065;-3,04445220952412;-3,98728360456804;-3,99415245406221;-3,32287235000668;-2,69628304501951;-2,14040516008494;-1,19633754221421;-1,84960330131371;-2,2603080512661;-2,90414846937821;-4,92141460905742;-4,97090981906528;-4,04731849779858;-3,37322715574267;-2,69455527776592;0,0576794539318144;0,0155854222123021;0,0401387249306073;0,0163999959496525;0,0336234616251015;0,00774680590242334;0,0133265931673394;0,00615715054981555;-3;-3;1;1;0,2252598658652043;-3;-3,56971452914469;1;1;1;-11188,8154671378;NA;All
2620;1,96257758434098;2,87415933563341;2,32355139752399;2,69474155345606;2,68531789180513;2,29053059399079;2,31860704918659;2,23305006681852;2,48313477831144;1,94897073517181;1,95515506819309;1,62777457260964;1,43790880829806;1,22085994718278;1,60616273421994;1,66185795539309;1,82280167419465;1,53502591153856;2,03174490343709;1,60807750502692;-19,2417130414084;-3,68783563053953;-6,61765924180583;-6,99606346443236;-5,86317244115215;-5,51495529071816;-11,6492872076154;-12,4078840221423;-6,07386567824379;-16,4452001607834;-11,1264558411833;-18,4119066924961;-25,3497131618707;-25,1186183431689;-16,1529241662379;-16,6683966462068;-26,6303402812389;-26,376949772366;-13,7046393897514;-19,1950106200335;2,68199219822906;1,52838389719892;1,55555567096163;0,906735395569924;0,505569093294629;0,505568510213577;0,542423295383888;0,645128743653648;0,999999654320567;0,839312184375599;0,686365732674007;0,484882772849465;0,338111817657018;-2,10248812611053;-2,39107314816938;-2,57999843988065;-3,04445220952412;-3,98728360456804;-3,99415245406221;-3,32287235000668;-2,69628304501951;-2,14040516008494;-1,19633754221421;-1,84960330131371;-2,2603080512661;-2,90414846937821;-4,92141460905742;-4,97090981906528;-4,04731849779858;-3,37322715574267;-2,69455527776592;0,0576794539318144;0,0155854222123021;0,0401387249306073;0,0163999959496525;0,0336234616251015;0,00774680590242334;0,0133265931673394;0,00615715054981555;-3;-3;1;1;0,0875467516084928;-3;-2,27608013941124;1;1;1;-11190,4452813706;NA;All
2630;1,96257758434098;2,87415933563341;2,32355139752399;2,69474155345606;2,68531789180513;2,29053059399079;2,31860704918659;2,23305006681852;2,48313477831144;1,94897073517181;1,95515506819309;1,62777457260964;1,43790880829806;1,22085994718278;1,60616273421994;1,66185795539309;1,82280167419465;1,53502591153856;2,03174490343709;1,60807750502692;-19,2417130414084;-3,68783563053953;-6,61765924180583;-6,99606346443236;-5,86317244115215;-5,51495529071816;-11,6492872076154;-12,4078840221423;-6,07386567824379;-16,4452001607834;-11,1264558411833;-18,4119066924961;-25,3497131618707;-25,1186183431689;-16,1529241662379;-16,6683966462068;-26,6303402812389;-26,376949772366;-13,7046393897514;-19,1950106200335;2,68199219822906;1,52838389719892;1,55555567096163;0,906735395569924;0,505569093294629;0,505568510213577;0,542423295383888;0,645128743653648;0,999999654320567;0,839312184375599;0,686365732674007;0,484882772849465;0,338111817657018;-2,10248812611053;-2,39107314816938;-2,57999843988065;-3,04445220952412;-3,98728360456804;-3,99415245406221;-3,32287235000668;-2,69628304501951;-2,14040516008494;-1,19633754221421;-1,84960330131371;-2,2603080512661;-2,90414846937821;-4,92141460905742;-4,97090981906528;-4,04731849779858;-3,37322715574267;-2,69455527776592;0,0576794539318144;0,0155854222123021;0,0401387249306073;0,0163999959496525;0,0336234616251015;0,00774680590242334;0,0133265931673394;0,00615715054981555;-3;-3;1;1;0,1546046487530895;-3;-3,60824650277979;1;1;1;-11188,8458632594;NA;All
2640;1,96257758434098;2,87415933563341;2,32355139752399;2,69474155345606;2,68531789180513;2,29053059399079;2,31860704918659;2,23305006681852;2,48313477831144;1,94897073517181;1,95515506819309;1,62777457260964;1,43790880829806;1,22085994718278;1,60616273421994;1,66185795539309;1,82280167419465;1,53502591153856;2,03174490343709;1,60807750502692;-19,2417130414084;-3,68783563053953;-6,61765924180583;-6,99606346443236;-5,86317244115215;-5,51495529071816;-11,6492872076154;-12,4078840221423;-6,07386567824379;-16,4452001607834;-11,1264558411833;-18,4119066924961;-25,3497131618707;-25,1186183431689;-16,1529241662379;-16,6683966462068;-26,6303402812389;-26,376949772366;-13,7046393897514;-19,1950106200335;2,68199219822906;1,52838389719892;1,55555567096163;0,906735395569924;0,505569093294629;0,505568510213577;0,542423295383888;0,645128743653648;0,999999654320567;0,839312184375599;0,686365732674007;0,484882772849465;0,338111817657018;-2,10248812611053;-2,39107314816938;-2,57999843988065;-3,04445220952412;-3,98728360456804;-3,99415245406221;-3,32287235000668;-2,69628304501951;-2,14040516008494;-1,19633754221421;-1,84960330131371;-2,2603080512661;-2,90414846937821;-4,92141460905742;-4,97090981906528;-4,04731849779858;-3,37322715574267;-2,69455527776592;0,0576794539318144;0,0155854222123021;0,0401387249306073;0,0163999959496525;0,0336234616251015;0,00774680590242334;0,0133265931673394;0,00615715054981555;-3;-3;1;1;0,2118187388293174;-3;-2,26244061887163;1;1;1;-11188,9560575002;NA;All
2650;1,96257758434098;2,87415933563341;2,32355139752399;2,69474155345606;2,68531789180513;2,29053059399079;2,31860704918659;2,23305006681852;2,48313477831144;1,94897073517181;1,95515506819309;1,62777457260964;1,43790880829806;1,22085994718278;1,60616273421994;1,66185795539309;1,82280167419465;1,53502591153856;2,03174490343709;1,60807750502692;-19,2417130414084;-3,68783563053953;-6,61765924180583;-6,99606346443236;-5,86317244115215;-5,51495529071816;-11,6492872076154;-12,4078840221423;-6,07386567824379;-16,4452001607834;-11,1264558411833;-18,4119066924961;-25,3497131618707;-25,1186183431689;-16,1529241662379;-16,6683966462068;-26,6303402812389;-26,376949772366;-13,7046393897514;-19,1950106200335;2,68199219822906;1,52838389719892;1,55555567096163;0,906735395569924;0,505569093294629;0,505568510213577;0,542423295383888;0,645128743653648;0,999999654320567;0,839312184375599;0,686365732674007;0,484882772849465;0,338111817657018;-2,10248812611053;-2,39107314816938;-2,57999843988065;-3,04445220952412;-3,98728360456804;-3,99415245406221;-3,32287235000668;-2,69628304501951;-2,14040516008494;-1,19633754221421;-1,84960330131371;-2,2603080512661;-2,90414846937821;-4,92141460905742;-4,97090981906528;-4,04731849779858;-3,37322715574267;-2,69455527776592;0,0576794539318144;0,0155854222123021;0,0401387249306073;0,0163999959496525;0,0336234616251015;0,00774680590242334;0,0133265931673394;0,00615715054981555;-3;-3;1;1;0,1353344761555613;-3;-3,75567084461514;1;1;1;-11189,0717382521;NA;All
2660;1,96257758434098;2,87415933563341;2,32355139752399;2,69474155345606;2,68531789180513;2,29053059399079;2,31860704918659;2,23305006681852;2,48313477831144;1,94897073517181;1,95515506819309;1,62777457260964;1,43790880829806;1,22085994718278;1,60616273421994;1,66185795539309;1,82280167419465;1,53502591153856;2,03174490343709;1,60807750502692;-19,2417130414084;-3,68783563053953;-6,61765924180583;-6,99606346443236;-5,86317244115215;-5,51495529071816;-11,6492872076154;-12,4078840221423;-6,07386567824379;-16,4452001607834;-11,1264558411833;-18,4119066924961;-25,3497131618707;-25,1186183431689;-16,1529241662379;-16,6683966462068;-26,6303402812389;-26,376949772366;-13,7046393897514;-19,1950106200335;2,68199219822906;1,52838389719892;1,55555567096163;0,906735395569924;0,505569093294629;0,505568510213577;0,542423295383888;0,645128743653648;0,999999654320567;0,839312184375599;0,686365732674007;0,484882772849465;0,338111817657018;-2,10248812611053;-2,39107314816938;-2,57999843988065;-3,04445220952412;-3,98728360456804;-3,99415245406221;-3,32287235000668;-2,69628304501951;-2,14040516008494;-1,19633754221421;-1,84960330131371;-2,2603080512661;-2,90414846937821;-4,92141460905742;-4,97090981906528;-4,04731849779858;-3,37322715574267;-2,69455527776592;0,0576794539318144;0,0155854222123021;0,0401387249306073;0,0163999959496525;0,0336234616251015;0,00774680590242334;0,0133265931673394;0,00615715054981555;-3;-3;1;1;0,0899352039738029;-3;-2,58202431655353;1;1;1;-11190,2466959854;NA;All
2670;1,96257758434098;2,87415933563341;2,32355139752399;2,69474155345606;2,68531789180513;2,29053059399079;2,31860704918659;2,23305006681852;2,48313477831144;1,94897073517181;1,95515506819309;1,62777457260964;1,43790880829806;1,22085994718278;1,60616273421994;1,66185795539309;1,82280167419465;1,53502591153856;2,03174490343709;1,60807750502692;-19,2417130414084;-3,68783563053953;-6,61765924180583;-6,99606346443236;-5,86317244115215;-5,51495529071816;-11,6492872076154;-12,4078840221423;-6,07386567824379;-16,4452001607834;-11,1264558411833;-18,4119066924961;-25,3497131618707;-25,1186183431689;-16,1529241662379;-16,6683966462068;-26,6303402812389;-26,376949772366;-13,7046393897514;-19,1950106200335;2,68199219822906;1,52838389719892;1,55555567096163;0,906735395569924;0,505569093294629;0,505568510213577;0,542423295383888;0,645128743653648;0,999999654320567;0,839312184375599;0,686365732674007;0,484882772849465;0,338111817657018;-2,10248812611053;-2,39107314816938;-2,57999843988065;-3,04445220952412;-3,98728360456804;-3,99415245406221;-3,32287235000668;-2,69628304501951;-2,14040516008494;-1,19633754221421;-1,84960330131371;-2,2603080512661;-2,90414846937821;-4,92141460905742;-4,97090981906528;-4,04731849779858;-3,37322715574267;-2,69455527776592;0,0576794539318144;0,0155854222123021;0,0401387249306073;0,0163999959496525;0,0336234616251015;0,00774680590242334;0,0133265931673394;0,00615715054981555;-3;-3;1;1;0,2002206090716227;-3;-2,10462490197546;1;1;1;-11189,0235395992;NA;All
2680;1,96257758434098;2,87415933563341;2,32355139752399;2,69474155345606;2,68531789180513;2,29053059399079;2,31860704918659;2,23305006681852;2,48313477831144;1,94897073517181;1,95515506819309;1,62777457260964;1,43790880829806;1,22085994718278;1,60616273421994;1,66185795539309;1,82280167419465;1,53502591153856;2,03174490343709;1,60807750502692;-19,2417130414084;-3,68783563053953;-6,61765924180583;-6,99606346443236;-5,86317244115215;-5,51495529071816;-11,6492872076154;-12,4078840221423;-6,07386567824379;-16,4452001607834;-11,1264558411833;-18,4119066924961;-25,3497131618707;-25,1186183431689;-16,1529241662379;-16,6683966462068;-26,6303402812389;-26,376949772366;-13,7046393897514;-19,1950106200335;2,68199219822906;1,52838389719892;1,55555567096163;0,906735395569924;0,505569093294629;0,505568510213577;0,542423295383888;0,645128743653648;0,999999654320567;0,839312184375599;0,686365732674007;0,484882772849465;0,338111817657018;-2,10248812611053;-2,39107314816938;-2,57999843988065;-3,04445220952412;-3,98728360456804;-3,99415245406221;-3,32287235000668;-2,69628304501951;-2,14040516008494;-1,19633754221421;-1,84960330131371;-2,2603080512661;-2,90414846937821;-4,92141460905742;-4,97090981906528;-4,04731849779858;-3,37322715574267;-2,69455527776592;0,0576794539318144;0,0155854222123021;0,0401387249306073;0,0163999959496525;0,0336234616251015;0,00774680590242334;0,0133265931673394;0,00615715054981555;-3;-3;1;1;0,2442495544134710;-3;-3,65456918824268;1;1;1;-11188,9748754125;NA;All
2690;1,96257758434098;2,87415933563341;2,32355139752399;2,69474155345606;2,68531789180513;2,29053059399079;2,31860704918659;2,23305006681852;2,48313477831144;1,94897073517181;1,95515506819309;1,62777457260964;1,43790880829806;1,22085994718278;1,60616273421994;1,66185795539309;1,82280167419465;1,53502591153856;2,03174490343709;1,60807750502692;-19,2417130414084;-3,68783563053953;-6,61765924180583;-6,99606346443236;-5,86317244115215;-5,51495529071816;-11,6492872076154;-12,4078840221423;-6,07386567824379;-16,4452001607834;-11,1264558411833;-18,4119066924961;-25,3497131618707;-25,1186183431689;-16,1529241662379;-16,6683966462068;-26,6303402812389;-26,376949772366;-13,7046393897514;-19,1950106200335;2,68199219822906;1,52838389719892;1,55555567096163;0,906735395569924;0,505569093294629;0,505568510213577;0,542423295383888;0,645128743653648;0,999999654320567;0,839312184375599;0,686365732674007;0,484882772849465;0,338111817657018;-2,10248812611053;-2,39107314816938;-2,57999843988065;-3,04445220952412;-3,98728360456804;-3,99415245406221;-3,32287235000668;-2,69628304501951;-2,14040516008494;-1,19633754221421;-1,84960330131371;-2,2603080512661;-2,90414846937821;-4,92141460905742;-4,97090981906528;-4,04731849779858;-3,37322715574267;-2,69455527776592;0,0576794539318144;0,0155854222123021;0,0401387249306073;0,0163999959496525;0,0336234616251015;0,00774680590242334;0,0133265931673394;0,00615715054981555;-3;-3;1;1;0,2337071833207101;-3;-3,44009182253665;1;1;1;-11188,8831051853;NA;All
2700;1,96257758434098;2,87415933563341;2,32355139752399;2,69474155345606;2,68531789180513;2,29053059399079;2,31860704918659;2,23305006681852;2,48313477831144;1,94897073517181;1,95515506819309;1,62777457260964;1,43790880829806;1,22085994718278;1,60616273421994;1,66185795539309;1,82280167419465;1,53502591153856;2,03174490343709;1,60807750502692;-19,2417130414084;-3,68783563053953;-6,61765924180583;-6,99606346443236;-5,86317244115215;-5,51495529071816;-11,6492872076154;-12,4078840221423;-6,07386567824379;-16,4452001607834;-11,1264558411833;-18,4119066924961;-25,3497131618707;-25,1186183431689;-16,1529241662379;-16,6683966462068;-26,6303402812389;-26,376949772366;-13,7046393897514;-19,1950106200335;2,68199219822906;1,52838389719892;1,55555567096163;0,906735395569924;0,505569093294629;0,505568510213577;0,542423295383888;0,645128743653648;0,999999654320567;0,839312184375599;0,686365732674007;0,484882772849465;0,338111817657018;-2,10248812611053;-2,39107314816938;-2,57999843988065;-3,04445220952412;-3,98728360456804;-3,99415245406221;-3,32287235000668;-2,69628304501951;-2,14040516008494;-1,19633754221421;-1,84960330131371;-2,2603080512661;-2,90414846937821;-4,92141460905742;-4,97090981906528;-4,04731849779858;-3,37322715574267;-2,69455527776592;0,0576794539318144;0,0155854222123021;0,0401387249306073;0,0163999959496525;0,0336234616251015;0,00774680590242334;0,0133265931673394;0,00615715054981555;-3;-3;1;1;0,2033614189744301;-3;-3,90818355337049;1;1;1;-11188,7041045837;NA;All
2710;1,96257758434098;2,87415933563341;2,32355139752399;2,69474155345606;2,68531789180513;2,29053059399079;2,31860704918659;2,23305006681852;2,48313477831144;1,94897073517181;1,95515506819309;1,62777457260964;1,43790880829806;1,22085994718278;1,60616273421994;1,66185795539309;1,82280167419465;1,53502591153856;2,03174490343709;1,60807750502692;-19,2417130414084;-3,68783563053953;-6,61765924180583;-6,99606346443236;-5,86317244115215;-5,51495529071816;-11,6492872076154;-12,4078840221423;-6,07386567824379;-16,4452001607834;-11,1264558411833;-18,4119066924961;-25,3497131618707;-25,1186183431689;-16,1529241662379;-16,6683966462068;-26,6303402812389;-26,376949772366;-13,7046393897514;-19,1950106200335;2,68199219822906;1,52838389719892;1,55555567096163;0,906735395569924;0,505569093294629;0,505568510213577;0,542423295383888;0,645128743653648;0,999999654320567;0,839312184375599;0,686365732674007;0,484882772849465;0,338111817657018;-2,10248812611053;-2,39107314816938;-2,57999843988065;-3,04445220952412;-3,98728360456804;-3,99415245406221;-3,32287235000668;-2,69628304501951;-2,14040516008494;-1,19633754221421;-1,84960330131371;-2,2603080512661;-2,90414846937821;-4,92141460905742;-4,97090981906528;-4,04731849779858;-3,37322715574267;-2,69455527776592;0,0576794539318144;0,0155854222123021;0,0401387249306073;0,0163999959496525;0,0336234616251015;0,00774680590242334;0,0133265931673394;0,00615715054981555;-3;-3;1;1;0,1641295164402193;-3;-1,76157355393752;1;1;1;-11189,5461946294;NA;All
2720;1,96257758434098;2,87415933563341;2,32355139752399;2,69474155345606;2,68531789180513;2,29053059399079;2,31860704918659;2,23305006681852;2,48313477831144;1,94897073517181;1,95515506819309;1,62777457260964;1,43790880829806;1,22085994718278;1,60616273421994;1,66185795539309;1,82280167419465;1,53502591153856;2,03174490343709;1,60807750502692;-19,2417130414084;-3,68783563053953;-6,61765924180583;-6,99606346443236;-5,86317244115215;-5,51495529071816;-11,6492872076154;-12,4078840221423;-6,07386567824379;-16,4452001607834;-11,1264558411833;-18,4119066924961;-25,3497131618707;-25,1186183431689;-16,1529241662379;-16,6683966462068;-26,6303402812389;-26,376949772366;-13,7046393897514;-19,1950106200335;2,68199219822906;1,52838389719892;1,55555567096163;0,906735395569924;0,505569093294629;0,505568510213577;0,542423295383888;0,645128743653648;0,999999654320567;0,839312184375599;0,686365732674007;0,484882772849465;0,338111817657018;-2,10248812611053;-2,39107314816938;-2,57999843988065;-3,04445220952412;-3,98728360456804;-3,99415245406221;-3,32287235000668;-2,69628304501951;-2,14040516008494;-1,19633754221421;-1,84960330131371;-2,2603080512661;-2,90414846937821;-4,92141460905742;-4,97090981906528;-4,04731849779858;-3,37322715574267;-2,69455527776592;0,0576794539318144;0,0155854222123021;0,0401387249306073;0,0163999959496525;0,0336234616251015;0,00774680590242334;0,0133265931673394;0,00615715054981555;-3;-3;1;1;0,1238892877755027;-3;-3,56661521218876;1;1;1;-11189,2694302388;NA;All
2730;1,96257758434098;2,87415933563341;2,32355139752399;2,69474155345606;2,68531789180513;2,29053059399079;2,31860704918659;2,23305006681852;2,48313477831144;1,94897073517181;1,95515506819309;1,62777457260964;1,43790880829806;1,22085994718278;1,60616273421994;1,66185795539309;1,82280167419465;1,53502591153856;2,03174490343709;1,60807750502692;-19,2417130414084;-3,68783563053953;-6,61765924180583;-6,99606346443236;-5,86317244115215;-5,51495529071816;-11,6492872076154;-12,4078840221423;-6,07386567824379;-16,4452001607834;-11,1264558411833;-18,4119066924961;-25,3497131618707;-25,1186183431689;-16,1529241662379;-16,6683966462068;-26,6303402812389;-26,376949772366;-13,7046393897514;-19,1950106200335;2,68199219822906;1,52838389719892;1,55555567096163;0,906735395569924;0,505569093294629;0,505568510213577;0,542423295383888;0,645128743653648;0,999999654320567;0,839312184375599;0,686365732674007;0,484882772849465;0,338111817657018;-2,10248812611053;-2,39107314816938;-2,57999843988065;-3,04445220952412;-3,98728360456804;-3,99415245406221;-3,32287235000668;-2,69628304501951;-2,14040516008494;-1,19633754221421;-1,84960330131371;-2,2603080512661;-2,90414846937821;-4,92141460905742;-4,97090981906528;-4,04731849779858;-3,37322715574267;-2,69455527776592;0,0576794539318144;0,0155854222123021;0,0401387249306073;0,0163999959496525;0,0336234616251015;0,00774680590242334;0,0133265931673394;0,00615715054981555;-3;-3;1;1;0,1934822141478224;-3;-3,91290146585692;1;1;1;-11188,6874886718;NA;All
2740;1,96257758434098;2,87415933563341;2,32355139752399;2,69474155345606;2,68531789180513;2,29053059399079;2,31860704918659;2,23305006681852;2,48313477831144;1,94897073517181;1,95515506819309;1,62777457260964;1,43790880829806;1,22085994718278;1,60616273421994;1,66185795539309;1,82280167419465;1,53502591153856;2,03174490343709;1,60807750502692;-19,2417130414084;-3,68783563053953;-6,61765924180583;-6,99606346443236;-5,86317244115215;-5,51495529071816;-11,6492872076154;-12,4078840221423;-6,07386567824379;-16,4452001607834;-11,1264558411833;-18,4119066924961;-25,3497131618707;-25,1186183431689;-16,1529241662379;-16,6683966462068;-26,6303402812389;-26,376949772366;-13,7046393897514;-19,1950106200335;2,68199219822906;1,52838389719892;1,55555567096163;0,906735395569924;0,505569093294629;0,505568510213577;0,542423295383888;0,645128743653648;0,999999654320567;0,839312184375599;0,686365732674007;0,484882772849465;0,338111817657018;-2,10248812611053;-2,39107314816938;-2,57999843988065;-3,04445220952412;-3,98728360456804;-3,99415245406221;-3,32287235000668;-2,69628304501951;-2,14040516008494;-1,19633754221421;-1,84960330131371;-2,2603080512661;-2,90414846937821;-4,92141460905742;-4,97090981906528;-4,04731849779858;-3,37322715574267;-2,69455527776592;0,0576794539318144;0,0155854222123021;0,0401387249306073;0,0163999959496525;0,0336234616251015;0,00774680590242334;0,0133265931673394;0,00615715054981555;-3;-3;1;1;0,1909877852592728;-3;-3,84327707000785;1;1;1;-11188,6876739558;NA;All
2750;1,96257758434098;2,87415933563341;2,32355139752399;2,69474155345606;2,68531789180513;2,29053059399079;2,31860704918659;2,23305006681852;2,48313477831144;1,94897073517181;1,95515506819309;1,62777457260964;1,43790880829806;1,22085994718278;1,60616273421994;1,66185795539309;1,82280167419465;1,53502591153856;2,03174490343709;1,60807750502692;-19,2417130414084;-3,68783563053953;-6,61765924180583;-6,99606346443236;-5,86317244115215;-5,51495529071816;-11,6492872076154;-12,4078840221423;-6,07386567824379;-16,4452001607834;-11,1264558411833;-18,4119066924961;-25,3497131618707;-25,1186183431689;-16,1529241662379;-16,6683966462068;-26,6303402812389;-26,376949772366;-13,7046393897514;-19,1950106200335;2,68199219822906;1,52838389719892;1,55555567096163;0,906735395569924;0,505569093294629;0,505568510213577;0,542423295383888;0,645128743653648;0,999999654320567;0,839312184375599;0,686365732674007;0,484882772849465;0,338111817657018;-2,10248812611053;-2,39107314816938;-2,57999843988065;-3,04445220952412;-3,98728360456804;-3,99415245406221;-3,32287235000668;-2,69628304501951;-2,14040516008494;-1,19633754221421;-1,84960330131371;-2,2603080512661;-2,90414846937821;-4,92141460905742;-4,97090981906528;-4,04731849779858;-3,37322715574267;-2,69455527776592;0,0576794539318144;0,0155854222123021;0,0401387249306073;0,0163999959496525;0,0336234616251015;0,00774680590242334;0,0133265931673394;0,00615715054981555;-3;-3;1;1;0,2466139195157051;-3;-2,12363710006267;1;1;1;-11189,3017923658;NA;All
2760;1,96257758434098;2,87415933563341;2,32355139752399;2,69474155345606;2,68531789180513;2,29053059399079;2,31860704918659;2,23305006681852;2,48313477831144;1,94897073517181;1,95515506819309;1,62777457260964;1,43790880829806;1,22085994718278;1,60616273421994;1,66185795539309;1,82280167419465;1,53502591153856;2,03174490343709;1,60807750502692;-19,2417130414084;-3,68783563053953;-6,61765924180583;-6,99606346443236;-5,86317244115215;-5,51495529071816;-11,6492872076154;-12,4078840221423;-6,07386567824379;-16,4452001607834;-11,1264558411833;-18,4119066924961;-25,3497131618707;-25,1186183431689;-16,1529241662379;-16,6683966462068;-26,6303402812389;-26,376949772366;-13,7046393897514;-19,1950106200335;2,68199219822906;1,52838389719892;1,55555567096163;0,906735395569924;0,505569093294629;0,505568510213577;0,542423295383888;0,645128743653648;0,999999654320567;0,839312184375599;0,686365732674007;0,484882772849465;0,338111817657018;-2,10248812611053;-2,39107314816938;-2,57999843988065;-3,04445220952412;-3,98728360456804;-3,99415245406221;-3,32287235000668;-2,69628304501951;-2,14040516008494;-1,19633754221421;-1,84960330131371;-2,2603080512661;-2,90414846937821;-4,92141460905742;-4,97090981906528;-4,04731849779858;-3,37322715574267;-2,69455527776592;0,0576794539318144;0,0155854222123021;0,0401387249306073;0,0163999959496525;0,0336234616251015;0,00774680590242334;0,0133265931673394;0,00615715054981555;-3;-3;1;1;0,1791837845553235;-3;-1,93608313745087;1;1;1;-11189,2004116714;NA;All
2770;1,96257758434098;2,87415933563341;2,32355139752399;2,69474155345606;2,68531789180513;2,29053059399079;2,31860704918659;2,23305006681852;2,48313477831144;1,94897073517181;1,95515506819309;1,62777457260964;1,43790880829806;1,22085994718278;1,60616273421994;1,66185795539309;1,82280167419465;1,53502591153856;2,03174490343709;1,60807750502692;-19,2417130414084;-3,68783563053953;-6,61765924180583;-6,99606346443236;-5,86317244115215;-5,51495529071816;-11,6492872076154;-12,4078840221423;-6,07386567824379;-16,4452001607834;-11,1264558411833;-18,4119066924961;-25,3497131618707;-25,1186183431689;-16,1529241662379;-16,6683966462068;-26,6303402812389;-26,376949772366;-13,7046393897514;-19,1950106200335;2,68199219822906;1,52838389719892;1,55555567096163;0,906735395569924;0,505569093294629;0,505568510213577;0,542423295383888;0,645128743653648;0,999999654320567;0,839312184375599;0,686365732674007;0,484882772849465;0,338111817657018;-2,10248812611053;-2,39107314816938;-2,57999843988065;-3,04445220952412;-3,98728360456804;-3,99415245406221;-3,32287235000668;-2,69628304501951;-2,14040516008494;-1,19633754221421;-1,84960330131371;-2,2603080512661;-2,90414846937821;-4,92141460905742;-4,97090981906528;-4,04731849779858;-3,37322715574267;-2,69455527776592;0,0576794539318144;0,0155854222123021;0,0401387249306073;0,0163999959496525;0,0336234616251015;0,00774680590242334;0,0133265931673394;0,00615715054981555;-3;-3;1;1;0,2639306280804625;-3;-3,82714597321617;1;1;1;-11189,1975201602;NA;All
2780;1,96257758434098;2,87415933563341;2,32355139752399;2,69474155345606;2,68531789180513;2,29053059399079;2,31860704918659;2,23305006681852;2,48313477831144;1,94897073517181;1,95515506819309;1,62777457260964;1,43790880829806;1,22085994718278;1,60616273421994;1,66185795539309;1,82280167419465;1,53502591153856;2,03174490343709;1,60807750502692;-19,2417130414084;-3,68783563053953;-6,61765924180583;-6,99606346443236;-5,86317244115215;-5,51495529071816;-11,6492872076154;-12,4078840221423;-6,07386567824379;-16,4452001607834;-11,1264558411833;-18,4119066924961;-25,3497131618707;-25,1186183431689;-16,1529241662379;-16,6683966462068;-26,6303402812389;-26,376949772366;-13,7046393897514;-19,1950106200335;2,68199219822906;1,52838389719892;1,55555567096163;0,906735395569924;0,505569093294629;0,505568510213577;0,542423295383888;0,645128743653648;0,999999654320567;0,839312184375599;0,686365732674007;0,484882772849465;0,338111817657018;-2,10248812611053;-2,39107314816938;-2,57999843988065;-3,04445220952412;-3,98728360456804;-3,99415245406221;-3,32287235000668;-2,69628304501951;-2,14040516008494;-1,19633754221421;-1,84960330131371;-2,2603080512661;-2,90414846937821;-4,92141460905742;-4,97090981906528;-4,04731849779858;-3,37322715574267;-2,69455527776592;0,0576794539318144;0,0155854222123021;0,0401387249306073;0,0163999959496525;0,0336234616251015;0,00774680590242334;0,0133265931673394;0,00615715054981555;-3;-3;1;1;0,1754972179841242;-3;-2,46869631025550;1;1;1;-11188,8478566073;NA;All
2790;1,96257758434098;2,87415933563341;2,32355139752399;2,69474155345606;2,68531789180513;2,29053059399079;2,31860704918659;2,23305006681852;2,48313477831144;1,94897073517181;1,95515506819309;1,62777457260964;1,43790880829806;1,22085994718278;1,60616273421994;1,66185795539309;1,82280167419465;1,53502591153856;2,03174490343709;1,60807750502692;-19,2417130414084;-3,68783563053953;-6,61765924180583;-6,99606346443236;-5,86317244115215;-5,51495529071816;-11,6492872076154;-12,4078840221423;-6,07386567824379;-16,4452001607834;-11,1264558411833;-18,4119066924961;-25,3497131618707;-25,1186183431689;-16,1529241662379;-16,6683966462068;-26,6303402812389;-26,376949772366;-13,7046393897514;-19,1950106200335;2,68199219822906;1,52838389719892;1,55555567096163;0,906735395569924;0,505569093294629;0,505568510213577;0,542423295383888;0,645128743653648;0,999999654320567;0,839312184375599;0,686365732674007;0,484882772849465;0,338111817657018;-2,10248812611053;-2,39107314816938;-2,57999843988065;-3,04445220952412;-3,98728360456804;-3,99415245406221;-3,32287235000668;-2,69628304501951;-2,14040516008494;-1,19633754221421;-1,84960330131371;-2,2603080512661;-2,90414846937821;-4,92141460905742;-4,97090981906528;-4,04731849779858;-3,37322715574267;-2,69455527776592;0,0576794539318144;0,0155854222123021;0,0401387249306073;0,0163999959496525;0,0336234616251015;0,00774680590242334;0,0133265931673394;0,00615715054981555;-3;-3;1;1;0,1502248188430663;-3;-3,21042635348004;1;1;1;-11188,9042640403;NA;All
2800;1,96257758434098;2,87415933563341;2,32355139752399;2,69474155345606;2,68531789180513;2,29053059399079;2,31860704918659;2,23305006681852;2,48313477831144;1,94897073517181;1,95515506819309;1,62777457260964;1,43790880829806;1,22085994718278;1,60616273421994;1,66185795539309;1,82280167419465;1,53502591153856;2,03174490343709;1,60807750502692;-19,2417130414084;-3,68783563053953;-6,61765924180583;-6,99606346443236;-5,86317244115215;-5,51495529071816;-11,6492872076154;-12,4078840221423;-6,07386567824379;-16,4452001607834;-11,1264558411833;-18,4119066924961;-25,3497131618707;-25,1186183431689;-16,1529241662379;-16,6683966462068;-26,6303402812389;-26,376949772366;-13,7046393897514;-19,1950106200335;2,68199219822906;1,52838389719892;1,55555567096163;0,906735395569924;0,505569093294629;0,505568510213577;0,542423295383888;0,645128743653648;0,999999654320567;0,839312184375599;0,686365732674007;0,484882772849465;0,338111817657018;-2,10248812611053;-2,39107314816938;-2,57999843988065;-3,04445220952412;-3,98728360456804;-3,99415245406221;-3,32287235000668;-2,69628304501951;-2,14040516008494;-1,19633754221421;-1,84960330131371;-2,2603080512661;-2,90414846937821;-4,92141460905742;-4,97090981906528;-4,04731849779858;-3,37322715574267;-2,69455527776592;0,0576794539318144;0,0155854222123021;0,0401387249306073;0,0163999959496525;0,0336234616251015;0,00774680590242334;0,0133265931673394;0,00615715054981555;-3;-3;1;1;0,3019278443488385;-3;-3,88926295497319;1;1;1;-11189,7860149627;NA;All
2810;1,96257758434098;2,87415933563341;2,32355139752399;2,69474155345606;2,68531789180513;2,29053059399079;2,31860704918659;2,23305006681852;2,48313477831144;1,94897073517181;1,95515506819309;1,62777457260964;1,43790880829806;1,22085994718278;1,60616273421994;1,66185795539309;1,82280167419465;1,53502591153856;2,03174490343709;1,60807750502692;-19,2417130414084;-3,68783563053953;-6,61765924180583;-6,99606346443236;-5,86317244115215;-5,51495529071816;-11,6492872076154;-12,4078840221423;-6,07386567824379;-16,4452001607834;-11,1264558411833;-18,4119066924961;-25,3497131618707;-25,1186183431689;-16,1529241662379;-16,6683966462068;-26,6303402812389;-26,376949772366;-13,7046393897514;-19,1950106200335;2,68199219822906;1,52838389719892;1,55555567096163;0,906735395569924;0,505569093294629;0,505568510213577;0,542423295383888;0,645128743653648;0,999999654320567;0,839312184375599;0,686365732674007;0,484882772849465;0,338111817657018;-2,10248812611053;-2,39107314816938;-2,57999843988065;-3,04445220952412;-3,98728360456804;-3,99415245406221;-3,32287235000668;-2,69628304501951;-2,14040516008494;-1,19633754221421;-1,84960330131371;-2,2603080512661;-2,90414846937821;-4,92141460905742;-4,97090981906528;-4,04731849779858;-3,37322715574267;-2,69455527776592;0,0576794539318144;0,0155854222123021;0,0401387249306073;0,0163999959496525;0,0336234616251015;0,00774680590242334;0,0133265931673394;0,00615715054981555;-3;-3;1;1;0,1299996498374701;-3;-3,06937686270268;1;1;1;-11189,1843507757;NA;All
2820;1,96257758434098;2,87415933563341;2,32355139752399;2,69474155345606;2,68531789180513;2,29053059399079;2,31860704918659;2,23305006681852;2,48313477831144;1,94897073517181;1,95515506819309;1,62777457260964;1,43790880829806;1,22085994718278;1,60616273421994;1,66185795539309;1,82280167419465;1,53502591153856;2,03174490343709;1,60807750502692;-19,2417130414084;-3,68783563053953;-6,61765924180583;-6,99606346443236;-5,86317244115215;-5,51495529071816;-11,6492872076154;-12,4078840221423;-6,07386567824379;-16,4452001607834;-11,1264558411833;-18,4119066924961;-25,3497131618707;-25,1186183431689;-16,1529241662379;-16,6683966462068;-26,6303402812389;-26,376949772366;-13,7046393897514;-19,1950106200335;2,68199219822906;1,52838389719892;1,55555567096163;0,906735395569924;0,505569093294629;0,505568510213577;0,542423295383888;0,645128743653648;0,999999654320567;0,839312184375599;0,686365732674007;0,484882772849465;0,338111817657018;-2,10248812611053;-2,39107314816938;-2,57999843988065;-3,04445220952412;-3,98728360456804;-3,99415245406221;-3,32287235000668;-2,69628304501951;-2,14040516008494;-1,19633754221421;-1,84960330131371;-2,2603080512661;-2,90414846937821;-4,92141460905742;-4,97090981906528;-4,04731849779858;-3,37322715574267;-2,69455527776592;0,0576794539318144;0,0155854222123021;0,0401387249306073;0,0163999959496525;0,0336234616251015;0,00774680590242334;0,0133265931673394;0,00615715054981555;-3;-3;1;1;0,1839920477320761;-3;-2,76579069772830;1;1;1;-11188,7572350450;NA;All
2830;1,96257758434098;2,87415933563341;2,32355139752399;2,69474155345606;2,68531789180513;2,29053059399079;2,31860704918659;2,23305006681852;2,48313477831144;1,94897073517181;1,95515506819309;1,62777457260964;1,43790880829806;1,22085994718278;1,60616273421994;1,66185795539309;1,82280167419465;1,53502591153856;2,03174490343709;1,60807750502692;-19,2417130414084;-3,68783563053953;-6,61765924180583;-6,99606346443236;-5,86317244115215;-5,51495529071816;-11,6492872076154;-12,4078840221423;-6,07386567824379;-16,4452001607834;-11,1264558411833;-18,4119066924961;-25,3497131618707;-25,1186183431689;-16,1529241662379;-16,6683966462068;-26,6303402812389;-26,376949772366;-13,7046393897514;-19,1950106200335;2,68199219822906;1,52838389719892;1,55555567096163;0,906735395569924;0,505569093294629;0,505568510213577;0,542423295383888;0,645128743653648;0,999999654320567;0,839312184375599;0,686365732674007;0,484882772849465;0,338111817657018;-2,10248812611053;-2,39107314816938;-2,57999843988065;-3,04445220952412;-3,98728360456804;-3,99415245406221;-3,32287235000668;-2,69628304501951;-2,14040516008494;-1,19633754221421;-1,84960330131371;-2,2603080512661;-2,90414846937821;-4,92141460905742;-4,97090981906528;-4,04731849779858;-3,37322715574267;-2,69455527776592;0,0576794539318144;0,0155854222123021;0,0401387249306073;0,0163999959496525;0,0336234616251015;0,00774680590242334;0,0133265931673394;0,00615715054981555;-3;-3;1;1;0,2450338784113033;-3;-3,14330137830839;1;1;1;-11189,0018749208;NA;All
2840;1,96257758434098;2,87415933563341;2,32355139752399;2,69474155345606;2,68531789180513;2,29053059399079;2,31860704918659;2,23305006681852;2,48313477831144;1,94897073517181;1,95515506819309;1,62777457260964;1,43790880829806;1,22085994718278;1,60616273421994;1,66185795539309;1,82280167419465;1,53502591153856;2,03174490343709;1,60807750502692;-19,2417130414084;-3,68783563053953;-6,61765924180583;-6,99606346443236;-5,86317244115215;-5,51495529071816;-11,6492872076154;-12,4078840221423;-6,07386567824379;-16,4452001607834;-11,1264558411833;-18,4119066924961;-25,3497131618707;-25,1186183431689;-16,1529241662379;-16,6683966462068;-26,6303402812389;-26,376949772366;-13,7046393897514;-19,1950106200335;2,68199219822906;1,52838389719892;1,55555567096163;0,906735395569924;0,505569093294629;0,505568510213577;0,542423295383888;0,645128743653648;0,999999654320567;0,839312184375599;0,686365732674007;0,484882772849465;0,338111817657018;-2,10248812611053;-2,39107314816938;-2,57999843988065;-3,04445220952412;-3,98728360456804;-3,99415245406221;-3,32287235000668;-2,69628304501951;-2,14040516008494;-1,19633754221421;-1,84960330131371;-2,2603080512661;-2,90414846937821;-4,92141460905742;-4,97090981906528;-4,04731849779858;-3,37322715574267;-2,69455527776592;0,0576794539318144;0,0155854222123021;0,0401387249306073;0,0163999959496525;0,0336234616251015;0,00774680590242334;0,0133265931673394;0,00615715054981555;-3;-3;1;1;0,1531170994166761;-3;-3,66001885772474;1;1;1;-11188,8584322595;NA;All
2850;1,96257758434098;2,87415933563341;2,32355139752399;2,69474155345606;2,68531789180513;2,29053059399079;2,31860704918659;2,23305006681852;2,48313477831144;1,94897073517181;1,95515506819309;1,62777457260964;1,43790880829806;1,22085994718278;1,60616273421994;1,66185795539309;1,82280167419465;1,53502591153856;2,03174490343709;1,60807750502692;-19,2417130414084;-3,68783563053953;-6,61765924180583;-6,99606346443236;-5,86317244115215;-5,51495529071816;-11,6492872076154;-12,4078840221423;-6,07386567824379;-16,4452001607834;-11,1264558411833;-18,4119066924961;-25,3497131618707;-25,1186183431689;-16,1529241662379;-16,6683966462068;-26,6303402812389;-26,376949772366;-13,7046393897514;-19,1950106200335;2,68199219822906;1,52838389719892;1,55555567096163;0,906735395569924;0,505569093294629;0,505568510213577;0,542423295383888;0,645128743653648;0,999999654320567;0,839312184375599;0,686365732674007;0,484882772849465;0,338111817657018;-2,10248812611053;-2,39107314816938;-2,57999843988065;-3,04445220952412;-3,98728360456804;-3,99415245406221;-3,32287235000668;-2,69628304501951;-2,14040516008494;-1,19633754221421;-1,84960330131371;-2,2603080512661;-2,90414846937821;-4,92141460905742;-4,97090981906528;-4,04731849779858;-3,37322715574267;-2,69455527776592;0,0576794539318144;0,0155854222123021;0,0401387249306073;0,0163999959496525;0,0336234616251015;0,00774680590242334;0,0133265931673394;0,00615715054981555;-3;-3;1;1;0,2008760350543303;-3;-3,09395794564085;1;1;1;-11188,7258155918;NA;All
2860;1,96257758434098;2,87415933563341;2,32355139752399;2,69474155345606;2,68531789180513;2,29053059399079;2,31860704918659;2,23305006681852;2,48313477831144;1,94897073517181;1,95515506819309;1,62777457260964;1,43790880829806;1,22085994718278;1,60616273421994;1,66185795539309;1,82280167419465;1,53502591153856;2,03174490343709;1,60807750502692;-19,2417130414084;-3,68783563053953;-6,61765924180583;-6,99606346443236;-5,86317244115215;-5,51495529071816;-11,6492872076154;-12,4078840221423;-6,07386567824379;-16,4452001607834;-11,1264558411833;-18,4119066924961;-25,3497131618707;-25,1186183431689;-16,1529241662379;-16,6683966462068;-26,6303402812389;-26,376949772366;-13,7046393897514;-19,1950106200335;2,68199219822906;1,52838389719892;1,55555567096163;0,906735395569924;0,505569093294629;0,505568510213577;0,542423295383888;0,645128743653648;0,999999654320567;0,839312184375599;0,686365732674007;0,484882772849465;0,338111817657018;-2,10248812611053;-2,39107314816938;-2,57999843988065;-3,04445220952412;-3,98728360456804;-3,99415245406221;-3,32287235000668;-2,69628304501951;-2,14040516008494;-1,19633754221421;-1,84960330131371;-2,2603080512661;-2,90414846937821;-4,92141460905742;-4,97090981906528;-4,04731849779858;-3,37322715574267;-2,69455527776592;0,0576794539318144;0,0155854222123021;0,0401387249306073;0,0163999959496525;0,0336234616251015;0,00774680590242334;0,0133265931673394;0,00615715054981555;-3;-3;1;1;0,1887018209578235;-3;-3,99269542745132;1;1;1;-11188,6860854243;NA;All
2870;1,96257758434098;2,87415933563341;2,32355139752399;2,69474155345606;2,68531789180513;2,29053059399079;2,31860704918659;2,23305006681852;2,48313477831144;1,94897073517181;1,95515506819309;1,62777457260964;1,43790880829806;1,22085994718278;1,60616273421994;1,66185795539309;1,82280167419465;1,53502591153856;2,03174490343709;1,60807750502692;-19,2417130414084;-3,68783563053953;-6,61765924180583;-6,99606346443236;-5,86317244115215;-5,51495529071816;-11,6492872076154;-12,4078840221423;-6,07386567824379;-16,4452001607834;-11,1264558411833;-18,4119066924961;-25,3497131618707;-25,1186183431689;-16,1529241662379;-16,6683966462068;-26,6303402812389;-26,376949772366;-13,7046393897514;-19,1950106200335;2,68199219822906;1,52838389719892;1,55555567096163;0,906735395569924;0,505569093294629;0,505568510213577;0,542423295383888;0,645128743653648;0,999999654320567;0,839312184375599;0,686365732674007;0,484882772849465;0,338111817657018;-2,10248812611053;-2,39107314816938;-2,57999843988065;-3,04445220952412;-3,98728360456804;-3,99415245406221;-3,32287235000668;-2,69628304501951;-2,14040516008494;-1,19633754221421;-1,84960330131371;-2,2603080512661;-2,90414846937821;-4,92141460905742;-4,97090981906528;-4,04731849779858;-3,37322715574267;-2,69455527776592;0,0576794539318144;0,0155854222123021;0,0401387249306073;0,0163999959496525;0,0336234616251015;0,00774680590242334;0,0133265931673394;0,00615715054981555;-3;-3;1;1;0,1655020409406259;-3;-2,33591978480915;1;1;1;-11188,9476648641;NA;All
2880;1,96257758434098;2,87415933563341;2,32355139752399;2,69474155345606;2,68531789180513;2,29053059399079;2,31860704918659;2,23305006681852;2,48313477831144;1,94897073517181;1,95515506819309;1,62777457260964;1,43790880829806;1,22085994718278;1,60616273421994;1,66185795539309;1,82280167419465;1,53502591153856;2,03174490343709;1,60807750502692;-19,2417130414084;-3,68783563053953;-6,61765924180583;-6,99606346443236;-5,86317244115215;-5,51495529071816;-11,6492872076154;-12,4078840221423;-6,07386567824379;-16,4452001607834;-11,1264558411833;-18,4119066924961;-25,3497131618707;-25,1186183431689;-16,1529241662379;-16,6683966462068;-26,6303402812389;-26,376949772366;-13,7046393897514;-19,1950106200335;2,68199219822906;1,52838389719892;1,55555567096163;0,906735395569924;0,505569093294629;0,505568510213577;0,542423295383888;0,645128743653648;0,999999654320567;0,839312184375599;0,686365732674007;0,484882772849465;0,338111817657018;-2,10248812611053;-2,39107314816938;-2,57999843988065;-3,04445220952412;-3,98728360456804;-3,99415245406221;-3,32287235000668;-2,69628304501951;-2,14040516008494;-1,19633754221421;-1,84960330131371;-2,2603080512661;-2,90414846937821;-4,92141460905742;-4,97090981906528;-4,04731849779858;-3,37322715574267;-2,69455527776592;0,0576794539318144;0,0155854222123021;0,0401387249306073;0,0163999959496525;0,0336234616251015;0,00774680590242334;0,0133265931673394;0,00615715054981555;-3;-3;1;1;0,1442785489384813;-3;-1,66416577327598;1;1;1;-11189,9566722187;NA;All
2890;1,96257758434098;2,87415933563341;2,32355139752399;2,69474155345606;2,68531789180513;2,29053059399079;2,31860704918659;2,23305006681852;2,48313477831144;1,94897073517181;1,95515506819309;1,62777457260964;1,43790880829806;1,22085994718278;1,60616273421994;1,66185795539309;1,82280167419465;1,53502591153856;2,03174490343709;1,60807750502692;-19,2417130414084;-3,68783563053953;-6,61765924180583;-6,99606346443236;-5,86317244115215;-5,51495529071816;-11,6492872076154;-12,4078840221423;-6,07386567824379;-16,4452001607834;-11,1264558411833;-18,4119066924961;-25,3497131618707;-25,1186183431689;-16,1529241662379;-16,6683966462068;-26,6303402812389;-26,376949772366;-13,7046393897514;-19,1950106200335;2,68199219822906;1,52838389719892;1,55555567096163;0,906735395569924;0,505569093294629;0,505568510213577;0,542423295383888;0,645128743653648;0,999999654320567;0,839312184375599;0,686365732674007;0,484882772849465;0,338111817657018;-2,10248812611053;-2,39107314816938;-2,57999843988065;-3,04445220952412;-3,98728360456804;-3,99415245406221;-3,32287235000668;-2,69628304501951;-2,14040516008494;-1,19633754221421;-1,84960330131371;-2,2603080512661;-2,90414846937821;-4,92141460905742;-4,97090981906528;-4,04731849779858;-3,37322715574267;-2,69455527776592;0,0576794539318144;0,0155854222123021;0,0401387249306073;0,0163999959496525;0,0336234616251015;0,00774680590242334;0,0133265931673394;0,00615715054981555;-3;-3;1;1;0,0614797241877472;-3;-2,00136988925398;1;1;1;-11191,7671519798;NA;All
2900;1,96257758434098;2,87415933563341;2,32355139752399;2,69474155345606;2,68531789180513;2,29053059399079;2,31860704918659;2,23305006681852;2,48313477831144;1,94897073517181;1,95515506819309;1,62777457260964;1,43790880829806;1,22085994718278;1,60616273421994;1,66185795539309;1,82280167419465;1,53502591153856;2,03174490343709;1,60807750502692;-19,2417130414084;-3,68783563053953;-6,61765924180583;-6,99606346443236;-5,86317244115215;-5,51495529071816;-11,6492872076154;-12,4078840221423;-6,07386567824379;-16,4452001607834;-11,1264558411833;-18,4119066924961;-25,3497131618707;-25,1186183431689;-16,1529241662379;-16,6683966462068;-26,6303402812389;-26,376949772366;-13,7046393897514;-19,1950106200335;2,68199219822906;1,52838389719892;1,55555567096163;0,906735395569924;0,505569093294629;0,505568510213577;0,542423295383888;0,645128743653648;0,999999654320567;0,839312184375599;0,686365732674007;0,484882772849465;0,338111817657018;-2,10248812611053;-2,39107314816938;-2,57999843988065;-3,04445220952412;-3,98728360456804;-3,99415245406221;-3,32287235000668;-2,69628304501951;-2,14040516008494;-1,19633754221421;-1,84960330131371;-2,2603080512661;-2,90414846937821;-4,92141460905742;-4,97090981906528;-4,04731849779858;-3,37322715574267;-2,69455527776592;0,0576794539318144;0,0155854222123021;0,0401387249306073;0,0163999959496525;0,0336234616251015;0,00774680590242334;0,0133265931673394;0,00615715054981555;-3;-3;1;1;0,2427287140168415;-3;-1,70718583277452;1;1;1;-11189,8293372793;NA;All
2910;1,96257758434098;2,87415933563341;2,32355139752399;2,69474155345606;2,68531789180513;2,29053059399079;2,31860704918659;2,23305006681852;2,48313477831144;1,94897073517181;1,95515506819309;1,62777457260964;1,43790880829806;1,22085994718278;1,60616273421994;1,66185795539309;1,82280167419465;1,53502591153856;2,03174490343709;1,60807750502692;-19,2417130414084;-3,68783563053953;-6,61765924180583;-6,99606346443236;-5,86317244115215;-5,51495529071816;-11,6492872076154;-12,4078840221423;-6,07386567824379;-16,4452001607834;-11,1264558411833;-18,4119066924961;-25,3497131618707;-25,1186183431689;-16,1529241662379;-16,6683966462068;-26,6303402812389;-26,376949772366;-13,7046393897514;-19,1950106200335;2,68199219822906;1,52838389719892;1,55555567096163;0,906735395569924;0,505569093294629;0,505568510213577;0,542423295383888;0,645128743653648;0,999999654320567;0,839312184375599;0,686365732674007;0,484882772849465;0,338111817657018;-2,10248812611053;-2,39107314816938;-2,57999843988065;-3,04445220952412;-3,98728360456804;-3,99415245406221;-3,32287235000668;-2,69628304501951;-2,14040516008494;-1,19633754221421;-1,84960330131371;-2,2603080512661;-2,90414846937821;-4,92141460905742;-4,97090981906528;-4,04731849779858;-3,37322715574267;-2,69455527776592;0,0576794539318144;0,0155854222123021;0,0401387249306073;0,0163999959496525;0,0336234616251015;0,00774680590242334;0,0133265931673394;0,00615715054981555;-3;-3;1;1;0,3677259447870293;-3;-3,33343361940644;1;1;1;-11191,2048961491;NA;All
2920;1,96257758434098;2,87415933563341;2,32355139752399;2,69474155345606;2,68531789180513;2,29053059399079;2,31860704918659;2,23305006681852;2,48313477831144;1,94897073517181;1,95515506819309;1,62777457260964;1,43790880829806;1,22085994718278;1,60616273421994;1,66185795539309;1,82280167419465;1,53502591153856;2,03174490343709;1,60807750502692;-19,2417130414084;-3,68783563053953;-6,61765924180583;-6,99606346443236;-5,86317244115215;-5,51495529071816;-11,6492872076154;-12,4078840221423;-6,07386567824379;-16,4452001607834;-11,1264558411833;-18,4119066924961;-25,3497131618707;-25,1186183431689;-16,1529241662379;-16,6683966462068;-26,6303402812389;-26,376949772366;-13,7046393897514;-19,1950106200335;2,68199219822906;1,52838389719892;1,55555567096163;0,906735395569924;0,505569093294629;0,505568510213577;0,542423295383888;0,645128743653648;0,999999654320567;0,839312184375599;0,686365732674007;0,484882772849465;0,338111817657018;-2,10248812611053;-2,39107314816938;-2,57999843988065;-3,04445220952412;-3,98728360456804;-3,99415245406221;-3,32287235000668;-2,69628304501951;-2,14040516008494;-1,19633754221421;-1,84960330131371;-2,2603080512661;-2,90414846937821;-4,92141460905742;-4,97090981906528;-4,04731849779858;-3,37322715574267;-2,69455527776592;0,0576794539318144;0,0155854222123021;0,0401387249306073;0,0163999959496525;0,0336234616251015;0,00774680590242334;0,0133265931673394;0,00615715054981555;-3;-3;1;1;0,1400688093498579;-3;-3,97331581832903;1;1;1;-11189,0025725763;NA;All
2930;1,96257758434098;2,87415933563341;2,32355139752399;2,69474155345606;2,68531789180513;2,29053059399079;2,31860704918659;2,23305006681852;2,48313477831144;1,94897073517181;1,95515506819309;1,62777457260964;1,43790880829806;1,22085994718278;1,60616273421994;1,66185795539309;1,82280167419465;1,53502591153856;2,03174490343709;1,60807750502692;-19,2417130414084;-3,68783563053953;-6,61765924180583;-6,99606346443236;-5,86317244115215;-5,51495529071816;-11,6492872076154;-12,4078840221423;-6,07386567824379;-16,4452001607834;-11,1264558411833;-18,4119066924961;-25,3497131618707;-25,1186183431689;-16,1529241662379;-16,6683966462068;-26,6303402812389;-26,376949772366;-13,7046393897514;-19,1950106200335;2,68199219822906;1,52838389719892;1,55555567096163;0,906735395569924;0,505569093294629;0,505568510213577;0,542423295383888;0,645128743653648;0,999999654320567;0,839312184375599;0,686365732674007;0,484882772849465;0,338111817657018;-2,10248812611053;-2,39107314816938;-2,57999843988065;-3,04445220952412;-3,98728360456804;-3,99415245406221;-3,32287235000668;-2,69628304501951;-2,14040516008494;-1,19633754221421;-1,84960330131371;-2,2603080512661;-2,90414846937821;-4,92141460905742;-4,97090981906528;-4,04731849779858;-3,37322715574267;-2,69455527776592;0,0576794539318144;0,0155854222123021;0,0401387249306073;0,0163999959496525;0,0336234616251015;0,00774680590242334;0,0133265931673394;0,00615715054981555;-3;-3;1;1;0,1957736598397017;-3;-2,14719521354314;1;1;1;-11188,9841069272;NA;All
2940;1,96257758434098;2,87415933563341;2,32355139752399;2,69474155345606;2,68531789180513;2,29053059399079;2,31860704918659;2,23305006681852;2,48313477831144;1,94897073517181;1,95515506819309;1,62777457260964;1,43790880829806;1,22085994718278;1,60616273421994;1,66185795539309;1,82280167419465;1,53502591153856;2,03174490343709;1,60807750502692;-19,2417130414084;-3,68783563053953;-6,61765924180583;-6,99606346443236;-5,86317244115215;-5,51495529071816;-11,6492872076154;-12,4078840221423;-6,07386567824379;-16,4452001607834;-11,1264558411833;-18,4119066924961;-25,3497131618707;-25,1186183431689;-16,1529241662379;-16,6683966462068;-26,6303402812389;-26,376949772366;-13,7046393897514;-19,1950106200335;2,68199219822906;1,52838389719892;1,55555567096163;0,906735395569924;0,505569093294629;0,505568510213577;0,542423295383888;0,645128743653648;0,999999654320567;0,839312184375599;0,686365732674007;0,484882772849465;0,338111817657018;-2,10248812611053;-2,39107314816938;-2,57999843988065;-3,04445220952412;-3,98728360456804;-3,99415245406221;-3,32287235000668;-2,69628304501951;-2,14040516008494;-1,19633754221421;-1,84960330131371;-2,2603080512661;-2,90414846937821;-4,92141460905742;-4,97090981906528;-4,04731849779858;-3,37322715574267;-2,69455527776592;0,0576794539318144;0,0155854222123021;0,0401387249306073;0,0163999959496525;0,0336234616251015;0,00774680590242334;0,0133265931673394;0,00615715054981555;-3;-3;1;1;0,1882629926720908;-3;-2,29514190639070;1;1;1;-11188,8933837532;NA;All
2950;1,96257758434098;2,87415933563341;2,32355139752399;2,69474155345606;2,68531789180513;2,29053059399079;2,31860704918659;2,23305006681852;2,48313477831144;1,94897073517181;1,95515506819309;1,62777457260964;1,43790880829806;1,22085994718278;1,60616273421994;1,66185795539309;1,82280167419465;1,53502591153856;2,03174490343709;1,60807750502692;-19,2417130414084;-3,68783563053953;-6,61765924180583;-6,99606346443236;-5,86317244115215;-5,51495529071816;-11,6492872076154;-12,4078840221423;-6,07386567824379;-16,4452001607834;-11,1264558411833;-18,4119066924961;-25,3497131618707;-25,1186183431689;-16,1529241662379;-16,6683966462068;-26,6303402812389;-26,376949772366;-13,7046393897514;-19,1950106200335;2,68199219822906;1,52838389719892;1,55555567096163;0,906735395569924;0,505569093294629;0,505568510213577;0,542423295383888;0,645128743653648;0,999999654320567;0,839312184375599;0,686365732674007;0,484882772849465;0,338111817657018;-2,10248812611053;-2,39107314816938;-2,57999843988065;-3,04445220952412;-3,98728360456804;-3,99415245406221;-3,32287235000668;-2,69628304501951;-2,14040516008494;-1,19633754221421;-1,84960330131371;-2,2603080512661;-2,90414846937821;-4,92141460905742;-4,97090981906528;-4,04731849779858;-3,37322715574267;-2,69455527776592;0,0576794539318144;0,0155854222123021;0,0401387249306073;0,0163999959496525;0,0336234616251015;0,00774680590242334;0,0133265931673394;0,00615715054981555;-3;-3;1;1;0,1567815168590584;-3;-2,89944374162089;1;1;1;-11188,8688354157;NA;All
2960;1,96257758434098;2,87415933563341;2,32355139752399;2,69474155345606;2,68531789180513;2,29053059399079;2,31860704918659;2,23305006681852;2,48313477831144;1,94897073517181;1,95515506819309;1,62777457260964;1,43790880829806;1,22085994718278;1,60616273421994;1,66185795539309;1,82280167419465;1,53502591153856;2,03174490343709;1,60807750502692;-19,2417130414084;-3,68783563053953;-6,61765924180583;-6,99606346443236;-5,86317244115215;-5,51495529071816;-11,6492872076154;-12,4078840221423;-6,07386567824379;-16,4452001607834;-11,1264558411833;-18,4119066924961;-25,3497131618707;-25,1186183431689;-16,1529241662379;-16,6683966462068;-26,6303402812389;-26,376949772366;-13,7046393897514;-19,1950106200335;2,68199219822906;1,52838389719892;1,55555567096163;0,906735395569924;0,505569093294629;0,505568510213577;0,542423295383888;0,645128743653648;0,999999654320567;0,839312184375599;0,686365732674007;0,484882772849465;0,338111817657018;-2,10248812611053;-2,39107314816938;-2,57999843988065;-3,04445220952412;-3,98728360456804;-3,99415245406221;-3,32287235000668;-2,69628304501951;-2,14040516008494;-1,19633754221421;-1,84960330131371;-2,2603080512661;-2,90414846937821;-4,92141460905742;-4,97090981906528;-4,04731849779858;-3,37322715574267;-2,69455527776592;0,0576794539318144;0,0155854222123021;0,0401387249306073;0,0163999959496525;0,0336234616251015;0,00774680590242334;0,0133265931673394;0,00615715054981555;-3;-3;1;1;0,2279025627512528;-3;-1,81501769605900;1;1;1;-11189,4943377885;NA;All
2970;1,96257758434098;2,87415933563341;2,32355139752399;2,69474155345606;2,68531789180513;2,29053059399079;2,31860704918659;2,23305006681852;2,48313477831144;1,94897073517181;1,95515506819309;1,62777457260964;1,43790880829806;1,22085994718278;1,60616273421994;1,66185795539309;1,82280167419465;1,53502591153856;2,03174490343709;1,60807750502692;-19,2417130414084;-3,68783563053953;-6,61765924180583;-6,99606346443236;-5,86317244115215;-5,51495529071816;-11,6492872076154;-12,4078840221423;-6,07386567824379;-16,4452001607834;-11,1264558411833;-18,4119066924961;-25,3497131618707;-25,1186183431689;-16,1529241662379;-16,6683966462068;-26,6303402812389;-26,376949772366;-13,7046393897514;-19,1950106200335;2,68199219822906;1,52838389719892;1,55555567096163;0,906735395569924;0,505569093294629;0,505568510213577;0,542423295383888;0,645128743653648;0,999999654320567;0,839312184375599;0,686365732674007;0,484882772849465;0,338111817657018;-2,10248812611053;-2,39107314816938;-2,57999843988065;-3,04445220952412;-3,98728360456804;-3,99415245406221;-3,32287235000668;-2,69628304501951;-2,14040516008494;-1,19633754221421;-1,84960330131371;-2,2603080512661;-2,90414846937821;-4,92141460905742;-4,97090981906528;-4,04731849779858;-3,37322715574267;-2,69455527776592;0,0576794539318144;0,0155854222123021;0,0401387249306073;0,0163999959496525;0,0336234616251015;0,00774680590242334;0,0133265931673394;0,00615715054981555;-3;-3;1;1;0,1076114893675836;-3;-2,09353052115178;1;1;1;-11189,9677852842;NA;All
2980;1,96257758434098;2,87415933563341;2,32355139752399;2,69474155345606;2,68531789180513;2,29053059399079;2,31860704918659;2,23305006681852;2,48313477831144;1,94897073517181;1,95515506819309;1,62777457260964;1,43790880829806;1,22085994718278;1,60616273421994;1,66185795539309;1,82280167419465;1,53502591153856;2,03174490343709;1,60807750502692;-19,2417130414084;-3,68783563053953;-6,61765924180583;-6,99606346443236;-5,86317244115215;-5,51495529071816;-11,6492872076154;-12,4078840221423;-6,07386567824379;-16,4452001607834;-11,1264558411833;-18,4119066924961;-25,3497131618707;-25,1186183431689;-16,1529241662379;-16,6683966462068;-26,6303402812389;-26,376949772366;-13,7046393897514;-19,1950106200335;2,68199219822906;1,52838389719892;1,55555567096163;0,906735395569924;0,505569093294629;0,505568510213577;0,542423295383888;0,645128743653648;0,999999654320567;0,839312184375599;0,686365732674007;0,484882772849465;0,338111817657018;-2,10248812611053;-2,39107314816938;-2,57999843988065;-3,04445220952412;-3,98728360456804;-3,99415245406221;-3,32287235000668;-2,69628304501951;-2,14040516008494;-1,19633754221421;-1,84960330131371;-2,2603080512661;-2,90414846937821;-4,92141460905742;-4,97090981906528;-4,04731849779858;-3,37322715574267;-2,69455527776592;0,0576794539318144;0,0155854222123021;0,0401387249306073;0,0163999959496525;0,0336234616251015;0,00774680590242334;0,0133265931673394;0,00615715054981555;-3;-3;1;1;0,1351672556614482;-3;-2,86683614382361;1;1;1;-11189,1239680714;NA;All
2990;1,96257758434098;2,87415933563341;2,32355139752399;2,69474155345606;2,68531789180513;2,29053059399079;2,31860704918659;2,23305006681852;2,48313477831144;1,94897073517181;1,95515506819309;1,62777457260964;1,43790880829806;1,22085994718278;1,60616273421994;1,66185795539309;1,82280167419465;1,53502591153856;2,03174490343709;1,60807750502692;-19,2417130414084;-3,68783563053953;-6,61765924180583;-6,99606346443236;-5,86317244115215;-5,51495529071816;-11,6492872076154;-12,4078840221423;-6,07386567824379;-16,4452001607834;-11,1264558411833;-18,4119066924961;-25,3497131618707;-25,1186183431689;-16,1529241662379;-16,6683966462068;-26,6303402812389;-26,376949772366;-13,7046393897514;-19,1950106200335;2,68199219822906;1,52838389719892;1,55555567096163;0,906735395569924;0,505569093294629;0,505568510213577;0,542423295383888;0,645128743653648;0,999999654320567;0,839312184375599;0,686365732674007;0,484882772849465;0,338111817657018;-2,10248812611053;-2,39107314816938;-2,57999843988065;-3,04445220952412;-3,98728360456804;-3,99415245406221;-3,32287235000668;-2,69628304501951;-2,14040516008494;-1,19633754221421;-1,84960330131371;-2,2603080512661;-2,90414846937821;-4,92141460905742;-4,97090981906528;-4,04731849779858;-3,37322715574267;-2,69455527776592;0,0576794539318144;0,0155854222123021;0,0401387249306073;0,0163999959496525;0,0336234616251015;0,00774680590242334;0,0133265931673394;0,00615715054981555;-3;-3;1;1;0,1941557880655166;-3;-2,46633426559650;1;1;1;-11188,8233315455;NA;All
3000;1,96257758434098;2,87415933563341;2,32355139752399;2,69474155345606;2,68531789180513;2,29053059399079;2,31860704918659;2,23305006681852;2,48313477831144;1,94897073517181;1,95515506819309;1,62777457260964;1,43790880829806;1,22085994718278;1,60616273421994;1,66185795539309;1,82280167419465;1,53502591153856;2,03174490343709;1,60807750502692;-19,2417130414084;-3,68783563053953;-6,61765924180583;-6,99606346443236;-5,86317244115215;-5,51495529071816;-11,6492872076154;-12,4078840221423;-6,07386567824379;-16,4452001607834;-11,1264558411833;-18,4119066924961;-25,3497131618707;-25,1186183431689;-16,1529241662379;-16,6683966462068;-26,6303402812389;-26,376949772366;-13,7046393897514;-19,1950106200335;2,68199219822906;1,52838389719892;1,55555567096163;0,906735395569924;0,505569093294629;0,505568510213577;0,542423295383888;0,645128743653648;0,999999654320567;0,839312184375599;0,686365732674007;0,484882772849465;0,338111817657018;-2,10248812611053;-2,39107314816938;-2,57999843988065;-3,04445220952412;-3,98728360456804;-3,99415245406221;-3,32287235000668;-2,69628304501951;-2,14040516008494;-1,19633754221421;-1,84960330131371;-2,2603080512661;-2,90414846937821;-4,92141460905742;-4,97090981906528;-4,04731849779858;-3,37322715574267;-2,69455527776592;0,0576794539318144;0,0155854222123021;0,0401387249306073;0,0163999959496525;0,0336234616251015;0,00774680590242334;0,0133265931673394;0,00615715054981555;-3;-3;1;1;0,2477133046487695;-3;-1,90252704720444;1;1;1;-11189,5375938867;NA;All
3010;1,96257758434098;2,87415933563341;2,32355139752399;2,69474155345606;2,68531789180513;2,29053059399079;2,31860704918659;2,23305006681852;2,48313477831144;1,94897073517181;1,95515506819309;1,62777457260964;1,43790880829806;1,22085994718278;1,60616273421994;1,66185795539309;1,82280167419465;1,53502591153856;2,03174490343709;1,60807750502692;-19,2417130414084;-3,68783563053953;-6,61765924180583;-6,99606346443236;-5,86317244115215;-5,51495529071816;-11,6492872076154;-12,4078840221423;-6,07386567824379;-16,4452001607834;-11,1264558411833;-18,4119066924961;-25,3497131618707;-25,1186183431689;-16,1529241662379;-16,6683966462068;-26,6303402812389;-26,376949772366;-13,7046393897514;-19,1950106200335;2,68199219822906;1,52838389719892;1,55555567096163;0,906735395569924;0,505569093294629;0,505568510213577;0,542423295383888;0,645128743653648;0,999999654320567;0,839312184375599;0,686365732674007;0,484882772849465;0,338111817657018;-2,10248812611053;-2,39107314816938;-2,57999843988065;-3,04445220952412;-3,98728360456804;-3,99415245406221;-3,32287235000668;-2,69628304501951;-2,14040516008494;-1,19633754221421;-1,84960330131371;-2,2603080512661;-2,90414846937821;-4,92141460905742;-4,97090981906528;-4,04731849779858;-3,37322715574267;-2,69455527776592;0,0576794539318144;0,0155854222123021;0,0401387249306073;0,0163999959496525;0,0336234616251015;0,00774680590242334;0,0133265931673394;0,00615715054981555;-3;-3;1;1;0,2402716525353533;-3;-2,12016820336112;1;1;1;-11189,2425059423;NA;All
3020;1,96257758434098;2,87415933563341;2,32355139752399;2,69474155345606;2,68531789180513;2,29053059399079;2,31860704918659;2,23305006681852;2,48313477831144;1,94897073517181;1,95515506819309;1,62777457260964;1,43790880829806;1,22085994718278;1,60616273421994;1,66185795539309;1,82280167419465;1,53502591153856;2,03174490343709;1,60807750502692;-19,2417130414084;-3,68783563053953;-6,61765924180583;-6,99606346443236;-5,86317244115215;-5,51495529071816;-11,6492872076154;-12,4078840221423;-6,07386567824379;-16,4452001607834;-11,1264558411833;-18,4119066924961;-25,3497131618707;-25,1186183431689;-16,1529241662379;-16,6683966462068;-26,6303402812389;-26,376949772366;-13,7046393897514;-19,1950106200335;2,68199219822906;1,52838389719892;1,55555567096163;0,906735395569924;0,505569093294629;0,505568510213577;0,542423295383888;0,645128743653648;0,999999654320567;0,839312184375599;0,686365732674007;0,484882772849465;0,338111817657018;-2,10248812611053;-2,39107314816938;-2,57999843988065;-3,04445220952412;-3,98728360456804;-3,99415245406221;-3,32287235000668;-2,69628304501951;-2,14040516008494;-1,19633754221421;-1,84960330131371;-2,2603080512661;-2,90414846937821;-4,92141460905742;-4,97090981906528;-4,04731849779858;-3,37322715574267;-2,69455527776592;0,0576794539318144;0,0155854222123021;0,0401387249306073;0,0163999959496525;0,0336234616251015;0,00774680590242334;0,0133265931673394;0,00615715054981555;-3;-3;1;1;0,1555933451697752;-3;-2,02859993265103;1;1;1;-11189,2324385868;NA;All
3030;1,96257758434098;2,87415933563341;2,32355139752399;2,69474155345606;2,68531789180513;2,29053059399079;2,31860704918659;2,23305006681852;2,48313477831144;1,94897073517181;1,95515506819309;1,62777457260964;1,43790880829806;1,22085994718278;1,60616273421994;1,66185795539309;1,82280167419465;1,53502591153856;2,03174490343709;1,60807750502692;-19,2417130414084;-3,68783563053953;-6,61765924180583;-6,99606346443236;-5,86317244115215;-5,51495529071816;-11,6492872076154;-12,4078840221423;-6,07386567824379;-16,4452001607834;-11,1264558411833;-18,4119066924961;-25,3497131618707;-25,1186183431689;-16,1529241662379;-16,6683966462068;-26,6303402812389;-26,376949772366;-13,7046393897514;-19,1950106200335;2,68199219822906;1,52838389719892;1,55555567096163;0,906735395569924;0,505569093294629;0,505568510213577;0,542423295383888;0,645128743653648;0,999999654320567;0,839312184375599;0,686365732674007;0,484882772849465;0,338111817657018;-2,10248812611053;-2,39107314816938;-2,57999843988065;-3,04445220952412;-3,98728360456804;-3,99415245406221;-3,32287235000668;-2,69628304501951;-2,14040516008494;-1,19633754221421;-1,84960330131371;-2,2603080512661;-2,90414846937821;-4,92141460905742;-4,97090981906528;-4,04731849779858;-3,37322715574267;-2,69455527776592;0,0576794539318144;0,0155854222123021;0,0401387249306073;0,0163999959496525;0,0336234616251015;0,00774680590242334;0,0133265931673394;0,00615715054981555;-3;-3;1;1;0,1613678876100801;-3;-1,98585427867929;1;1;1;-11189,2313119296;NA;All
3040;1,96257758434098;2,87415933563341;2,32355139752399;2,69474155345606;2,68531789180513;2,29053059399079;2,31860704918659;2,23305006681852;2,48313477831144;1,94897073517181;1,95515506819309;1,62777457260964;1,43790880829806;1,22085994718278;1,60616273421994;1,66185795539309;1,82280167419465;1,53502591153856;2,03174490343709;1,60807750502692;-19,2417130414084;-3,68783563053953;-6,61765924180583;-6,99606346443236;-5,86317244115215;-5,51495529071816;-11,6492872076154;-12,4078840221423;-6,07386567824379;-16,4452001607834;-11,1264558411833;-18,4119066924961;-25,3497131618707;-25,1186183431689;-16,1529241662379;-16,6683966462068;-26,6303402812389;-26,376949772366;-13,7046393897514;-19,1950106200335;2,68199219822906;1,52838389719892;1,55555567096163;0,906735395569924;0,505569093294629;0,505568510213577;0,542423295383888;0,645128743653648;0,999999654320567;0,839312184375599;0,686365732674007;0,484882772849465;0,338111817657018;-2,10248812611053;-2,39107314816938;-2,57999843988065;-3,04445220952412;-3,98728360456804;-3,99415245406221;-3,32287235000668;-2,69628304501951;-2,14040516008494;-1,19633754221421;-1,84960330131371;-2,2603080512661;-2,90414846937821;-4,92141460905742;-4,97090981906528;-4,04731849779858;-3,37322715574267;-2,69455527776592;0,0576794539318144;0,0155854222123021;0,0401387249306073;0,0163999959496525;0,0336234616251015;0,00774680590242334;0,0133265931673394;0,00615715054981555;-3;-3;1;1;0,2564886487686773;-3;-2,40884899741749;1;1;1;-11189,2571827837;NA;All
3050;1,96257758434098;2,87415933563341;2,32355139752399;2,69474155345606;2,68531789180513;2,29053059399079;2,31860704918659;2,23305006681852;2,48313477831144;1,94897073517181;1,95515506819309;1,62777457260964;1,43790880829806;1,22085994718278;1,60616273421994;1,66185795539309;1,82280167419465;1,53502591153856;2,03174490343709;1,60807750502692;-19,2417130414084;-3,68783563053953;-6,61765924180583;-6,99606346443236;-5,86317244115215;-5,51495529071816;-11,6492872076154;-12,4078840221423;-6,07386567824379;-16,4452001607834;-11,1264558411833;-18,4119066924961;-25,3497131618707;-25,1186183431689;-16,1529241662379;-16,6683966462068;-26,6303402812389;-26,376949772366;-13,7046393897514;-19,1950106200335;2,68199219822906;1,52838389719892;1,55555567096163;0,906735395569924;0,505569093294629;0,505568510213577;0,542423295383888;0,645128743653648;0,999999654320567;0,839312184375599;0,686365732674007;0,484882772849465;0,338111817657018;-2,10248812611053;-2,39107314816938;-2,57999843988065;-3,04445220952412;-3,98728360456804;-3,99415245406221;-3,32287235000668;-2,69628304501951;-2,14040516008494;-1,19633754221421;-1,84960330131371;-2,2603080512661;-2,90414846937821;-4,92141460905742;-4,97090981906528;-4,04731849779858;-3,37322715574267;-2,69455527776592;0,0576794539318144;0,0155854222123021;0,0401387249306073;0,0163999959496525;0,0336234616251015;0,00774680590242334;0,0133265931673394;0,00615715054981555;-3;-3;1;1;0,2609831650138610;-3;-2,53071604918745;1;1;1;-11189,2727184226;NA;All
3060;1,96257758434098;2,87415933563341;2,32355139752399;2,69474155345606;2,68531789180513;2,29053059399079;2,31860704918659;2,23305006681852;2,48313477831144;1,94897073517181;1,95515506819309;1,62777457260964;1,43790880829806;1,22085994718278;1,60616273421994;1,66185795539309;1,82280167419465;1,53502591153856;2,03174490343709;1,60807750502692;-19,2417130414084;-3,68783563053953;-6,61765924180583;-6,99606346443236;-5,86317244115215;-5,51495529071816;-11,6492872076154;-12,4078840221423;-6,07386567824379;-16,4452001607834;-11,1264558411833;-18,4119066924961;-25,3497131618707;-25,1186183431689;-16,1529241662379;-16,6683966462068;-26,6303402812389;-26,376949772366;-13,7046393897514;-19,1950106200335;2,68199219822906;1,52838389719892;1,55555567096163;0,906735395569924;0,505569093294629;0,505568510213577;0,542423295383888;0,645128743653648;0,999999654320567;0,839312184375599;0,686365732674007;0,484882772849465;0,338111817657018;-2,10248812611053;-2,39107314816938;-2,57999843988065;-3,04445220952412;-3,98728360456804;-3,99415245406221;-3,32287235000668;-2,69628304501951;-2,14040516008494;-1,19633754221421;-1,84960330131371;-2,2603080512661;-2,90414846937821;-4,92141460905742;-4,97090981906528;-4,04731849779858;-3,37322715574267;-2,69455527776592;0,0576794539318144;0,0155854222123021;0,0401387249306073;0,0163999959496525;0,0336234616251015;0,00774680590242334;0,0133265931673394;0,00615715054981555;-3;-3;1;1;0,2421264347199366;-3;-2,22525277906298;1;1;1;-11189,1891935857;NA;All
3070;1,96257758434098;2,87415933563341;2,32355139752399;2,69474155345606;2,68531789180513;2,29053059399079;2,31860704918659;2,23305006681852;2,48313477831144;1,94897073517181;1,95515506819309;1,62777457260964;1,43790880829806;1,22085994718278;1,60616273421994;1,66185795539309;1,82280167419465;1,53502591153856;2,03174490343709;1,60807750502692;-19,2417130414084;-3,68783563053953;-6,61765924180583;-6,99606346443236;-5,86317244115215;-5,51495529071816;-11,6492872076154;-12,4078840221423;-6,07386567824379;-16,4452001607834;-11,1264558411833;-18,4119066924961;-25,3497131618707;-25,1186183431689;-16,1529241662379;-16,6683966462068;-26,6303402812389;-26,376949772366;-13,7046393897514;-19,1950106200335;2,68199219822906;1,52838389719892;1,55555567096163;0,906735395569924;0,505569093294629;0,505568510213577;0,542423295383888;0,645128743653648;0,999999654320567;0,839312184375599;0,686365732674007;0,484882772849465;0,338111817657018;-2,10248812611053;-2,39107314816938;-2,57999843988065;-3,04445220952412;-3,98728360456804;-3,99415245406221;-3,32287235000668;-2,69628304501951;-2,14040516008494;-1,19633754221421;-1,84960330131371;-2,2603080512661;-2,90414846937821;-4,92141460905742;-4,97090981906528;-4,04731849779858;-3,37322715574267;-2,69455527776592;0,0576794539318144;0,0155854222123021;0,0401387249306073;0,0163999959496525;0,0336234616251015;0,00774680590242334;0,0133265931673394;0,00615715054981555;-3;-3;1;1;0,2676244758149171;-3;-2,73294719918305;1;1;1;-11189,3139818297;NA;All
3080;1,96257758434098;2,87415933563341;2,32355139752399;2,69474155345606;2,68531789180513;2,29053059399079;2,31860704918659;2,23305006681852;2,48313477831144;1,94897073517181;1,95515506819309;1,62777457260964;1,43790880829806;1,22085994718278;1,60616273421994;1,66185795539309;1,82280167419465;1,53502591153856;2,03174490343709;1,60807750502692;-19,2417130414084;-3,68783563053953;-6,61765924180583;-6,99606346443236;-5,86317244115215;-5,51495529071816;-11,6492872076154;-12,4078840221423;-6,07386567824379;-16,4452001607834;-11,1264558411833;-18,4119066924961;-25,3497131618707;-25,1186183431689;-16,1529241662379;-16,6683966462068;-26,6303402812389;-26,376949772366;-13,7046393897514;-19,1950106200335;2,68199219822906;1,52838389719892;1,55555567096163;0,906735395569924;0,505569093294629;0,505568510213577;0,542423295383888;0,645128743653648;0,999999654320567;0,839312184375599;0,686365732674007;0,484882772849465;0,338111817657018;-2,10248812611053;-2,39107314816938;-2,57999843988065;-3,04445220952412;-3,98728360456804;-3,99415245406221;-3,32287235000668;-2,69628304501951;-2,14040516008494;-1,19633754221421;-1,84960330131371;-2,2603080512661;-2,90414846937821;-4,92141460905742;-4,97090981906528;-4,04731849779858;-3,37322715574267;-2,69455527776592;0,0576794539318144;0,0155854222123021;0,0401387249306073;0,0163999959496525;0,0336234616251015;0,00774680590242334;0,0133265931673394;0,00615715054981555;-3;-3;1;1;0,3587794682913641;-3;-2,07460382654143;1;1;1;-11191,3099114772;NA;All
3090;1,96257758434098;2,87415933563341;2,32355139752399;2,69474155345606;2,68531789180513;2,29053059399079;2,31860704918659;2,23305006681852;2,48313477831144;1,94897073517181;1,95515506819309;1,62777457260964;1,43790880829806;1,22085994718278;1,60616273421994;1,66185795539309;1,82280167419465;1,53502591153856;2,03174490343709;1,60807750502692;-19,2417130414084;-3,68783563053953;-6,61765924180583;-6,99606346443236;-5,86317244115215;-5,51495529071816;-11,6492872076154;-12,4078840221423;-6,07386567824379;-16,4452001607834;-11,1264558411833;-18,4119066924961;-25,3497131618707;-25,1186183431689;-16,1529241662379;-16,6683966462068;-26,6303402812389;-26,376949772366;-13,7046393897514;-19,1950106200335;2,68199219822906;1,52838389719892;1,55555567096163;0,906735395569924;0,505569093294629;0,505568510213577;0,542423295383888;0,645128743653648;0,999999654320567;0,839312184375599;0,686365732674007;0,484882772849465;0,338111817657018;-2,10248812611053;-2,39107314816938;-2,57999843988065;-3,04445220952412;-3,98728360456804;-3,99415245406221;-3,32287235000668;-2,69628304501951;-2,14040516008494;-1,19633754221421;-1,84960330131371;-2,2603080512661;-2,90414846937821;-4,92141460905742;-4,97090981906528;-4,04731849779858;-3,37322715574267;-2,69455527776592;0,0576794539318144;0,0155854222123021;0,0401387249306073;0,0163999959496525;0,0336234616251015;0,00774680590242334;0,0133265931673394;0,00615715054981555;-3;-3;1;1;0,3125590927956436;-3;-3,81439061532054;1;1;1;-11189,9839454279;NA;All
3100;1,96257758434098;2,87415933563341;2,32355139752399;2,69474155345606;2,68531789180513;2,29053059399079;2,31860704918659;2,23305006681852;2,48313477831144;1,94897073517181;1,95515506819309;1,62777457260964;1,43790880829806;1,22085994718278;1,60616273421994;1,66185795539309;1,82280167419465;1,53502591153856;2,03174490343709;1,60807750502692;-19,2417130414084;-3,68783563053953;-6,61765924180583;-6,99606346443236;-5,86317244115215;-5,51495529071816;-11,6492872076154;-12,4078840221423;-6,07386567824379;-16,4452001607834;-11,1264558411833;-18,4119066924961;-25,3497131618707;-25,1186183431689;-16,1529241662379;-16,6683966462068;-26,6303402812389;-26,376949772366;-13,7046393897514;-19,1950106200335;2,68199219822906;1,52838389719892;1,55555567096163;0,906735395569924;0,505569093294629;0,505568510213577;0,542423295383888;0,645128743653648;0,999999654320567;0,839312184375599;0,686365732674007;0,484882772849465;0,338111817657018;-2,10248812611053;-2,39107314816938;-2,57999843988065;-3,04445220952412;-3,98728360456804;-3,99415245406221;-3,32287235000668;-2,69628304501951;-2,14040516008494;-1,19633754221421;-1,84960330131371;-2,2603080512661;-2,90414846937821;-4,92141460905742;-4,97090981906528;-4,04731849779858;-3,37322715574267;-2,69455527776592;0,0576794539318144;0,0155854222123021;0,0401387249306073;0,0163999959496525;0,0336234616251015;0,00774680590242334;0,0133265931673394;0,00615715054981555;-3;-3;1;1;0,2308783692865704;-3;-3,84851293014773;1;1;1;-11188,8518828047;NA;All
3110;1,96257758434098;2,87415933563341;2,32355139752399;2,69474155345606;2,68531789180513;2,29053059399079;2,31860704918659;2,23305006681852;2,48313477831144;1,94897073517181;1,95515506819309;1,62777457260964;1,43790880829806;1,22085994718278;1,60616273421994;1,66185795539309;1,82280167419465;1,53502591153856;2,03174490343709;1,60807750502692;-19,2417130414084;-3,68783563053953;-6,61765924180583;-6,99606346443236;-5,86317244115215;-5,51495529071816;-11,6492872076154;-12,4078840221423;-6,07386567824379;-16,4452001607834;-11,1264558411833;-18,4119066924961;-25,3497131618707;-25,1186183431689;-16,1529241662379;-16,6683966462068;-26,6303402812389;-26,376949772366;-13,7046393897514;-19,1950106200335;2,68199219822906;1,52838389719892;1,55555567096163;0,906735395569924;0,505569093294629;0,505568510213577;0,542423295383888;0,645128743653648;0,999999654320567;0,839312184375599;0,686365732674007;0,484882772849465;0,338111817657018;-2,10248812611053;-2,39107314816938;-2,57999843988065;-3,04445220952412;-3,98728360456804;-3,99415245406221;-3,32287235000668;-2,69628304501951;-2,14040516008494;-1,19633754221421;-1,84960330131371;-2,2603080512661;-2,90414846937821;-4,92141460905742;-4,97090981906528;-4,04731849779858;-3,37322715574267;-2,69455527776592;0,0576794539318144;0,0155854222123021;0,0401387249306073;0,0163999959496525;0,0336234616251015;0,00774680590242334;0,0133265931673394;0,00615715054981555;-3;-3;1;1;0,1783027187434887;-3;-3,11945568784254;1;1;1;-11188,7289127856;NA;All
3120;1,96257758434098;2,87415933563341;2,32355139752399;2,69474155345606;2,68531789180513;2,29053059399079;2,31860704918659;2,23305006681852;2,48313477831144;1,94897073517181;1,95515506819309;1,62777457260964;1,43790880829806;1,22085994718278;1,60616273421994;1,66185795539309;1,82280167419465;1,53502591153856;2,03174490343709;1,60807750502692;-19,2417130414084;-3,68783563053953;-6,61765924180583;-6,99606346443236;-5,86317244115215;-5,51495529071816;-11,6492872076154;-12,4078840221423;-6,07386567824379;-16,4452001607834;-11,1264558411833;-18,4119066924961;-25,3497131618707;-25,1186183431689;-16,1529241662379;-16,6683966462068;-26,6303402812389;-26,376949772366;-13,7046393897514;-19,1950106200335;2,68199219822906;1,52838389719892;1,55555567096163;0,906735395569924;0,505569093294629;0,505568510213577;0,542423295383888;0,645128743653648;0,999999654320567;0,839312184375599;0,686365732674007;0,484882772849465;0,338111817657018;-2,10248812611053;-2,39107314816938;-2,57999843988065;-3,04445220952412;-3,98728360456804;-3,99415245406221;-3,32287235000668;-2,69628304501951;-2,14040516008494;-1,19633754221421;-1,84960330131371;-2,2603080512661;-2,90414846937821;-4,92141460905742;-4,97090981906528;-4,04731849779858;-3,37322715574267;-2,69455527776592;0,0576794539318144;0,0155854222123021;0,0401387249306073;0,0163999959496525;0,0336234616251015;0,00774680590242334;0,0133265931673394;0,00615715054981555;-3;-3;1;1;0,3509383319571208;-3;-3,19381835774224;1;1;1;-11190,8121342635;NA;All
3130;1,96257758434098;2,87415933563341;2,32355139752399;2,69474155345606;2,68531789180513;2,29053059399079;2,31860704918659;2,23305006681852;2,48313477831144;1,94897073517181;1,95515506819309;1,62777457260964;1,43790880829806;1,22085994718278;1,60616273421994;1,66185795539309;1,82280167419465;1,53502591153856;2,03174490343709;1,60807750502692;-19,2417130414084;-3,68783563053953;-6,61765924180583;-6,99606346443236;-5,86317244115215;-5,51495529071816;-11,6492872076154;-12,4078840221423;-6,07386567824379;-16,4452001607834;-11,1264558411833;-18,4119066924961;-25,3497131618707;-25,1186183431689;-16,1529241662379;-16,6683966462068;-26,6303402812389;-26,376949772366;-13,7046393897514;-19,1950106200335;2,68199219822906;1,52838389719892;1,55555567096163;0,906735395569924;0,505569093294629;0,505568510213577;0,542423295383888;0,645128743653648;0,999999654320567;0,839312184375599;0,686365732674007;0,484882772849465;0,338111817657018;-2,10248812611053;-2,39107314816938;-2,57999843988065;-3,04445220952412;-3,98728360456804;-3,99415245406221;-3,32287235000668;-2,69628304501951;-2,14040516008494;-1,19633754221421;-1,84960330131371;-2,2603080512661;-2,90414846937821;-4,92141460905742;-4,97090981906528;-4,04731849779858;-3,37322715574267;-2,69455527776592;0,0576794539318144;0,0155854222123021;0,0401387249306073;0,0163999959496525;0,0336234616251015;0,00774680590242334;0,0133265931673394;0,00615715054981555;-3;-3;1;1;0,1513591805473798;-3;-3,34702183995355;1;1;1;-11188,8854399700;NA;All
3140;1,96257758434098;2,87415933563341;2,32355139752399;2,69474155345606;2,68531789180513;2,29053059399079;2,31860704918659;2,23305006681852;2,48313477831144;1,94897073517181;1,95515506819309;1,62777457260964;1,43790880829806;1,22085994718278;1,60616273421994;1,66185795539309;1,82280167419465;1,53502591153856;2,03174490343709;1,60807750502692;-19,2417130414084;-3,68783563053953;-6,61765924180583;-6,99606346443236;-5,86317244115215;-5,51495529071816;-11,6492872076154;-12,4078840221423;-6,07386567824379;-16,4452001607834;-11,1264558411833;-18,4119066924961;-25,3497131618707;-25,1186183431689;-16,1529241662379;-16,6683966462068;-26,6303402812389;-26,376949772366;-13,7046393897514;-19,1950106200335;2,68199219822906;1,52838389719892;1,55555567096163;0,906735395569924;0,505569093294629;0,505568510213577;0,542423295383888;0,645128743653648;0,999999654320567;0,839312184375599;0,686365732674007;0,484882772849465;0,338111817657018;-2,10248812611053;-2,39107314816938;-2,57999843988065;-3,04445220952412;-3,98728360456804;-3,99415245406221;-3,32287235000668;-2,69628304501951;-2,14040516008494;-1,19633754221421;-1,84960330131371;-2,2603080512661;-2,90414846937821;-4,92141460905742;-4,97090981906528;-4,04731849779858;-3,37322715574267;-2,69455527776592;0,0576794539318144;0,0155854222123021;0,0401387249306073;0,0163999959496525;0,0336234616251015;0,00774680590242334;0,0133265931673394;0,00615715054981555;-3;-3;1;1;0,1728938231184320;-3;-1,71611972726884;1;1;1;-11189,5945287362;NA;All
3150;1,96257758434098;2,87415933563341;2,32355139752399;2,69474155345606;2,68531789180513;2,29053059399079;2,31860704918659;2,23305006681852;2,48313477831144;1,94897073517181;1,95515506819309;1,62777457260964;1,43790880829806;1,22085994718278;1,60616273421994;1,66185795539309;1,82280167419465;1,53502591153856;2,03174490343709;1,60807750502692;-19,2417130414084;-3,68783563053953;-6,61765924180583;-6,99606346443236;-5,86317244115215;-5,51495529071816;-11,6492872076154;-12,4078840221423;-6,07386567824379;-16,4452001607834;-11,1264558411833;-18,4119066924961;-25,3497131618707;-25,1186183431689;-16,1529241662379;-16,6683966462068;-26,6303402812389;-26,376949772366;-13,7046393897514;-19,1950106200335;2,68199219822906;1,52838389719892;1,55555567096163;0,906735395569924;0,505569093294629;0,505568510213577;0,542423295383888;0,645128743653648;0,999999654320567;0,839312184375599;0,686365732674007;0,484882772849465;0,338111817657018;-2,10248812611053;-2,39107314816938;-2,57999843988065;-3,04445220952412;-3,98728360456804;-3,99415245406221;-3,32287235000668;-2,69628304501951;-2,14040516008494;-1,19633754221421;-1,84960330131371;-2,2603080512661;-2,90414846937821;-4,92141460905742;-4,97090981906528;-4,04731849779858;-3,37322715574267;-2,69455527776592;0,0576794539318144;0,0155854222123021;0,0401387249306073;0,0163999959496525;0,0336234616251015;0,00774680590242334;0,0133265931673394;0,00615715054981555;-3;-3;1;1;0,2445107564640854;-3;-2,96568176044472;1;1;1;-11189,0107465433;NA;All
3160;1,96257758434098;2,87415933563341;2,32355139752399;2,69474155345606;2,68531789180513;2,29053059399079;2,31860704918659;2,23305006681852;2,48313477831144;1,94897073517181;1,95515506819309;1,62777457260964;1,43790880829806;1,22085994718278;1,60616273421994;1,66185795539309;1,82280167419465;1,53502591153856;2,03174490343709;1,60807750502692;-19,2417130414084;-3,68783563053953;-6,61765924180583;-6,99606346443236;-5,86317244115215;-5,51495529071816;-11,6492872076154;-12,4078840221423;-6,07386567824379;-16,4452001607834;-11,1264558411833;-18,4119066924961;-25,3497131618707;-25,1186183431689;-16,1529241662379;-16,6683966462068;-26,6303402812389;-26,376949772366;-13,7046393897514;-19,1950106200335;2,68199219822906;1,52838389719892;1,55555567096163;0,906735395569924;0,505569093294629;0,505568510213577;0,542423295383888;0,645128743653648;0,999999654320567;0,839312184375599;0,686365732674007;0,484882772849465;0,338111817657018;-2,10248812611053;-2,39107314816938;-2,57999843988065;-3,04445220952412;-3,98728360456804;-3,99415245406221;-3,32287235000668;-2,69628304501951;-2,14040516008494;-1,19633754221421;-1,84960330131371;-2,2603080512661;-2,90414846937821;-4,92141460905742;-4,97090981906528;-4,04731849779858;-3,37322715574267;-2,69455527776592;0,0576794539318144;0,0155854222123021;0,0401387249306073;0,0163999959496525;0,0336234616251015;0,00774680590242334;0,0133265931673394;0,00615715054981555;-3;-3;1;1;0,2987796820318857;-3;-3,65447621662442;1;1;1;-11189,7330166166;NA;All
3170;1,96257758434098;2,87415933563341;2,32355139752399;2,69474155345606;2,68531789180513;2,29053059399079;2,31860704918659;2,23305006681852;2,48313477831144;1,94897073517181;1,95515506819309;1,62777457260964;1,43790880829806;1,22085994718278;1,60616273421994;1,66185795539309;1,82280167419465;1,53502591153856;2,03174490343709;1,60807750502692;-19,2417130414084;-3,68783563053953;-6,61765924180583;-6,99606346443236;-5,86317244115215;-5,51495529071816;-11,6492872076154;-12,4078840221423;-6,07386567824379;-16,4452001607834;-11,1264558411833;-18,4119066924961;-25,3497131618707;-25,1186183431689;-16,1529241662379;-16,6683966462068;-26,6303402812389;-26,376949772366;-13,7046393897514;-19,1950106200335;2,68199219822906;1,52838389719892;1,55555567096163;0,906735395569924;0,505569093294629;0,505568510213577;0,542423295383888;0,645128743653648;0,999999654320567;0,839312184375599;0,686365732674007;0,484882772849465;0,338111817657018;-2,10248812611053;-2,39107314816938;-2,57999843988065;-3,04445220952412;-3,98728360456804;-3,99415245406221;-3,32287235000668;-2,69628304501951;-2,14040516008494;-1,19633754221421;-1,84960330131371;-2,2603080512661;-2,90414846937821;-4,92141460905742;-4,97090981906528;-4,04731849779858;-3,37322715574267;-2,69455527776592;0,0576794539318144;0,0155854222123021;0,0401387249306073;0,0163999959496525;0,0336234616251015;0,00774680590242334;0,0133265931673394;0,00615715054981555;-3;-3;1;1;0,4090402782679720;-3;-2,13655434506427;1;1;1;-11192,5602131403;NA;All
3180;1,96257758434098;2,87415933563341;2,32355139752399;2,69474155345606;2,68531789180513;2,29053059399079;2,31860704918659;2,23305006681852;2,48313477831144;1,94897073517181;1,95515506819309;1,62777457260964;1,43790880829806;1,22085994718278;1,60616273421994;1,66185795539309;1,82280167419465;1,53502591153856;2,03174490343709;1,60807750502692;-19,2417130414084;-3,68783563053953;-6,61765924180583;-6,99606346443236;-5,86317244115215;-5,51495529071816;-11,6492872076154;-12,4078840221423;-6,07386567824379;-16,4452001607834;-11,1264558411833;-18,4119066924961;-25,3497131618707;-25,1186183431689;-16,1529241662379;-16,6683966462068;-26,6303402812389;-26,376949772366;-13,7046393897514;-19,1950106200335;2,68199219822906;1,52838389719892;1,55555567096163;0,906735395569924;0,505569093294629;0,505568510213577;0,542423295383888;0,645128743653648;0,999999654320567;0,839312184375599;0,686365732674007;0,484882772849465;0,338111817657018;-2,10248812611053;-2,39107314816938;-2,57999843988065;-3,04445220952412;-3,98728360456804;-3,99415245406221;-3,32287235000668;-2,69628304501951;-2,14040516008494;-1,19633754221421;-1,84960330131371;-2,2603080512661;-2,90414846937821;-4,92141460905742;-4,97090981906528;-4,04731849779858;-3,37322715574267;-2,69455527776592;0,0576794539318144;0,0155854222123021;0,0401387249306073;0,0163999959496525;0,0336234616251015;0,00774680590242334;0,0133265931673394;0,00615715054981555;-3;-3;1;1;0,0911825819934004;-3;-1,64418025005912;1;1;1;-11191,1769163766;NA;All
3190;1,96257758434098;2,87415933563341;2,32355139752399;2,69474155345606;2,68531789180513;2,29053059399079;2,31860704918659;2,23305006681852;2,48313477831144;1,94897073517181;1,95515506819309;1,62777457260964;1,43790880829806;1,22085994718278;1,60616273421994;1,66185795539309;1,82280167419465;1,53502591153856;2,03174490343709;1,60807750502692;-19,2417130414084;-3,68783563053953;-6,61765924180583;-6,99606346443236;-5,86317244115215;-5,51495529071816;-11,6492872076154;-12,4078840221423;-6,07386567824379;-16,4452001607834;-11,1264558411833;-18,4119066924961;-25,3497131618707;-25,1186183431689;-16,1529241662379;-16,6683966462068;-26,6303402812389;-26,376949772366;-13,7046393897514;-19,1950106200335;2,68199219822906;1,52838389719892;1,55555567096163;0,906735395569924;0,505569093294629;0,505568510213577;0,542423295383888;0,645128743653648;0,999999654320567;0,839312184375599;0,686365732674007;0,484882772849465;0,338111817657018;-2,10248812611053;-2,39107314816938;-2,57999843988065;-3,04445220952412;-3,98728360456804;-3,99415245406221;-3,32287235000668;-2,69628304501951;-2,14040516008494;-1,19633754221421;-1,84960330131371;-2,2603080512661;-2,90414846937821;-4,92141460905742;-4,97090981906528;-4,04731849779858;-3,37322715574267;-2,69455527776592;0,0576794539318144;0,0155854222123021;0,0401387249306073;0,0163999959496525;0,0336234616251015;0,00774680590242334;0,0133265931673394;0,00615715054981555;-3;-3;1;1;0,2351055410987823;-3;-3,11463001435975;1;1;1;-11188,9109343669;NA;All
3200;1,96257758434098;2,87415933563341;2,32355139752399;2,69474155345606;2,68531789180513;2,29053059399079;2,31860704918659;2,23305006681852;2,48313477831144;1,94897073517181;1,95515506819309;1,62777457260964;1,43790880829806;1,22085994718278;1,60616273421994;1,66185795539309;1,82280167419465;1,53502591153856;2,03174490343709;1,60807750502692;-19,2417130414084;-3,68783563053953;-6,61765924180583;-6,99606346443236;-5,86317244115215;-5,51495529071816;-11,6492872076154;-12,4078840221423;-6,07386567824379;-16,4452001607834;-11,1264558411833;-18,4119066924961;-25,3497131618707;-25,1186183431689;-16,1529241662379;-16,6683966462068;-26,6303402812389;-26,376949772366;-13,7046393897514;-19,1950106200335;2,68199219822906;1,52838389719892;1,55555567096163;0,906735395569924;0,505569093294629;0,505568510213577;0,542423295383888;0,645128743653648;0,999999654320567;0,839312184375599;0,686365732674007;0,484882772849465;0,338111817657018;-2,10248812611053;-2,39107314816938;-2,57999843988065;-3,04445220952412;-3,98728360456804;-3,99415245406221;-3,32287235000668;-2,69628304501951;-2,14040516008494;-1,19633754221421;-1,84960330131371;-2,2603080512661;-2,90414846937821;-4,92141460905742;-4,97090981906528;-4,04731849779858;-3,37322715574267;-2,69455527776592;0,0576794539318144;0,0155854222123021;0,0401387249306073;0,0163999959496525;0,0336234616251015;0,00774680590242334;0,0133265931673394;0,00615715054981555;-3;-3;1;1;0,1463860344037156;-3;-2,09526354280946;1;1;1;-11189,2649628526;NA;All
3210;1,96257758434098;2,87415933563341;2,32355139752399;2,69474155345606;2,68531789180513;2,29053059399079;2,31860704918659;2,23305006681852;2,48313477831144;1,94897073517181;1,95515506819309;1,62777457260964;1,43790880829806;1,22085994718278;1,60616273421994;1,66185795539309;1,82280167419465;1,53502591153856;2,03174490343709;1,60807750502692;-19,2417130414084;-3,68783563053953;-6,61765924180583;-6,99606346443236;-5,86317244115215;-5,51495529071816;-11,6492872076154;-12,4078840221423;-6,07386567824379;-16,4452001607834;-11,1264558411833;-18,4119066924961;-25,3497131618707;-25,1186183431689;-16,1529241662379;-16,6683966462068;-26,6303402812389;-26,376949772366;-13,7046393897514;-19,1950106200335;2,68199219822906;1,52838389719892;1,55555567096163;0,906735395569924;0,505569093294629;0,505568510213577;0,542423295383888;0,645128743653648;0,999999654320567;0,839312184375599;0,686365732674007;0,484882772849465;0,338111817657018;-2,10248812611053;-2,39107314816938;-2,57999843988065;-3,04445220952412;-3,98728360456804;-3,99415245406221;-3,32287235000668;-2,69628304501951;-2,14040516008494;-1,19633754221421;-1,84960330131371;-2,2603080512661;-2,90414846937821;-4,92141460905742;-4,97090981906528;-4,04731849779858;-3,37322715574267;-2,69455527776592;0,0576794539318144;0,0155854222123021;0,0401387249306073;0,0163999959496525;0,0336234616251015;0,00774680590242334;0,0133265931673394;0,00615715054981555;-3;-3;1;1;0,1967933837370507;-3;-2,44322787197610;1;1;1;-11188,8337737421;NA;All
3220;1,96257758434098;2,87415933563341;2,32355139752399;2,69474155345606;2,68531789180513;2,29053059399079;2,31860704918659;2,23305006681852;2,48313477831144;1,94897073517181;1,95515506819309;1,62777457260964;1,43790880829806;1,22085994718278;1,60616273421994;1,66185795539309;1,82280167419465;1,53502591153856;2,03174490343709;1,60807750502692;-19,2417130414084;-3,68783563053953;-6,61765924180583;-6,99606346443236;-5,86317244115215;-5,51495529071816;-11,6492872076154;-12,4078840221423;-6,07386567824379;-16,4452001607834;-11,1264558411833;-18,4119066924961;-25,3497131618707;-25,1186183431689;-16,1529241662379;-16,6683966462068;-26,6303402812389;-26,376949772366;-13,7046393897514;-19,1950106200335;2,68199219822906;1,52838389719892;1,55555567096163;0,906735395569924;0,505569093294629;0,505568510213577;0,542423295383888;0,645128743653648;0,999999654320567;0,839312184375599;0,686365732674007;0,484882772849465;0,338111817657018;-2,10248812611053;-2,39107314816938;-2,57999843988065;-3,04445220952412;-3,98728360456804;-3,99415245406221;-3,32287235000668;-2,69628304501951;-2,14040516008494;-1,19633754221421;-1,84960330131371;-2,2603080512661;-2,90414846937821;-4,92141460905742;-4,97090981906528;-4,04731849779858;-3,37322715574267;-2,69455527776592;0,0576794539318144;0,0155854222123021;0,0401387249306073;0,0163999959496525;0,0336234616251015;0,00774680590242334;0,0133265931673394;0,00615715054981555;-3;-3;1;1;0,1806942152303809;-3;-2,72266648300402;1;1;1;-11188,7690626602;NA;All
3230;1,96257758434098;2,87415933563341;2,32355139752399;2,69474155345606;2,68531789180513;2,29053059399079;2,31860704918659;2,23305006681852;2,48313477831144;1,94897073517181;1,95515506819309;1,62777457260964;1,43790880829806;1,22085994718278;1,60616273421994;1,66185795539309;1,82280167419465;1,53502591153856;2,03174490343709;1,60807750502692;-19,2417130414084;-3,68783563053953;-6,61765924180583;-6,99606346443236;-5,86317244115215;-5,51495529071816;-11,6492872076154;-12,4078840221423;-6,07386567824379;-16,4452001607834;-11,1264558411833;-18,4119066924961;-25,3497131618707;-25,1186183431689;-16,1529241662379;-16,6683966462068;-26,6303402812389;-26,376949772366;-13,7046393897514;-19,1950106200335;2,68199219822906;1,52838389719892;1,55555567096163;0,906735395569924;0,505569093294629;0,505568510213577;0,542423295383888;0,645128743653648;0,999999654320567;0,839312184375599;0,686365732674007;0,484882772849465;0,338111817657018;-2,10248812611053;-2,39107314816938;-2,57999843988065;-3,04445220952412;-3,98728360456804;-3,99415245406221;-3,32287235000668;-2,69628304501951;-2,14040516008494;-1,19633754221421;-1,84960330131371;-2,2603080512661;-2,90414846937821;-4,92141460905742;-4,97090981906528;-4,04731849779858;-3,37322715574267;-2,69455527776592;0,0576794539318144;0,0155854222123021;0,0401387249306073;0,0163999959496525;0,0336234616251015;0,00774680590242334;0,0133265931673394;0,00615715054981555;-3;-3;1;1;0,2430733947612738;-3;-3,23841472738066;1;1;1;-11188,9761663072;NA;All
3240;1,96257758434098;2,87415933563341;2,32355139752399;2,69474155345606;2,68531789180513;2,29053059399079;2,31860704918659;2,23305006681852;2,48313477831144;1,94897073517181;1,95515506819309;1,62777457260964;1,43790880829806;1,22085994718278;1,60616273421994;1,66185795539309;1,82280167419465;1,53502591153856;2,03174490343709;1,60807750502692;-19,2417130414084;-3,68783563053953;-6,61765924180583;-6,99606346443236;-5,86317244115215;-5,51495529071816;-11,6492872076154;-12,4078840221423;-6,07386567824379;-16,4452001607834;-11,1264558411833;-18,4119066924961;-25,3497131618707;-25,1186183431689;-16,1529241662379;-16,6683966462068;-26,6303402812389;-26,376949772366;-13,7046393897514;-19,1950106200335;2,68199219822906;1,52838389719892;1,55555567096163;0,906735395569924;0,505569093294629;0,505568510213577;0,542423295383888;0,645128743653648;0,999999654320567;0,839312184375599;0,686365732674007;0,484882772849465;0,338111817657018;-2,10248812611053;-2,39107314816938;-2,57999843988065;-3,04445220952412;-3,98728360456804;-3,99415245406221;-3,32287235000668;-2,69628304501951;-2,14040516008494;-1,19633754221421;-1,84960330131371;-2,2603080512661;-2,90414846937821;-4,92141460905742;-4,97090981906528;-4,04731849779858;-3,37322715574267;-2,69455527776592;0,0576794539318144;0,0155854222123021;0,0401387249306073;0,0163999959496525;0,0336234616251015;0,00774680590242334;0,0133265931673394;0,00615715054981555;-3;-3;1;1;0,3202816997043406;-3;-2,53427972593553;1;1;1;-11190,2432042220;NA;All
3250;1,96257758434098;2,87415933563341;2,32355139752399;2,69474155345606;2,68531789180513;2,29053059399079;2,31860704918659;2,23305006681852;2,48313477831144;1,94897073517181;1,95515506819309;1,62777457260964;1,43790880829806;1,22085994718278;1,60616273421994;1,66185795539309;1,82280167419465;1,53502591153856;2,03174490343709;1,60807750502692;-19,2417130414084;-3,68783563053953;-6,61765924180583;-6,99606346443236;-5,86317244115215;-5,51495529071816;-11,6492872076154;-12,4078840221423;-6,07386567824379;-16,4452001607834;-11,1264558411833;-18,4119066924961;-25,3497131618707;-25,1186183431689;-16,1529241662379;-16,6683966462068;-26,6303402812389;-26,376949772366;-13,7046393897514;-19,1950106200335;2,68199219822906;1,52838389719892;1,55555567096163;0,906735395569924;0,505569093294629;0,505568510213577;0,542423295383888;0,645128743653648;0,999999654320567;0,839312184375599;0,686365732674007;0,484882772849465;0,338111817657018;-2,10248812611053;-2,39107314816938;-2,57999843988065;-3,04445220952412;-3,98728360456804;-3,99415245406221;-3,32287235000668;-2,69628304501951;-2,14040516008494;-1,19633754221421;-1,84960330131371;-2,2603080512661;-2,90414846937821;-4,92141460905742;-4,97090981906528;-4,04731849779858;-3,37322715574267;-2,69455527776592;0,0576794539318144;0,0155854222123021;0,0401387249306073;0,0163999959496525;0,0336234616251015;0,00774680590242334;0,0133265931673394;0,00615715054981555;-3;-3;1;1;0,3299487495135838;-3;-2,42734256162221;1;1;1;-11190,4724100858;NA;All
3260;1,96257758434098;2,87415933563341;2,32355139752399;2,69474155345606;2,68531789180513;2,29053059399079;2,31860704918659;2,23305006681852;2,48313477831144;1,94897073517181;1,95515506819309;1,62777457260964;1,43790880829806;1,22085994718278;1,60616273421994;1,66185795539309;1,82280167419465;1,53502591153856;2,03174490343709;1,60807750502692;-19,2417130414084;-3,68783563053953;-6,61765924180583;-6,99606346443236;-5,86317244115215;-5,51495529071816;-11,6492872076154;-12,4078840221423;-6,07386567824379;-16,4452001607834;-11,1264558411833;-18,4119066924961;-25,3497131618707;-25,1186183431689;-16,1529241662379;-16,6683966462068;-26,6303402812389;-26,376949772366;-13,7046393897514;-19,1950106200335;2,68199219822906;1,52838389719892;1,55555567096163;0,906735395569924;0,505569093294629;0,505568510213577;0,542423295383888;0,645128743653648;0,999999654320567;0,839312184375599;0,686365732674007;0,484882772849465;0,338111817657018;-2,10248812611053;-2,39107314816938;-2,57999843988065;-3,04445220952412;-3,98728360456804;-3,99415245406221;-3,32287235000668;-2,69628304501951;-2,14040516008494;-1,19633754221421;-1,84960330131371;-2,2603080512661;-2,90414846937821;-4,92141460905742;-4,97090981906528;-4,04731849779858;-3,37322715574267;-2,69455527776592;0,0576794539318144;0,0155854222123021;0,0401387249306073;0,0163999959496525;0,0336234616251015;0,00774680590242334;0,0133265931673394;0,00615715054981555;-3;-3;1;1;0,3692424434514201;-3;-3,04468593475965;1;1;1;-11191,2592779714;NA;All
3270;1,96257758434098;2,87415933563341;2,32355139752399;2,69474155345606;2,68531789180513;2,29053059399079;2,31860704918659;2,23305006681852;2,48313477831144;1,94897073517181;1,95515506819309;1,62777457260964;1,43790880829806;1,22085994718278;1,60616273421994;1,66185795539309;1,82280167419465;1,53502591153856;2,03174490343709;1,60807750502692;-19,2417130414084;-3,68783563053953;-6,61765924180583;-6,99606346443236;-5,86317244115215;-5,51495529071816;-11,6492872076154;-12,4078840221423;-6,07386567824379;-16,4452001607834;-11,1264558411833;-18,4119066924961;-25,3497131618707;-25,1186183431689;-16,1529241662379;-16,6683966462068;-26,6303402812389;-26,376949772366;-13,7046393897514;-19,1950106200335;2,68199219822906;1,52838389719892;1,55555567096163;0,906735395569924;0,505569093294629;0,505568510213577;0,542423295383888;0,645128743653648;0,999999654320567;0,839312184375599;0,686365732674007;0,484882772849465;0,338111817657018;-2,10248812611053;-2,39107314816938;-2,57999843988065;-3,04445220952412;-3,98728360456804;-3,99415245406221;-3,32287235000668;-2,69628304501951;-2,14040516008494;-1,19633754221421;-1,84960330131371;-2,2603080512661;-2,90414846937821;-4,92141460905742;-4,97090981906528;-4,04731849779858;-3,37322715574267;-2,69455527776592;0,0576794539318144;0,0155854222123021;0,0401387249306073;0,0163999959496525;0,0336234616251015;0,00774680590242334;0,0133265931673394;0,00615715054981555;-3;-3;1;1;0,1626349376236673;-3;-2,13434658155238;1;1;1;-11189,0860503247;NA;All
3280;1,96257758434098;2,87415933563341;2,32355139752399;2,69474155345606;2,68531789180513;2,29053059399079;2,31860704918659;2,23305006681852;2,48313477831144;1,94897073517181;1,95515506819309;1,62777457260964;1,43790880829806;1,22085994718278;1,60616273421994;1,66185795539309;1,82280167419465;1,53502591153856;2,03174490343709;1,60807750502692;-19,2417130414084;-3,68783563053953;-6,61765924180583;-6,99606346443236;-5,86317244115215;-5,51495529071816;-11,6492872076154;-12,4078840221423;-6,07386567824379;-16,4452001607834;-11,1264558411833;-18,4119066924961;-25,3497131618707;-25,1186183431689;-16,1529241662379;-16,6683966462068;-26,6303402812389;-26,376949772366;-13,7046393897514;-19,1950106200335;2,68199219822906;1,52838389719892;1,55555567096163;0,906735395569924;0,505569093294629;0,505568510213577;0,542423295383888;0,645128743653648;0,999999654320567;0,839312184375599;0,686365732674007;0,484882772849465;0,338111817657018;-2,10248812611053;-2,39107314816938;-2,57999843988065;-3,04445220952412;-3,98728360456804;-3,99415245406221;-3,32287235000668;-2,69628304501951;-2,14040516008494;-1,19633754221421;-1,84960330131371;-2,2603080512661;-2,90414846937821;-4,92141460905742;-4,97090981906528;-4,04731849779858;-3,37322715574267;-2,69455527776592;0,0576794539318144;0,0155854222123021;0,0401387249306073;0,0163999959496525;0,0336234616251015;0,00774680590242334;0,0133265931673394;0,00615715054981555;-3;-3;1;1;0,1982250646112602;-3;-3,47584506516736;1;1;1;-11188,7010775499;NA;All
3290;1,96257758434098;2,87415933563341;2,32355139752399;2,69474155345606;2,68531789180513;2,29053059399079;2,31860704918659;2,23305006681852;2,48313477831144;1,94897073517181;1,95515506819309;1,62777457260964;1,43790880829806;1,22085994718278;1,60616273421994;1,66185795539309;1,82280167419465;1,53502591153856;2,03174490343709;1,60807750502692;-19,2417130414084;-3,68783563053953;-6,61765924180583;-6,99606346443236;-5,86317244115215;-5,51495529071816;-11,6492872076154;-12,4078840221423;-6,07386567824379;-16,4452001607834;-11,1264558411833;-18,4119066924961;-25,3497131618707;-25,1186183431689;-16,1529241662379;-16,6683966462068;-26,6303402812389;-26,376949772366;-13,7046393897514;-19,1950106200335;2,68199219822906;1,52838389719892;1,55555567096163;0,906735395569924;0,505569093294629;0,505568510213577;0,542423295383888;0,645128743653648;0,999999654320567;0,839312184375599;0,686365732674007;0,484882772849465;0,338111817657018;-2,10248812611053;-2,39107314816938;-2,57999843988065;-3,04445220952412;-3,98728360456804;-3,99415245406221;-3,32287235000668;-2,69628304501951;-2,14040516008494;-1,19633754221421;-1,84960330131371;-2,2603080512661;-2,90414846937821;-4,92141460905742;-4,97090981906528;-4,04731849779858;-3,37322715574267;-2,69455527776592;0,0576794539318144;0,0155854222123021;0,0401387249306073;0,0163999959496525;0,0336234616251015;0,00774680590242334;0,0133265931673394;0,00615715054981555;-3;-3;1;1;0,3955330298734598;-3;-1,51961569989456;1;1;1;-11193,2830421722;NA;All
3300;1,96257758434098;2,87415933563341;2,32355139752399;2,69474155345606;2,68531789180513;2,29053059399079;2,31860704918659;2,23305006681852;2,48313477831144;1,94897073517181;1,95515506819309;1,62777457260964;1,43790880829806;1,22085994718278;1,60616273421994;1,66185795539309;1,82280167419465;1,53502591153856;2,03174490343709;1,60807750502692;-19,2417130414084;-3,68783563053953;-6,61765924180583;-6,99606346443236;-5,86317244115215;-5,51495529071816;-11,6492872076154;-12,4078840221423;-6,07386567824379;-16,4452001607834;-11,1264558411833;-18,4119066924961;-25,3497131618707;-25,1186183431689;-16,1529241662379;-16,6683966462068;-26,6303402812389;-26,376949772366;-13,7046393897514;-19,1950106200335;2,68199219822906;1,52838389719892;1,55555567096163;0,906735395569924;0,505569093294629;0,505568510213577;0,542423295383888;0,645128743653648;0,999999654320567;0,839312184375599;0,686365732674007;0,484882772849465;0,338111817657018;-2,10248812611053;-2,39107314816938;-2,57999843988065;-3,04445220952412;-3,98728360456804;-3,99415245406221;-3,32287235000668;-2,69628304501951;-2,14040516008494;-1,19633754221421;-1,84960330131371;-2,2603080512661;-2,90414846937821;-4,92141460905742;-4,97090981906528;-4,04731849779858;-3,37322715574267;-2,69455527776592;0,0576794539318144;0,0155854222123021;0,0401387249306073;0,0163999959496525;0,0336234616251015;0,00774680590242334;0,0133265931673394;0,00615715054981555;-3;-3;1;1;0,0891757961846287;-3;-1,84884174365833;1;1;1;-11190,8048283131;NA;All
3310;1,96257758434098;2,87415933563341;2,32355139752399;2,69474155345606;2,68531789180513;2,29053059399079;2,31860704918659;2,23305006681852;2,48313477831144;1,94897073517181;1,95515506819309;1,62777457260964;1,43790880829806;1,22085994718278;1,60616273421994;1,66185795539309;1,82280167419465;1,53502591153856;2,03174490343709;1,60807750502692;-19,2417130414084;-3,68783563053953;-6,61765924180583;-6,99606346443236;-5,86317244115215;-5,51495529071816;-11,6492872076154;-12,4078840221423;-6,07386567824379;-16,4452001607834;-11,1264558411833;-18,4119066924961;-25,3497131618707;-25,1186183431689;-16,1529241662379;-16,6683966462068;-26,6303402812389;-26,376949772366;-13,7046393897514;-19,1950106200335;2,68199219822906;1,52838389719892;1,55555567096163;0,906735395569924;0,505569093294629;0,505568510213577;0,542423295383888;0,645128743653648;0,999999654320567;0,839312184375599;0,686365732674007;0,484882772849465;0,338111817657018;-2,10248812611053;-2,39107314816938;-2,57999843988065;-3,04445220952412;-3,98728360456804;-3,99415245406221;-3,32287235000668;-2,69628304501951;-2,14040516008494;-1,19633754221421;-1,84960330131371;-2,2603080512661;-2,90414846937821;-4,92141460905742;-4,97090981906528;-4,04731849779858;-3,37322715574267;-2,69455527776592;0,0576794539318144;0,0155854222123021;0,0401387249306073;0,0163999959496525;0,0336234616251015;0,00774680590242334;0,0133265931673394;0,00615715054981555;-3;-3;1;1;0,1614900460510087;-3;-2,61256557247800;1;1;1;-11188,8820027943;NA;All
3320;1,96257758434098;2,87415933563341;2,32355139752399;2,69474155345606;2,68531789180513;2,29053059399079;2,31860704918659;2,23305006681852;2,48313477831144;1,94897073517181;1,95515506819309;1,62777457260964;1,43790880829806;1,22085994718278;1,60616273421994;1,66185795539309;1,82280167419465;1,53502591153856;2,03174490343709;1,60807750502692;-19,2417130414084;-3,68783563053953;-6,61765924180583;-6,99606346443236;-5,86317244115215;-5,51495529071816;-11,6492872076154;-12,4078840221423;-6,07386567824379;-16,4452001607834;-11,1264558411833;-18,4119066924961;-25,3497131618707;-25,1186183431689;-16,1529241662379;-16,6683966462068;-26,6303402812389;-26,376949772366;-13,7046393897514;-19,1950106200335;2,68199219822906;1,52838389719892;1,55555567096163;0,906735395569924;0,505569093294629;0,505568510213577;0,542423295383888;0,645128743653648;0,999999654320567;0,839312184375599;0,686365732674007;0,484882772849465;0,338111817657018;-2,10248812611053;-2,39107314816938;-2,57999843988065;-3,04445220952412;-3,98728360456804;-3,99415245406221;-3,32287235000668;-2,69628304501951;-2,14040516008494;-1,19633754221421;-1,84960330131371;-2,2603080512661;-2,90414846937821;-4,92141460905742;-4,97090981906528;-4,04731849779858;-3,37322715574267;-2,69455527776592;0,0576794539318144;0,0155854222123021;0,0401387249306073;0,0163999959496525;0,0336234616251015;0,00774680590242334;0,0133265931673394;0,00615715054981555;-3;-3;1;1;0,2474863791027518;-3;-2,24447746898550;1;1;1;-11189,2316457956;NA;All
3330;1,96257758434098;2,87415933563341;2,32355139752399;2,69474155345606;2,68531789180513;2,29053059399079;2,31860704918659;2,23305006681852;2,48313477831144;1,94897073517181;1,95515506819309;1,62777457260964;1,43790880829806;1,22085994718278;1,60616273421994;1,66185795539309;1,82280167419465;1,53502591153856;2,03174490343709;1,60807750502692;-19,2417130414084;-3,68783563053953;-6,61765924180583;-6,99606346443236;-5,86317244115215;-5,51495529071816;-11,6492872076154;-12,4078840221423;-6,07386567824379;-16,4452001607834;-11,1264558411833;-18,4119066924961;-25,3497131618707;-25,1186183431689;-16,1529241662379;-16,6683966462068;-26,6303402812389;-26,376949772366;-13,7046393897514;-19,1950106200335;2,68199219822906;1,52838389719892;1,55555567096163;0,906735395569924;0,505569093294629;0,505568510213577;0,542423295383888;0,645128743653648;0,999999654320567;0,839312184375599;0,686365732674007;0,484882772849465;0,338111817657018;-2,10248812611053;-2,39107314816938;-2,57999843988065;-3,04445220952412;-3,98728360456804;-3,99415245406221;-3,32287235000668;-2,69628304501951;-2,14040516008494;-1,19633754221421;-1,84960330131371;-2,2603080512661;-2,90414846937821;-4,92141460905742;-4,97090981906528;-4,04731849779858;-3,37322715574267;-2,69455527776592;0,0576794539318144;0,0155854222123021;0,0401387249306073;0,0163999959496525;0,0336234616251015;0,00774680590242334;0,0133265931673394;0,00615715054981555;-3;-3;1;1;0,2474863791027518;-3;-2,24447746898550;1;1;1;-11189,2316457956;NA;All
3340;1,96257758434098;2,87415933563341;2,32355139752399;2,69474155345606;2,68531789180513;2,29053059399079;2,31860704918659;2,23305006681852;2,48313477831144;1,94897073517181;1,95515506819309;1,62777457260964;1,43790880829806;1,22085994718278;1,60616273421994;1,66185795539309;1,82280167419465;1,53502591153856;2,03174490343709;1,60807750502692;-19,2417130414084;-3,68783563053953;-6,61765924180583;-6,99606346443236;-5,86317244115215;-5,51495529071816;-11,6492872076154;-12,4078840221423;-6,07386567824379;-16,4452001607834;-11,1264558411833;-18,4119066924961;-25,3497131618707;-25,1186183431689;-16,1529241662379;-16,6683966462068;-26,6303402812389;-26,376949772366;-13,7046393897514;-19,1950106200335;2,68199219822906;1,52838389719892;1,55555567096163;0,906735395569924;0,505569093294629;0,505568510213577;0,542423295383888;0,645128743653648;0,999999654320567;0,839312184375599;0,686365732674007;0,484882772849465;0,338111817657018;-2,10248812611053;-2,39107314816938;-2,57999843988065;-3,04445220952412;-3,98728360456804;-3,99415245406221;-3,32287235000668;-2,69628304501951;-2,14040516008494;-1,19633754221421;-1,84960330131371;-2,2603080512661;-2,90414846937821;-4,92141460905742;-4,97090981906528;-4,04731849779858;-3,37322715574267;-2,69455527776592;0,0576794539318144;0,0155854222123021;0,0401387249306073;0,0163999959496525;0,0336234616251015;0,00774680590242334;0,0133265931673394;0,00615715054981555;-3;-3;1;1;0,2033596423886549;-3;-3,73996280404589;1;1;1;-11188,7065641043;NA;All
3350;1,96257758434098;2,87415933563341;2,32355139752399;2,69474155345606;2,68531789180513;2,29053059399079;2,31860704918659;2,23305006681852;2,48313477831144;1,94897073517181;1,95515506819309;1,62777457260964;1,43790880829806;1,22085994718278;1,60616273421994;1,66185795539309;1,82280167419465;1,53502591153856;2,03174490343709;1,60807750502692;-19,2417130414084;-3,68783563053953;-6,61765924180583;-6,99606346443236;-5,86317244115215;-5,51495529071816;-11,6492872076154;-12,4078840221423;-6,07386567824379;-16,4452001607834;-11,1264558411833;-18,4119066924961;-25,3497131618707;-25,1186183431689;-16,1529241662379;-16,6683966462068;-26,6303402812389;-26,376949772366;-13,7046393897514;-19,1950106200335;2,68199219822906;1,52838389719892;1,55555567096163;0,906735395569924;0,505569093294629;0,505568510213577;0,542423295383888;0,645128743653648;0,999999654320567;0,839312184375599;0,686365732674007;0,484882772849465;0,338111817657018;-2,10248812611053;-2,39107314816938;-2,57999843988065;-3,04445220952412;-3,98728360456804;-3,99415245406221;-3,32287235000668;-2,69628304501951;-2,14040516008494;-1,19633754221421;-1,84960330131371;-2,2603080512661;-2,90414846937821;-4,92141460905742;-4,97090981906528;-4,04731849779858;-3,37322715574267;-2,69455527776592;0,0576794539318144;0,0155854222123021;0,0401387249306073;0,0163999959496525;0,0336234616251015;0,00774680590242334;0,0133265931673394;0,00615715054981555;-3;-3;1;1;0,1051615746441020;-3;-3,88095384709628;1;1;1;-11189,6870190431;NA;All
3360;1,96257758434098;2,87415933563341;2,32355139752399;2,69474155345606;2,68531789180513;2,29053059399079;2,31860704918659;2,23305006681852;2,48313477831144;1,94897073517181;1,95515506819309;1,62777457260964;1,43790880829806;1,22085994718278;1,60616273421994;1,66185795539309;1,82280167419465;1,53502591153856;2,03174490343709;1,60807750502692;-19,2417130414084;-3,68783563053953;-6,61765924180583;-6,99606346443236;-5,86317244115215;-5,51495529071816;-11,6492872076154;-12,4078840221423;-6,07386567824379;-16,4452001607834;-11,1264558411833;-18,4119066924961;-25,3497131618707;-25,1186183431689;-16,1529241662379;-16,6683966462068;-26,6303402812389;-26,376949772366;-13,7046393897514;-19,1950106200335;2,68199219822906;1,52838389719892;1,55555567096163;0,906735395569924;0,505569093294629;0,505568510213577;0,542423295383888;0,645128743653648;0,999999654320567;0,839312184375599;0,686365732674007;0,484882772849465;0,338111817657018;-2,10248812611053;-2,39107314816938;-2,57999843988065;-3,04445220952412;-3,98728360456804;-3,99415245406221;-3,32287235000668;-2,69628304501951;-2,14040516008494;-1,19633754221421;-1,84960330131371;-2,2603080512661;-2,90414846937821;-4,92141460905742;-4,97090981906528;-4,04731849779858;-3,37322715574267;-2,69455527776592;0,0576794539318144;0,0155854222123021;0,0401387249306073;0,0163999959496525;0,0336234616251015;0,00774680590242334;0,0133265931673394;0,00615715054981555;-3;-3;1;1;0,2516342481272292;-3;-1,71695949481650;1;1;1;-11189,8985635953;NA;All
3370;1,96257758434098;2,87415933563341;2,32355139752399;2,69474155345606;2,68531789180513;2,29053059399079;2,31860704918659;2,23305006681852;2,48313477831144;1,94897073517181;1,95515506819309;1,62777457260964;1,43790880829806;1,22085994718278;1,60616273421994;1,66185795539309;1,82280167419465;1,53502591153856;2,03174490343709;1,60807750502692;-19,2417130414084;-3,68783563053953;-6,61765924180583;-6,99606346443236;-5,86317244115215;-5,51495529071816;-11,6492872076154;-12,4078840221423;-6,07386567824379;-16,4452001607834;-11,1264558411833;-18,4119066924961;-25,3497131618707;-25,1186183431689;-16,1529241662379;-16,6683966462068;-26,6303402812389;-26,376949772366;-13,7046393897514;-19,1950106200335;2,68199219822906;1,52838389719892;1,55555567096163;0,906735395569924;0,505569093294629;0,505568510213577;0,542423295383888;0,645128743653648;0,999999654320567;0,839312184375599;0,686365732674007;0,484882772849465;0,338111817657018;-2,10248812611053;-2,39107314816938;-2,57999843988065;-3,04445220952412;-3,98728360456804;-3,99415245406221;-3,32287235000668;-2,69628304501951;-2,14040516008494;-1,19633754221421;-1,84960330131371;-2,2603080512661;-2,90414846937821;-4,92141460905742;-4,97090981906528;-4,04731849779858;-3,37322715574267;-2,69455527776592;0,0576794539318144;0,0155854222123021;0,0401387249306073;0,0163999959496525;0,0336234616251015;0,00774680590242334;0,0133265931673394;0,00615715054981555;-3;-3;1;1;0,3029231956433478;-3;-2,52821920568003;1;1;1;-11189,9157830508;NA;All
3380;1,96257758434098;2,87415933563341;2,32355139752399;2,69474155345606;2,68531789180513;2,29053059399079;2,31860704918659;2,23305006681852;2,48313477831144;1,94897073517181;1,95515506819309;1,62777457260964;1,43790880829806;1,22085994718278;1,60616273421994;1,66185795539309;1,82280167419465;1,53502591153856;2,03174490343709;1,60807750502692;-19,2417130414084;-3,68783563053953;-6,61765924180583;-6,99606346443236;-5,86317244115215;-5,51495529071816;-11,6492872076154;-12,4078840221423;-6,07386567824379;-16,4452001607834;-11,1264558411833;-18,4119066924961;-25,3497131618707;-25,1186183431689;-16,1529241662379;-16,6683966462068;-26,6303402812389;-26,376949772366;-13,7046393897514;-19,1950106200335;2,68199219822906;1,52838389719892;1,55555567096163;0,906735395569924;0,505569093294629;0,505568510213577;0,542423295383888;0,645128743653648;0,999999654320567;0,839312184375599;0,686365732674007;0,484882772849465;0,338111817657018;-2,10248812611053;-2,39107314816938;-2,57999843988065;-3,04445220952412;-3,98728360456804;-3,99415245406221;-3,32287235000668;-2,69628304501951;-2,14040516008494;-1,19633754221421;-1,84960330131371;-2,2603080512661;-2,90414846937821;-4,92141460905742;-4,97090981906528;-4,04731849779858;-3,37322715574267;-2,69455527776592;0,0576794539318144;0,0155854222123021;0,0401387249306073;0,0163999959496525;0,0336234616251015;0,00774680590242334;0,0133265931673394;0,00615715054981555;-3;-3;1;1;0,2977590409426326;-3;-1,64436794751453;1;1;1;-11190,7262146331;NA;All
3390;1,96257758434098;2,87415933563341;2,32355139752399;2,69474155345606;2,68531789180513;2,29053059399079;2,31860704918659;2,23305006681852;2,48313477831144;1,94897073517181;1,95515506819309;1,62777457260964;1,43790880829806;1,22085994718278;1,60616273421994;1,66185795539309;1,82280167419465;1,53502591153856;2,03174490343709;1,60807750502692;-19,2417130414084;-3,68783563053953;-6,61765924180583;-6,99606346443236;-5,86317244115215;-5,51495529071816;-11,6492872076154;-12,4078840221423;-6,07386567824379;-16,4452001607834;-11,1264558411833;-18,4119066924961;-25,3497131618707;-25,1186183431689;-16,1529241662379;-16,6683966462068;-26,6303402812389;-26,376949772366;-13,7046393897514;-19,1950106200335;2,68199219822906;1,52838389719892;1,55555567096163;0,906735395569924;0,505569093294629;0,505568510213577;0,542423295383888;0,645128743653648;0,999999654320567;0,839312184375599;0,686365732674007;0,484882772849465;0,338111817657018;-2,10248812611053;-2,39107314816938;-2,57999843988065;-3,04445220952412;-3,98728360456804;-3,99415245406221;-3,32287235000668;-2,69628304501951;-2,14040516008494;-1,19633754221421;-1,84960330131371;-2,2603080512661;-2,90414846937821;-4,92141460905742;-4,97090981906528;-4,04731849779858;-3,37322715574267;-2,69455527776592;0,0576794539318144;0,0155854222123021;0,0401387249306073;0,0163999959496525;0,0336234616251015;0,00774680590242334;0,0133265931673394;0,00615715054981555;-3;-3;1;1;0,2241915494657037;-3;-1,58647485348624;1;1;1;-11190,0103763185;NA;All
3400;1,96257758434098;2,87415933563341;2,32355139752399;2,69474155345606;2,68531789180513;2,29053059399079;2,31860704918659;2,23305006681852;2,48313477831144;1,94897073517181;1,95515506819309;1,62777457260964;1,43790880829806;1,22085994718278;1,60616273421994;1,66185795539309;1,82280167419465;1,53502591153856;2,03174490343709;1,60807750502692;-19,2417130414084;-3,68783563053953;-6,61765924180583;-6,99606346443236;-5,86317244115215;-5,51495529071816;-11,6492872076154;-12,4078840221423;-6,07386567824379;-16,4452001607834;-11,1264558411833;-18,4119066924961;-25,3497131618707;-25,1186183431689;-16,1529241662379;-16,6683966462068;-26,6303402812389;-26,376949772366;-13,7046393897514;-19,1950106200335;2,68199219822906;1,52838389719892;1,55555567096163;0,906735395569924;0,505569093294629;0,505568510213577;0,542423295383888;0,645128743653648;0,999999654320567;0,839312184375599;0,686365732674007;0,484882772849465;0,338111817657018;-2,10248812611053;-2,39107314816938;-2,57999843988065;-3,04445220952412;-3,98728360456804;-3,99415245406221;-3,32287235000668;-2,69628304501951;-2,14040516008494;-1,19633754221421;-1,84960330131371;-2,2603080512661;-2,90414846937821;-4,92141460905742;-4,97090981906528;-4,04731849779858;-3,37322715574267;-2,69455527776592;0,0576794539318144;0,0155854222123021;0,0401387249306073;0,0163999959496525;0,0336234616251015;0,00774680590242334;0,0133265931673394;0,00615715054981555;-3;-3;1;1;0,2241915494657037;-3;-1,58647485348624;1;1;1;-11190,0103763185;NA;All
3410;1,96257758434098;2,87415933563341;2,32355139752399;2,69474155345606;2,68531789180513;2,29053059399079;2,31860704918659;2,23305006681852;2,48313477831144;1,94897073517181;1,95515506819309;1,62777457260964;1,43790880829806;1,22085994718278;1,60616273421994;1,66185795539309;1,82280167419465;1,53502591153856;2,03174490343709;1,60807750502692;-19,2417130414084;-3,68783563053953;-6,61765924180583;-6,99606346443236;-5,86317244115215;-5,51495529071816;-11,6492872076154;-12,4078840221423;-6,07386567824379;-16,4452001607834;-11,1264558411833;-18,4119066924961;-25,3497131618707;-25,1186183431689;-16,1529241662379;-16,6683966462068;-26,6303402812389;-26,376949772366;-13,7046393897514;-19,1950106200335;2,68199219822906;1,52838389719892;1,55555567096163;0,906735395569924;0,505569093294629;0,505568510213577;0,542423295383888;0,645128743653648;0,999999654320567;0,839312184375599;0,686365732674007;0,484882772849465;0,338111817657018;-2,10248812611053;-2,39107314816938;-2,57999843988065;-3,04445220952412;-3,98728360456804;-3,99415245406221;-3,32287235000668;-2,69628304501951;-2,14040516008494;-1,19633754221421;-1,84960330131371;-2,2603080512661;-2,90414846937821;-4,92141460905742;-4,97090981906528;-4,04731849779858;-3,37322715574267;-2,69455527776592;0,0576794539318144;0,0155854222123021;0,0401387249306073;0,0163999959496525;0,0336234616251015;0,00774680590242334;0,0133265931673394;0,00615715054981555;-3;-3;1;1;0,2611498763844664;-3;-2,13556178405557;1;1;1;-11189,4584604757;NA;All
3420;1,96257758434098;2,87415933563341;2,32355139752399;2,69474155345606;2,68531789180513;2,29053059399079;2,31860704918659;2,23305006681852;2,48313477831144;1,94897073517181;1,95515506819309;1,62777457260964;1,43790880829806;1,22085994718278;1,60616273421994;1,66185795539309;1,82280167419465;1,53502591153856;2,03174490343709;1,60807750502692;-19,2417130414084;-3,68783563053953;-6,61765924180583;-6,99606346443236;-5,86317244115215;-5,51495529071816;-11,6492872076154;-12,4078840221423;-6,07386567824379;-16,4452001607834;-11,1264558411833;-18,4119066924961;-25,3497131618707;-25,1186183431689;-16,1529241662379;-16,6683966462068;-26,6303402812389;-26,376949772366;-13,7046393897514;-19,1950106200335;2,68199219822906;1,52838389719892;1,55555567096163;0,906735395569924;0,505569093294629;0,505568510213577;0,542423295383888;0,645128743653648;0,999999654320567;0,839312184375599;0,686365732674007;0,484882772849465;0,338111817657018;-2,10248812611053;-2,39107314816938;-2,57999843988065;-3,04445220952412;-3,98728360456804;-3,99415245406221;-3,32287235000668;-2,69628304501951;-2,14040516008494;-1,19633754221421;-1,84960330131371;-2,2603080512661;-2,90414846937821;-4,92141460905742;-4,97090981906528;-4,04731849779858;-3,37322715574267;-2,69455527776592;0,0576794539318144;0,0155854222123021;0,0401387249306073;0,0163999959496525;0,0336234616251015;0,00774680590242334;0,0133265931673394;0,00615715054981555;-3;-3;1;1;0,1924319448264991;-3;-2,13910236648902;1;1;1;-11188,9879077834;NA;All
3430;1,96257758434098;2,87415933563341;2,32355139752399;2,69474155345606;2,68531789180513;2,29053059399079;2,31860704918659;2,23305006681852;2,48313477831144;1,94897073517181;1,95515506819309;1,62777457260964;1,43790880829806;1,22085994718278;1,60616273421994;1,66185795539309;1,82280167419465;1,53502591153856;2,03174490343709;1,60807750502692;-19,2417130414084;-3,68783563053953;-6,61765924180583;-6,99606346443236;-5,86317244115215;-5,51495529071816;-11,6492872076154;-12,4078840221423;-6,07386567824379;-16,4452001607834;-11,1264558411833;-18,4119066924961;-25,3497131618707;-25,1186183431689;-16,1529241662379;-16,6683966462068;-26,6303402812389;-26,376949772366;-13,7046393897514;-19,1950106200335;2,68199219822906;1,52838389719892;1,55555567096163;0,906735395569924;0,505569093294629;0,505568510213577;0,542423295383888;0,645128743653648;0,999999654320567;0,839312184375599;0,686365732674007;0,484882772849465;0,338111817657018;-2,10248812611053;-2,39107314816938;-2,57999843988065;-3,04445220952412;-3,98728360456804;-3,99415245406221;-3,32287235000668;-2,69628304501951;-2,14040516008494;-1,19633754221421;-1,84960330131371;-2,2603080512661;-2,90414846937821;-4,92141460905742;-4,97090981906528;-4,04731849779858;-3,37322715574267;-2,69455527776592;0,0576794539318144;0,0155854222123021;0,0401387249306073;0,0163999959496525;0,0336234616251015;0,00774680590242334;0,0133265931673394;0,00615715054981555;-3;-3;1;1;0,1444931774174459;-3;-2,69898979634972;1;1;1;-11189,0243029534;NA;All
3440;1,96257758434098;2,87415933563341;2,32355139752399;2,69474155345606;2,68531789180513;2,29053059399079;2,31860704918659;2,23305006681852;2,48313477831144;1,94897073517181;1,95515506819309;1,62777457260964;1,43790880829806;1,22085994718278;1,60616273421994;1,66185795539309;1,82280167419465;1,53502591153856;2,03174490343709;1,60807750502692;-19,2417130414084;-3,68783563053953;-6,61765924180583;-6,99606346443236;-5,86317244115215;-5,51495529071816;-11,6492872076154;-12,4078840221423;-6,07386567824379;-16,4452001607834;-11,1264558411833;-18,4119066924961;-25,3497131618707;-25,1186183431689;-16,1529241662379;-16,6683966462068;-26,6303402812389;-26,376949772366;-13,7046393897514;-19,1950106200335;2,68199219822906;1,52838389719892;1,55555567096163;0,906735395569924;0,505569093294629;0,505568510213577;0,542423295383888;0,645128743653648;0,999999654320567;0,839312184375599;0,686365732674007;0,484882772849465;0,338111817657018;-2,10248812611053;-2,39107314816938;-2,57999843988065;-3,04445220952412;-3,98728360456804;-3,99415245406221;-3,32287235000668;-2,69628304501951;-2,14040516008494;-1,19633754221421;-1,84960330131371;-2,2603080512661;-2,90414846937821;-4,92141460905742;-4,97090981906528;-4,04731849779858;-3,37322715574267;-2,69455527776592;0,0576794539318144;0,0155854222123021;0,0401387249306073;0,0163999959496525;0,0336234616251015;0,00774680590242334;0,0133265931673394;0,00615715054981555;-3;-3;1;1;0,1943715412282918;-3;-1,77585243593122;1;1;1;-11189,4328381917;NA;All
3450;1,96257758434098;2,87415933563341;2,32355139752399;2,69474155345606;2,68531789180513;2,29053059399079;2,31860704918659;2,23305006681852;2,48313477831144;1,94897073517181;1,95515506819309;1,62777457260964;1,43790880829806;1,22085994718278;1,60616273421994;1,66185795539309;1,82280167419465;1,53502591153856;2,03174490343709;1,60807750502692;-19,2417130414084;-3,68783563053953;-6,61765924180583;-6,99606346443236;-5,86317244115215;-5,51495529071816;-11,6492872076154;-12,4078840221423;-6,07386567824379;-16,4452001607834;-11,1264558411833;-18,4119066924961;-25,3497131618707;-25,1186183431689;-16,1529241662379;-16,6683966462068;-26,6303402812389;-26,376949772366;-13,7046393897514;-19,1950106200335;2,68199219822906;1,52838389719892;1,55555567096163;0,906735395569924;0,505569093294629;0,505568510213577;0,542423295383888;0,645128743653648;0,999999654320567;0,839312184375599;0,686365732674007;0,484882772849465;0,338111817657018;-2,10248812611053;-2,39107314816938;-2,57999843988065;-3,04445220952412;-3,98728360456804;-3,99415245406221;-3,32287235000668;-2,69628304501951;-2,14040516008494;-1,19633754221421;-1,84960330131371;-2,2603080512661;-2,90414846937821;-4,92141460905742;-4,97090981906528;-4,04731849779858;-3,37322715574267;-2,69455527776592;0,0576794539318144;0,0155854222123021;0,0401387249306073;0,0163999959496525;0,0336234616251015;0,00774680590242334;0,0133265931673394;0,00615715054981555;-3;-3;1;1;0,1841205627325954;-3;-2,29294173934919;1;1;1;-11188,8981658898;NA;All
3460;1,96257758434098;2,87415933563341;2,32355139752399;2,69474155345606;2,68531789180513;2,29053059399079;2,31860704918659;2,23305006681852;2,48313477831144;1,94897073517181;1,95515506819309;1,62777457260964;1,43790880829806;1,22085994718278;1,60616273421994;1,66185795539309;1,82280167419465;1,53502591153856;2,03174490343709;1,60807750502692;-19,2417130414084;-3,68783563053953;-6,61765924180583;-6,99606346443236;-5,86317244115215;-5,51495529071816;-11,6492872076154;-12,4078840221423;-6,07386567824379;-16,4452001607834;-11,1264558411833;-18,4119066924961;-25,3497131618707;-25,1186183431689;-16,1529241662379;-16,6683966462068;-26,6303402812389;-26,376949772366;-13,7046393897514;-19,1950106200335;2,68199219822906;1,52838389719892;1,55555567096163;0,906735395569924;0,505569093294629;0,505568510213577;0,542423295383888;0,645128743653648;0,999999654320567;0,839312184375599;0,686365732674007;0,484882772849465;0,338111817657018;-2,10248812611053;-2,39107314816938;-2,57999843988065;-3,04445220952412;-3,98728360456804;-3,99415245406221;-3,32287235000668;-2,69628304501951;-2,14040516008494;-1,19633754221421;-1,84960330131371;-2,2603080512661;-2,90414846937821;-4,92141460905742;-4,97090981906528;-4,04731849779858;-3,37322715574267;-2,69455527776592;0,0576794539318144;0,0155854222123021;0,0401387249306073;0,0163999959496525;0,0336234616251015;0,00774680590242334;0,0133265931673394;0,00615715054981555;-3;-3;1;1;0,2358355489064347;-3;-2,40773675903687;1;1;1;-11189,0457119425;NA;All
3470;1,96257758434098;2,87415933563341;2,32355139752399;2,69474155345606;2,68531789180513;2,29053059399079;2,31860704918659;2,23305006681852;2,48313477831144;1,94897073517181;1,95515506819309;1,62777457260964;1,43790880829806;1,22085994718278;1,60616273421994;1,66185795539309;1,82280167419465;1,53502591153856;2,03174490343709;1,60807750502692;-19,2417130414084;-3,68783563053953;-6,61765924180583;-6,99606346443236;-5,86317244115215;-5,51495529071816;-11,6492872076154;-12,4078840221423;-6,07386567824379;-16,4452001607834;-11,1264558411833;-18,4119066924961;-25,3497131618707;-25,1186183431689;-16,1529241662379;-16,6683966462068;-26,6303402812389;-26,376949772366;-13,7046393897514;-19,1950106200335;2,68199219822906;1,52838389719892;1,55555567096163;0,906735395569924;0,505569093294629;0,505568510213577;0,542423295383888;0,645128743653648;0,999999654320567;0,839312184375599;0,686365732674007;0,484882772849465;0,338111817657018;-2,10248812611053;-2,39107314816938;-2,57999843988065;-3,04445220952412;-3,98728360456804;-3,99415245406221;-3,32287235000668;-2,69628304501951;-2,14040516008494;-1,19633754221421;-1,84960330131371;-2,2603080512661;-2,90414846937821;-4,92141460905742;-4,97090981906528;-4,04731849779858;-3,37322715574267;-2,69455527776592;0,0576794539318144;0,0155854222123021;0,0401387249306073;0,0163999959496525;0,0336234616251015;0,00774680590242334;0,0133265931673394;0,00615715054981555;-3;-3;1;1;0,1502779281114923;-3;-2,95236609996116;1;1;1;-11188,9245960598;NA;All
3480;1,96257758434098;2,87415933563341;2,32355139752399;2,69474155345606;2,68531789180513;2,29053059399079;2,31860704918659;2,23305006681852;2,48313477831144;1,94897073517181;1,95515506819309;1,62777457260964;1,43790880829806;1,22085994718278;1,60616273421994;1,66185795539309;1,82280167419465;1,53502591153856;2,03174490343709;1,60807750502692;-19,2417130414084;-3,68783563053953;-6,61765924180583;-6,99606346443236;-5,86317244115215;-5,51495529071816;-11,6492872076154;-12,4078840221423;-6,07386567824379;-16,4452001607834;-11,1264558411833;-18,4119066924961;-25,3497131618707;-25,1186183431689;-16,1529241662379;-16,6683966462068;-26,6303402812389;-26,376949772366;-13,7046393897514;-19,1950106200335;2,68199219822906;1,52838389719892;1,55555567096163;0,906735395569924;0,505569093294629;0,505568510213577;0,542423295383888;0,645128743653648;0,999999654320567;0,839312184375599;0,686365732674007;0,484882772849465;0,338111817657018;-2,10248812611053;-2,39107314816938;-2,57999843988065;-3,04445220952412;-3,98728360456804;-3,99415245406221;-3,32287235000668;-2,69628304501951;-2,14040516008494;-1,19633754221421;-1,84960330131371;-2,2603080512661;-2,90414846937821;-4,92141460905742;-4,97090981906528;-4,04731849779858;-3,37322715574267;-2,69455527776592;0,0576794539318144;0,0155854222123021;0,0401387249306073;0,0163999959496525;0,0336234616251015;0,00774680590242334;0,0133265931673394;0,00615715054981555;-3;-3;1;1;0,2806945546987177;-3;-3,74619533587983;1;1;1;-11189,4353766000;NA;All
3490;1,96257758434098;2,87415933563341;2,32355139752399;2,69474155345606;2,68531789180513;2,29053059399079;2,31860704918659;2,23305006681852;2,48313477831144;1,94897073517181;1,95515506819309;1,62777457260964;1,43790880829806;1,22085994718278;1,60616273421994;1,66185795539309;1,82280167419465;1,53502591153856;2,03174490343709;1,60807750502692;-19,2417130414084;-3,68783563053953;-6,61765924180583;-6,99606346443236;-5,86317244115215;-5,51495529071816;-11,6492872076154;-12,4078840221423;-6,07386567824379;-16,4452001607834;-11,1264558411833;-18,4119066924961;-25,3497131618707;-25,1186183431689;-16,1529241662379;-16,6683966462068;-26,6303402812389;-26,376949772366;-13,7046393897514;-19,1950106200335;2,68199219822906;1,52838389719892;1,55555567096163;0,906735395569924;0,505569093294629;0,505568510213577;0,542423295383888;0,645128743653648;0,999999654320567;0,839312184375599;0,686365732674007;0,484882772849465;0,338111817657018;-2,10248812611053;-2,39107314816938;-2,57999843988065;-3,04445220952412;-3,98728360456804;-3,99415245406221;-3,32287235000668;-2,69628304501951;-2,14040516008494;-1,19633754221421;-1,84960330131371;-2,2603080512661;-2,90414846937821;-4,92141460905742;-4,97090981906528;-4,04731849779858;-3,37322715574267;-2,69455527776592;0,0576794539318144;0,0155854222123021;0,0401387249306073;0,0163999959496525;0,0336234616251015;0,00774680590242334;0,0133265931673394;0,00615715054981555;-3;-3;1;1;0,3156218606428007;-3;-3,89167976823300;1;1;1;-11190,0411280951;NA;All
3500;1,96257758434098;2,87415933563341;2,32355139752399;2,69474155345606;2,68531789180513;2,29053059399079;2,31860704918659;2,23305006681852;2,48313477831144;1,94897073517181;1,95515506819309;1,62777457260964;1,43790880829806;1,22085994718278;1,60616273421994;1,66185795539309;1,82280167419465;1,53502591153856;2,03174490343709;1,60807750502692;-19,2417130414084;-3,68783563053953;-6,61765924180583;-6,99606346443236;-5,86317244115215;-5,51495529071816;-11,6492872076154;-12,4078840221423;-6,07386567824379;-16,4452001607834;-11,1264558411833;-18,4119066924961;-25,3497131618707;-25,1186183431689;-16,1529241662379;-16,6683966462068;-26,6303402812389;-26,376949772366;-13,7046393897514;-19,1950106200335;2,68199219822906;1,52838389719892;1,55555567096163;0,906735395569924;0,505569093294629;0,505568510213577;0,542423295383888;0,645128743653648;0,999999654320567;0,839312184375599;0,686365732674007;0,484882772849465;0,338111817657018;-2,10248812611053;-2,39107314816938;-2,57999843988065;-3,04445220952412;-3,98728360456804;-3,99415245406221;-3,32287235000668;-2,69628304501951;-2,14040516008494;-1,19633754221421;-1,84960330131371;-2,2603080512661;-2,90414846937821;-4,92141460905742;-4,97090981906528;-4,04731849779858;-3,37322715574267;-2,69455527776592;0,0576794539318144;0,0155854222123021;0,0401387249306073;0,0163999959496525;0,0336234616251015;0,00774680590242334;0,0133265931673394;0,00615715054981555;-3;-3;1;1;0,1069827532492885;-3;-3,13640881863482;1;1;1;-11189,6638782975;NA;All
3510;1,96257758434098;2,87415933563341;2,32355139752399;2,69474155345606;2,68531789180513;2,29053059399079;2,31860704918659;2,23305006681852;2,48313477831144;1,94897073517181;1,95515506819309;1,62777457260964;1,43790880829806;1,22085994718278;1,60616273421994;1,66185795539309;1,82280167419465;1,53502591153856;2,03174490343709;1,60807750502692;-19,2417130414084;-3,68783563053953;-6,61765924180583;-6,99606346443236;-5,86317244115215;-5,51495529071816;-11,6492872076154;-12,4078840221423;-6,07386567824379;-16,4452001607834;-11,1264558411833;-18,4119066924961;-25,3497131618707;-25,1186183431689;-16,1529241662379;-16,6683966462068;-26,6303402812389;-26,376949772366;-13,7046393897514;-19,1950106200335;2,68199219822906;1,52838389719892;1,55555567096163;0,906735395569924;0,505569093294629;0,505568510213577;0,542423295383888;0,645128743653648;0,999999654320567;0,839312184375599;0,686365732674007;0,484882772849465;0,338111817657018;-2,10248812611053;-2,39107314816938;-2,57999843988065;-3,04445220952412;-3,98728360456804;-3,99415245406221;-3,32287235000668;-2,69628304501951;-2,14040516008494;-1,19633754221421;-1,84960330131371;-2,2603080512661;-2,90414846937821;-4,92141460905742;-4,97090981906528;-4,04731849779858;-3,37322715574267;-2,69455527776592;0,0576794539318144;0,0155854222123021;0,0401387249306073;0,0163999959496525;0,0336234616251015;0,00774680590242334;0,0133265931673394;0,00615715054981555;-3;-3;1;1;0,0553078204265653;-3;-2,32818281360252;1;1;1;-11191,8514679977;NA;All
3520;1,96257758434098;2,87415933563341;2,32355139752399;2,69474155345606;2,68531789180513;2,29053059399079;2,31860704918659;2,23305006681852;2,48313477831144;1,94897073517181;1,95515506819309;1,62777457260964;1,43790880829806;1,22085994718278;1,60616273421994;1,66185795539309;1,82280167419465;1,53502591153856;2,03174490343709;1,60807750502692;-19,2417130414084;-3,68783563053953;-6,61765924180583;-6,99606346443236;-5,86317244115215;-5,51495529071816;-11,6492872076154;-12,4078840221423;-6,07386567824379;-16,4452001607834;-11,1264558411833;-18,4119066924961;-25,3497131618707;-25,1186183431689;-16,1529241662379;-16,6683966462068;-26,6303402812389;-26,376949772366;-13,7046393897514;-19,1950106200335;2,68199219822906;1,52838389719892;1,55555567096163;0,906735395569924;0,505569093294629;0,505568510213577;0,542423295383888;0,645128743653648;0,999999654320567;0,839312184375599;0,686365732674007;0,484882772849465;0,338111817657018;-2,10248812611053;-2,39107314816938;-2,57999843988065;-3,04445220952412;-3,98728360456804;-3,99415245406221;-3,32287235000668;-2,69628304501951;-2,14040516008494;-1,19633754221421;-1,84960330131371;-2,2603080512661;-2,90414846937821;-4,92141460905742;-4,97090981906528;-4,04731849779858;-3,37322715574267;-2,69455527776592;0,0576794539318144;0,0155854222123021;0,0401387249306073;0,0163999959496525;0,0336234616251015;0,00774680590242334;0,0133265931673394;0,00615715054981555;-3;-3;1;1;0,1517851329171134;-3;-2,61244726448262;1;1;1;-11188,9639840323;NA;All
3530;1,96257758434098;2,87415933563341;2,32355139752399;2,69474155345606;2,68531789180513;2,29053059399079;2,31860704918659;2,23305006681852;2,48313477831144;1,94897073517181;1,95515506819309;1,62777457260964;1,43790880829806;1,22085994718278;1,60616273421994;1,66185795539309;1,82280167419465;1,53502591153856;2,03174490343709;1,60807750502692;-19,2417130414084;-3,68783563053953;-6,61765924180583;-6,99606346443236;-5,86317244115215;-5,51495529071816;-11,6492872076154;-12,4078840221423;-6,07386567824379;-16,4452001607834;-11,1264558411833;-18,4119066924961;-25,3497131618707;-25,1186183431689;-16,1529241662379;-16,6683966462068;-26,6303402812389;-26,376949772366;-13,7046393897514;-19,1950106200335;2,68199219822906;1,52838389719892;1,55555567096163;0,906735395569924;0,505569093294629;0,505568510213577;0,542423295383888;0,645128743653648;0,999999654320567;0,839312184375599;0,686365732674007;0,484882772849465;0,338111817657018;-2,10248812611053;-2,39107314816938;-2,57999843988065;-3,04445220952412;-3,98728360456804;-3,99415245406221;-3,32287235000668;-2,69628304501951;-2,14040516008494;-1,19633754221421;-1,84960330131371;-2,2603080512661;-2,90414846937821;-4,92141460905742;-4,97090981906528;-4,04731849779858;-3,37322715574267;-2,69455527776592;0,0576794539318144;0,0155854222123021;0,0401387249306073;0,0163999959496525;0,0336234616251015;0,00774680590242334;0,0133265931673394;0,00615715054981555;-3;-3;1;1;0,2266936876264408;-3;-2,15988714654573;1;1;1;-11189,1015003665;NA;All
3540;1,96257758434098;2,87415933563341;2,32355139752399;2,69474155345606;2,68531789180513;2,29053059399079;2,31860704918659;2,23305006681852;2,48313477831144;1,94897073517181;1,95515506819309;1,62777457260964;1,43790880829806;1,22085994718278;1,60616273421994;1,66185795539309;1,82280167419465;1,53502591153856;2,03174490343709;1,60807750502692;-19,2417130414084;-3,68783563053953;-6,61765924180583;-6,99606346443236;-5,86317244115215;-5,51495529071816;-11,6492872076154;-12,4078840221423;-6,07386567824379;-16,4452001607834;-11,1264558411833;-18,4119066924961;-25,3497131618707;-25,1186183431689;-16,1529241662379;-16,6683966462068;-26,6303402812389;-26,376949772366;-13,7046393897514;-19,1950106200335;2,68199219822906;1,52838389719892;1,55555567096163;0,906735395569924;0,505569093294629;0,505568510213577;0,542423295383888;0,645128743653648;0,999999654320567;0,839312184375599;0,686365732674007;0,484882772849465;0,338111817657018;-2,10248812611053;-2,39107314816938;-2,57999843988065;-3,04445220952412;-3,98728360456804;-3,99415245406221;-3,32287235000668;-2,69628304501951;-2,14040516008494;-1,19633754221421;-1,84960330131371;-2,2603080512661;-2,90414846937821;-4,92141460905742;-4,97090981906528;-4,04731849779858;-3,37322715574267;-2,69455527776592;0,0576794539318144;0,0155854222123021;0,0401387249306073;0,0163999959496525;0,0336234616251015;0,00774680590242334;0,0133265931673394;0,00615715054981555;-3;-3;1;1;0,1974088584921417;-3;-2,94486234698100;1;1;1;-11188,7320990797;NA;All
3550;1,96257758434098;2,87415933563341;2,32355139752399;2,69474155345606;2,68531789180513;2,29053059399079;2,31860704918659;2,23305006681852;2,48313477831144;1,94897073517181;1,95515506819309;1,62777457260964;1,43790880829806;1,22085994718278;1,60616273421994;1,66185795539309;1,82280167419465;1,53502591153856;2,03174490343709;1,60807750502692;-19,2417130414084;-3,68783563053953;-6,61765924180583;-6,99606346443236;-5,86317244115215;-5,51495529071816;-11,6492872076154;-12,4078840221423;-6,07386567824379;-16,4452001607834;-11,1264558411833;-18,4119066924961;-25,3497131618707;-25,1186183431689;-16,1529241662379;-16,6683966462068;-26,6303402812389;-26,376949772366;-13,7046393897514;-19,1950106200335;2,68199219822906;1,52838389719892;1,55555567096163;0,906735395569924;0,505569093294629;0,505568510213577;0,542423295383888;0,645128743653648;0,999999654320567;0,839312184375599;0,686365732674007;0,484882772849465;0,338111817657018;-2,10248812611053;-2,39107314816938;-2,57999843988065;-3,04445220952412;-3,98728360456804;-3,99415245406221;-3,32287235000668;-2,69628304501951;-2,14040516008494;-1,19633754221421;-1,84960330131371;-2,2603080512661;-2,90414846937821;-4,92141460905742;-4,97090981906528;-4,04731849779858;-3,37322715574267;-2,69455527776592;0,0576794539318144;0,0155854222123021;0,0401387249306073;0,0163999959496525;0,0336234616251015;0,00774680590242334;0,0133265931673394;0,00615715054981555;-3;-3;1;1;0,1406533682096003;-3;-3,12500212306483;1;1;1;-11189,0210303723;NA;All
3560;1,96257758434098;2,87415933563341;2,32355139752399;2,69474155345606;2,68531789180513;2,29053059399079;2,31860704918659;2,23305006681852;2,48313477831144;1,94897073517181;1,95515506819309;1,62777457260964;1,43790880829806;1,22085994718278;1,60616273421994;1,66185795539309;1,82280167419465;1,53502591153856;2,03174490343709;1,60807750502692;-19,2417130414084;-3,68783563053953;-6,61765924180583;-6,99606346443236;-5,86317244115215;-5,51495529071816;-11,6492872076154;-12,4078840221423;-6,07386567824379;-16,4452001607834;-11,1264558411833;-18,4119066924961;-25,3497131618707;-25,1186183431689;-16,1529241662379;-16,6683966462068;-26,6303402812389;-26,376949772366;-13,7046393897514;-19,1950106200335;2,68199219822906;1,52838389719892;1,55555567096163;0,906735395569924;0,505569093294629;0,505568510213577;0,542423295383888;0,645128743653648;0,999999654320567;0,839312184375599;0,686365732674007;0,484882772849465;0,338111817657018;-2,10248812611053;-2,39107314816938;-2,57999843988065;-3,04445220952412;-3,98728360456804;-3,99415245406221;-3,32287235000668;-2,69628304501951;-2,14040516008494;-1,19633754221421;-1,84960330131371;-2,2603080512661;-2,90414846937821;-4,92141460905742;-4,97090981906528;-4,04731849779858;-3,37322715574267;-2,69455527776592;0,0576794539318144;0,0155854222123021;0,0401387249306073;0,0163999959496525;0,0336234616251015;0,00774680590242334;0,0133265931673394;0,00615715054981555;-3;-3;1;1;0,1887724444504632;-3;-3,54088424903058;1;1;1;-11188,6947007707;NA;All
3570;1,96257758434098;2,87415933563341;2,32355139752399;2,69474155345606;2,68531789180513;2,29053059399079;2,31860704918659;2,23305006681852;2,48313477831144;1,94897073517181;1,95515506819309;1,62777457260964;1,43790880829806;1,22085994718278;1,60616273421994;1,66185795539309;1,82280167419465;1,53502591153856;2,03174490343709;1,60807750502692;-19,2417130414084;-3,68783563053953;-6,61765924180583;-6,99606346443236;-5,86317244115215;-5,51495529071816;-11,6492872076154;-12,4078840221423;-6,07386567824379;-16,4452001607834;-11,1264558411833;-18,4119066924961;-25,3497131618707;-25,1186183431689;-16,1529241662379;-16,6683966462068;-26,6303402812389;-26,376949772366;-13,7046393897514;-19,1950106200335;2,68199219822906;1,52838389719892;1,55555567096163;0,906735395569924;0,505569093294629;0,505568510213577;0,542423295383888;0,645128743653648;0,999999654320567;0,839312184375599;0,686365732674007;0,484882772849465;0,338111817657018;-2,10248812611053;-2,39107314816938;-2,57999843988065;-3,04445220952412;-3,98728360456804;-3,99415245406221;-3,32287235000668;-2,69628304501951;-2,14040516008494;-1,19633754221421;-1,84960330131371;-2,2603080512661;-2,90414846937821;-4,92141460905742;-4,97090981906528;-4,04731849779858;-3,37322715574267;-2,69455527776592;0,0576794539318144;0,0155854222123021;0,0401387249306073;0,0163999959496525;0,0336234616251015;0,00774680590242334;0,0133265931673394;0,00615715054981555;-3;-3;1;1;0,3004576878828490;-3;-2,47230988239481;1;1;1;-11189,8883046547;NA;All
3580;1,96257758434098;2,87415933563341;2,32355139752399;2,69474155345606;2,68531789180513;2,29053059399079;2,31860704918659;2,23305006681852;2,48313477831144;1,94897073517181;1,95515506819309;1,62777457260964;1,43790880829806;1,22085994718278;1,60616273421994;1,66185795539309;1,82280167419465;1,53502591153856;2,03174490343709;1,60807750502692;-19,2417130414084;-3,68783563053953;-6,61765924180583;-6,99606346443236;-5,86317244115215;-5,51495529071816;-11,6492872076154;-12,4078840221423;-6,07386567824379;-16,4452001607834;-11,1264558411833;-18,4119066924961;-25,3497131618707;-25,1186183431689;-16,1529241662379;-16,6683966462068;-26,6303402812389;-26,376949772366;-13,7046393897514;-19,1950106200335;2,68199219822906;1,52838389719892;1,55555567096163;0,906735395569924;0,505569093294629;0,505568510213577;0,542423295383888;0,645128743653648;0,999999654320567;0,839312184375599;0,686365732674007;0,484882772849465;0,338111817657018;-2,10248812611053;-2,39107314816938;-2,57999843988065;-3,04445220952412;-3,98728360456804;-3,99415245406221;-3,32287235000668;-2,69628304501951;-2,14040516008494;-1,19633754221421;-1,84960330131371;-2,2603080512661;-2,90414846937821;-4,92141460905742;-4,97090981906528;-4,04731849779858;-3,37322715574267;-2,69455527776592;0,0576794539318144;0,0155854222123021;0,0401387249306073;0,0163999959496525;0,0336234616251015;0,00774680590242334;0,0133265931673394;0,00615715054981555;-3;-3;1;1;0,2582619649324504;-3;-2,78307933969703;1;1;1;-11189,1867535250;NA;All
3590;1,96257758434098;2,87415933563341;2,32355139752399;2,69474155345606;2,68531789180513;2,29053059399079;2,31860704918659;2,23305006681852;2,48313477831144;1,94897073517181;1,95515506819309;1,62777457260964;1,43790880829806;1,22085994718278;1,60616273421994;1,66185795539309;1,82280167419465;1,53502591153856;2,03174490343709;1,60807750502692;-19,2417130414084;-3,68783563053953;-6,61765924180583;-6,99606346443236;-5,86317244115215;-5,51495529071816;-11,6492872076154;-12,4078840221423;-6,07386567824379;-16,4452001607834;-11,1264558411833;-18,4119066924961;-25,3497131618707;-25,1186183431689;-16,1529241662379;-16,6683966462068;-26,6303402812389;-26,376949772366;-13,7046393897514;-19,1950106200335;2,68199219822906;1,52838389719892;1,55555567096163;0,906735395569924;0,505569093294629;0,505568510213577;0,542423295383888;0,645128743653648;0,999999654320567;0,839312184375599;0,686365732674007;0,484882772849465;0,338111817657018;-2,10248812611053;-2,39107314816938;-2,57999843988065;-3,04445220952412;-3,98728360456804;-3,99415245406221;-3,32287235000668;-2,69628304501951;-2,14040516008494;-1,19633754221421;-1,84960330131371;-2,2603080512661;-2,90414846937821;-4,92141460905742;-4,97090981906528;-4,04731849779858;-3,37322715574267;-2,69455527776592;0,0576794539318144;0,0155854222123021;0,0401387249306073;0,0163999959496525;0,0336234616251015;0,00774680590242334;0,0133265931673394;0,00615715054981555;-3;-3;1;1;0,1318499113742036;-3;-3,47072039348579;1;1;1;-11189,1322318147;NA;All
3600;1,96257758434098;2,87415933563341;2,32355139752399;2,69474155345606;2,68531789180513;2,29053059399079;2,31860704918659;2,23305006681852;2,48313477831144;1,94897073517181;1,95515506819309;1,62777457260964;1,43790880829806;1,22085994718278;1,60616273421994;1,66185795539309;1,82280167419465;1,53502591153856;2,03174490343709;1,60807750502692;-19,2417130414084;-3,68783563053953;-6,61765924180583;-6,99606346443236;-5,86317244115215;-5,51495529071816;-11,6492872076154;-12,4078840221423;-6,07386567824379;-16,4452001607834;-11,1264558411833;-18,4119066924961;-25,3497131618707;-25,1186183431689;-16,1529241662379;-16,6683966462068;-26,6303402812389;-26,376949772366;-13,7046393897514;-19,1950106200335;2,68199219822906;1,52838389719892;1,55555567096163;0,906735395569924;0,505569093294629;0,505568510213577;0,542423295383888;0,645128743653648;0,999999654320567;0,839312184375599;0,686365732674007;0,484882772849465;0,338111817657018;-2,10248812611053;-2,39107314816938;-2,57999843988065;-3,04445220952412;-3,98728360456804;-3,99415245406221;-3,32287235000668;-2,69628304501951;-2,14040516008494;-1,19633754221421;-1,84960330131371;-2,2603080512661;-2,90414846937821;-4,92141460905742;-4,97090981906528;-4,04731849779858;-3,37322715574267;-2,69455527776592;0,0576794539318144;0,0155854222123021;0,0401387249306073;0,0163999959496525;0,0336234616251015;0,00774680590242334;0,0133265931673394;0,00615715054981555;-3;-3;1;1;0,2412530476301741;-3;-1,80143691206572;1;1;1;-11189,6281202832;NA;All
3610;1,96257758434098;2,87415933563341;2,32355139752399;2,69474155345606;2,68531789180513;2,29053059399079;2,31860704918659;2,23305006681852;2,48313477831144;1,94897073517181;1,95515506819309;1,62777457260964;1,43790880829806;1,22085994718278;1,60616273421994;1,66185795539309;1,82280167419465;1,53502591153856;2,03174490343709;1,60807750502692;-19,2417130414084;-3,68783563053953;-6,61765924180583;-6,99606346443236;-5,86317244115215;-5,51495529071816;-11,6492872076154;-12,4078840221423;-6,07386567824379;-16,4452001607834;-11,1264558411833;-18,4119066924961;-25,3497131618707;-25,1186183431689;-16,1529241662379;-16,6683966462068;-26,6303402812389;-26,376949772366;-13,7046393897514;-19,1950106200335;2,68199219822906;1,52838389719892;1,55555567096163;0,906735395569924;0,505569093294629;0,505568510213577;0,542423295383888;0,645128743653648;0,999999654320567;0,839312184375599;0,686365732674007;0,484882772849465;0,338111817657018;-2,10248812611053;-2,39107314816938;-2,57999843988065;-3,04445220952412;-3,98728360456804;-3,99415245406221;-3,32287235000668;-2,69628304501951;-2,14040516008494;-1,19633754221421;-1,84960330131371;-2,2603080512661;-2,90414846937821;-4,92141460905742;-4,97090981906528;-4,04731849779858;-3,37322715574267;-2,69455527776592;0,0576794539318144;0,0155854222123021;0,0401387249306073;0,0163999959496525;0,0336234616251015;0,00774680590242334;0,0133265931673394;0,00615715054981555;-3;-3;1;1;0,2353509026990399;-3;-3,41991344027668;1;1;1;-11188,8978193151;NA;All
3620;1,96257758434098;2,87415933563341;2,32355139752399;2,69474155345606;2,68531789180513;2,29053059399079;2,31860704918659;2,23305006681852;2,48313477831144;1,94897073517181;1,95515506819309;1,62777457260964;1,43790880829806;1,22085994718278;1,60616273421994;1,66185795539309;1,82280167419465;1,53502591153856;2,03174490343709;1,60807750502692;-19,2417130414084;-3,68783563053953;-6,61765924180583;-6,99606346443236;-5,86317244115215;-5,51495529071816;-11,6492872076154;-12,4078840221423;-6,07386567824379;-16,4452001607834;-11,1264558411833;-18,4119066924961;-25,3497131618707;-25,1186183431689;-16,1529241662379;-16,6683966462068;-26,6303402812389;-26,376949772366;-13,7046393897514;-19,1950106200335;2,68199219822906;1,52838389719892;1,55555567096163;0,906735395569924;0,505569093294629;0,505568510213577;0,542423295383888;0,645128743653648;0,999999654320567;0,839312184375599;0,686365732674007;0,484882772849465;0,338111817657018;-2,10248812611053;-2,39107314816938;-2,57999843988065;-3,04445220952412;-3,98728360456804;-3,99415245406221;-3,32287235000668;-2,69628304501951;-2,14040516008494;-1,19633754221421;-1,84960330131371;-2,2603080512661;-2,90414846937821;-4,92141460905742;-4,97090981906528;-4,04731849779858;-3,37322715574267;-2,69455527776592;0,0576794539318144;0,0155854222123021;0,0401387249306073;0,0163999959496525;0,0336234616251015;0,00774680590242334;0,0133265931673394;0,00615715054981555;-3;-3;1;1;0,3278746390100576;-3;-2,07923869814066;1;1;1;-11190,6221885371;NA;All
3630;1,96257758434098;2,87415933563341;2,32355139752399;2,69474155345606;2,68531789180513;2,29053059399079;2,31860704918659;2,23305006681852;2,48313477831144;1,94897073517181;1,95515506819309;1,62777457260964;1,43790880829806;1,22085994718278;1,60616273421994;1,66185795539309;1,82280167419465;1,53502591153856;2,03174490343709;1,60807750502692;-19,2417130414084;-3,68783563053953;-6,61765924180583;-6,99606346443236;-5,86317244115215;-5,51495529071816;-11,6492872076154;-12,4078840221423;-6,07386567824379;-16,4452001607834;-11,1264558411833;-18,4119066924961;-25,3497131618707;-25,1186183431689;-16,1529241662379;-16,6683966462068;-26,6303402812389;-26,376949772366;-13,7046393897514;-19,1950106200335;2,68199219822906;1,52838389719892;1,55555567096163;0,906735395569924;0,505569093294629;0,505568510213577;0,542423295383888;0,645128743653648;0,999999654320567;0,839312184375599;0,686365732674007;0,484882772849465;0,338111817657018;-2,10248812611053;-2,39107314816938;-2,57999843988065;-3,04445220952412;-3,98728360456804;-3,99415245406221;-3,32287235000668;-2,69628304501951;-2,14040516008494;-1,19633754221421;-1,84960330131371;-2,2603080512661;-2,90414846937821;-4,92141460905742;-4,97090981906528;-4,04731849779858;-3,37322715574267;-2,69455527776592;0,0576794539318144;0,0155854222123021;0,0401387249306073;0,0163999959496525;0,0336234616251015;0,00774680590242334;0,0133265931673394;0,00615715054981555;-3;-3;1;1;0,1465677816877336;-3;-3,38382442785538;1;1;1;-11188,9347593857;NA;All
3640;1,96257758434098;2,87415933563341;2,32355139752399;2,69474155345606;2,68531789180513;2,29053059399079;2,31860704918659;2,23305006681852;2,48313477831144;1,94897073517181;1,95515506819309;1,62777457260964;1,43790880829806;1,22085994718278;1,60616273421994;1,66185795539309;1,82280167419465;1,53502591153856;2,03174490343709;1,60807750502692;-19,2417130414084;-3,68783563053953;-6,61765924180583;-6,99606346443236;-5,86317244115215;-5,51495529071816;-11,6492872076154;-12,4078840221423;-6,07386567824379;-16,4452001607834;-11,1264558411833;-18,4119066924961;-25,3497131618707;-25,1186183431689;-16,1529241662379;-16,6683966462068;-26,6303402812389;-26,376949772366;-13,7046393897514;-19,1950106200335;2,68199219822906;1,52838389719892;1,55555567096163;0,906735395569924;0,505569093294629;0,505568510213577;0,542423295383888;0,645128743653648;0,999999654320567;0,839312184375599;0,686365732674007;0,484882772849465;0,338111817657018;-2,10248812611053;-2,39107314816938;-2,57999843988065;-3,04445220952412;-3,98728360456804;-3,99415245406221;-3,32287235000668;-2,69628304501951;-2,14040516008494;-1,19633754221421;-1,84960330131371;-2,2603080512661;-2,90414846937821;-4,92141460905742;-4,97090981906528;-4,04731849779858;-3,37322715574267;-2,69455527776592;0,0576794539318144;0,0155854222123021;0,0401387249306073;0,0163999959496525;0,0336234616251015;0,00774680590242334;0,0133265931673394;0,00615715054981555;-3;-3;1;1;0,2246612606921049;-3;-2,18825947582184;1;1;1;-11189,0693680145;NA;All
3650;1,96257758434098;2,87415933563341;2,32355139752399;2,69474155345606;2,68531789180513;2,29053059399079;2,31860704918659;2,23305006681852;2,48313477831144;1,94897073517181;1,95515506819309;1,62777457260964;1,43790880829806;1,22085994718278;1,60616273421994;1,66185795539309;1,82280167419465;1,53502591153856;2,03174490343709;1,60807750502692;-19,2417130414084;-3,68783563053953;-6,61765924180583;-6,99606346443236;-5,86317244115215;-5,51495529071816;-11,6492872076154;-12,4078840221423;-6,07386567824379;-16,4452001607834;-11,1264558411833;-18,4119066924961;-25,3497131618707;-25,1186183431689;-16,1529241662379;-16,6683966462068;-26,6303402812389;-26,376949772366;-13,7046393897514;-19,1950106200335;2,68199219822906;1,52838389719892;1,55555567096163;0,906735395569924;0,505569093294629;0,505568510213577;0,542423295383888;0,645128743653648;0,999999654320567;0,839312184375599;0,686365732674007;0,484882772849465;0,338111817657018;-2,10248812611053;-2,39107314816938;-2,57999843988065;-3,04445220952412;-3,98728360456804;-3,99415245406221;-3,32287235000668;-2,69628304501951;-2,14040516008494;-1,19633754221421;-1,84960330131371;-2,2603080512661;-2,90414846937821;-4,92141460905742;-4,97090981906528;-4,04731849779858;-3,37322715574267;-2,69455527776592;0,0576794539318144;0,0155854222123021;0,0401387249306073;0,0163999959496525;0,0336234616251015;0,00774680590242334;0,0133265931673394;0,00615715054981555;-3;-3;1;1;0,3142096361952975;-3;-2,98095231669174;1;1;1;-11190,0497735688;NA;All
3660;1,96257758434098;2,87415933563341;2,32355139752399;2,69474155345606;2,68531789180513;2,29053059399079;2,31860704918659;2,23305006681852;2,48313477831144;1,94897073517181;1,95515506819309;1,62777457260964;1,43790880829806;1,22085994718278;1,60616273421994;1,66185795539309;1,82280167419465;1,53502591153856;2,03174490343709;1,60807750502692;-19,2417130414084;-3,68783563053953;-6,61765924180583;-6,99606346443236;-5,86317244115215;-5,51495529071816;-11,6492872076154;-12,4078840221423;-6,07386567824379;-16,4452001607834;-11,1264558411833;-18,4119066924961;-25,3497131618707;-25,1186183431689;-16,1529241662379;-16,6683966462068;-26,6303402812389;-26,376949772366;-13,7046393897514;-19,1950106200335;2,68199219822906;1,52838389719892;1,55555567096163;0,906735395569924;0,505569093294629;0,505568510213577;0,542423295383888;0,645128743653648;0,999999654320567;0,839312184375599;0,686365732674007;0,484882772849465;0,338111817657018;-2,10248812611053;-2,39107314816938;-2,57999843988065;-3,04445220952412;-3,98728360456804;-3,99415245406221;-3,32287235000668;-2,69628304501951;-2,14040516008494;-1,19633754221421;-1,84960330131371;-2,2603080512661;-2,90414846937821;-4,92141460905742;-4,97090981906528;-4,04731849779858;-3,37322715574267;-2,69455527776592;0,0576794539318144;0,0155854222123021;0,0401387249306073;0,0163999959496525;0,0336234616251015;0,00774680590242334;0,0133265931673394;0,00615715054981555;-3;-3;1;1;0,3126100760590862;-3;-3,04856523607652;1;1;1;-11190,0136758802;NA;All
3670;1,96257758434098;2,87415933563341;2,32355139752399;2,69474155345606;2,68531789180513;2,29053059399079;2,31860704918659;2,23305006681852;2,48313477831144;1,94897073517181;1,95515506819309;1,62777457260964;1,43790880829806;1,22085994718278;1,60616273421994;1,66185795539309;1,82280167419465;1,53502591153856;2,03174490343709;1,60807750502692;-19,2417130414084;-3,68783563053953;-6,61765924180583;-6,99606346443236;-5,86317244115215;-5,51495529071816;-11,6492872076154;-12,4078840221423;-6,07386567824379;-16,4452001607834;-11,1264558411833;-18,4119066924961;-25,3497131618707;-25,1186183431689;-16,1529241662379;-16,6683966462068;-26,6303402812389;-26,376949772366;-13,7046393897514;-19,1950106200335;2,68199219822906;1,52838389719892;1,55555567096163;0,906735395569924;0,505569093294629;0,505568510213577;0,542423295383888;0,645128743653648;0,999999654320567;0,839312184375599;0,686365732674007;0,484882772849465;0,338111817657018;-2,10248812611053;-2,39107314816938;-2,57999843988065;-3,04445220952412;-3,98728360456804;-3,99415245406221;-3,32287235000668;-2,69628304501951;-2,14040516008494;-1,19633754221421;-1,84960330131371;-2,2603080512661;-2,90414846937821;-4,92141460905742;-4,97090981906528;-4,04731849779858;-3,37322715574267;-2,69455527776592;0,0576794539318144;0,0155854222123021;0,0401387249306073;0,0163999959496525;0,0336234616251015;0,00774680590242334;0,0133265931673394;0,00615715054981555;-3;-3;1;1;0,1698900294523889;-3;-2,45534996739615;1;1;1;-11188,8755882072;NA;All
3680;1,96257758434098;2,87415933563341;2,32355139752399;2,69474155345606;2,68531789180513;2,29053059399079;2,31860704918659;2,23305006681852;2,48313477831144;1,94897073517181;1,95515506819309;1,62777457260964;1,43790880829806;1,22085994718278;1,60616273421994;1,66185795539309;1,82280167419465;1,53502591153856;2,03174490343709;1,60807750502692;-19,2417130414084;-3,68783563053953;-6,61765924180583;-6,99606346443236;-5,86317244115215;-5,51495529071816;-11,6492872076154;-12,4078840221423;-6,07386567824379;-16,4452001607834;-11,1264558411833;-18,4119066924961;-25,3497131618707;-25,1186183431689;-16,1529241662379;-16,6683966462068;-26,6303402812389;-26,376949772366;-13,7046393897514;-19,1950106200335;2,68199219822906;1,52838389719892;1,55555567096163;0,906735395569924;0,505569093294629;0,505568510213577;0,542423295383888;0,645128743653648;0,999999654320567;0,839312184375599;0,686365732674007;0,484882772849465;0,338111817657018;-2,10248812611053;-2,39107314816938;-2,57999843988065;-3,04445220952412;-3,98728360456804;-3,99415245406221;-3,32287235000668;-2,69628304501951;-2,14040516008494;-1,19633754221421;-1,84960330131371;-2,2603080512661;-2,90414846937821;-4,92141460905742;-4,97090981906528;-4,04731849779858;-3,37322715574267;-2,69455527776592;0,0576794539318144;0,0155854222123021;0,0401387249306073;0,0163999959496525;0,0336234616251015;0,00774680590242334;0,0133265931673394;0,00615715054981555;-3;-3;1;1;0,1910940576985627;-3;-2,03199253813126;1;1;1;-11189,0787453907;NA;All
3690;1,96257758434098;2,87415933563341;2,32355139752399;2,69474155345606;2,68531789180513;2,29053059399079;2,31860704918659;2,23305006681852;2,48313477831144;1,94897073517181;1,95515506819309;1,62777457260964;1,43790880829806;1,22085994718278;1,60616273421994;1,66185795539309;1,82280167419465;1,53502591153856;2,03174490343709;1,60807750502692;-19,2417130414084;-3,68783563053953;-6,61765924180583;-6,99606346443236;-5,86317244115215;-5,51495529071816;-11,6492872076154;-12,4078840221423;-6,07386567824379;-16,4452001607834;-11,1264558411833;-18,4119066924961;-25,3497131618707;-25,1186183431689;-16,1529241662379;-16,6683966462068;-26,6303402812389;-26,376949772366;-13,7046393897514;-19,1950106200335;2,68199219822906;1,52838389719892;1,55555567096163;0,906735395569924;0,505569093294629;0,505568510213577;0,542423295383888;0,645128743653648;0,999999654320567;0,839312184375599;0,686365732674007;0,484882772849465;0,338111817657018;-2,10248812611053;-2,39107314816938;-2,57999843988065;-3,04445220952412;-3,98728360456804;-3,99415245406221;-3,32287235000668;-2,69628304501951;-2,14040516008494;-1,19633754221421;-1,84960330131371;-2,2603080512661;-2,90414846937821;-4,92141460905742;-4,97090981906528;-4,04731849779858;-3,37322715574267;-2,69455527776592;0,0576794539318144;0,0155854222123021;0,0401387249306073;0,0163999959496525;0,0336234616251015;0,00774680590242334;0,0133265931673394;0,00615715054981555;-3;-3;1;1;0,1892192301140320;-3;-2,77183791654403;1;1;1;-11188,7510268222;NA;All
3700;1,96257758434098;2,87415933563341;2,32355139752399;2,69474155345606;2,68531789180513;2,29053059399079;2,31860704918659;2,23305006681852;2,48313477831144;1,94897073517181;1,95515506819309;1,62777457260964;1,43790880829806;1,22085994718278;1,60616273421994;1,66185795539309;1,82280167419465;1,53502591153856;2,03174490343709;1,60807750502692;-19,2417130414084;-3,68783563053953;-6,61765924180583;-6,99606346443236;-5,86317244115215;-5,51495529071816;-11,6492872076154;-12,4078840221423;-6,07386567824379;-16,4452001607834;-11,1264558411833;-18,4119066924961;-25,3497131618707;-25,1186183431689;-16,1529241662379;-16,6683966462068;-26,6303402812389;-26,376949772366;-13,7046393897514;-19,1950106200335;2,68199219822906;1,52838389719892;1,55555567096163;0,906735395569924;0,505569093294629;0,505568510213577;0,542423295383888;0,645128743653648;0,999999654320567;0,839312184375599;0,686365732674007;0,484882772849465;0,338111817657018;-2,10248812611053;-2,39107314816938;-2,57999843988065;-3,04445220952412;-3,98728360456804;-3,99415245406221;-3,32287235000668;-2,69628304501951;-2,14040516008494;-1,19633754221421;-1,84960330131371;-2,2603080512661;-2,90414846937821;-4,92141460905742;-4,97090981906528;-4,04731849779858;-3,37322715574267;-2,69455527776592;0,0576794539318144;0,0155854222123021;0,0401387249306073;0,0163999959496525;0,0336234616251015;0,00774680590242334;0,0133265931673394;0,00615715054981555;-3;-3;1;1;0,2603058201149233;-3;-3,65083844830417;1;1;1;-11189,1544876409;NA;All
3710;1,96257758434098;2,87415933563341;2,32355139752399;2,69474155345606;2,68531789180513;2,29053059399079;2,31860704918659;2,23305006681852;2,48313477831144;1,94897073517181;1,95515506819309;1,62777457260964;1,43790880829806;1,22085994718278;1,60616273421994;1,66185795539309;1,82280167419465;1,53502591153856;2,03174490343709;1,60807750502692;-19,2417130414084;-3,68783563053953;-6,61765924180583;-6,99606346443236;-5,86317244115215;-5,51495529071816;-11,6492872076154;-12,4078840221423;-6,07386567824379;-16,4452001607834;-11,1264558411833;-18,4119066924961;-25,3497131618707;-25,1186183431689;-16,1529241662379;-16,6683966462068;-26,6303402812389;-26,376949772366;-13,7046393897514;-19,1950106200335;2,68199219822906;1,52838389719892;1,55555567096163;0,906735395569924;0,505569093294629;0,505568510213577;0,542423295383888;0,645128743653648;0,999999654320567;0,839312184375599;0,686365732674007;0,484882772849465;0,338111817657018;-2,10248812611053;-2,39107314816938;-2,57999843988065;-3,04445220952412;-3,98728360456804;-3,99415245406221;-3,32287235000668;-2,69628304501951;-2,14040516008494;-1,19633754221421;-1,84960330131371;-2,2603080512661;-2,90414846937821;-4,92141460905742;-4,97090981906528;-4,04731849779858;-3,37322715574267;-2,69455527776592;0,0576794539318144;0,0155854222123021;0,0401387249306073;0,0163999959496525;0,0336234616251015;0,00774680590242334;0,0133265931673394;0,00615715054981555;-3;-3;1;1;0,2606548401886573;-3;-3,72470245932311;1;1;1;-11189,1583827133;NA;All
3720;1,96257758434098;2,87415933563341;2,32355139752399;2,69474155345606;2,68531789180513;2,29053059399079;2,31860704918659;2,23305006681852;2,48313477831144;1,94897073517181;1,95515506819309;1,62777457260964;1,43790880829806;1,22085994718278;1,60616273421994;1,66185795539309;1,82280167419465;1,53502591153856;2,03174490343709;1,60807750502692;-19,2417130414084;-3,68783563053953;-6,61765924180583;-6,99606346443236;-5,86317244115215;-5,51495529071816;-11,6492872076154;-12,4078840221423;-6,07386567824379;-16,4452001607834;-11,1264558411833;-18,4119066924961;-25,3497131618707;-25,1186183431689;-16,1529241662379;-16,6683966462068;-26,6303402812389;-26,376949772366;-13,7046393897514;-19,1950106200335;2,68199219822906;1,52838389719892;1,55555567096163;0,906735395569924;0,505569093294629;0,505568510213577;0,542423295383888;0,645128743653648;0,999999654320567;0,839312184375599;0,686365732674007;0,484882772849465;0,338111817657018;-2,10248812611053;-2,39107314816938;-2,57999843988065;-3,04445220952412;-3,98728360456804;-3,99415245406221;-3,32287235000668;-2,69628304501951;-2,14040516008494;-1,19633754221421;-1,84960330131371;-2,2603080512661;-2,90414846937821;-4,92141460905742;-4,97090981906528;-4,04731849779858;-3,37322715574267;-2,69455527776592;0,0576794539318144;0,0155854222123021;0,0401387249306073;0,0163999959496525;0,0336234616251015;0,00774680590242334;0,0133265931673394;0,00615715054981555;-3;-3;1;1;0,1395546280803231;-3;-2,30515620529158;1;1;1;-11189,2143777893;NA;All
3730;1,96257758434098;2,87415933563341;2,32355139752399;2,69474155345606;2,68531789180513;2,29053059399079;2,31860704918659;2,23305006681852;2,48313477831144;1,94897073517181;1,95515506819309;1,62777457260964;1,43790880829806;1,22085994718278;1,60616273421994;1,66185795539309;1,82280167419465;1,53502591153856;2,03174490343709;1,60807750502692;-19,2417130414084;-3,68783563053953;-6,61765924180583;-6,99606346443236;-5,86317244115215;-5,51495529071816;-11,6492872076154;-12,4078840221423;-6,07386567824379;-16,4452001607834;-11,1264558411833;-18,4119066924961;-25,3497131618707;-25,1186183431689;-16,1529241662379;-16,6683966462068;-26,6303402812389;-26,376949772366;-13,7046393897514;-19,1950106200335;2,68199219822906;1,52838389719892;1,55555567096163;0,906735395569924;0,505569093294629;0,505568510213577;0,542423295383888;0,645128743653648;0,999999654320567;0,839312184375599;0,686365732674007;0,484882772849465;0,338111817657018;-2,10248812611053;-2,39107314816938;-2,57999843988065;-3,04445220952412;-3,98728360456804;-3,99415245406221;-3,32287235000668;-2,69628304501951;-2,14040516008494;-1,19633754221421;-1,84960330131371;-2,2603080512661;-2,90414846937821;-4,92141460905742;-4,97090981906528;-4,04731849779858;-3,37322715574267;-2,69455527776592;0,0576794539318144;0,0155854222123021;0,0401387249306073;0,0163999959496525;0,0336234616251015;0,00774680590242334;0,0133265931673394;0,00615715054981555;-3;-3;1;1;0,0944170193575581;-3;-3,59157662230300;1;1;1;-11190,0003011431;NA;All
3740;1,96257758434098;2,87415933563341;2,32355139752399;2,69474155345606;2,68531789180513;2,29053059399079;2,31860704918659;2,23305006681852;2,48313477831144;1,94897073517181;1,95515506819309;1,62777457260964;1,43790880829806;1,22085994718278;1,60616273421994;1,66185795539309;1,82280167419465;1,53502591153856;2,03174490343709;1,60807750502692;-19,2417130414084;-3,68783563053953;-6,61765924180583;-6,99606346443236;-5,86317244115215;-5,51495529071816;-11,6492872076154;-12,4078840221423;-6,07386567824379;-16,4452001607834;-11,1264558411833;-18,4119066924961;-25,3497131618707;-25,1186183431689;-16,1529241662379;-16,6683966462068;-26,6303402812389;-26,376949772366;-13,7046393897514;-19,1950106200335;2,68199219822906;1,52838389719892;1,55555567096163;0,906735395569924;0,505569093294629;0,505568510213577;0,542423295383888;0,645128743653648;0,999999654320567;0,839312184375599;0,686365732674007;0,484882772849465;0,338111817657018;-2,10248812611053;-2,39107314816938;-2,57999843988065;-3,04445220952412;-3,98728360456804;-3,99415245406221;-3,32287235000668;-2,69628304501951;-2,14040516008494;-1,19633754221421;-1,84960330131371;-2,2603080512661;-2,90414846937821;-4,92141460905742;-4,97090981906528;-4,04731849779858;-3,37322715574267;-2,69455527776592;0,0576794539318144;0,0155854222123021;0,0401387249306073;0,0163999959496525;0,0336234616251015;0,00774680590242334;0,0133265931673394;0,00615715054981555;-3;-3;1;1;0,1991433364585999;-3;-2,68340916195135;1;1;1;-11188,7739026062;NA;All
3750;1,96257758434098;2,87415933563341;2,32355139752399;2,69474155345606;2,68531789180513;2,29053059399079;2,31860704918659;2,23305006681852;2,48313477831144;1,94897073517181;1,95515506819309;1,62777457260964;1,43790880829806;1,22085994718278;1,60616273421994;1,66185795539309;1,82280167419465;1,53502591153856;2,03174490343709;1,60807750502692;-19,2417130414084;-3,68783563053953;-6,61765924180583;-6,99606346443236;-5,86317244115215;-5,51495529071816;-11,6492872076154;-12,4078840221423;-6,07386567824379;-16,4452001607834;-11,1264558411833;-18,4119066924961;-25,3497131618707;-25,1186183431689;-16,1529241662379;-16,6683966462068;-26,6303402812389;-26,376949772366;-13,7046393897514;-19,1950106200335;2,68199219822906;1,52838389719892;1,55555567096163;0,906735395569924;0,505569093294629;0,505568510213577;0,542423295383888;0,645128743653648;0,999999654320567;0,839312184375599;0,686365732674007;0,484882772849465;0,338111817657018;-2,10248812611053;-2,39107314816938;-2,57999843988065;-3,04445220952412;-3,98728360456804;-3,99415245406221;-3,32287235000668;-2,69628304501951;-2,14040516008494;-1,19633754221421;-1,84960330131371;-2,2603080512661;-2,90414846937821;-4,92141460905742;-4,97090981906528;-4,04731849779858;-3,37322715574267;-2,69455527776592;0,0576794539318144;0,0155854222123021;0,0401387249306073;0,0163999959496525;0,0336234616251015;0,00774680590242334;0,0133265931673394;0,00615715054981555;-3;-3;1;1;0,2612075451659785;-3;-1,98676036956458;1;1;1;-11189,5905592934;NA;All
3760;1,96257758434098;2,87415933563341;2,32355139752399;2,69474155345606;2,68531789180513;2,29053059399079;2,31860704918659;2,23305006681852;2,48313477831144;1,94897073517181;1,95515506819309;1,62777457260964;1,43790880829806;1,22085994718278;1,60616273421994;1,66185795539309;1,82280167419465;1,53502591153856;2,03174490343709;1,60807750502692;-19,2417130414084;-3,68783563053953;-6,61765924180583;-6,99606346443236;-5,86317244115215;-5,51495529071816;-11,6492872076154;-12,4078840221423;-6,07386567824379;-16,4452001607834;-11,1264558411833;-18,4119066924961;-25,3497131618707;-25,1186183431689;-16,1529241662379;-16,6683966462068;-26,6303402812389;-26,376949772366;-13,7046393897514;-19,1950106200335;2,68199219822906;1,52838389719892;1,55555567096163;0,906735395569924;0,505569093294629;0,505568510213577;0,542423295383888;0,645128743653648;0,999999654320567;0,839312184375599;0,686365732674007;0,484882772849465;0,338111817657018;-2,10248812611053;-2,39107314816938;-2,57999843988065;-3,04445220952412;-3,98728360456804;-3,99415245406221;-3,32287235000668;-2,69628304501951;-2,14040516008494;-1,19633754221421;-1,84960330131371;-2,2603080512661;-2,90414846937821;-4,92141460905742;-4,97090981906528;-4,04731849779858;-3,37322715574267;-2,69455527776592;0,0576794539318144;0,0155854222123021;0,0401387249306073;0,0163999959496525;0,0336234616251015;0,00774680590242334;0,0133265931673394;0,00615715054981555;-3;-3;1;1;0,2612075451659785;-3;-1,98676036956458;1;1;1;-11189,5905592934;NA;All
3770;1,96257758434098;2,87415933563341;2,32355139752399;2,69474155345606;2,68531789180513;2,29053059399079;2,31860704918659;2,23305006681852;2,48313477831144;1,94897073517181;1,95515506819309;1,62777457260964;1,43790880829806;1,22085994718278;1,60616273421994;1,66185795539309;1,82280167419465;1,53502591153856;2,03174490343709;1,60807750502692;-19,2417130414084;-3,68783563053953;-6,61765924180583;-6,99606346443236;-5,86317244115215;-5,51495529071816;-11,6492872076154;-12,4078840221423;-6,07386567824379;-16,4452001607834;-11,1264558411833;-18,4119066924961;-25,3497131618707;-25,1186183431689;-16,1529241662379;-16,6683966462068;-26,6303402812389;-26,376949772366;-13,7046393897514;-19,1950106200335;2,68199219822906;1,52838389719892;1,55555567096163;0,906735395569924;0,505569093294629;0,505568510213577;0,542423295383888;0,645128743653648;0,999999654320567;0,839312184375599;0,686365732674007;0,484882772849465;0,338111817657018;-2,10248812611053;-2,39107314816938;-2,57999843988065;-3,04445220952412;-3,98728360456804;-3,99415245406221;-3,32287235000668;-2,69628304501951;-2,14040516008494;-1,19633754221421;-1,84960330131371;-2,2603080512661;-2,90414846937821;-4,92141460905742;-4,97090981906528;-4,04731849779858;-3,37322715574267;-2,69455527776592;0,0576794539318144;0,0155854222123021;0,0401387249306073;0,0163999959496525;0,0336234616251015;0,00774680590242334;0,0133265931673394;0,00615715054981555;-3;-3;1;1;0,1782738782233786;-3;-1,76417083222405;1;1;1;-11189,4737855018;NA;All
3780;1,96257758434098;2,87415933563341;2,32355139752399;2,69474155345606;2,68531789180513;2,29053059399079;2,31860704918659;2,23305006681852;2,48313477831144;1,94897073517181;1,95515506819309;1,62777457260964;1,43790880829806;1,22085994718278;1,60616273421994;1,66185795539309;1,82280167419465;1,53502591153856;2,03174490343709;1,60807750502692;-19,2417130414084;-3,68783563053953;-6,61765924180583;-6,99606346443236;-5,86317244115215;-5,51495529071816;-11,6492872076154;-12,4078840221423;-6,07386567824379;-16,4452001607834;-11,1264558411833;-18,4119066924961;-25,3497131618707;-25,1186183431689;-16,1529241662379;-16,6683966462068;-26,6303402812389;-26,376949772366;-13,7046393897514;-19,1950106200335;2,68199219822906;1,52838389719892;1,55555567096163;0,906735395569924;0,505569093294629;0,505568510213577;0,542423295383888;0,645128743653648;0,999999654320567;0,839312184375599;0,686365732674007;0,484882772849465;0,338111817657018;-2,10248812611053;-2,39107314816938;-2,57999843988065;-3,04445220952412;-3,98728360456804;-3,99415245406221;-3,32287235000668;-2,69628304501951;-2,14040516008494;-1,19633754221421;-1,84960330131371;-2,2603080512661;-2,90414846937821;-4,92141460905742;-4,97090981906528;-4,04731849779858;-3,37322715574267;-2,69455527776592;0,0576794539318144;0,0155854222123021;0,0401387249306073;0,0163999959496525;0,0336234616251015;0,00774680590242334;0,0133265931673394;0,00615715054981555;-3;-3;1;1;0,1596620343316096;-3;-3,63511358156672;1;1;1;-11188,8038031522;NA;All
3790;1,96257758434098;2,87415933563341;2,32355139752399;2,69474155345606;2,68531789180513;2,29053059399079;2,31860704918659;2,23305006681852;2,48313477831144;1,94897073517181;1,95515506819309;1,62777457260964;1,43790880829806;1,22085994718278;1,60616273421994;1,66185795539309;1,82280167419465;1,53502591153856;2,03174490343709;1,60807750502692;-19,2417130414084;-3,68783563053953;-6,61765924180583;-6,99606346443236;-5,86317244115215;-5,51495529071816;-11,6492872076154;-12,4078840221423;-6,07386567824379;-16,4452001607834;-11,1264558411833;-18,4119066924961;-25,3497131618707;-25,1186183431689;-16,1529241662379;-16,6683966462068;-26,6303402812389;-26,376949772366;-13,7046393897514;-19,1950106200335;2,68199219822906;1,52838389719892;1,55555567096163;0,906735395569924;0,505569093294629;0,505568510213577;0,542423295383888;0,645128743653648;0,999999654320567;0,839312184375599;0,686365732674007;0,484882772849465;0,338111817657018;-2,10248812611053;-2,39107314816938;-2,57999843988065;-3,04445220952412;-3,98728360456804;-3,99415245406221;-3,32287235000668;-2,69628304501951;-2,14040516008494;-1,19633754221421;-1,84960330131371;-2,2603080512661;-2,90414846937821;-4,92141460905742;-4,97090981906528;-4,04731849779858;-3,37322715574267;-2,69455527776592;0,0576794539318144;0,0155854222123021;0,0401387249306073;0,0163999959496525;0,0336234616251015;0,00774680590242334;0,0133265931673394;0,00615715054981555;-3;-3;1;1;0,2661692888063958;-3;-1,74674339691843;1;1;1;-11190,0110033064;NA;All
3800;1,96257758434098;2,87415933563341;2,32355139752399;2,69474155345606;2,68531789180513;2,29053059399079;2,31860704918659;2,23305006681852;2,48313477831144;1,94897073517181;1,95515506819309;1,62777457260964;1,43790880829806;1,22085994718278;1,60616273421994;1,66185795539309;1,82280167419465;1,53502591153856;2,03174490343709;1,60807750502692;-19,2417130414084;-3,68783563053953;-6,61765924180583;-6,99606346443236;-5,86317244115215;-5,51495529071816;-11,6492872076154;-12,4078840221423;-6,07386567824379;-16,4452001607834;-11,1264558411833;-18,4119066924961;-25,3497131618707;-25,1186183431689;-16,1529241662379;-16,6683966462068;-26,6303402812389;-26,376949772366;-13,7046393897514;-19,1950106200335;2,68199219822906;1,52838389719892;1,55555567096163;0,906735395569924;0,505569093294629;0,505568510213577;0,542423295383888;0,645128743653648;0,999999654320567;0,839312184375599;0,686365732674007;0,484882772849465;0,338111817657018;-2,10248812611053;-2,39107314816938;-2,57999843988065;-3,04445220952412;-3,98728360456804;-3,99415245406221;-3,32287235000668;-2,69628304501951;-2,14040516008494;-1,19633754221421;-1,84960330131371;-2,2603080512661;-2,90414846937821;-4,92141460905742;-4,97090981906528;-4,04731849779858;-3,37322715574267;-2,69455527776592;0,0576794539318144;0,0155854222123021;0,0401387249306073;0,0163999959496525;0,0336234616251015;0,00774680590242334;0,0133265931673394;0,00615715054981555;-3;-3;1;1;0,3069004837109203;-3;-3,50609211504269;1;1;1;-11189,8838694808;NA;All
3810;1,96257758434098;2,87415933563341;2,32355139752399;2,69474155345606;2,68531789180513;2,29053059399079;2,31860704918659;2,23305006681852;2,48313477831144;1,94897073517181;1,95515506819309;1,62777457260964;1,43790880829806;1,22085994718278;1,60616273421994;1,66185795539309;1,82280167419465;1,53502591153856;2,03174490343709;1,60807750502692;-19,2417130414084;-3,68783563053953;-6,61765924180583;-6,99606346443236;-5,86317244115215;-5,51495529071816;-11,6492872076154;-12,4078840221423;-6,07386567824379;-16,4452001607834;-11,1264558411833;-18,4119066924961;-25,3497131618707;-25,1186183431689;-16,1529241662379;-16,6683966462068;-26,6303402812389;-26,376949772366;-13,7046393897514;-19,1950106200335;2,68199219822906;1,52838389719892;1,55555567096163;0,906735395569924;0,505569093294629;0,505568510213577;0,542423295383888;0,645128743653648;0,999999654320567;0,839312184375599;0,686365732674007;0,484882772849465;0,338111817657018;-2,10248812611053;-2,39107314816938;-2,57999843988065;-3,04445220952412;-3,98728360456804;-3,99415245406221;-3,32287235000668;-2,69628304501951;-2,14040516008494;-1,19633754221421;-1,84960330131371;-2,2603080512661;-2,90414846937821;-4,92141460905742;-4,97090981906528;-4,04731849779858;-3,37322715574267;-2,69455527776592;0,0576794539318144;0,0155854222123021;0,0401387249306073;0,0163999959496525;0,0336234616251015;0,00774680590242334;0,0133265931673394;0,00615715054981555;-3;-3;1;1;0,1857032844759428;-3;-3,38966620175111;1;1;1;-11188,7006130207;NA;All
3820;1,96257758434098;2,87415933563341;2,32355139752399;2,69474155345606;2,68531789180513;2,29053059399079;2,31860704918659;2,23305006681852;2,48313477831144;1,94897073517181;1,95515506819309;1,62777457260964;1,43790880829806;1,22085994718278;1,60616273421994;1,66185795539309;1,82280167419465;1,53502591153856;2,03174490343709;1,60807750502692;-19,2417130414084;-3,68783563053953;-6,61765924180583;-6,99606346443236;-5,86317244115215;-5,51495529071816;-11,6492872076154;-12,4078840221423;-6,07386567824379;-16,4452001607834;-11,1264558411833;-18,4119066924961;-25,3497131618707;-25,1186183431689;-16,1529241662379;-16,6683966462068;-26,6303402812389;-26,376949772366;-13,7046393897514;-19,1950106200335;2,68199219822906;1,52838389719892;1,55555567096163;0,906735395569924;0,505569093294629;0,505568510213577;0,542423295383888;0,645128743653648;0,999999654320567;0,839312184375599;0,686365732674007;0,484882772849465;0,338111817657018;-2,10248812611053;-2,39107314816938;-2,57999843988065;-3,04445220952412;-3,98728360456804;-3,99415245406221;-3,32287235000668;-2,69628304501951;-2,14040516008494;-1,19633754221421;-1,84960330131371;-2,2603080512661;-2,90414846937821;-4,92141460905742;-4,97090981906528;-4,04731849779858;-3,37322715574267;-2,69455527776592;0,0576794539318144;0,0155854222123021;0,0401387249306073;0,0163999959496525;0,0336234616251015;0,00774680590242334;0,0133265931673394;0,00615715054981555;-3;-3;1;1;0,1482102275355304;-3;-1,80972775471587;1;1;1;-11189,5964924925;NA;All
3830;1,96257758434098;2,87415933563341;2,32355139752399;2,69474155345606;2,68531789180513;2,29053059399079;2,31860704918659;2,23305006681852;2,48313477831144;1,94897073517181;1,95515506819309;1,62777457260964;1,43790880829806;1,22085994718278;1,60616273421994;1,66185795539309;1,82280167419465;1,53502591153856;2,03174490343709;1,60807750502692;-19,2417130414084;-3,68783563053953;-6,61765924180583;-6,99606346443236;-5,86317244115215;-5,51495529071816;-11,6492872076154;-12,4078840221423;-6,07386567824379;-16,4452001607834;-11,1264558411833;-18,4119066924961;-25,3497131618707;-25,1186183431689;-16,1529241662379;-16,6683966462068;-26,6303402812389;-26,376949772366;-13,7046393897514;-19,1950106200335;2,68199219822906;1,52838389719892;1,55555567096163;0,906735395569924;0,505569093294629;0,505568510213577;0,542423295383888;0,645128743653648;0,999999654320567;0,839312184375599;0,686365732674007;0,484882772849465;0,338111817657018;-2,10248812611053;-2,39107314816938;-2,57999843988065;-3,04445220952412;-3,98728360456804;-3,99415245406221;-3,32287235000668;-2,69628304501951;-2,14040516008494;-1,19633754221421;-1,84960330131371;-2,2603080512661;-2,90414846937821;-4,92141460905742;-4,97090981906528;-4,04731849779858;-3,37322715574267;-2,69455527776592;0,0576794539318144;0,0155854222123021;0,0401387249306073;0,0163999959496525;0,0336234616251015;0,00774680590242334;0,0133265931673394;0,00615715054981555;-3;-3;1;1;0,1658552666103360;-3;-2,62526877763453;1;1;1;-11188,8503122058;NA;All
3840;1,96257758434098;2,87415933563341;2,32355139752399;2,69474155345606;2,68531789180513;2,29053059399079;2,31860704918659;2,23305006681852;2,48313477831144;1,94897073517181;1,95515506819309;1,62777457260964;1,43790880829806;1,22085994718278;1,60616273421994;1,66185795539309;1,82280167419465;1,53502591153856;2,03174490343709;1,60807750502692;-19,2417130414084;-3,68783563053953;-6,61765924180583;-6,99606346443236;-5,86317244115215;-5,51495529071816;-11,6492872076154;-12,4078840221423;-6,07386567824379;-16,4452001607834;-11,1264558411833;-18,4119066924961;-25,3497131618707;-25,1186183431689;-16,1529241662379;-16,6683966462068;-26,6303402812389;-26,376949772366;-13,7046393897514;-19,1950106200335;2,68199219822906;1,52838389719892;1,55555567096163;0,906735395569924;0,505569093294629;0,505568510213577;0,542423295383888;0,645128743653648;0,999999654320567;0,839312184375599;0,686365732674007;0,484882772849465;0,338111817657018;-2,10248812611053;-2,39107314816938;-2,57999843988065;-3,04445220952412;-3,98728360456804;-3,99415245406221;-3,32287235000668;-2,69628304501951;-2,14040516008494;-1,19633754221421;-1,84960330131371;-2,2603080512661;-2,90414846937821;-4,92141460905742;-4,97090981906528;-4,04731849779858;-3,37322715574267;-2,69455527776592;0,0576794539318144;0,0155854222123021;0,0401387249306073;0,0163999959496525;0,0336234616251015;0,00774680590242334;0,0133265931673394;0,00615715054981555;-3;-3;1;1;0,2001178316390299;-3;-3,34482734956485;1;1;1;-11188,7100772908;NA;All
3850;1,96257758434098;2,87415933563341;2,32355139752399;2,69474155345606;2,68531789180513;2,29053059399079;2,31860704918659;2,23305006681852;2,48313477831144;1,94897073517181;1,95515506819309;1,62777457260964;1,43790880829806;1,22085994718278;1,60616273421994;1,66185795539309;1,82280167419465;1,53502591153856;2,03174490343709;1,60807750502692;-19,2417130414084;-3,68783563053953;-6,61765924180583;-6,99606346443236;-5,86317244115215;-5,51495529071816;-11,6492872076154;-12,4078840221423;-6,07386567824379;-16,4452001607834;-11,1264558411833;-18,4119066924961;-25,3497131618707;-25,1186183431689;-16,1529241662379;-16,6683966462068;-26,6303402812389;-26,376949772366;-13,7046393897514;-19,1950106200335;2,68199219822906;1,52838389719892;1,55555567096163;0,906735395569924;0,505569093294629;0,505568510213577;0,542423295383888;0,645128743653648;0,999999654320567;0,839312184375599;0,686365732674007;0,484882772849465;0,338111817657018;-2,10248812611053;-2,39107314816938;-2,57999843988065;-3,04445220952412;-3,98728360456804;-3,99415245406221;-3,32287235000668;-2,69628304501951;-2,14040516008494;-1,19633754221421;-1,84960330131371;-2,2603080512661;-2,90414846937821;-4,92141460905742;-4,97090981906528;-4,04731849779858;-3,37322715574267;-2,69455527776592;0,0576794539318144;0,0155854222123021;0,0401387249306073;0,0163999959496525;0,0336234616251015;0,00774680590242334;0,0133265931673394;0,00615715054981555;-3;-3;1;1;0,3091075436421792;-3;-3,56409181639897;1;1;1;-11189,9225891300;NA;All
3860;1,96257758434098;2,87415933563341;2,32355139752399;2,69474155345606;2,68531789180513;2,29053059399079;2,31860704918659;2,23305006681852;2,48313477831144;1,94897073517181;1,95515506819309;1,62777457260964;1,43790880829806;1,22085994718278;1,60616273421994;1,66185795539309;1,82280167419465;1,53502591153856;2,03174490343709;1,60807750502692;-19,2417130414084;-3,68783563053953;-6,61765924180583;-6,99606346443236;-5,86317244115215;-5,51495529071816;-11,6492872076154;-12,4078840221423;-6,07386567824379;-16,4452001607834;-11,1264558411833;-18,4119066924961;-25,3497131618707;-25,1186183431689;-16,1529241662379;-16,6683966462068;-26,6303402812389;-26,376949772366;-13,7046393897514;-19,1950106200335;2,68199219822906;1,52838389719892;1,55555567096163;0,906735395569924;0,505569093294629;0,505568510213577;0,542423295383888;0,645128743653648;0,999999654320567;0,839312184375599;0,686365732674007;0,484882772849465;0,338111817657018;-2,10248812611053;-2,39107314816938;-2,57999843988065;-3,04445220952412;-3,98728360456804;-3,99415245406221;-3,32287235000668;-2,69628304501951;-2,14040516008494;-1,19633754221421;-1,84960330131371;-2,2603080512661;-2,90414846937821;-4,92141460905742;-4,97090981906528;-4,04731849779858;-3,37322715574267;-2,69455527776592;0,0576794539318144;0,0155854222123021;0,0401387249306073;0,0163999959496525;0,0336234616251015;0,00774680590242334;0,0133265931673394;0,00615715054981555;-3;-3;1;1;0,2695691721592642;-3;-2,97787003011678;1;1;1;-11189,3091045871;NA;All
3870;1,96257758434098;2,87415933563341;2,32355139752399;2,69474155345606;2,68531789180513;2,29053059399079;2,31860704918659;2,23305006681852;2,48313477831144;1,94897073517181;1,95515506819309;1,62777457260964;1,43790880829806;1,22085994718278;1,60616273421994;1,66185795539309;1,82280167419465;1,53502591153856;2,03174490343709;1,60807750502692;-19,2417130414084;-3,68783563053953;-6,61765924180583;-6,99606346443236;-5,86317244115215;-5,51495529071816;-11,6492872076154;-12,4078840221423;-6,07386567824379;-16,4452001607834;-11,1264558411833;-18,4119066924961;-25,3497131618707;-25,1186183431689;-16,1529241662379;-16,6683966462068;-26,6303402812389;-26,376949772366;-13,7046393897514;-19,1950106200335;2,68199219822906;1,52838389719892;1,55555567096163;0,906735395569924;0,505569093294629;0,505568510213577;0,542423295383888;0,645128743653648;0,999999654320567;0,839312184375599;0,686365732674007;0,484882772849465;0,338111817657018;-2,10248812611053;-2,39107314816938;-2,57999843988065;-3,04445220952412;-3,98728360456804;-3,99415245406221;-3,32287235000668;-2,69628304501951;-2,14040516008494;-1,19633754221421;-1,84960330131371;-2,2603080512661;-2,90414846937821;-4,92141460905742;-4,97090981906528;-4,04731849779858;-3,37322715574267;-2,69455527776592;0,0576794539318144;0,0155854222123021;0,0401387249306073;0,0163999959496525;0,0336234616251015;0,00774680590242334;0,0133265931673394;0,00615715054981555;-3;-3;1;1;0,2349326772606773;-3;-2,47969839537621;1;1;1;-11189,0127085866;NA;All
3880;1,96257758434098;2,87415933563341;2,32355139752399;2,69474155345606;2,68531789180513;2,29053059399079;2,31860704918659;2,23305006681852;2,48313477831144;1,94897073517181;1,95515506819309;1,62777457260964;1,43790880829806;1,22085994718278;1,60616273421994;1,66185795539309;1,82280167419465;1,53502591153856;2,03174490343709;1,60807750502692;-19,2417130414084;-3,68783563053953;-6,61765924180583;-6,99606346443236;-5,86317244115215;-5,51495529071816;-11,6492872076154;-12,4078840221423;-6,07386567824379;-16,4452001607834;-11,1264558411833;-18,4119066924961;-25,3497131618707;-25,1186183431689;-16,1529241662379;-16,6683966462068;-26,6303402812389;-26,376949772366;-13,7046393897514;-19,1950106200335;2,68199219822906;1,52838389719892;1,55555567096163;0,906735395569924;0,505569093294629;0,505568510213577;0,542423295383888;0,645128743653648;0,999999654320567;0,839312184375599;0,686365732674007;0,484882772849465;0,338111817657018;-2,10248812611053;-2,39107314816938;-2,57999843988065;-3,04445220952412;-3,98728360456804;-3,99415245406221;-3,32287235000668;-2,69628304501951;-2,14040516008494;-1,19633754221421;-1,84960330131371;-2,2603080512661;-2,90414846937821;-4,92141460905742;-4,97090981906528;-4,04731849779858;-3,37322715574267;-2,69455527776592;0,0576794539318144;0,0155854222123021;0,0401387249306073;0,0163999959496525;0,0336234616251015;0,00774680590242334;0,0133265931673394;0,00615715054981555;-3;-3;1;1;0,1062636491417521;-3;-1,71598681906693;1;1;1;-11190,5470437436;NA;All
3890;1,96257758434098;2,87415933563341;2,32355139752399;2,69474155345606;2,68531789180513;2,29053059399079;2,31860704918659;2,23305006681852;2,48313477831144;1,94897073517181;1,95515506819309;1,62777457260964;1,43790880829806;1,22085994718278;1,60616273421994;1,66185795539309;1,82280167419465;1,53502591153856;2,03174490343709;1,60807750502692;-19,2417130414084;-3,68783563053953;-6,61765924180583;-6,99606346443236;-5,86317244115215;-5,51495529071816;-11,6492872076154;-12,4078840221423;-6,07386567824379;-16,4452001607834;-11,1264558411833;-18,4119066924961;-25,3497131618707;-25,1186183431689;-16,1529241662379;-16,6683966462068;-26,6303402812389;-26,376949772366;-13,7046393897514;-19,1950106200335;2,68199219822906;1,52838389719892;1,55555567096163;0,906735395569924;0,505569093294629;0,505568510213577;0,542423295383888;0,645128743653648;0,999999654320567;0,839312184375599;0,686365732674007;0,484882772849465;0,338111817657018;-2,10248812611053;-2,39107314816938;-2,57999843988065;-3,04445220952412;-3,98728360456804;-3,99415245406221;-3,32287235000668;-2,69628304501951;-2,14040516008494;-1,19633754221421;-1,84960330131371;-2,2603080512661;-2,90414846937821;-4,92141460905742;-4,97090981906528;-4,04731849779858;-3,37322715574267;-2,69455527776592;0,0576794539318144;0,0155854222123021;0,0401387249306073;0,0163999959496525;0,0336234616251015;0,00774680590242334;0,0133265931673394;0,00615715054981555;-3;-3;1;1;0,1871486100985104;-3;-2,62679428522444;1;1;1;-11188,7793057793;NA;All
3900;1,96257758434098;2,87415933563341;2,32355139752399;2,69474155345606;2,68531789180513;2,29053059399079;2,31860704918659;2,23305006681852;2,48313477831144;1,94897073517181;1,95515506819309;1,62777457260964;1,43790880829806;1,22085994718278;1,60616273421994;1,66185795539309;1,82280167419465;1,53502591153856;2,03174490343709;1,60807750502692;-19,2417130414084;-3,68783563053953;-6,61765924180583;-6,99606346443236;-5,86317244115215;-5,51495529071816;-11,6492872076154;-12,4078840221423;-6,07386567824379;-16,4452001607834;-11,1264558411833;-18,4119066924961;-25,3497131618707;-25,1186183431689;-16,1529241662379;-16,6683966462068;-26,6303402812389;-26,376949772366;-13,7046393897514;-19,1950106200335;2,68199219822906;1,52838389719892;1,55555567096163;0,906735395569924;0,505569093294629;0,505568510213577;0,542423295383888;0,645128743653648;0,999999654320567;0,839312184375599;0,686365732674007;0,484882772849465;0,338111817657018;-2,10248812611053;-2,39107314816938;-2,57999843988065;-3,04445220952412;-3,98728360456804;-3,99415245406221;-3,32287235000668;-2,69628304501951;-2,14040516008494;-1,19633754221421;-1,84960330131371;-2,2603080512661;-2,90414846937821;-4,92141460905742;-4,97090981906528;-4,04731849779858;-3,37322715574267;-2,69455527776592;0,0576794539318144;0,0155854222123021;0,0401387249306073;0,0163999959496525;0,0336234616251015;0,00774680590242334;0,0133265931673394;0,00615715054981555;-3;-3;1;1;0,1780016249588983;-3;-3,59571887849586;1;1;1;-11188,7093325053;NA;All
3910;1,96257758434098;2,87415933563341;2,32355139752399;2,69474155345606;2,68531789180513;2,29053059399079;2,31860704918659;2,23305006681852;2,48313477831144;1,94897073517181;1,95515506819309;1,62777457260964;1,43790880829806;1,22085994718278;1,60616273421994;1,66185795539309;1,82280167419465;1,53502591153856;2,03174490343709;1,60807750502692;-19,2417130414084;-3,68783563053953;-6,61765924180583;-6,99606346443236;-5,86317244115215;-5,51495529071816;-11,6492872076154;-12,4078840221423;-6,07386567824379;-16,4452001607834;-11,1264558411833;-18,4119066924961;-25,3497131618707;-25,1186183431689;-16,1529241662379;-16,6683966462068;-26,6303402812389;-26,376949772366;-13,7046393897514;-19,1950106200335;2,68199219822906;1,52838389719892;1,55555567096163;0,906735395569924;0,505569093294629;0,505568510213577;0,542423295383888;0,645128743653648;0,999999654320567;0,839312184375599;0,686365732674007;0,484882772849465;0,338111817657018;-2,10248812611053;-2,39107314816938;-2,57999843988065;-3,04445220952412;-3,98728360456804;-3,99415245406221;-3,32287235000668;-2,69628304501951;-2,14040516008494;-1,19633754221421;-1,84960330131371;-2,2603080512661;-2,90414846937821;-4,92141460905742;-4,97090981906528;-4,04731849779858;-3,37322715574267;-2,69455527776592;0,0576794539318144;0,0155854222123021;0,0401387249306073;0,0163999959496525;0,0336234616251015;0,00774680590242334;0,0133265931673394;0,00615715054981555;-3;-3;1;1;0,1326918168998772;-3;-1,49792448387130;1;1;1;-11190,6810114767;NA;All
3920;1,96257758434098;2,87415933563341;2,32355139752399;2,69474155345606;2,68531789180513;2,29053059399079;2,31860704918659;2,23305006681852;2,48313477831144;1,94897073517181;1,95515506819309;1,62777457260964;1,43790880829806;1,22085994718278;1,60616273421994;1,66185795539309;1,82280167419465;1,53502591153856;2,03174490343709;1,60807750502692;-19,2417130414084;-3,68783563053953;-6,61765924180583;-6,99606346443236;-5,86317244115215;-5,51495529071816;-11,6492872076154;-12,4078840221423;-6,07386567824379;-16,4452001607834;-11,1264558411833;-18,4119066924961;-25,3497131618707;-25,1186183431689;-16,1529241662379;-16,6683966462068;-26,6303402812389;-26,376949772366;-13,7046393897514;-19,1950106200335;2,68199219822906;1,52838389719892;1,55555567096163;0,906735395569924;0,505569093294629;0,505568510213577;0,542423295383888;0,645128743653648;0,999999654320567;0,839312184375599;0,686365732674007;0,484882772849465;0,338111817657018;-2,10248812611053;-2,39107314816938;-2,57999843988065;-3,04445220952412;-3,98728360456804;-3,99415245406221;-3,32287235000668;-2,69628304501951;-2,14040516008494;-1,19633754221421;-1,84960330131371;-2,2603080512661;-2,90414846937821;-4,92141460905742;-4,97090981906528;-4,04731849779858;-3,37322715574267;-2,69455527776592;0,0576794539318144;0,0155854222123021;0,0401387249306073;0,0163999959496525;0,0336234616251015;0,00774680590242334;0,0133265931673394;0,00615715054981555;-3;-3;1;1;0,1549243999769598;-3;-2,43402917850434;1;1;1;-11188,9866508566;NA;All
3930;1,96257758434098;2,87415933563341;2,32355139752399;2,69474155345606;2,68531789180513;2,29053059399079;2,31860704918659;2,23305006681852;2,48313477831144;1,94897073517181;1,95515506819309;1,62777457260964;1,43790880829806;1,22085994718278;1,60616273421994;1,66185795539309;1,82280167419465;1,53502591153856;2,03174490343709;1,60807750502692;-19,2417130414084;-3,68783563053953;-6,61765924180583;-6,99606346443236;-5,86317244115215;-5,51495529071816;-11,6492872076154;-12,4078840221423;-6,07386567824379;-16,4452001607834;-11,1264558411833;-18,4119066924961;-25,3497131618707;-25,1186183431689;-16,1529241662379;-16,6683966462068;-26,6303402812389;-26,376949772366;-13,7046393897514;-19,1950106200335;2,68199219822906;1,52838389719892;1,55555567096163;0,906735395569924;0,505569093294629;0,505568510213577;0,542423295383888;0,645128743653648;0,999999654320567;0,839312184375599;0,686365732674007;0,484882772849465;0,338111817657018;-2,10248812611053;-2,39107314816938;-2,57999843988065;-3,04445220952412;-3,98728360456804;-3,99415245406221;-3,32287235000668;-2,69628304501951;-2,14040516008494;-1,19633754221421;-1,84960330131371;-2,2603080512661;-2,90414846937821;-4,92141460905742;-4,97090981906528;-4,04731849779858;-3,37322715574267;-2,69455527776592;0,0576794539318144;0,0155854222123021;0,0401387249306073;0,0163999959496525;0,0336234616251015;0,00774680590242334;0,0133265931673394;0,00615715054981555;-3;-3;1;1;0,2081767768944709;-3;-1,95640653923323;1;1;1;-11189,1901312719;NA;All
3940;1,96257758434098;2,87415933563341;2,32355139752399;2,69474155345606;2,68531789180513;2,29053059399079;2,31860704918659;2,23305006681852;2,48313477831144;1,94897073517181;1,95515506819309;1,62777457260964;1,43790880829806;1,22085994718278;1,60616273421994;1,66185795539309;1,82280167419465;1,53502591153856;2,03174490343709;1,60807750502692;-19,2417130414084;-3,68783563053953;-6,61765924180583;-6,99606346443236;-5,86317244115215;-5,51495529071816;-11,6492872076154;-12,4078840221423;-6,07386567824379;-16,4452001607834;-11,1264558411833;-18,4119066924961;-25,3497131618707;-25,1186183431689;-16,1529241662379;-16,6683966462068;-26,6303402812389;-26,376949772366;-13,7046393897514;-19,1950106200335;2,68199219822906;1,52838389719892;1,55555567096163;0,906735395569924;0,505569093294629;0,505568510213577;0,542423295383888;0,645128743653648;0,999999654320567;0,839312184375599;0,686365732674007;0,484882772849465;0,338111817657018;-2,10248812611053;-2,39107314816938;-2,57999843988065;-3,04445220952412;-3,98728360456804;-3,99415245406221;-3,32287235000668;-2,69628304501951;-2,14040516008494;-1,19633754221421;-1,84960330131371;-2,2603080512661;-2,90414846937821;-4,92141460905742;-4,97090981906528;-4,04731849779858;-3,37322715574267;-2,69455527776592;0,0576794539318144;0,0155854222123021;0,0401387249306073;0,0163999959496525;0,0336234616251015;0,00774680590242334;0,0133265931673394;0,00615715054981555;-3;-3;1;1;0,2081767768944709;-3;-1,95640653923323;1;1;1;-11189,1901312719;NA;All
3950;1,96257758434098;2,87415933563341;2,32355139752399;2,69474155345606;2,68531789180513;2,29053059399079;2,31860704918659;2,23305006681852;2,48313477831144;1,94897073517181;1,95515506819309;1,62777457260964;1,43790880829806;1,22085994718278;1,60616273421994;1,66185795539309;1,82280167419465;1,53502591153856;2,03174490343709;1,60807750502692;-19,2417130414084;-3,68783563053953;-6,61765924180583;-6,99606346443236;-5,86317244115215;-5,51495529071816;-11,6492872076154;-12,4078840221423;-6,07386567824379;-16,4452001607834;-11,1264558411833;-18,4119066924961;-25,3497131618707;-25,1186183431689;-16,1529241662379;-16,6683966462068;-26,6303402812389;-26,376949772366;-13,7046393897514;-19,1950106200335;2,68199219822906;1,52838389719892;1,55555567096163;0,906735395569924;0,505569093294629;0,505568510213577;0,542423295383888;0,645128743653648;0,999999654320567;0,839312184375599;0,686365732674007;0,484882772849465;0,338111817657018;-2,10248812611053;-2,39107314816938;-2,57999843988065;-3,04445220952412;-3,98728360456804;-3,99415245406221;-3,32287235000668;-2,69628304501951;-2,14040516008494;-1,19633754221421;-1,84960330131371;-2,2603080512661;-2,90414846937821;-4,92141460905742;-4,97090981906528;-4,04731849779858;-3,37322715574267;-2,69455527776592;0,0576794539318144;0,0155854222123021;0,0401387249306073;0,0163999959496525;0,0336234616251015;0,00774680590242334;0,0133265931673394;0,00615715054981555;-3;-3;1;1;0,1261019787964959;-3;-2,28882418578758;1;1;1;-11189,4366439186;NA;All
3960;1,96257758434098;2,87415933563341;2,32355139752399;2,69474155345606;2,68531789180513;2,29053059399079;2,31860704918659;2,23305006681852;2,48313477831144;1,94897073517181;1,95515506819309;1,62777457260964;1,43790880829806;1,22085994718278;1,60616273421994;1,66185795539309;1,82280167419465;1,53502591153856;2,03174490343709;1,60807750502692;-19,2417130414084;-3,68783563053953;-6,61765924180583;-6,99606346443236;-5,86317244115215;-5,51495529071816;-11,6492872076154;-12,4078840221423;-6,07386567824379;-16,4452001607834;-11,1264558411833;-18,4119066924961;-25,3497131618707;-25,1186183431689;-16,1529241662379;-16,6683966462068;-26,6303402812389;-26,376949772366;-13,7046393897514;-19,1950106200335;2,68199219822906;1,52838389719892;1,55555567096163;0,906735395569924;0,505569093294629;0,505568510213577;0,542423295383888;0,645128743653648;0,999999654320567;0,839312184375599;0,686365732674007;0,484882772849465;0,338111817657018;-2,10248812611053;-2,39107314816938;-2,57999843988065;-3,04445220952412;-3,98728360456804;-3,99415245406221;-3,32287235000668;-2,69628304501951;-2,14040516008494;-1,19633754221421;-1,84960330131371;-2,2603080512661;-2,90414846937821;-4,92141460905742;-4,97090981906528;-4,04731849779858;-3,37322715574267;-2,69455527776592;0,0576794539318144;0,0155854222123021;0,0401387249306073;0,0163999959496525;0,0336234616251015;0,00774680590242334;0,0133265931673394;0,00615715054981555;-3;-3;1;1;0,1334633170340652;-3;-2,58903084982444;1;1;1;-11189,2008109020;NA;All
3970;1,96257758434098;2,87415933563341;2,32355139752399;2,69474155345606;2,68531789180513;2,29053059399079;2,31860704918659;2,23305006681852;2,48313477831144;1,94897073517181;1,95515506819309;1,62777457260964;1,43790880829806;1,22085994718278;1,60616273421994;1,66185795539309;1,82280167419465;1,53502591153856;2,03174490343709;1,60807750502692;-19,2417130414084;-3,68783563053953;-6,61765924180583;-6,99606346443236;-5,86317244115215;-5,51495529071816;-11,6492872076154;-12,4078840221423;-6,07386567824379;-16,4452001607834;-11,1264558411833;-18,4119066924961;-25,3497131618707;-25,1186183431689;-16,1529241662379;-16,6683966462068;-26,6303402812389;-26,376949772366;-13,7046393897514;-19,1950106200335;2,68199219822906;1,52838389719892;1,55555567096163;0,906735395569924;0,505569093294629;0,505568510213577;0,542423295383888;0,645128743653648;0,999999654320567;0,839312184375599;0,686365732674007;0,484882772849465;0,338111817657018;-2,10248812611053;-2,39107314816938;-2,57999843988065;-3,04445220952412;-3,98728360456804;-3,99415245406221;-3,32287235000668;-2,69628304501951;-2,14040516008494;-1,19633754221421;-1,84960330131371;-2,2603080512661;-2,90414846937821;-4,92141460905742;-4,97090981906528;-4,04731849779858;-3,37322715574267;-2,69455527776592;0,0576794539318144;0,0155854222123021;0,0401387249306073;0,0163999959496525;0,0336234616251015;0,00774680590242334;0,0133265931673394;0,00615715054981555;-3;-3;1;1;0,2870904691010974;-3;-3,15590467228890;1;1;1;-11189,5562500272;NA;All
3980;1,96257758434098;2,87415933563341;2,32355139752399;2,69474155345606;2,68531789180513;2,29053059399079;2,31860704918659;2,23305006681852;2,48313477831144;1,94897073517181;1,95515506819309;1,62777457260964;1,43790880829806;1,22085994718278;1,60616273421994;1,66185795539309;1,82280167419465;1,53502591153856;2,03174490343709;1,60807750502692;-19,2417130414084;-3,68783563053953;-6,61765924180583;-6,99606346443236;-5,86317244115215;-5,51495529071816;-11,6492872076154;-12,4078840221423;-6,07386567824379;-16,4452001607834;-11,1264558411833;-18,4119066924961;-25,3497131618707;-25,1186183431689;-16,1529241662379;-16,6683966462068;-26,6303402812389;-26,376949772366;-13,7046393897514;-19,1950106200335;2,68199219822906;1,52838389719892;1,55555567096163;0,906735395569924;0,505569093294629;0,505568510213577;0,542423295383888;0,645128743653648;0,999999654320567;0,839312184375599;0,686365732674007;0,484882772849465;0,338111817657018;-2,10248812611053;-2,39107314816938;-2,57999843988065;-3,04445220952412;-3,98728360456804;-3,99415245406221;-3,32287235000668;-2,69628304501951;-2,14040516008494;-1,19633754221421;-1,84960330131371;-2,2603080512661;-2,90414846937821;-4,92141460905742;-4,97090981906528;-4,04731849779858;-3,37322715574267;-2,69455527776592;0,0576794539318144;0,0155854222123021;0,0401387249306073;0,0163999959496525;0,0336234616251015;0,00774680590242334;0,0133265931673394;0,00615715054981555;-3;-3;1;1;0,0973658878074294;-3;-2,38407455863576;1;1;1;-11190,0757557161;NA;All
3990;1,96257758434098;2,87415933563341;2,32355139752399;2,69474155345606;2,68531789180513;2,29053059399079;2,31860704918659;2,23305006681852;2,48313477831144;1,94897073517181;1,95515506819309;1,62777457260964;1,43790880829806;1,22085994718278;1,60616273421994;1,66185795539309;1,82280167419465;1,53502591153856;2,03174490343709;1,60807750502692;-19,2417130414084;-3,68783563053953;-6,61765924180583;-6,99606346443236;-5,86317244115215;-5,51495529071816;-11,6492872076154;-12,4078840221423;-6,07386567824379;-16,4452001607834;-11,1264558411833;-18,4119066924961;-25,3497131618707;-25,1186183431689;-16,1529241662379;-16,6683966462068;-26,6303402812389;-26,376949772366;-13,7046393897514;-19,1950106200335;2,68199219822906;1,52838389719892;1,55555567096163;0,906735395569924;0,505569093294629;0,505568510213577;0,542423295383888;0,645128743653648;0,999999654320567;0,839312184375599;0,686365732674007;0,484882772849465;0,338111817657018;-2,10248812611053;-2,39107314816938;-2,57999843988065;-3,04445220952412;-3,98728360456804;-3,99415245406221;-3,32287235000668;-2,69628304501951;-2,14040516008494;-1,19633754221421;-1,84960330131371;-2,2603080512661;-2,90414846937821;-4,92141460905742;-4,97090981906528;-4,04731849779858;-3,37322715574267;-2,69455527776592;0,0576794539318144;0,0155854222123021;0,0401387249306073;0,0163999959496525;0,0336234616251015;0,00774680590242334;0,0133265931673394;0,00615715054981555;-3;-3;1;1;0,2260330496868276;-3;-3,83237166648744;1;1;1;-11188,8163226955;NA;All
4000;1,96257758434098;2,87415933563341;2,32355139752399;2,69474155345606;2,68531789180513;2,29053059399079;2,31860704918659;2,23305006681852;2,48313477831144;1,94897073517181;1,95515506819309;1,62777457260964;1,43790880829806;1,22085994718278;1,60616273421994;1,66185795539309;1,82280167419465;1,53502591153856;2,03174490343709;1,60807750502692;-19,2417130414084;-3,68783563053953;-6,61765924180583;-6,99606346443236;-5,86317244115215;-5,51495529071816;-11,6492872076154;-12,4078840221423;-6,07386567824379;-16,4452001607834;-11,1264558411833;-18,4119066924961;-25,3497131618707;-25,1186183431689;-16,1529241662379;-16,6683966462068;-26,6303402812389;-26,376949772366;-13,7046393897514;-19,1950106200335;2,68199219822906;1,52838389719892;1,55555567096163;0,906735395569924;0,505569093294629;0,505568510213577;0,542423295383888;0,645128743653648;0,999999654320567;0,839312184375599;0,686365732674007;0,484882772849465;0,338111817657018;-2,10248812611053;-2,39107314816938;-2,57999843988065;-3,04445220952412;-3,98728360456804;-3,99415245406221;-3,32287235000668;-2,69628304501951;-2,14040516008494;-1,19633754221421;-1,84960330131371;-2,2603080512661;-2,90414846937821;-4,92141460905742;-4,97090981906528;-4,04731849779858;-3,37322715574267;-2,69455527776592;0,0576794539318144;0,0155854222123021;0,0401387249306073;0,0163999959496525;0,0336234616251015;0,00774680590242334;0,0133265931673394;0,00615715054981555;-3;-3;1;1;0,1510471987999132;-3;-3,71984664429372;1;1;1;-11188,8774194579;NA;All
4010;1,96257758434098;2,87415933563341;2,32355139752399;2,69474155345606;2,68531789180513;2,29053059399079;2,31860704918659;2,23305006681852;2,48313477831144;1,94897073517181;1,95515506819309;1,62777457260964;1,43790880829806;1,22085994718278;1,60616273421994;1,66185795539309;1,82280167419465;1,53502591153856;2,03174490343709;1,60807750502692;-19,2417130414084;-3,68783563053953;-6,61765924180583;-6,99606346443236;-5,86317244115215;-5,51495529071816;-11,6492872076154;-12,4078840221423;-6,07386567824379;-16,4452001607834;-11,1264558411833;-18,4119066924961;-25,3497131618707;-25,1186183431689;-16,1529241662379;-16,6683966462068;-26,6303402812389;-26,376949772366;-13,7046393897514;-19,1950106200335;2,68199219822906;1,52838389719892;1,55555567096163;0,906735395569924;0,505569093294629;0,505568510213577;0,542423295383888;0,645128743653648;0,999999654320567;0,839312184375599;0,686365732674007;0,484882772849465;0,338111817657018;-2,10248812611053;-2,39107314816938;-2,57999843988065;-3,04445220952412;-3,98728360456804;-3,99415245406221;-3,32287235000668;-2,69628304501951;-2,14040516008494;-1,19633754221421;-1,84960330131371;-2,2603080512661;-2,90414846937821;-4,92141460905742;-4,97090981906528;-4,04731849779858;-3,37322715574267;-2,69455527776592;0,0576794539318144;0,0155854222123021;0,0401387249306073;0,0163999959496525;0,0336234616251015;0,00774680590242334;0,0133265931673394;0,00615715054981555;-3;-3;1;1;0,3665771645038373;-3;-3,53879740965604;1;1;1;-11191,1699447045;NA;All
4020;1,96257758434098;2,87415933563341;2,32355139752399;2,69474155345606;2,68531789180513;2,29053059399079;2,31860704918659;2,23305006681852;2,48313477831144;1,94897073517181;1,95515506819309;1,62777457260964;1,43790880829806;1,22085994718278;1,60616273421994;1,66185795539309;1,82280167419465;1,53502591153856;2,03174490343709;1,60807750502692;-19,2417130414084;-3,68783563053953;-6,61765924180583;-6,99606346443236;-5,86317244115215;-5,51495529071816;-11,6492872076154;-12,4078840221423;-6,07386567824379;-16,4452001607834;-11,1264558411833;-18,4119066924961;-25,3497131618707;-25,1186183431689;-16,1529241662379;-16,6683966462068;-26,6303402812389;-26,376949772366;-13,7046393897514;-19,1950106200335;2,68199219822906;1,52838389719892;1,55555567096163;0,906735395569924;0,505569093294629;0,505568510213577;0,542423295383888;0,645128743653648;0,999999654320567;0,839312184375599;0,686365732674007;0,484882772849465;0,338111817657018;-2,10248812611053;-2,39107314816938;-2,57999843988065;-3,04445220952412;-3,98728360456804;-3,99415245406221;-3,32287235000668;-2,69628304501951;-2,14040516008494;-1,19633754221421;-1,84960330131371;-2,2603080512661;-2,90414846937821;-4,92141460905742;-4,97090981906528;-4,04731849779858;-3,37322715574267;-2,69455527776592;0,0576794539318144;0,0155854222123021;0,0401387249306073;0,0163999959496525;0,0336234616251015;0,00774680590242334;0,0133265931673394;0,00615715054981555;-3;-3;1;1;0,3418651426175953;-3;-3,62794994711295;1;1;1;-11190,5924339172;NA;All
4030;1,96257758434098;2,87415933563341;2,32355139752399;2,69474155345606;2,68531789180513;2,29053059399079;2,31860704918659;2,23305006681852;2,48313477831144;1,94897073517181;1,95515506819309;1,62777457260964;1,43790880829806;1,22085994718278;1,60616273421994;1,66185795539309;1,82280167419465;1,53502591153856;2,03174490343709;1,60807750502692;-19,2417130414084;-3,68783563053953;-6,61765924180583;-6,99606346443236;-5,86317244115215;-5,51495529071816;-11,6492872076154;-12,4078840221423;-6,07386567824379;-16,4452001607834;-11,1264558411833;-18,4119066924961;-25,3497131618707;-25,1186183431689;-16,1529241662379;-16,6683966462068;-26,6303402812389;-26,376949772366;-13,7046393897514;-19,1950106200335;2,68199219822906;1,52838389719892;1,55555567096163;0,906735395569924;0,505569093294629;0,505568510213577;0,542423295383888;0,645128743653648;0,999999654320567;0,839312184375599;0,686365732674007;0,484882772849465;0,338111817657018;-2,10248812611053;-2,39107314816938;-2,57999843988065;-3,04445220952412;-3,98728360456804;-3,99415245406221;-3,32287235000668;-2,69628304501951;-2,14040516008494;-1,19633754221421;-1,84960330131371;-2,2603080512661;-2,90414846937821;-4,92141460905742;-4,97090981906528;-4,04731849779858;-3,37322715574267;-2,69455527776592;0,0576794539318144;0,0155854222123021;0,0401387249306073;0,0163999959496525;0,0336234616251015;0,00774680590242334;0,0133265931673394;0,00615715054981555;-3;-3;1;1;0,1686407002381721;-3;-3,59329194649333;1;1;1;-11188,7472658488;NA;All
4040;1,96257758434098;2,87415933563341;2,32355139752399;2,69474155345606;2,68531789180513;2,29053059399079;2,31860704918659;2,23305006681852;2,48313477831144;1,94897073517181;1,95515506819309;1,62777457260964;1,43790880829806;1,22085994718278;1,60616273421994;1,66185795539309;1,82280167419465;1,53502591153856;2,03174490343709;1,60807750502692;-19,2417130414084;-3,68783563053953;-6,61765924180583;-6,99606346443236;-5,86317244115215;-5,51495529071816;-11,6492872076154;-12,4078840221423;-6,07386567824379;-16,4452001607834;-11,1264558411833;-18,4119066924961;-25,3497131618707;-25,1186183431689;-16,1529241662379;-16,6683966462068;-26,6303402812389;-26,376949772366;-13,7046393897514;-19,1950106200335;2,68199219822906;1,52838389719892;1,55555567096163;0,906735395569924;0,505569093294629;0,505568510213577;0,542423295383888;0,645128743653648;0,999999654320567;0,839312184375599;0,686365732674007;0,484882772849465;0,338111817657018;-2,10248812611053;-2,39107314816938;-2,57999843988065;-3,04445220952412;-3,98728360456804;-3,99415245406221;-3,32287235000668;-2,69628304501951;-2,14040516008494;-1,19633754221421;-1,84960330131371;-2,2603080512661;-2,90414846937821;-4,92141460905742;-4,97090981906528;-4,04731849779858;-3,37322715574267;-2,69455527776592;0,0576794539318144;0,0155854222123021;0,0401387249306073;0,0163999959496525;0,0336234616251015;0,00774680590242334;0,0133265931673394;0,00615715054981555;-3;-3;1;1;0,3363958772862152;-3;-3,46926137648814;1;1;1;-11190,4756692967;NA;All
4050;1,96257758434098;2,87415933563341;2,32355139752399;2,69474155345606;2,68531789180513;2,29053059399079;2,31860704918659;2,23305006681852;2,48313477831144;1,94897073517181;1,95515506819309;1,62777457260964;1,43790880829806;1,22085994718278;1,60616273421994;1,66185795539309;1,82280167419465;1,53502591153856;2,03174490343709;1,60807750502692;-19,2417130414084;-3,68783563053953;-6,61765924180583;-6,99606346443236;-5,86317244115215;-5,51495529071816;-11,6492872076154;-12,4078840221423;-6,07386567824379;-16,4452001607834;-11,1264558411833;-18,4119066924961;-25,3497131618707;-25,1186183431689;-16,1529241662379;-16,6683966462068;-26,6303402812389;-26,376949772366;-13,7046393897514;-19,1950106200335;2,68199219822906;1,52838389719892;1,55555567096163;0,906735395569924;0,505569093294629;0,505568510213577;0,542423295383888;0,645128743653648;0,999999654320567;0,839312184375599;0,686365732674007;0,484882772849465;0,338111817657018;-2,10248812611053;-2,39107314816938;-2,57999843988065;-3,04445220952412;-3,98728360456804;-3,99415245406221;-3,32287235000668;-2,69628304501951;-2,14040516008494;-1,19633754221421;-1,84960330131371;-2,2603080512661;-2,90414846937821;-4,92141460905742;-4,97090981906528;-4,04731849779858;-3,37322715574267;-2,69455527776592;0,0576794539318144;0,0155854222123021;0,0401387249306073;0,0163999959496525;0,0336234616251015;0,00774680590242334;0,0133265931673394;0,00615715054981555;-3;-3;1;1;0,1207948230296742;-3;-3,49862716289816;1;1;1;-11189,3314224950;NA;All
4060;1,96257758434098;2,87415933563341;2,32355139752399;2,69474155345606;2,68531789180513;2,29053059399079;2,31860704918659;2,23305006681852;2,48313477831144;1,94897073517181;1,95515506819309;1,62777457260964;1,43790880829806;1,22085994718278;1,60616273421994;1,66185795539309;1,82280167419465;1,53502591153856;2,03174490343709;1,60807750502692;-19,2417130414084;-3,68783563053953;-6,61765924180583;-6,99606346443236;-5,86317244115215;-5,51495529071816;-11,6492872076154;-12,4078840221423;-6,07386567824379;-16,4452001607834;-11,1264558411833;-18,4119066924961;-25,3497131618707;-25,1186183431689;-16,1529241662379;-16,6683966462068;-26,6303402812389;-26,376949772366;-13,7046393897514;-19,1950106200335;2,68199219822906;1,52838389719892;1,55555567096163;0,906735395569924;0,505569093294629;0,505568510213577;0,542423295383888;0,645128743653648;0,999999654320567;0,839312184375599;0,686365732674007;0,484882772849465;0,338111817657018;-2,10248812611053;-2,39107314816938;-2,57999843988065;-3,04445220952412;-3,98728360456804;-3,99415245406221;-3,32287235000668;-2,69628304501951;-2,14040516008494;-1,19633754221421;-1,84960330131371;-2,2603080512661;-2,90414846937821;-4,92141460905742;-4,97090981906528;-4,04731849779858;-3,37322715574267;-2,69455527776592;0,0576794539318144;0,0155854222123021;0,0401387249306073;0,0163999959496525;0,0336234616251015;0,00774680590242334;0,0133265931673394;0,00615715054981555;-3;-3;1;1;0,2070627343268290;-3;-3,96090980294699;1;1;1;-11188,7145636901;NA;All
4070;1,96257758434098;2,87415933563341;2,32355139752399;2,69474155345606;2,68531789180513;2,29053059399079;2,31860704918659;2,23305006681852;2,48313477831144;1,94897073517181;1,95515506819309;1,62777457260964;1,43790880829806;1,22085994718278;1,60616273421994;1,66185795539309;1,82280167419465;1,53502591153856;2,03174490343709;1,60807750502692;-19,2417130414084;-3,68783563053953;-6,61765924180583;-6,99606346443236;-5,86317244115215;-5,51495529071816;-11,6492872076154;-12,4078840221423;-6,07386567824379;-16,4452001607834;-11,1264558411833;-18,4119066924961;-25,3497131618707;-25,1186183431689;-16,1529241662379;-16,6683966462068;-26,6303402812389;-26,376949772366;-13,7046393897514;-19,1950106200335;2,68199219822906;1,52838389719892;1,55555567096163;0,906735395569924;0,505569093294629;0,505568510213577;0,542423295383888;0,645128743653648;0,999999654320567;0,839312184375599;0,686365732674007;0,484882772849465;0,338111817657018;-2,10248812611053;-2,39107314816938;-2,57999843988065;-3,04445220952412;-3,98728360456804;-3,99415245406221;-3,32287235000668;-2,69628304501951;-2,14040516008494;-1,19633754221421;-1,84960330131371;-2,2603080512661;-2,90414846937821;-4,92141460905742;-4,97090981906528;-4,04731849779858;-3,37322715574267;-2,69455527776592;0,0576794539318144;0,0155854222123021;0,0401387249306073;0,0163999959496525;0,0336234616251015;0,00774680590242334;0,0133265931673394;0,00615715054981555;-3;-3;1;1;0,1467122455701634;-3;-3,64955606684569;1;1;1;-11188,9247663179;NA;All
4080;1,96257758434098;2,87415933563341;2,32355139752399;2,69474155345606;2,68531789180513;2,29053059399079;2,31860704918659;2,23305006681852;2,48313477831144;1,94897073517181;1,95515506819309;1,62777457260964;1,43790880829806;1,22085994718278;1,60616273421994;1,66185795539309;1,82280167419465;1,53502591153856;2,03174490343709;1,60807750502692;-19,2417130414084;-3,68783563053953;-6,61765924180583;-6,99606346443236;-5,86317244115215;-5,51495529071816;-11,6492872076154;-12,4078840221423;-6,07386567824379;-16,4452001607834;-11,1264558411833;-18,4119066924961;-25,3497131618707;-25,1186183431689;-16,1529241662379;-16,6683966462068;-26,6303402812389;-26,376949772366;-13,7046393897514;-19,1950106200335;2,68199219822906;1,52838389719892;1,55555567096163;0,906735395569924;0,505569093294629;0,505568510213577;0,542423295383888;0,645128743653648;0,999999654320567;0,839312184375599;0,686365732674007;0,484882772849465;0,338111817657018;-2,10248812611053;-2,39107314816938;-2,57999843988065;-3,04445220952412;-3,98728360456804;-3,99415245406221;-3,32287235000668;-2,69628304501951;-2,14040516008494;-1,19633754221421;-1,84960330131371;-2,2603080512661;-2,90414846937821;-4,92141460905742;-4,97090981906528;-4,04731849779858;-3,37322715574267;-2,69455527776592;0,0576794539318144;0,0155854222123021;0,0401387249306073;0,0163999959496525;0,0336234616251015;0,00774680590242334;0,0133265931673394;0,00615715054981555;-3;-3;1;1;0,2245011883615552;-3;-3,72467554554636;1;1;1;-11188,8069323269;NA;All
4090;1,96257758434098;2,87415933563341;2,32355139752399;2,69474155345606;2,68531789180513;2,29053059399079;2,31860704918659;2,23305006681852;2,48313477831144;1,94897073517181;1,95515506819309;1,62777457260964;1,43790880829806;1,22085994718278;1,60616273421994;1,66185795539309;1,82280167419465;1,53502591153856;2,03174490343709;1,60807750502692;-19,2417130414084;-3,68783563053953;-6,61765924180583;-6,99606346443236;-5,86317244115215;-5,51495529071816;-11,6492872076154;-12,4078840221423;-6,07386567824379;-16,4452001607834;-11,1264558411833;-18,4119066924961;-25,3497131618707;-25,1186183431689;-16,1529241662379;-16,6683966462068;-26,6303402812389;-26,376949772366;-13,7046393897514;-19,1950106200335;2,68199219822906;1,52838389719892;1,55555567096163;0,906735395569924;0,505569093294629;0,505568510213577;0,542423295383888;0,645128743653648;0,999999654320567;0,839312184375599;0,686365732674007;0,484882772849465;0,338111817657018;-2,10248812611053;-2,39107314816938;-2,57999843988065;-3,04445220952412;-3,98728360456804;-3,99415245406221;-3,32287235000668;-2,69628304501951;-2,14040516008494;-1,19633754221421;-1,84960330131371;-2,2603080512661;-2,90414846937821;-4,92141460905742;-4,97090981906528;-4,04731849779858;-3,37322715574267;-2,69455527776592;0,0576794539318144;0,0155854222123021;0,0401387249306073;0,0163999959496525;0,0336234616251015;0,00774680590242334;0,0133265931673394;0,00615715054981555;-3;-3;1;1;0,2559901203726378;-3;-3,77714235870995;1;1;1;-11189,1010982654;NA;All
4100;1,96257758434098;2,87415933563341;2,32355139752399;2,69474155345606;2,68531789180513;2,29053059399079;2,31860704918659;2,23305006681852;2,48313477831144;1,94897073517181;1,95515506819309;1,62777457260964;1,43790880829806;1,22085994718278;1,60616273421994;1,66185795539309;1,82280167419465;1,53502591153856;2,03174490343709;1,60807750502692;-19,2417130414084;-3,68783563053953;-6,61765924180583;-6,99606346443236;-5,86317244115215;-5,51495529071816;-11,6492872076154;-12,4078840221423;-6,07386567824379;-16,4452001607834;-11,1264558411833;-18,4119066924961;-25,3497131618707;-25,1186183431689;-16,1529241662379;-16,6683966462068;-26,6303402812389;-26,376949772366;-13,7046393897514;-19,1950106200335;2,68199219822906;1,52838389719892;1,55555567096163;0,906735395569924;0,505569093294629;0,505568510213577;0,542423295383888;0,645128743653648;0,999999654320567;0,839312184375599;0,686365732674007;0,484882772849465;0,338111817657018;-2,10248812611053;-2,39107314816938;-2,57999843988065;-3,04445220952412;-3,98728360456804;-3,99415245406221;-3,32287235000668;-2,69628304501951;-2,14040516008494;-1,19633754221421;-1,84960330131371;-2,2603080512661;-2,90414846937821;-4,92141460905742;-4,97090981906528;-4,04731849779858;-3,37322715574267;-2,69455527776592;0,0576794539318144;0,0155854222123021;0,0401387249306073;0,0163999959496525;0,0336234616251015;0,00774680590242334;0,0133265931673394;0,00615715054981555;-3;-3;1;1;0,1617950504967131;-3;-3,67269381150130;1;1;1;-11188,7877208398;NA;All
4110;1,96257758434098;2,87415933563341;2,32355139752399;2,69474155345606;2,68531789180513;2,29053059399079;2,31860704918659;2,23305006681852;2,48313477831144;1,94897073517181;1,95515506819309;1,62777457260964;1,43790880829806;1,22085994718278;1,60616273421994;1,66185795539309;1,82280167419465;1,53502591153856;2,03174490343709;1,60807750502692;-19,2417130414084;-3,68783563053953;-6,61765924180583;-6,99606346443236;-5,86317244115215;-5,51495529071816;-11,6492872076154;-12,4078840221423;-6,07386567824379;-16,4452001607834;-11,1264558411833;-18,4119066924961;-25,3497131618707;-25,1186183431689;-16,1529241662379;-16,6683966462068;-26,6303402812389;-26,376949772366;-13,7046393897514;-19,1950106200335;2,68199219822906;1,52838389719892;1,55555567096163;0,906735395569924;0,505569093294629;0,505568510213577;0,542423295383888;0,645128743653648;0,999999654320567;0,839312184375599;0,686365732674007;0,484882772849465;0,338111817657018;-2,10248812611053;-2,39107314816938;-2,57999843988065;-3,04445220952412;-3,98728360456804;-3,99415245406221;-3,32287235000668;-2,69628304501951;-2,14040516008494;-1,19633754221421;-1,84960330131371;-2,2603080512661;-2,90414846937821;-4,92141460905742;-4,97090981906528;-4,04731849779858;-3,37322715574267;-2,69455527776592;0,0576794539318144;0,0155854222123021;0,0401387249306073;0,0163999959496525;0,0336234616251015;0,00774680590242334;0,0133265931673394;0,00615715054981555;-3;-3;1;1;0,2039884967390034;-3;-3,55887644299624;1;1;1;-11188,7121612459;NA;All
4120;1,96257758434098;2,87415933563341;2,32355139752399;2,69474155345606;2,68531789180513;2,29053059399079;2,31860704918659;2,23305006681852;2,48313477831144;1,94897073517181;1,95515506819309;1,62777457260964;1,43790880829806;1,22085994718278;1,60616273421994;1,66185795539309;1,82280167419465;1,53502591153856;2,03174490343709;1,60807750502692;-19,2417130414084;-3,68783563053953;-6,61765924180583;-6,99606346443236;-5,86317244115215;-5,51495529071816;-11,6492872076154;-12,4078840221423;-6,07386567824379;-16,4452001607834;-11,1264558411833;-18,4119066924961;-25,3497131618707;-25,1186183431689;-16,1529241662379;-16,6683966462068;-26,6303402812389;-26,376949772366;-13,7046393897514;-19,1950106200335;2,68199219822906;1,52838389719892;1,55555567096163;0,906735395569924;0,505569093294629;0,505568510213577;0,542423295383888;0,645128743653648;0,999999654320567;0,839312184375599;0,686365732674007;0,484882772849465;0,338111817657018;-2,10248812611053;-2,39107314816938;-2,57999843988065;-3,04445220952412;-3,98728360456804;-3,99415245406221;-3,32287235000668;-2,69628304501951;-2,14040516008494;-1,19633754221421;-1,84960330131371;-2,2603080512661;-2,90414846937821;-4,92141460905742;-4,97090981906528;-4,04731849779858;-3,37322715574267;-2,69455527776592;0,0576794539318144;0,0155854222123021;0,0401387249306073;0,0163999959496525;0,0336234616251015;0,00774680590242334;0,0133265931673394;0,00615715054981555;-3;-3;1;1;0,1918661675564622;-3;-2,53857260809796;1;1;1;-11188,8004092604;NA;All
4130;1,96257758434098;2,87415933563341;2,32355139752399;2,69474155345606;2,68531789180513;2,29053059399079;2,31860704918659;2,23305006681852;2,48313477831144;1,94897073517181;1,95515506819309;1,62777457260964;1,43790880829806;1,22085994718278;1,60616273421994;1,66185795539309;1,82280167419465;1,53502591153856;2,03174490343709;1,60807750502692;-19,2417130414084;-3,68783563053953;-6,61765924180583;-6,99606346443236;-5,86317244115215;-5,51495529071816;-11,6492872076154;-12,4078840221423;-6,07386567824379;-16,4452001607834;-11,1264558411833;-18,4119066924961;-25,3497131618707;-25,1186183431689;-16,1529241662379;-16,6683966462068;-26,6303402812389;-26,376949772366;-13,7046393897514;-19,1950106200335;2,68199219822906;1,52838389719892;1,55555567096163;0,906735395569924;0,505569093294629;0,505568510213577;0,542423295383888;0,645128743653648;0,999999654320567;0,839312184375599;0,686365732674007;0,484882772849465;0,338111817657018;-2,10248812611053;-2,39107314816938;-2,57999843988065;-3,04445220952412;-3,98728360456804;-3,99415245406221;-3,32287235000668;-2,69628304501951;-2,14040516008494;-1,19633754221421;-1,84960330131371;-2,2603080512661;-2,90414846937821;-4,92141460905742;-4,97090981906528;-4,04731849779858;-3,37322715574267;-2,69455527776592;0,0576794539318144;0,0155854222123021;0,0401387249306073;0,0163999959496525;0,0336234616251015;0,00774680590242334;0,0133265931673394;0,00615715054981555;-3;-3;1;1;0,2461380984406162;-3;-3,36351001004599;1;1;1;-11189,0009681495;NA;All
4140;1,96257758434098;2,87415933563341;2,32355139752399;2,69474155345606;2,68531789180513;2,29053059399079;2,31860704918659;2,23305006681852;2,48313477831144;1,94897073517181;1,95515506819309;1,62777457260964;1,43790880829806;1,22085994718278;1,60616273421994;1,66185795539309;1,82280167419465;1,53502591153856;2,03174490343709;1,60807750502692;-19,2417130414084;-3,68783563053953;-6,61765924180583;-6,99606346443236;-5,86317244115215;-5,51495529071816;-11,6492872076154;-12,4078840221423;-6,07386567824379;-16,4452001607834;-11,1264558411833;-18,4119066924961;-25,3497131618707;-25,1186183431689;-16,1529241662379;-16,6683966462068;-26,6303402812389;-26,376949772366;-13,7046393897514;-19,1950106200335;2,68199219822906;1,52838389719892;1,55555567096163;0,906735395569924;0,505569093294629;0,505568510213577;0,542423295383888;0,645128743653648;0,999999654320567;0,839312184375599;0,686365732674007;0,484882772849465;0,338111817657018;-2,10248812611053;-2,39107314816938;-2,57999843988065;-3,04445220952412;-3,98728360456804;-3,99415245406221;-3,32287235000668;-2,69628304501951;-2,14040516008494;-1,19633754221421;-1,84960330131371;-2,2603080512661;-2,90414846937821;-4,92141460905742;-4,97090981906528;-4,04731849779858;-3,37322715574267;-2,69455527776592;0,0576794539318144;0,0155854222123021;0,0401387249306073;0,0163999959496525;0,0336234616251015;0,00774680590242334;0,0133265931673394;0,00615715054981555;-3;-3;1;1;0,2393126258353285;-3;-2,62259289974218;1;1;1;-11189,0135877719;NA;All
4150;1,96257758434098;2,87415933563341;2,32355139752399;2,69474155345606;2,68531789180513;2,29053059399079;2,31860704918659;2,23305006681852;2,48313477831144;1,94897073517181;1,95515506819309;1,62777457260964;1,43790880829806;1,22085994718278;1,60616273421994;1,66185795539309;1,82280167419465;1,53502591153856;2,03174490343709;1,60807750502692;-19,2417130414084;-3,68783563053953;-6,61765924180583;-6,99606346443236;-5,86317244115215;-5,51495529071816;-11,6492872076154;-12,4078840221423;-6,07386567824379;-16,4452001607834;-11,1264558411833;-18,4119066924961;-25,3497131618707;-25,1186183431689;-16,1529241662379;-16,6683966462068;-26,6303402812389;-26,376949772366;-13,7046393897514;-19,1950106200335;2,68199219822906;1,52838389719892;1,55555567096163;0,906735395569924;0,505569093294629;0,505568510213577;0,542423295383888;0,645128743653648;0,999999654320567;0,839312184375599;0,686365732674007;0,484882772849465;0,338111817657018;-2,10248812611053;-2,39107314816938;-2,57999843988065;-3,04445220952412;-3,98728360456804;-3,99415245406221;-3,32287235000668;-2,69628304501951;-2,14040516008494;-1,19633754221421;-1,84960330131371;-2,2603080512661;-2,90414846937821;-4,92141460905742;-4,97090981906528;-4,04731849779858;-3,37322715574267;-2,69455527776592;0,0576794539318144;0,0155854222123021;0,0401387249306073;0,0163999959496525;0,0336234616251015;0,00774680590242334;0,0133265931673394;0,00615715054981555;-3;-3;1;1;0,2363479068303990;-3;-3,21104370576848;1;1;1;-11188,9152774925;NA;All
4160;1,96257758434098;2,87415933563341;2,32355139752399;2,69474155345606;2,68531789180513;2,29053059399079;2,31860704918659;2,23305006681852;2,48313477831144;1,94897073517181;1,95515506819309;1,62777457260964;1,43790880829806;1,22085994718278;1,60616273421994;1,66185795539309;1,82280167419465;1,53502591153856;2,03174490343709;1,60807750502692;-19,2417130414084;-3,68783563053953;-6,61765924180583;-6,99606346443236;-5,86317244115215;-5,51495529071816;-11,6492872076154;-12,4078840221423;-6,07386567824379;-16,4452001607834;-11,1264558411833;-18,4119066924961;-25,3497131618707;-25,1186183431689;-16,1529241662379;-16,6683966462068;-26,6303402812389;-26,376949772366;-13,7046393897514;-19,1950106200335;2,68199219822906;1,52838389719892;1,55555567096163;0,906735395569924;0,505569093294629;0,505568510213577;0,542423295383888;0,645128743653648;0,999999654320567;0,839312184375599;0,686365732674007;0,484882772849465;0,338111817657018;-2,10248812611053;-2,39107314816938;-2,57999843988065;-3,04445220952412;-3,98728360456804;-3,99415245406221;-3,32287235000668;-2,69628304501951;-2,14040516008494;-1,19633754221421;-1,84960330131371;-2,2603080512661;-2,90414846937821;-4,92141460905742;-4,97090981906528;-4,04731849779858;-3,37322715574267;-2,69455527776592;0,0576794539318144;0,0155854222123021;0,0401387249306073;0,0163999959496525;0,0336234616251015;0,00774680590242334;0,0133265931673394;0,00615715054981555;-3;-3;1;1;0,1812345331163163;-3;-3,40657632544259;1;1;1;-11188,7071568450;NA;All
4170;1,96257758434098;2,87415933563341;2,32355139752399;2,69474155345606;2,68531789180513;2,29053059399079;2,31860704918659;2,23305006681852;2,48313477831144;1,94897073517181;1,95515506819309;1,62777457260964;1,43790880829806;1,22085994718278;1,60616273421994;1,66185795539309;1,82280167419465;1,53502591153856;2,03174490343709;1,60807750502692;-19,2417130414084;-3,68783563053953;-6,61765924180583;-6,99606346443236;-5,86317244115215;-5,51495529071816;-11,6492872076154;-12,4078840221423;-6,07386567824379;-16,4452001607834;-11,1264558411833;-18,4119066924961;-25,3497131618707;-25,1186183431689;-16,1529241662379;-16,6683966462068;-26,6303402812389;-26,376949772366;-13,7046393897514;-19,1950106200335;2,68199219822906;1,52838389719892;1,55555567096163;0,906735395569924;0,505569093294629;0,505568510213577;0,542423295383888;0,645128743653648;0,999999654320567;0,839312184375599;0,686365732674007;0,484882772849465;0,338111817657018;-2,10248812611053;-2,39107314816938;-2,57999843988065;-3,04445220952412;-3,98728360456804;-3,99415245406221;-3,32287235000668;-2,69628304501951;-2,14040516008494;-1,19633754221421;-1,84960330131371;-2,2603080512661;-2,90414846937821;-4,92141460905742;-4,97090981906528;-4,04731849779858;-3,37322715574267;-2,69455527776592;0,0576794539318144;0,0155854222123021;0,0401387249306073;0,0163999959496525;0,0336234616251015;0,00774680590242334;0,0133265931673394;0,00615715054981555;-3;-3;1;1;0,3019927487906448;-3;-1,80343783824751;1;1;1;-11190,4574925872;NA;All
4180;1,96257758434098;2,87415933563341;2,32355139752399;2,69474155345606;2,68531789180513;2,29053059399079;2,31860704918659;2,23305006681852;2,48313477831144;1,94897073517181;1,95515506819309;1,62777457260964;1,43790880829806;1,22085994718278;1,60616273421994;1,66185795539309;1,82280167419465;1,53502591153856;2,03174490343709;1,60807750502692;-19,2417130414084;-3,68783563053953;-6,61765924180583;-6,99606346443236;-5,86317244115215;-5,51495529071816;-11,6492872076154;-12,4078840221423;-6,07386567824379;-16,4452001607834;-11,1264558411833;-18,4119066924961;-25,3497131618707;-25,1186183431689;-16,1529241662379;-16,6683966462068;-26,6303402812389;-26,376949772366;-13,7046393897514;-19,1950106200335;2,68199219822906;1,52838389719892;1,55555567096163;0,906735395569924;0,505569093294629;0,505568510213577;0,542423295383888;0,645128743653648;0,999999654320567;0,839312184375599;0,686365732674007;0,484882772849465;0,338111817657018;-2,10248812611053;-2,39107314816938;-2,57999843988065;-3,04445220952412;-3,98728360456804;-3,99415245406221;-3,32287235000668;-2,69628304501951;-2,14040516008494;-1,19633754221421;-1,84960330131371;-2,2603080512661;-2,90414846937821;-4,92141460905742;-4,97090981906528;-4,04731849779858;-3,37322715574267;-2,69455527776592;0,0576794539318144;0,0155854222123021;0,0401387249306073;0,0163999959496525;0,0336234616251015;0,00774680590242334;0,0133265931673394;0,00615715054981555;-3;-3;1;1;0,1849385193228711;-3;-2,03794008696349;1;1;1;-11189,0764314614;NA;All
4190;1,96257758434098;2,87415933563341;2,32355139752399;2,69474155345606;2,68531789180513;2,29053059399079;2,31860704918659;2,23305006681852;2,48313477831144;1,94897073517181;1,95515506819309;1,62777457260964;1,43790880829806;1,22085994718278;1,60616273421994;1,66185795539309;1,82280167419465;1,53502591153856;2,03174490343709;1,60807750502692;-19,2417130414084;-3,68783563053953;-6,61765924180583;-6,99606346443236;-5,86317244115215;-5,51495529071816;-11,6492872076154;-12,4078840221423;-6,07386567824379;-16,4452001607834;-11,1264558411833;-18,4119066924961;-25,3497131618707;-25,1186183431689;-16,1529241662379;-16,6683966462068;-26,6303402812389;-26,376949772366;-13,7046393897514;-19,1950106200335;2,68199219822906;1,52838389719892;1,55555567096163;0,906735395569924;0,505569093294629;0,505568510213577;0,542423295383888;0,645128743653648;0,999999654320567;0,839312184375599;0,686365732674007;0,484882772849465;0,338111817657018;-2,10248812611053;-2,39107314816938;-2,57999843988065;-3,04445220952412;-3,98728360456804;-3,99415245406221;-3,32287235000668;-2,69628304501951;-2,14040516008494;-1,19633754221421;-1,84960330131371;-2,2603080512661;-2,90414846937821;-4,92141460905742;-4,97090981906528;-4,04731849779858;-3,37322715574267;-2,69455527776592;0,0576794539318144;0,0155854222123021;0,0401387249306073;0,0163999959496525;0,0336234616251015;0,00774680590242334;0,0133265931673394;0,00615715054981555;-3;-3;1;1;0,1890329544047564;-3;-2,51079073744508;1;1;1;-11188,8083910547;NA;All
4200;1,96257758434098;2,87415933563341;2,32355139752399;2,69474155345606;2,68531789180513;2,29053059399079;2,31860704918659;2,23305006681852;2,48313477831144;1,94897073517181;1,95515506819309;1,62777457260964;1,43790880829806;1,22085994718278;1,60616273421994;1,66185795539309;1,82280167419465;1,53502591153856;2,03174490343709;1,60807750502692;-19,2417130414084;-3,68783563053953;-6,61765924180583;-6,99606346443236;-5,86317244115215;-5,51495529071816;-11,6492872076154;-12,4078840221423;-6,07386567824379;-16,4452001607834;-11,1264558411833;-18,4119066924961;-25,3497131618707;-25,1186183431689;-16,1529241662379;-16,6683966462068;-26,6303402812389;-26,376949772366;-13,7046393897514;-19,1950106200335;2,68199219822906;1,52838389719892;1,55555567096163;0,906735395569924;0,505569093294629;0,505568510213577;0,542423295383888;0,645128743653648;0,999999654320567;0,839312184375599;0,686365732674007;0,484882772849465;0,338111817657018;-2,10248812611053;-2,39107314816938;-2,57999843988065;-3,04445220952412;-3,98728360456804;-3,99415245406221;-3,32287235000668;-2,69628304501951;-2,14040516008494;-1,19633754221421;-1,84960330131371;-2,2603080512661;-2,90414846937821;-4,92141460905742;-4,97090981906528;-4,04731849779858;-3,37322715574267;-2,69455527776592;0,0576794539318144;0,0155854222123021;0,0401387249306073;0,0163999959496525;0,0336234616251015;0,00774680590242334;0,0133265931673394;0,00615715054981555;-3;-3;1;1;0,0561508427875298;-3;-3,38852879939659;1;1;1;-11191,6180754508;NA;All
4210;1,96257758434098;2,87415933563341;2,32355139752399;2,69474155345606;2,68531789180513;2,29053059399079;2,31860704918659;2,23305006681852;2,48313477831144;1,94897073517181;1,95515506819309;1,62777457260964;1,43790880829806;1,22085994718278;1,60616273421994;1,66185795539309;1,82280167419465;1,53502591153856;2,03174490343709;1,60807750502692;-19,2417130414084;-3,68783563053953;-6,61765924180583;-6,99606346443236;-5,86317244115215;-5,51495529071816;-11,6492872076154;-12,4078840221423;-6,07386567824379;-16,4452001607834;-11,1264558411833;-18,4119066924961;-25,3497131618707;-25,1186183431689;-16,1529241662379;-16,6683966462068;-26,6303402812389;-26,376949772366;-13,7046393897514;-19,1950106200335;2,68199219822906;1,52838389719892;1,55555567096163;0,906735395569924;0,505569093294629;0,505568510213577;0,542423295383888;0,645128743653648;0,999999654320567;0,839312184375599;0,686365732674007;0,484882772849465;0,338111817657018;-2,10248812611053;-2,39107314816938;-2,57999843988065;-3,04445220952412;-3,98728360456804;-3,99415245406221;-3,32287235000668;-2,69628304501951;-2,14040516008494;-1,19633754221421;-1,84960330131371;-2,2603080512661;-2,90414846937821;-4,92141460905742;-4,97090981906528;-4,04731849779858;-3,37322715574267;-2,69455527776592;0,0576794539318144;0,0155854222123021;0,0401387249306073;0,0163999959496525;0,0336234616251015;0,00774680590242334;0,0133265931673394;0,00615715054981555;-3;-3;1;1;0,2484209276496449;-3;-2,06370275921917;1;1;1;-11189,3694564462;NA;All
4220;1,96257758434098;2,87415933563341;2,32355139752399;2,69474155345606;2,68531789180513;2,29053059399079;2,31860704918659;2,23305006681852;2,48313477831144;1,94897073517181;1,95515506819309;1,62777457260964;1,43790880829806;1,22085994718278;1,60616273421994;1,66185795539309;1,82280167419465;1,53502591153856;2,03174490343709;1,60807750502692;-19,2417130414084;-3,68783563053953;-6,61765924180583;-6,99606346443236;-5,86317244115215;-5,51495529071816;-11,6492872076154;-12,4078840221423;-6,07386567824379;-16,4452001607834;-11,1264558411833;-18,4119066924961;-25,3497131618707;-25,1186183431689;-16,1529241662379;-16,6683966462068;-26,6303402812389;-26,376949772366;-13,7046393897514;-19,1950106200335;2,68199219822906;1,52838389719892;1,55555567096163;0,906735395569924;0,505569093294629;0,505568510213577;0,542423295383888;0,645128743653648;0,999999654320567;0,839312184375599;0,686365732674007;0,484882772849465;0,338111817657018;-2,10248812611053;-2,39107314816938;-2,57999843988065;-3,04445220952412;-3,98728360456804;-3,99415245406221;-3,32287235000668;-2,69628304501951;-2,14040516008494;-1,19633754221421;-1,84960330131371;-2,2603080512661;-2,90414846937821;-4,92141460905742;-4,97090981906528;-4,04731849779858;-3,37322715574267;-2,69455527776592;0,0576794539318144;0,0155854222123021;0,0401387249306073;0,0163999959496525;0,0336234616251015;0,00774680590242334;0,0133265931673394;0,00615715054981555;-3;-3;1;1;0,3243632851375023;-3;-3,62664790036437;1;1;1;-11190,2197699915;NA;All
4230;1,96257758434098;2,87415933563341;2,32355139752399;2,69474155345606;2,68531789180513;2,29053059399079;2,31860704918659;2,23305006681852;2,48313477831144;1,94897073517181;1,95515506819309;1,62777457260964;1,43790880829806;1,22085994718278;1,60616273421994;1,66185795539309;1,82280167419465;1,53502591153856;2,03174490343709;1,60807750502692;-19,2417130414084;-3,68783563053953;-6,61765924180583;-6,99606346443236;-5,86317244115215;-5,51495529071816;-11,6492872076154;-12,4078840221423;-6,07386567824379;-16,4452001607834;-11,1264558411833;-18,4119066924961;-25,3497131618707;-25,1186183431689;-16,1529241662379;-16,6683966462068;-26,6303402812389;-26,376949772366;-13,7046393897514;-19,1950106200335;2,68199219822906;1,52838389719892;1,55555567096163;0,906735395569924;0,505569093294629;0,505568510213577;0,542423295383888;0,645128743653648;0,999999654320567;0,839312184375599;0,686365732674007;0,484882772849465;0,338111817657018;-2,10248812611053;-2,39107314816938;-2,57999843988065;-3,04445220952412;-3,98728360456804;-3,99415245406221;-3,32287235000668;-2,69628304501951;-2,14040516008494;-1,19633754221421;-1,84960330131371;-2,2603080512661;-2,90414846937821;-4,92141460905742;-4,97090981906528;-4,04731849779858;-3,37322715574267;-2,69455527776592;0,0576794539318144;0,0155854222123021;0,0401387249306073;0,0163999959496525;0,0336234616251015;0,00774680590242334;0,0133265931673394;0,00615715054981555;-3;-3;1;1;0,2154403610768019;-3;-2,51028846466933;1;1;1;-11188,8728325025;NA;All
4240;1,96257758434098;2,87415933563341;2,32355139752399;2,69474155345606;2,68531789180513;2,29053059399079;2,31860704918659;2,23305006681852;2,48313477831144;1,94897073517181;1,95515506819309;1,62777457260964;1,43790880829806;1,22085994718278;1,60616273421994;1,66185795539309;1,82280167419465;1,53502591153856;2,03174490343709;1,60807750502692;-19,2417130414084;-3,68783563053953;-6,61765924180583;-6,99606346443236;-5,86317244115215;-5,51495529071816;-11,6492872076154;-12,4078840221423;-6,07386567824379;-16,4452001607834;-11,1264558411833;-18,4119066924961;-25,3497131618707;-25,1186183431689;-16,1529241662379;-16,6683966462068;-26,6303402812389;-26,376949772366;-13,7046393897514;-19,1950106200335;2,68199219822906;1,52838389719892;1,55555567096163;0,906735395569924;0,505569093294629;0,505568510213577;0,542423295383888;0,645128743653648;0,999999654320567;0,839312184375599;0,686365732674007;0,484882772849465;0,338111817657018;-2,10248812611053;-2,39107314816938;-2,57999843988065;-3,04445220952412;-3,98728360456804;-3,99415245406221;-3,32287235000668;-2,69628304501951;-2,14040516008494;-1,19633754221421;-1,84960330131371;-2,2603080512661;-2,90414846937821;-4,92141460905742;-4,97090981906528;-4,04731849779858;-3,37322715574267;-2,69455527776592;0,0576794539318144;0,0155854222123021;0,0401387249306073;0,0163999959496525;0,0336234616251015;0,00774680590242334;0,0133265931673394;0,00615715054981555;-3;-3;1;1;0,1904563006631947;-3;-1,95456596671871;1;1;1;-11189,1613246043;NA;All
4250;1,96257758434098;2,87415933563341;2,32355139752399;2,69474155345606;2,68531789180513;2,29053059399079;2,31860704918659;2,23305006681852;2,48313477831144;1,94897073517181;1,95515506819309;1,62777457260964;1,43790880829806;1,22085994718278;1,60616273421994;1,66185795539309;1,82280167419465;1,53502591153856;2,03174490343709;1,60807750502692;-19,2417130414084;-3,68783563053953;-6,61765924180583;-6,99606346443236;-5,86317244115215;-5,51495529071816;-11,6492872076154;-12,4078840221423;-6,07386567824379;-16,4452001607834;-11,1264558411833;-18,4119066924961;-25,3497131618707;-25,1186183431689;-16,1529241662379;-16,6683966462068;-26,6303402812389;-26,376949772366;-13,7046393897514;-19,1950106200335;2,68199219822906;1,52838389719892;1,55555567096163;0,906735395569924;0,505569093294629;0,505568510213577;0,542423295383888;0,645128743653648;0,999999654320567;0,839312184375599;0,686365732674007;0,484882772849465;0,338111817657018;-2,10248812611053;-2,39107314816938;-2,57999843988065;-3,04445220952412;-3,98728360456804;-3,99415245406221;-3,32287235000668;-2,69628304501951;-2,14040516008494;-1,19633754221421;-1,84960330131371;-2,2603080512661;-2,90414846937821;-4,92141460905742;-4,97090981906528;-4,04731849779858;-3,37322715574267;-2,69455527776592;0,0576794539318144;0,0155854222123021;0,0401387249306073;0,0163999959496525;0,0336234616251015;0,00774680590242334;0,0133265931673394;0,00615715054981555;-3;-3;1;1;0,1328825177558384;-3;-1,50333573369279;1;1;1;-11190,6556099316;NA;All
4260;1,96257758434098;2,87415933563341;2,32355139752399;2,69474155345606;2,68531789180513;2,29053059399079;2,31860704918659;2,23305006681852;2,48313477831144;1,94897073517181;1,95515506819309;1,62777457260964;1,43790880829806;1,22085994718278;1,60616273421994;1,66185795539309;1,82280167419465;1,53502591153856;2,03174490343709;1,60807750502692;-19,2417130414084;-3,68783563053953;-6,61765924180583;-6,99606346443236;-5,86317244115215;-5,51495529071816;-11,6492872076154;-12,4078840221423;-6,07386567824379;-16,4452001607834;-11,1264558411833;-18,4119066924961;-25,3497131618707;-25,1186183431689;-16,1529241662379;-16,6683966462068;-26,6303402812389;-26,376949772366;-13,7046393897514;-19,1950106200335;2,68199219822906;1,52838389719892;1,55555567096163;0,906735395569924;0,505569093294629;0,505568510213577;0,542423295383888;0,645128743653648;0,999999654320567;0,839312184375599;0,686365732674007;0,484882772849465;0,338111817657018;-2,10248812611053;-2,39107314816938;-2,57999843988065;-3,04445220952412;-3,98728360456804;-3,99415245406221;-3,32287235000668;-2,69628304501951;-2,14040516008494;-1,19633754221421;-1,84960330131371;-2,2603080512661;-2,90414846937821;-4,92141460905742;-4,97090981906528;-4,04731849779858;-3,37322715574267;-2,69455527776592;0,0576794539318144;0,0155854222123021;0,0401387249306073;0,0163999959496525;0,0336234616251015;0,00774680590242334;0,0133265931673394;0,00615715054981555;-3;-3;1;1;0,1634414444230804;-3;-1,62223764185114;1;1;1;-11189,8896238833;NA;All
4270;1,96257758434098;2,87415933563341;2,32355139752399;2,69474155345606;2,68531789180513;2,29053059399079;2,31860704918659;2,23305006681852;2,48313477831144;1,94897073517181;1,95515506819309;1,62777457260964;1,43790880829806;1,22085994718278;1,60616273421994;1,66185795539309;1,82280167419465;1,53502591153856;2,03174490343709;1,60807750502692;-19,2417130414084;-3,68783563053953;-6,61765924180583;-6,99606346443236;-5,86317244115215;-5,51495529071816;-11,6492872076154;-12,4078840221423;-6,07386567824379;-16,4452001607834;-11,1264558411833;-18,4119066924961;-25,3497131618707;-25,1186183431689;-16,1529241662379;-16,6683966462068;-26,6303402812389;-26,376949772366;-13,7046393897514;-19,1950106200335;2,68199219822906;1,52838389719892;1,55555567096163;0,906735395569924;0,505569093294629;0,505568510213577;0,542423295383888;0,645128743653648;0,999999654320567;0,839312184375599;0,686365732674007;0,484882772849465;0,338111817657018;-2,10248812611053;-2,39107314816938;-2,57999843988065;-3,04445220952412;-3,98728360456804;-3,99415245406221;-3,32287235000668;-2,69628304501951;-2,14040516008494;-1,19633754221421;-1,84960330131371;-2,2603080512661;-2,90414846937821;-4,92141460905742;-4,97090981906528;-4,04731849779858;-3,37322715574267;-2,69455527776592;0,0576794539318144;0,0155854222123021;0,0401387249306073;0,0163999959496525;0,0336234616251015;0,00774680590242334;0,0133265931673394;0,00615715054981555;-3;-3;1;1;0,1857591599031435;-3;-2,00492088263786;1;1;1;-11189,1091854064;NA;All
4280;1,96257758434098;2,87415933563341;2,32355139752399;2,69474155345606;2,68531789180513;2,29053059399079;2,31860704918659;2,23305006681852;2,48313477831144;1,94897073517181;1,95515506819309;1,62777457260964;1,43790880829806;1,22085994718278;1,60616273421994;1,66185795539309;1,82280167419465;1,53502591153856;2,03174490343709;1,60807750502692;-19,2417130414084;-3,68783563053953;-6,61765924180583;-6,99606346443236;-5,86317244115215;-5,51495529071816;-11,6492872076154;-12,4078840221423;-6,07386567824379;-16,4452001607834;-11,1264558411833;-18,4119066924961;-25,3497131618707;-25,1186183431689;-16,1529241662379;-16,6683966462068;-26,6303402812389;-26,376949772366;-13,7046393897514;-19,1950106200335;2,68199219822906;1,52838389719892;1,55555567096163;0,906735395569924;0,505569093294629;0,505568510213577;0,542423295383888;0,645128743653648;0,999999654320567;0,839312184375599;0,686365732674007;0,484882772849465;0,338111817657018;-2,10248812611053;-2,39107314816938;-2,57999843988065;-3,04445220952412;-3,98728360456804;-3,99415245406221;-3,32287235000668;-2,69628304501951;-2,14040516008494;-1,19633754221421;-1,84960330131371;-2,2603080512661;-2,90414846937821;-4,92141460905742;-4,97090981906528;-4,04731849779858;-3,37322715574267;-2,69455527776592;0,0576794539318144;0,0155854222123021;0,0401387249306073;0,0163999959496525;0,0336234616251015;0,00774680590242334;0,0133265931673394;0,00615715054981555;-3;-3;1;1;0,2032736876032897;-3;-2,17440833858668;1;1;1;-11188,9787044918;NA;All
4290;1,96257758434098;2,87415933563341;2,32355139752399;2,69474155345606;2,68531789180513;2,29053059399079;2,31860704918659;2,23305006681852;2,48313477831144;1,94897073517181;1,95515506819309;1,62777457260964;1,43790880829806;1,22085994718278;1,60616273421994;1,66185795539309;1,82280167419465;1,53502591153856;2,03174490343709;1,60807750502692;-19,2417130414084;-3,68783563053953;-6,61765924180583;-6,99606346443236;-5,86317244115215;-5,51495529071816;-11,6492872076154;-12,4078840221423;-6,07386567824379;-16,4452001607834;-11,1264558411833;-18,4119066924961;-25,3497131618707;-25,1186183431689;-16,1529241662379;-16,6683966462068;-26,6303402812389;-26,376949772366;-13,7046393897514;-19,1950106200335;2,68199219822906;1,52838389719892;1,55555567096163;0,906735395569924;0,505569093294629;0,505568510213577;0,542423295383888;0,645128743653648;0,999999654320567;0,839312184375599;0,686365732674007;0,484882772849465;0,338111817657018;-2,10248812611053;-2,39107314816938;-2,57999843988065;-3,04445220952412;-3,98728360456804;-3,99415245406221;-3,32287235000668;-2,69628304501951;-2,14040516008494;-1,19633754221421;-1,84960330131371;-2,2603080512661;-2,90414846937821;-4,92141460905742;-4,97090981906528;-4,04731849779858;-3,37322715574267;-2,69455527776592;0,0576794539318144;0,0155854222123021;0,0401387249306073;0,0163999959496525;0,0336234616251015;0,00774680590242334;0,0133265931673394;0,00615715054981555;-3;-3;1;1;0,2731024317767801;-3;-2,18963381653398;1;1;1;-11189,5807581701;NA;All
4300;1,96257758434098;2,87415933563341;2,32355139752399;2,69474155345606;2,68531789180513;2,29053059399079;2,31860704918659;2,23305006681852;2,48313477831144;1,94897073517181;1,95515506819309;1,62777457260964;1,43790880829806;1,22085994718278;1,60616273421994;1,66185795539309;1,82280167419465;1,53502591153856;2,03174490343709;1,60807750502692;-19,2417130414084;-3,68783563053953;-6,61765924180583;-6,99606346443236;-5,86317244115215;-5,51495529071816;-11,6492872076154;-12,4078840221423;-6,07386567824379;-16,4452001607834;-11,1264558411833;-18,4119066924961;-25,3497131618707;-25,1186183431689;-16,1529241662379;-16,6683966462068;-26,6303402812389;-26,376949772366;-13,7046393897514;-19,1950106200335;2,68199219822906;1,52838389719892;1,55555567096163;0,906735395569924;0,505569093294629;0,505568510213577;0,542423295383888;0,645128743653648;0,999999654320567;0,839312184375599;0,686365732674007;0,484882772849465;0,338111817657018;-2,10248812611053;-2,39107314816938;-2,57999843988065;-3,04445220952412;-3,98728360456804;-3,99415245406221;-3,32287235000668;-2,69628304501951;-2,14040516008494;-1,19633754221421;-1,84960330131371;-2,2603080512661;-2,90414846937821;-4,92141460905742;-4,97090981906528;-4,04731849779858;-3,37322715574267;-2,69455527776592;0,0576794539318144;0,0155854222123021;0,0401387249306073;0,0163999959496525;0,0336234616251015;0,00774680590242334;0,0133265931673394;0,00615715054981555;-3;-3;1;1;0,0884569412882107;-3;-2,61574261653974;1;1;1;-11190,2889046794;NA;All
4310;1,96257758434098;2,87415933563341;2,32355139752399;2,69474155345606;2,68531789180513;2,29053059399079;2,31860704918659;2,23305006681852;2,48313477831144;1,94897073517181;1,95515506819309;1,62777457260964;1,43790880829806;1,22085994718278;1,60616273421994;1,66185795539309;1,82280167419465;1,53502591153856;2,03174490343709;1,60807750502692;-19,2417130414084;-3,68783563053953;-6,61765924180583;-6,99606346443236;-5,86317244115215;-5,51495529071816;-11,6492872076154;-12,4078840221423;-6,07386567824379;-16,4452001607834;-11,1264558411833;-18,4119066924961;-25,3497131618707;-25,1186183431689;-16,1529241662379;-16,6683966462068;-26,6303402812389;-26,376949772366;-13,7046393897514;-19,1950106200335;2,68199219822906;1,52838389719892;1,55555567096163;0,906735395569924;0,505569093294629;0,505568510213577;0,542423295383888;0,645128743653648;0,999999654320567;0,839312184375599;0,686365732674007;0,484882772849465;0,338111817657018;-2,10248812611053;-2,39107314816938;-2,57999843988065;-3,04445220952412;-3,98728360456804;-3,99415245406221;-3,32287235000668;-2,69628304501951;-2,14040516008494;-1,19633754221421;-1,84960330131371;-2,2603080512661;-2,90414846937821;-4,92141460905742;-4,97090981906528;-4,04731849779858;-3,37322715574267;-2,69455527776592;0,0576794539318144;0,0155854222123021;0,0401387249306073;0,0163999959496525;0,0336234616251015;0,00774680590242334;0,0133265931673394;0,00615715054981555;-3;-3;1;1;0,0830907521515221;-3;-1,85557673208611;1;1;1;-11191,0127928924;NA;All
4320;1,96257758434098;2,87415933563341;2,32355139752399;2,69474155345606;2,68531789180513;2,29053059399079;2,31860704918659;2,23305006681852;2,48313477831144;1,94897073517181;1,95515506819309;1,62777457260964;1,43790880829806;1,22085994718278;1,60616273421994;1,66185795539309;1,82280167419465;1,53502591153856;2,03174490343709;1,60807750502692;-19,2417130414084;-3,68783563053953;-6,61765924180583;-6,99606346443236;-5,86317244115215;-5,51495529071816;-11,6492872076154;-12,4078840221423;-6,07386567824379;-16,4452001607834;-11,1264558411833;-18,4119066924961;-25,3497131618707;-25,1186183431689;-16,1529241662379;-16,6683966462068;-26,6303402812389;-26,376949772366;-13,7046393897514;-19,1950106200335;2,68199219822906;1,52838389719892;1,55555567096163;0,906735395569924;0,505569093294629;0,505568510213577;0,542423295383888;0,645128743653648;0,999999654320567;0,839312184375599;0,686365732674007;0,484882772849465;0,338111817657018;-2,10248812611053;-2,39107314816938;-2,57999843988065;-3,04445220952412;-3,98728360456804;-3,99415245406221;-3,32287235000668;-2,69628304501951;-2,14040516008494;-1,19633754221421;-1,84960330131371;-2,2603080512661;-2,90414846937821;-4,92141460905742;-4,97090981906528;-4,04731849779858;-3,37322715574267;-2,69455527776592;0,0576794539318144;0,0155854222123021;0,0401387249306073;0,0163999959496525;0,0336234616251015;0,00774680590242334;0,0133265931673394;0,00615715054981555;-3;-3;1;1;0,1116334046188094;-3;-3,49832683351505;1;1;1;-11189,5321043585;NA;All
4330;1,96257758434098;2,87415933563341;2,32355139752399;2,69474155345606;2,68531789180513;2,29053059399079;2,31860704918659;2,23305006681852;2,48313477831144;1,94897073517181;1,95515506819309;1,62777457260964;1,43790880829806;1,22085994718278;1,60616273421994;1,66185795539309;1,82280167419465;1,53502591153856;2,03174490343709;1,60807750502692;-19,2417130414084;-3,68783563053953;-6,61765924180583;-6,99606346443236;-5,86317244115215;-5,51495529071816;-11,6492872076154;-12,4078840221423;-6,07386567824379;-16,4452001607834;-11,1264558411833;-18,4119066924961;-25,3497131618707;-25,1186183431689;-16,1529241662379;-16,6683966462068;-26,6303402812389;-26,376949772366;-13,7046393897514;-19,1950106200335;2,68199219822906;1,52838389719892;1,55555567096163;0,906735395569924;0,505569093294629;0,505568510213577;0,542423295383888;0,645128743653648;0,999999654320567;0,839312184375599;0,686365732674007;0,484882772849465;0,338111817657018;-2,10248812611053;-2,39107314816938;-2,57999843988065;-3,04445220952412;-3,98728360456804;-3,99415245406221;-3,32287235000668;-2,69628304501951;-2,14040516008494;-1,19633754221421;-1,84960330131371;-2,2603080512661;-2,90414846937821;-4,92141460905742;-4,97090981906528;-4,04731849779858;-3,37322715574267;-2,69455527776592;0,0576794539318144;0,0155854222123021;0,0401387249306073;0,0163999959496525;0,0336234616251015;0,00774680590242334;0,0133265931673394;0,00615715054981555;-3;-3;1;1;0,1698375114038189;-3;-3,03155865642773;1;1;1;-11188,7687144601;NA;All
4340;1,96257758434098;2,87415933563341;2,32355139752399;2,69474155345606;2,68531789180513;2,29053059399079;2,31860704918659;2,23305006681852;2,48313477831144;1,94897073517181;1,95515506819309;1,62777457260964;1,43790880829806;1,22085994718278;1,60616273421994;1,66185795539309;1,82280167419465;1,53502591153856;2,03174490343709;1,60807750502692;-19,2417130414084;-3,68783563053953;-6,61765924180583;-6,99606346443236;-5,86317244115215;-5,51495529071816;-11,6492872076154;-12,4078840221423;-6,07386567824379;-16,4452001607834;-11,1264558411833;-18,4119066924961;-25,3497131618707;-25,1186183431689;-16,1529241662379;-16,6683966462068;-26,6303402812389;-26,376949772366;-13,7046393897514;-19,1950106200335;2,68199219822906;1,52838389719892;1,55555567096163;0,906735395569924;0,505569093294629;0,505568510213577;0,542423295383888;0,645128743653648;0,999999654320567;0,839312184375599;0,686365732674007;0,484882772849465;0,338111817657018;-2,10248812611053;-2,39107314816938;-2,57999843988065;-3,04445220952412;-3,98728360456804;-3,99415245406221;-3,32287235000668;-2,69628304501951;-2,14040516008494;-1,19633754221421;-1,84960330131371;-2,2603080512661;-2,90414846937821;-4,92141460905742;-4,97090981906528;-4,04731849779858;-3,37322715574267;-2,69455527776592;0,0576794539318144;0,0155854222123021;0,0401387249306073;0,0163999959496525;0,0336234616251015;0,00774680590242334;0,0133265931673394;0,00615715054981555;-3;-3;1;1;0,1892701669823522;-3;-2,85723464306085;1;1;1;-11188,7384617165;NA;All
4350;1,96257758434098;2,87415933563341;2,32355139752399;2,69474155345606;2,68531789180513;2,29053059399079;2,31860704918659;2,23305006681852;2,48313477831144;1,94897073517181;1,95515506819309;1,62777457260964;1,43790880829806;1,22085994718278;1,60616273421994;1,66185795539309;1,82280167419465;1,53502591153856;2,03174490343709;1,60807750502692;-19,2417130414084;-3,68783563053953;-6,61765924180583;-6,99606346443236;-5,86317244115215;-5,51495529071816;-11,6492872076154;-12,4078840221423;-6,07386567824379;-16,4452001607834;-11,1264558411833;-18,4119066924961;-25,3497131618707;-25,1186183431689;-16,1529241662379;-16,6683966462068;-26,6303402812389;-26,376949772366;-13,7046393897514;-19,1950106200335;2,68199219822906;1,52838389719892;1,55555567096163;0,906735395569924;0,505569093294629;0,505568510213577;0,542423295383888;0,645128743653648;0,999999654320567;0,839312184375599;0,686365732674007;0,484882772849465;0,338111817657018;-2,10248812611053;-2,39107314816938;-2,57999843988065;-3,04445220952412;-3,98728360456804;-3,99415245406221;-3,32287235000668;-2,69628304501951;-2,14040516008494;-1,19633754221421;-1,84960330131371;-2,2603080512661;-2,90414846937821;-4,92141460905742;-4,97090981906528;-4,04731849779858;-3,37322715574267;-2,69455527776592;0,0576794539318144;0,0155854222123021;0,0401387249306073;0,0163999959496525;0,0336234616251015;0,00774680590242334;0,0133265931673394;0,00615715054981555;-3;-3;1;1;0,2079425861232395;-3;-3,93921321616955;1;1;1;-11188,7179055193;NA;All
4360;1,96257758434098;2,87415933563341;2,32355139752399;2,69474155345606;2,68531789180513;2,29053059399079;2,31860704918659;2,23305006681852;2,48313477831144;1,94897073517181;1,95515506819309;1,62777457260964;1,43790880829806;1,22085994718278;1,60616273421994;1,66185795539309;1,82280167419465;1,53502591153856;2,03174490343709;1,60807750502692;-19,2417130414084;-3,68783563053953;-6,61765924180583;-6,99606346443236;-5,86317244115215;-5,51495529071816;-11,6492872076154;-12,4078840221423;-6,07386567824379;-16,4452001607834;-11,1264558411833;-18,4119066924961;-25,3497131618707;-25,1186183431689;-16,1529241662379;-16,6683966462068;-26,6303402812389;-26,376949772366;-13,7046393897514;-19,1950106200335;2,68199219822906;1,52838389719892;1,55555567096163;0,906735395569924;0,505569093294629;0,505568510213577;0,542423295383888;0,645128743653648;0,999999654320567;0,839312184375599;0,686365732674007;0,484882772849465;0,338111817657018;-2,10248812611053;-2,39107314816938;-2,57999843988065;-3,04445220952412;-3,98728360456804;-3,99415245406221;-3,32287235000668;-2,69628304501951;-2,14040516008494;-1,19633754221421;-1,84960330131371;-2,2603080512661;-2,90414846937821;-4,92141460905742;-4,97090981906528;-4,04731849779858;-3,37322715574267;-2,69455527776592;0,0576794539318144;0,0155854222123021;0,0401387249306073;0,0163999959496525;0,0336234616251015;0,00774680590242334;0,0133265931673394;0,00615715054981555;-3;-3;1;1;0,2482780564813636;-3;-2,56197722769947;1;1;1;-11189,1170590439;NA;All
4370;1,96257758434098;2,87415933563341;2,32355139752399;2,69474155345606;2,68531789180513;2,29053059399079;2,31860704918659;2,23305006681852;2,48313477831144;1,94897073517181;1,95515506819309;1,62777457260964;1,43790880829806;1,22085994718278;1,60616273421994;1,66185795539309;1,82280167419465;1,53502591153856;2,03174490343709;1,60807750502692;-19,2417130414084;-3,68783563053953;-6,61765924180583;-6,99606346443236;-5,86317244115215;-5,51495529071816;-11,6492872076154;-12,4078840221423;-6,07386567824379;-16,4452001607834;-11,1264558411833;-18,4119066924961;-25,3497131618707;-25,1186183431689;-16,1529241662379;-16,6683966462068;-26,6303402812389;-26,376949772366;-13,7046393897514;-19,1950106200335;2,68199219822906;1,52838389719892;1,55555567096163;0,906735395569924;0,505569093294629;0,505568510213577;0,542423295383888;0,645128743653648;0,999999654320567;0,839312184375599;0,686365732674007;0,484882772849465;0,338111817657018;-2,10248812611053;-2,39107314816938;-2,57999843988065;-3,04445220952412;-3,98728360456804;-3,99415245406221;-3,32287235000668;-2,69628304501951;-2,14040516008494;-1,19633754221421;-1,84960330131371;-2,2603080512661;-2,90414846937821;-4,92141460905742;-4,97090981906528;-4,04731849779858;-3,37322715574267;-2,69455527776592;0,0576794539318144;0,0155854222123021;0,0401387249306073;0,0163999959496525;0,0336234616251015;0,00774680590242334;0,0133265931673394;0,00615715054981555;-3;-3;1;1;0,3039224069245779;-3;-1,66737257126960;1;1;1;-11190,7735195480;NA;All
4380;1,96257758434098;2,87415933563341;2,32355139752399;2,69474155345606;2,68531789180513;2,29053059399079;2,31860704918659;2,23305006681852;2,48313477831144;1,94897073517181;1,95515506819309;1,62777457260964;1,43790880829806;1,22085994718278;1,60616273421994;1,66185795539309;1,82280167419465;1,53502591153856;2,03174490343709;1,60807750502692;-19,2417130414084;-3,68783563053953;-6,61765924180583;-6,99606346443236;-5,86317244115215;-5,51495529071816;-11,6492872076154;-12,4078840221423;-6,07386567824379;-16,4452001607834;-11,1264558411833;-18,4119066924961;-25,3497131618707;-25,1186183431689;-16,1529241662379;-16,6683966462068;-26,6303402812389;-26,376949772366;-13,7046393897514;-19,1950106200335;2,68199219822906;1,52838389719892;1,55555567096163;0,906735395569924;0,505569093294629;0,505568510213577;0,542423295383888;0,645128743653648;0,999999654320567;0,839312184375599;0,686365732674007;0,484882772849465;0,338111817657018;-2,10248812611053;-2,39107314816938;-2,57999843988065;-3,04445220952412;-3,98728360456804;-3,99415245406221;-3,32287235000668;-2,69628304501951;-2,14040516008494;-1,19633754221421;-1,84960330131371;-2,2603080512661;-2,90414846937821;-4,92141460905742;-4,97090981906528;-4,04731849779858;-3,37322715574267;-2,69455527776592;0,0576794539318144;0,0155854222123021;0,0401387249306073;0,0163999959496525;0,0336234616251015;0,00774680590242334;0,0133265931673394;0,00615715054981555;-3;-3;1;1;0,1283310459091748;-3;-3,85566771964282;1;1;1;-11189,1837471648;NA;All
4390;1,96257758434098;2,87415933563341;2,32355139752399;2,69474155345606;2,68531789180513;2,29053059399079;2,31860704918659;2,23305006681852;2,48313477831144;1,94897073517181;1,95515506819309;1,62777457260964;1,43790880829806;1,22085994718278;1,60616273421994;1,66185795539309;1,82280167419465;1,53502591153856;2,03174490343709;1,60807750502692;-19,2417130414084;-3,68783563053953;-6,61765924180583;-6,99606346443236;-5,86317244115215;-5,51495529071816;-11,6492872076154;-12,4078840221423;-6,07386567824379;-16,4452001607834;-11,1264558411833;-18,4119066924961;-25,3497131618707;-25,1186183431689;-16,1529241662379;-16,6683966462068;-26,6303402812389;-26,376949772366;-13,7046393897514;-19,1950106200335;2,68199219822906;1,52838389719892;1,55555567096163;0,906735395569924;0,505569093294629;0,505568510213577;0,542423295383888;0,645128743653648;0,999999654320567;0,839312184375599;0,686365732674007;0,484882772849465;0,338111817657018;-2,10248812611053;-2,39107314816938;-2,57999843988065;-3,04445220952412;-3,98728360456804;-3,99415245406221;-3,32287235000668;-2,69628304501951;-2,14040516008494;-1,19633754221421;-1,84960330131371;-2,2603080512661;-2,90414846937821;-4,92141460905742;-4,97090981906528;-4,04731849779858;-3,37322715574267;-2,69455527776592;0,0576794539318144;0,0155854222123021;0,0401387249306073;0,0163999959496525;0,0336234616251015;0,00774680590242334;0,0133265931673394;0,00615715054981555;-3;-3;1;1;0,4013130676302956;-3;-3,41077568009845;1;1;1;-11192,0736178043;NA;All
4400;1,96257758434098;2,87415933563341;2,32355139752399;2,69474155345606;2,68531789180513;2,29053059399079;2,31860704918659;2,23305006681852;2,48313477831144;1,94897073517181;1,95515506819309;1,62777457260964;1,43790880829806;1,22085994718278;1,60616273421994;1,66185795539309;1,82280167419465;1,53502591153856;2,03174490343709;1,60807750502692;-19,2417130414084;-3,68783563053953;-6,61765924180583;-6,99606346443236;-5,86317244115215;-5,51495529071816;-11,6492872076154;-12,4078840221423;-6,07386567824379;-16,4452001607834;-11,1264558411833;-18,4119066924961;-25,3497131618707;-25,1186183431689;-16,1529241662379;-16,6683966462068;-26,6303402812389;-26,376949772366;-13,7046393897514;-19,1950106200335;2,68199219822906;1,52838389719892;1,55555567096163;0,906735395569924;0,505569093294629;0,505568510213577;0,542423295383888;0,645128743653648;0,999999654320567;0,839312184375599;0,686365732674007;0,484882772849465;0,338111817657018;-2,10248812611053;-2,39107314816938;-2,57999843988065;-3,04445220952412;-3,98728360456804;-3,99415245406221;-3,32287235000668;-2,69628304501951;-2,14040516008494;-1,19633754221421;-1,84960330131371;-2,2603080512661;-2,90414846937821;-4,92141460905742;-4,97090981906528;-4,04731849779858;-3,37322715574267;-2,69455527776592;0,0576794539318144;0,0155854222123021;0,0401387249306073;0,0163999959496525;0,0336234616251015;0,00774680590242334;0,0133265931673394;0,00615715054981555;-3;-3;1;1;0,1551759473270016;-3;-3,80135530921751;1;1;1;-11188,8379537381;NA;All
4410;1,96257758434098;2,87415933563341;2,32355139752399;2,69474155345606;2,68531789180513;2,29053059399079;2,31860704918659;2,23305006681852;2,48313477831144;1,94897073517181;1,95515506819309;1,62777457260964;1,43790880829806;1,22085994718278;1,60616273421994;1,66185795539309;1,82280167419465;1,53502591153856;2,03174490343709;1,60807750502692;-19,2417130414084;-3,68783563053953;-6,61765924180583;-6,99606346443236;-5,86317244115215;-5,51495529071816;-11,6492872076154;-12,4078840221423;-6,07386567824379;-16,4452001607834;-11,1264558411833;-18,4119066924961;-25,3497131618707;-25,1186183431689;-16,1529241662379;-16,6683966462068;-26,6303402812389;-26,376949772366;-13,7046393897514;-19,1950106200335;2,68199219822906;1,52838389719892;1,55555567096163;0,906735395569924;0,505569093294629;0,505568510213577;0,542423295383888;0,645128743653648;0,999999654320567;0,839312184375599;0,686365732674007;0,484882772849465;0,338111817657018;-2,10248812611053;-2,39107314816938;-2,57999843988065;-3,04445220952412;-3,98728360456804;-3,99415245406221;-3,32287235000668;-2,69628304501951;-2,14040516008494;-1,19633754221421;-1,84960330131371;-2,2603080512661;-2,90414846937821;-4,92141460905742;-4,97090981906528;-4,04731849779858;-3,37322715574267;-2,69455527776592;0,0576794539318144;0,0155854222123021;0,0401387249306073;0,0163999959496525;0,0336234616251015;0,00774680590242334;0,0133265931673394;0,00615715054981555;-3;-3;1;1;0,2720885643820731;-3;-3,64202530700692;1;1;1;-11189,3111217866;NA;All
4420;1,96257758434098;2,87415933563341;2,32355139752399;2,69474155345606;2,68531789180513;2,29053059399079;2,31860704918659;2,23305006681852;2,48313477831144;1,94897073517181;1,95515506819309;1,62777457260964;1,43790880829806;1,22085994718278;1,60616273421994;1,66185795539309;1,82280167419465;1,53502591153856;2,03174490343709;1,60807750502692;-19,2417130414084;-3,68783563053953;-6,61765924180583;-6,99606346443236;-5,86317244115215;-5,51495529071816;-11,6492872076154;-12,4078840221423;-6,07386567824379;-16,4452001607834;-11,1264558411833;-18,4119066924961;-25,3497131618707;-25,1186183431689;-16,1529241662379;-16,6683966462068;-26,6303402812389;-26,376949772366;-13,7046393897514;-19,1950106200335;2,68199219822906;1,52838389719892;1,55555567096163;0,906735395569924;0,505569093294629;0,505568510213577;0,542423295383888;0,645128743653648;0,999999654320567;0,839312184375599;0,686365732674007;0,484882772849465;0,338111817657018;-2,10248812611053;-2,39107314816938;-2,57999843988065;-3,04445220952412;-3,98728360456804;-3,99415245406221;-3,32287235000668;-2,69628304501951;-2,14040516008494;-1,19633754221421;-1,84960330131371;-2,2603080512661;-2,90414846937821;-4,92141460905742;-4,97090981906528;-4,04731849779858;-3,37322715574267;-2,69455527776592;0,0576794539318144;0,0155854222123021;0,0401387249306073;0,0163999959496525;0,0336234616251015;0,00774680590242334;0,0133265931673394;0,00615715054981555;-3;-3;1;1;0,2709342324353710;-3;-3,01076097138604;1;1;1;-11189,3241805164;NA;All
4430;1,96257758434098;2,87415933563341;2,32355139752399;2,69474155345606;2,68531789180513;2,29053059399079;2,31860704918659;2,23305006681852;2,48313477831144;1,94897073517181;1,95515506819309;1,62777457260964;1,43790880829806;1,22085994718278;1,60616273421994;1,66185795539309;1,82280167419465;1,53502591153856;2,03174490343709;1,60807750502692;-19,2417130414084;-3,68783563053953;-6,61765924180583;-6,99606346443236;-5,86317244115215;-5,51495529071816;-11,6492872076154;-12,4078840221423;-6,07386567824379;-16,4452001607834;-11,1264558411833;-18,4119066924961;-25,3497131618707;-25,1186183431689;-16,1529241662379;-16,6683966462068;-26,6303402812389;-26,376949772366;-13,7046393897514;-19,1950106200335;2,68199219822906;1,52838389719892;1,55555567096163;0,906735395569924;0,505569093294629;0,505568510213577;0,542423295383888;0,645128743653648;0,999999654320567;0,839312184375599;0,686365732674007;0,484882772849465;0,338111817657018;-2,10248812611053;-2,39107314816938;-2,57999843988065;-3,04445220952412;-3,98728360456804;-3,99415245406221;-3,32287235000668;-2,69628304501951;-2,14040516008494;-1,19633754221421;-1,84960330131371;-2,2603080512661;-2,90414846937821;-4,92141460905742;-4,97090981906528;-4,04731849779858;-3,37322715574267;-2,69455527776592;0,0576794539318144;0,0155854222123021;0,0401387249306073;0,0163999959496525;0,0336234616251015;0,00774680590242334;0,0133265931673394;0,00615715054981555;-3;-3;1;1;0,2753474233873892;-3;-3,42607856404846;1;1;1;-11189,3639553428;NA;All
4440;1,96257758434098;2,87415933563341;2,32355139752399;2,69474155345606;2,68531789180513;2,29053059399079;2,31860704918659;2,23305006681852;2,48313477831144;1,94897073517181;1,95515506819309;1,62777457260964;1,43790880829806;1,22085994718278;1,60616273421994;1,66185795539309;1,82280167419465;1,53502591153856;2,03174490343709;1,60807750502692;-19,2417130414084;-3,68783563053953;-6,61765924180583;-6,99606346443236;-5,86317244115215;-5,51495529071816;-11,6492872076154;-12,4078840221423;-6,07386567824379;-16,4452001607834;-11,1264558411833;-18,4119066924961;-25,3497131618707;-25,1186183431689;-16,1529241662379;-16,6683966462068;-26,6303402812389;-26,376949772366;-13,7046393897514;-19,1950106200335;2,68199219822906;1,52838389719892;1,55555567096163;0,906735395569924;0,505569093294629;0,505568510213577;0,542423295383888;0,645128743653648;0,999999654320567;0,839312184375599;0,686365732674007;0,484882772849465;0,338111817657018;-2,10248812611053;-2,39107314816938;-2,57999843988065;-3,04445220952412;-3,98728360456804;-3,99415245406221;-3,32287235000668;-2,69628304501951;-2,14040516008494;-1,19633754221421;-1,84960330131371;-2,2603080512661;-2,90414846937821;-4,92141460905742;-4,97090981906528;-4,04731849779858;-3,37322715574267;-2,69455527776592;0,0576794539318144;0,0155854222123021;0,0401387249306073;0,0163999959496525;0,0336234616251015;0,00774680590242334;0,0133265931673394;0,00615715054981555;-3;-3;1;1;0,1442466953214481;-3;-2,51853166564021;1;1;1;-11189,0713924942;NA;All
4450;1,96257758434098;2,87415933563341;2,32355139752399;2,69474155345606;2,68531789180513;2,29053059399079;2,31860704918659;2,23305006681852;2,48313477831144;1,94897073517181;1,95515506819309;1,62777457260964;1,43790880829806;1,22085994718278;1,60616273421994;1,66185795539309;1,82280167419465;1,53502591153856;2,03174490343709;1,60807750502692;-19,2417130414084;-3,68783563053953;-6,61765924180583;-6,99606346443236;-5,86317244115215;-5,51495529071816;-11,6492872076154;-12,4078840221423;-6,07386567824379;-16,4452001607834;-11,1264558411833;-18,4119066924961;-25,3497131618707;-25,1186183431689;-16,1529241662379;-16,6683966462068;-26,6303402812389;-26,376949772366;-13,7046393897514;-19,1950106200335;2,68199219822906;1,52838389719892;1,55555567096163;0,906735395569924;0,505569093294629;0,505568510213577;0,542423295383888;0,645128743653648;0,999999654320567;0,839312184375599;0,686365732674007;0,484882772849465;0,338111817657018;-2,10248812611053;-2,39107314816938;-2,57999843988065;-3,04445220952412;-3,98728360456804;-3,99415245406221;-3,32287235000668;-2,69628304501951;-2,14040516008494;-1,19633754221421;-1,84960330131371;-2,2603080512661;-2,90414846937821;-4,92141460905742;-4,97090981906528;-4,04731849779858;-3,37322715574267;-2,69455527776592;0,0576794539318144;0,0155854222123021;0,0401387249306073;0,0163999959496525;0,0336234616251015;0,00774680590242334;0,0133265931673394;0,00615715054981555;-3;-3;1;1;0,2527134819545541;-3;-3,18360397764322;1;1;1;-11189,0810803549;NA;All
4460;1,96257758434098;2,87415933563341;2,32355139752399;2,69474155345606;2,68531789180513;2,29053059399079;2,31860704918659;2,23305006681852;2,48313477831144;1,94897073517181;1,95515506819309;1,62777457260964;1,43790880829806;1,22085994718278;1,60616273421994;1,66185795539309;1,82280167419465;1,53502591153856;2,03174490343709;1,60807750502692;-19,2417130414084;-3,68783563053953;-6,61765924180583;-6,99606346443236;-5,86317244115215;-5,51495529071816;-11,6492872076154;-12,4078840221423;-6,07386567824379;-16,4452001607834;-11,1264558411833;-18,4119066924961;-25,3497131618707;-25,1186183431689;-16,1529241662379;-16,6683966462068;-26,6303402812389;-26,376949772366;-13,7046393897514;-19,1950106200335;2,68199219822906;1,52838389719892;1,55555567096163;0,906735395569924;0,505569093294629;0,505568510213577;0,542423295383888;0,645128743653648;0,999999654320567;0,839312184375599;0,686365732674007;0,484882772849465;0,338111817657018;-2,10248812611053;-2,39107314816938;-2,57999843988065;-3,04445220952412;-3,98728360456804;-3,99415245406221;-3,32287235000668;-2,69628304501951;-2,14040516008494;-1,19633754221421;-1,84960330131371;-2,2603080512661;-2,90414846937821;-4,92141460905742;-4,97090981906528;-4,04731849779858;-3,37322715574267;-2,69455527776592;0,0576794539318144;0,0155854222123021;0,0401387249306073;0,0163999959496525;0,0336234616251015;0,00774680590242334;0,0133265931673394;0,00615715054981555;-3;-3;1;1;0,2572676551279205;-3;-3,11413399302239;1;1;1;-11189,1391829520;NA;All
4470;1,96257758434098;2,87415933563341;2,32355139752399;2,69474155345606;2,68531789180513;2,29053059399079;2,31860704918659;2,23305006681852;2,48313477831144;1,94897073517181;1,95515506819309;1,62777457260964;1,43790880829806;1,22085994718278;1,60616273421994;1,66185795539309;1,82280167419465;1,53502591153856;2,03174490343709;1,60807750502692;-19,2417130414084;-3,68783563053953;-6,61765924180583;-6,99606346443236;-5,86317244115215;-5,51495529071816;-11,6492872076154;-12,4078840221423;-6,07386567824379;-16,4452001607834;-11,1264558411833;-18,4119066924961;-25,3497131618707;-25,1186183431689;-16,1529241662379;-16,6683966462068;-26,6303402812389;-26,376949772366;-13,7046393897514;-19,1950106200335;2,68199219822906;1,52838389719892;1,55555567096163;0,906735395569924;0,505569093294629;0,505568510213577;0,542423295383888;0,645128743653648;0,999999654320567;0,839312184375599;0,686365732674007;0,484882772849465;0,338111817657018;-2,10248812611053;-2,39107314816938;-2,57999843988065;-3,04445220952412;-3,98728360456804;-3,99415245406221;-3,32287235000668;-2,69628304501951;-2,14040516008494;-1,19633754221421;-1,84960330131371;-2,2603080512661;-2,90414846937821;-4,92141460905742;-4,97090981906528;-4,04731849779858;-3,37322715574267;-2,69455527776592;0,0576794539318144;0,0155854222123021;0,0401387249306073;0,0163999959496525;0,0336234616251015;0,00774680590242334;0,0133265931673394;0,00615715054981555;-3;-3;1;1;0,2011448688664775;-3;-3,54687110077489;1;1;1;-11188,7046297138;NA;All
4480;1,96257758434098;2,87415933563341;2,32355139752399;2,69474155345606;2,68531789180513;2,29053059399079;2,31860704918659;2,23305006681852;2,48313477831144;1,94897073517181;1,95515506819309;1,62777457260964;1,43790880829806;1,22085994718278;1,60616273421994;1,66185795539309;1,82280167419465;1,53502591153856;2,03174490343709;1,60807750502692;-19,2417130414084;-3,68783563053953;-6,61765924180583;-6,99606346443236;-5,86317244115215;-5,51495529071816;-11,6492872076154;-12,4078840221423;-6,07386567824379;-16,4452001607834;-11,1264558411833;-18,4119066924961;-25,3497131618707;-25,1186183431689;-16,1529241662379;-16,6683966462068;-26,6303402812389;-26,376949772366;-13,7046393897514;-19,1950106200335;2,68199219822906;1,52838389719892;1,55555567096163;0,906735395569924;0,505569093294629;0,505568510213577;0,542423295383888;0,645128743653648;0,999999654320567;0,839312184375599;0,686365732674007;0,484882772849465;0,338111817657018;-2,10248812611053;-2,39107314816938;-2,57999843988065;-3,04445220952412;-3,98728360456804;-3,99415245406221;-3,32287235000668;-2,69628304501951;-2,14040516008494;-1,19633754221421;-1,84960330131371;-2,2603080512661;-2,90414846937821;-4,92141460905742;-4,97090981906528;-4,04731849779858;-3,37322715574267;-2,69455527776592;0,0576794539318144;0,0155854222123021;0,0401387249306073;0,0163999959496525;0,0336234616251015;0,00774680590242334;0,0133265931673394;0,00615715054981555;-3;-3;1;1;0,1962452722719556;-3;-2,78388413498633;1;1;1;-11188,7516719063;NA;All
4490;1,96257758434098;2,87415933563341;2,32355139752399;2,69474155345606;2,68531789180513;2,29053059399079;2,31860704918659;2,23305006681852;2,48313477831144;1,94897073517181;1,95515506819309;1,62777457260964;1,43790880829806;1,22085994718278;1,60616273421994;1,66185795539309;1,82280167419465;1,53502591153856;2,03174490343709;1,60807750502692;-19,2417130414084;-3,68783563053953;-6,61765924180583;-6,99606346443236;-5,86317244115215;-5,51495529071816;-11,6492872076154;-12,4078840221423;-6,07386567824379;-16,4452001607834;-11,1264558411833;-18,4119066924961;-25,3497131618707;-25,1186183431689;-16,1529241662379;-16,6683966462068;-26,6303402812389;-26,376949772366;-13,7046393897514;-19,1950106200335;2,68199219822906;1,52838389719892;1,55555567096163;0,906735395569924;0,505569093294629;0,505568510213577;0,542423295383888;0,645128743653648;0,999999654320567;0,839312184375599;0,686365732674007;0,484882772849465;0,338111817657018;-2,10248812611053;-2,39107314816938;-2,57999843988065;-3,04445220952412;-3,98728360456804;-3,99415245406221;-3,32287235000668;-2,69628304501951;-2,14040516008494;-1,19633754221421;-1,84960330131371;-2,2603080512661;-2,90414846937821;-4,92141460905742;-4,97090981906528;-4,04731849779858;-3,37322715574267;-2,69455527776592;0,0576794539318144;0,0155854222123021;0,0401387249306073;0,0163999959496525;0,0336234616251015;0,00774680590242334;0,0133265931673394;0,00615715054981555;-3;-3;1;1;0,1110769712563529;-3;-2,04178247756361;1;1;1;-11189,9305915673;NA;All
4500;1,96257758434098;2,87415933563341;2,32355139752399;2,69474155345606;2,68531789180513;2,29053059399079;2,31860704918659;2,23305006681852;2,48313477831144;1,94897073517181;1,95515506819309;1,62777457260964;1,43790880829806;1,22085994718278;1,60616273421994;1,66185795539309;1,82280167419465;1,53502591153856;2,03174490343709;1,60807750502692;-19,2417130414084;-3,68783563053953;-6,61765924180583;-6,99606346443236;-5,86317244115215;-5,51495529071816;-11,6492872076154;-12,4078840221423;-6,07386567824379;-16,4452001607834;-11,1264558411833;-18,4119066924961;-25,3497131618707;-25,1186183431689;-16,1529241662379;-16,6683966462068;-26,6303402812389;-26,376949772366;-13,7046393897514;-19,1950106200335;2,68199219822906;1,52838389719892;1,55555567096163;0,906735395569924;0,505569093294629;0,505568510213577;0,542423295383888;0,645128743653648;0,999999654320567;0,839312184375599;0,686365732674007;0,484882772849465;0,338111817657018;-2,10248812611053;-2,39107314816938;-2,57999843988065;-3,04445220952412;-3,98728360456804;-3,99415245406221;-3,32287235000668;-2,69628304501951;-2,14040516008494;-1,19633754221421;-1,84960330131371;-2,2603080512661;-2,90414846937821;-4,92141460905742;-4,97090981906528;-4,04731849779858;-3,37322715574267;-2,69455527776592;0,0576794539318144;0,0155854222123021;0,0401387249306073;0,0163999959496525;0,0336234616251015;0,00774680590242334;0,0133265931673394;0,00615715054981555;-3;-3;1;1;0,1633290028188936;-3;-3,94732167658823;1;1;1;-11188,7737684924;NA;All
4510;1,96257758434098;2,87415933563341;2,32355139752399;2,69474155345606;2,68531789180513;2,29053059399079;2,31860704918659;2,23305006681852;2,48313477831144;1,94897073517181;1,95515506819309;1,62777457260964;1,43790880829806;1,22085994718278;1,60616273421994;1,66185795539309;1,82280167419465;1,53502591153856;2,03174490343709;1,60807750502692;-19,2417130414084;-3,68783563053953;-6,61765924180583;-6,99606346443236;-5,86317244115215;-5,51495529071816;-11,6492872076154;-12,4078840221423;-6,07386567824379;-16,4452001607834;-11,1264558411833;-18,4119066924961;-25,3497131618707;-25,1186183431689;-16,1529241662379;-16,6683966462068;-26,6303402812389;-26,376949772366;-13,7046393897514;-19,1950106200335;2,68199219822906;1,52838389719892;1,55555567096163;0,906735395569924;0,505569093294629;0,505568510213577;0,542423295383888;0,645128743653648;0,999999654320567;0,839312184375599;0,686365732674007;0,484882772849465;0,338111817657018;-2,10248812611053;-2,39107314816938;-2,57999843988065;-3,04445220952412;-3,98728360456804;-3,99415245406221;-3,32287235000668;-2,69628304501951;-2,14040516008494;-1,19633754221421;-1,84960330131371;-2,2603080512661;-2,90414846937821;-4,92141460905742;-4,97090981906528;-4,04731849779858;-3,37322715574267;-2,69455527776592;0,0576794539318144;0,0155854222123021;0,0401387249306073;0,0163999959496525;0,0336234616251015;0,00774680590242334;0,0133265931673394;0,00615715054981555;-3;-3;1;1;0,2309060780924237;-3;-3,29818665377887;1;1;1;-11188,8657220730;NA;All
4520;1,96257758434098;2,87415933563341;2,32355139752399;2,69474155345606;2,68531789180513;2,29053059399079;2,31860704918659;2,23305006681852;2,48313477831144;1,94897073517181;1,95515506819309;1,62777457260964;1,43790880829806;1,22085994718278;1,60616273421994;1,66185795539309;1,82280167419465;1,53502591153856;2,03174490343709;1,60807750502692;-19,2417130414084;-3,68783563053953;-6,61765924180583;-6,99606346443236;-5,86317244115215;-5,51495529071816;-11,6492872076154;-12,4078840221423;-6,07386567824379;-16,4452001607834;-11,1264558411833;-18,4119066924961;-25,3497131618707;-25,1186183431689;-16,1529241662379;-16,6683966462068;-26,6303402812389;-26,376949772366;-13,7046393897514;-19,1950106200335;2,68199219822906;1,52838389719892;1,55555567096163;0,906735395569924;0,505569093294629;0,505568510213577;0,542423295383888;0,645128743653648;0,999999654320567;0,839312184375599;0,686365732674007;0,484882772849465;0,338111817657018;-2,10248812611053;-2,39107314816938;-2,57999843988065;-3,04445220952412;-3,98728360456804;-3,99415245406221;-3,32287235000668;-2,69628304501951;-2,14040516008494;-1,19633754221421;-1,84960330131371;-2,2603080512661;-2,90414846937821;-4,92141460905742;-4,97090981906528;-4,04731849779858;-3,37322715574267;-2,69455527776592;0,0576794539318144;0,0155854222123021;0,0401387249306073;0,0163999959496525;0,0336234616251015;0,00774680590242334;0,0133265931673394;0,00615715054981555;-3;-3;1;1;0,1804160870727354;-3;-2,95076667608230;1;1;1;-11188,7384428028;NA;All
4530;1,96257758434098;2,87415933563341;2,32355139752399;2,69474155345606;2,68531789180513;2,29053059399079;2,31860704918659;2,23305006681852;2,48313477831144;1,94897073517181;1,95515506819309;1,62777457260964;1,43790880829806;1,22085994718278;1,60616273421994;1,66185795539309;1,82280167419465;1,53502591153856;2,03174490343709;1,60807750502692;-19,2417130414084;-3,68783563053953;-6,61765924180583;-6,99606346443236;-5,86317244115215;-5,51495529071816;-11,6492872076154;-12,4078840221423;-6,07386567824379;-16,4452001607834;-11,1264558411833;-18,4119066924961;-25,3497131618707;-25,1186183431689;-16,1529241662379;-16,6683966462068;-26,6303402812389;-26,376949772366;-13,7046393897514;-19,1950106200335;2,68199219822906;1,52838389719892;1,55555567096163;0,906735395569924;0,505569093294629;0,505568510213577;0,542423295383888;0,645128743653648;0,999999654320567;0,839312184375599;0,686365732674007;0,484882772849465;0,338111817657018;-2,10248812611053;-2,39107314816938;-2,57999843988065;-3,04445220952412;-3,98728360456804;-3,99415245406221;-3,32287235000668;-2,69628304501951;-2,14040516008494;-1,19633754221421;-1,84960330131371;-2,2603080512661;-2,90414846937821;-4,92141460905742;-4,97090981906528;-4,04731849779858;-3,37322715574267;-2,69455527776592;0,0576794539318144;0,0155854222123021;0,0401387249306073;0,0163999959496525;0,0336234616251015;0,00774680590242334;0,0133265931673394;0,00615715054981555;-3;-3;1;1;0,1512648473783530;-3;-3,36519053841885;1;1;1;-11188,8859205774;NA;All
4540;1,96257758434098;2,87415933563341;2,32355139752399;2,69474155345606;2,68531789180513;2,29053059399079;2,31860704918659;2,23305006681852;2,48313477831144;1,94897073517181;1,95515506819309;1,62777457260964;1,43790880829806;1,22085994718278;1,60616273421994;1,66185795539309;1,82280167419465;1,53502591153856;2,03174490343709;1,60807750502692;-19,2417130414084;-3,68783563053953;-6,61765924180583;-6,99606346443236;-5,86317244115215;-5,51495529071816;-11,6492872076154;-12,4078840221423;-6,07386567824379;-16,4452001607834;-11,1264558411833;-18,4119066924961;-25,3497131618707;-25,1186183431689;-16,1529241662379;-16,6683966462068;-26,6303402812389;-26,376949772366;-13,7046393897514;-19,1950106200335;2,68199219822906;1,52838389719892;1,55555567096163;0,906735395569924;0,505569093294629;0,505568510213577;0,542423295383888;0,645128743653648;0,999999654320567;0,839312184375599;0,686365732674007;0,484882772849465;0,338111817657018;-2,10248812611053;-2,39107314816938;-2,57999843988065;-3,04445220952412;-3,98728360456804;-3,99415245406221;-3,32287235000668;-2,69628304501951;-2,14040516008494;-1,19633754221421;-1,84960330131371;-2,2603080512661;-2,90414846937821;-4,92141460905742;-4,97090981906528;-4,04731849779858;-3,37322715574267;-2,69455527776592;0,0576794539318144;0,0155854222123021;0,0401387249306073;0,0163999959496525;0,0336234616251015;0,00774680590242334;0,0133265931673394;0,00615715054981555;-3;-3;1;1;0,2067150266600302;-3;-1,57473207826698;1;1;1;-11189,9665570063;NA;All
4550;1,96257758434098;2,87415933563341;2,32355139752399;2,69474155345606;2,68531789180513;2,29053059399079;2,31860704918659;2,23305006681852;2,48313477831144;1,94897073517181;1,95515506819309;1,62777457260964;1,43790880829806;1,22085994718278;1,60616273421994;1,66185795539309;1,82280167419465;1,53502591153856;2,03174490343709;1,60807750502692;-19,2417130414084;-3,68783563053953;-6,61765924180583;-6,99606346443236;-5,86317244115215;-5,51495529071816;-11,6492872076154;-12,4078840221423;-6,07386567824379;-16,4452001607834;-11,1264558411833;-18,4119066924961;-25,3497131618707;-25,1186183431689;-16,1529241662379;-16,6683966462068;-26,6303402812389;-26,376949772366;-13,7046393897514;-19,1950106200335;2,68199219822906;1,52838389719892;1,55555567096163;0,906735395569924;0,505569093294629;0,505568510213577;0,542423295383888;0,645128743653648;0,999999654320567;0,839312184375599;0,686365732674007;0,484882772849465;0,338111817657018;-2,10248812611053;-2,39107314816938;-2,57999843988065;-3,04445220952412;-3,98728360456804;-3,99415245406221;-3,32287235000668;-2,69628304501951;-2,14040516008494;-1,19633754221421;-1,84960330131371;-2,2603080512661;-2,90414846937821;-4,92141460905742;-4,97090981906528;-4,04731849779858;-3,37322715574267;-2,69455527776592;0,0576794539318144;0,0155854222123021;0,0401387249306073;0,0163999959496525;0,0336234616251015;0,00774680590242334;0,0133265931673394;0,00615715054981555;-3;-3;1;1;0,3411634897796739;-3;-3,13610373914845;1;1;1;-11190,5949921402;NA;All
4560;1,96257758434098;2,87415933563341;2,32355139752399;2,69474155345606;2,68531789180513;2,29053059399079;2,31860704918659;2,23305006681852;2,48313477831144;1,94897073517181;1,95515506819309;1,62777457260964;1,43790880829806;1,22085994718278;1,60616273421994;1,66185795539309;1,82280167419465;1,53502591153856;2,03174490343709;1,60807750502692;-19,2417130414084;-3,68783563053953;-6,61765924180583;-6,99606346443236;-5,86317244115215;-5,51495529071816;-11,6492872076154;-12,4078840221423;-6,07386567824379;-16,4452001607834;-11,1264558411833;-18,4119066924961;-25,3497131618707;-25,1186183431689;-16,1529241662379;-16,6683966462068;-26,6303402812389;-26,376949772366;-13,7046393897514;-19,1950106200335;2,68199219822906;1,52838389719892;1,55555567096163;0,906735395569924;0,505569093294629;0,505568510213577;0,542423295383888;0,645128743653648;0,999999654320567;0,839312184375599;0,686365732674007;0,484882772849465;0,338111817657018;-2,10248812611053;-2,39107314816938;-2,57999843988065;-3,04445220952412;-3,98728360456804;-3,99415245406221;-3,32287235000668;-2,69628304501951;-2,14040516008494;-1,19633754221421;-1,84960330131371;-2,2603080512661;-2,90414846937821;-4,92141460905742;-4,97090981906528;-4,04731849779858;-3,37322715574267;-2,69455527776592;0,0576794539318144;0,0155854222123021;0,0401387249306073;0,0163999959496525;0,0336234616251015;0,00774680590242334;0,0133265931673394;0,00615715054981555;-3;-3;1;1;0,1917691037371863;-3;-3,80557807365105;1;1;1;-11188,6882354181;NA;All
4570;1,96257758434098;2,87415933563341;2,32355139752399;2,69474155345606;2,68531789180513;2,29053059399079;2,31860704918659;2,23305006681852;2,48313477831144;1,94897073517181;1,95515506819309;1,62777457260964;1,43790880829806;1,22085994718278;1,60616273421994;1,66185795539309;1,82280167419465;1,53502591153856;2,03174490343709;1,60807750502692;-19,2417130414084;-3,68783563053953;-6,61765924180583;-6,99606346443236;-5,86317244115215;-5,51495529071816;-11,6492872076154;-12,4078840221423;-6,07386567824379;-16,4452001607834;-11,1264558411833;-18,4119066924961;-25,3497131618707;-25,1186183431689;-16,1529241662379;-16,6683966462068;-26,6303402812389;-26,376949772366;-13,7046393897514;-19,1950106200335;2,68199219822906;1,52838389719892;1,55555567096163;0,906735395569924;0,505569093294629;0,505568510213577;0,542423295383888;0,645128743653648;0,999999654320567;0,839312184375599;0,686365732674007;0,484882772849465;0,338111817657018;-2,10248812611053;-2,39107314816938;-2,57999843988065;-3,04445220952412;-3,98728360456804;-3,99415245406221;-3,32287235000668;-2,69628304501951;-2,14040516008494;-1,19633754221421;-1,84960330131371;-2,2603080512661;-2,90414846937821;-4,92141460905742;-4,97090981906528;-4,04731849779858;-3,37322715574267;-2,69455527776592;0,0576794539318144;0,0155854222123021;0,0401387249306073;0,0163999959496525;0,0336234616251015;0,00774680590242334;0,0133265931673394;0,00615715054981555;-3;-3;1;1;0,2593065991765892;-3;-2,67608730727382;1;1;1;-11189,2173347430;NA;All
4580;1,96257758434098;2,87415933563341;2,32355139752399;2,69474155345606;2,68531789180513;2,29053059399079;2,31860704918659;2,23305006681852;2,48313477831144;1,94897073517181;1,95515506819309;1,62777457260964;1,43790880829806;1,22085994718278;1,60616273421994;1,66185795539309;1,82280167419465;1,53502591153856;2,03174490343709;1,60807750502692;-19,2417130414084;-3,68783563053953;-6,61765924180583;-6,99606346443236;-5,86317244115215;-5,51495529071816;-11,6492872076154;-12,4078840221423;-6,07386567824379;-16,4452001607834;-11,1264558411833;-18,4119066924961;-25,3497131618707;-25,1186183431689;-16,1529241662379;-16,6683966462068;-26,6303402812389;-26,376949772366;-13,7046393897514;-19,1950106200335;2,68199219822906;1,52838389719892;1,55555567096163;0,906735395569924;0,505569093294629;0,505568510213577;0,542423295383888;0,645128743653648;0,999999654320567;0,839312184375599;0,686365732674007;0,484882772849465;0,338111817657018;-2,10248812611053;-2,39107314816938;-2,57999843988065;-3,04445220952412;-3,98728360456804;-3,99415245406221;-3,32287235000668;-2,69628304501951;-2,14040516008494;-1,19633754221421;-1,84960330131371;-2,2603080512661;-2,90414846937821;-4,92141460905742;-4,97090981906528;-4,04731849779858;-3,37322715574267;-2,69455527776592;0,0576794539318144;0,0155854222123021;0,0401387249306073;0,0163999959496525;0,0336234616251015;0,00774680590242334;0,0133265931673394;0,00615715054981555;-3;-3;1;1;0,2053860584492992;-3;-3,59699598670828;1;1;1;-11188,7149344270;NA;All
4590;1,96257758434098;2,87415933563341;2,32355139752399;2,69474155345606;2,68531789180513;2,29053059399079;2,31860704918659;2,23305006681852;2,48313477831144;1,94897073517181;1,95515506819309;1,62777457260964;1,43790880829806;1,22085994718278;1,60616273421994;1,66185795539309;1,82280167419465;1,53502591153856;2,03174490343709;1,60807750502692;-19,2417130414084;-3,68783563053953;-6,61765924180583;-6,99606346443236;-5,86317244115215;-5,51495529071816;-11,6492872076154;-12,4078840221423;-6,07386567824379;-16,4452001607834;-11,1264558411833;-18,4119066924961;-25,3497131618707;-25,1186183431689;-16,1529241662379;-16,6683966462068;-26,6303402812389;-26,376949772366;-13,7046393897514;-19,1950106200335;2,68199219822906;1,52838389719892;1,55555567096163;0,906735395569924;0,505569093294629;0,505568510213577;0,542423295383888;0,645128743653648;0,999999654320567;0,839312184375599;0,686365732674007;0,484882772849465;0,338111817657018;-2,10248812611053;-2,39107314816938;-2,57999843988065;-3,04445220952412;-3,98728360456804;-3,99415245406221;-3,32287235000668;-2,69628304501951;-2,14040516008494;-1,19633754221421;-1,84960330131371;-2,2603080512661;-2,90414846937821;-4,92141460905742;-4,97090981906528;-4,04731849779858;-3,37322715574267;-2,69455527776592;0,0576794539318144;0,0155854222123021;0,0401387249306073;0,0163999959496525;0,0336234616251015;0,00774680590242334;0,0133265931673394;0,00615715054981555;-3;-3;1;1;0,1801219762255580;-3;-3,83370533834671;1;1;1;-11188,6999021697;NA;All
4600;1,96257758434098;2,87415933563341;2,32355139752399;2,69474155345606;2,68531789180513;2,29053059399079;2,31860704918659;2,23305006681852;2,48313477831144;1,94897073517181;1,95515506819309;1,62777457260964;1,43790880829806;1,22085994718278;1,60616273421994;1,66185795539309;1,82280167419465;1,53502591153856;2,03174490343709;1,60807750502692;-19,2417130414084;-3,68783563053953;-6,61765924180583;-6,99606346443236;-5,86317244115215;-5,51495529071816;-11,6492872076154;-12,4078840221423;-6,07386567824379;-16,4452001607834;-11,1264558411833;-18,4119066924961;-25,3497131618707;-25,1186183431689;-16,1529241662379;-16,6683966462068;-26,6303402812389;-26,376949772366;-13,7046393897514;-19,1950106200335;2,68199219822906;1,52838389719892;1,55555567096163;0,906735395569924;0,505569093294629;0,505568510213577;0,542423295383888;0,645128743653648;0,999999654320567;0,839312184375599;0,686365732674007;0,484882772849465;0,338111817657018;-2,10248812611053;-2,39107314816938;-2,57999843988065;-3,04445220952412;-3,98728360456804;-3,99415245406221;-3,32287235000668;-2,69628304501951;-2,14040516008494;-1,19633754221421;-1,84960330131371;-2,2603080512661;-2,90414846937821;-4,92141460905742;-4,97090981906528;-4,04731849779858;-3,37322715574267;-2,69455527776592;0,0576794539318144;0,0155854222123021;0,0401387249306073;0,0163999959496525;0,0336234616251015;0,00774680590242334;0,0133265931673394;0,00615715054981555;-3;-3;1;1;0,2791085478257186;-3;-1,73776804524829;1;1;1;-11190,2087090570;NA;All
4610;1,96257758434098;2,87415933563341;2,32355139752399;2,69474155345606;2,68531789180513;2,29053059399079;2,31860704918659;2,23305006681852;2,48313477831144;1,94897073517181;1,95515506819309;1,62777457260964;1,43790880829806;1,22085994718278;1,60616273421994;1,66185795539309;1,82280167419465;1,53502591153856;2,03174490343709;1,60807750502692;-19,2417130414084;-3,68783563053953;-6,61765924180583;-6,99606346443236;-5,86317244115215;-5,51495529071816;-11,6492872076154;-12,4078840221423;-6,07386567824379;-16,4452001607834;-11,1264558411833;-18,4119066924961;-25,3497131618707;-25,1186183431689;-16,1529241662379;-16,6683966462068;-26,6303402812389;-26,376949772366;-13,7046393897514;-19,1950106200335;2,68199219822906;1,52838389719892;1,55555567096163;0,906735395569924;0,505569093294629;0,505568510213577;0,542423295383888;0,645128743653648;0,999999654320567;0,839312184375599;0,686365732674007;0,484882772849465;0,338111817657018;-2,10248812611053;-2,39107314816938;-2,57999843988065;-3,04445220952412;-3,98728360456804;-3,99415245406221;-3,32287235000668;-2,69628304501951;-2,14040516008494;-1,19633754221421;-1,84960330131371;-2,2603080512661;-2,90414846937821;-4,92141460905742;-4,97090981906528;-4,04731849779858;-3,37322715574267;-2,69455527776592;0,0576794539318144;0,0155854222123021;0,0401387249306073;0,0163999959496525;0,0336234616251015;0,00774680590242334;0,0133265931673394;0,00615715054981555;-3;-3;1;1;0,1038796839119793;-3;-3,65923171459450;1;1;1;-11189,7245785861;NA;All
4620;1,96257758434098;2,87415933563341;2,32355139752399;2,69474155345606;2,68531789180513;2,29053059399079;2,31860704918659;2,23305006681852;2,48313477831144;1,94897073517181;1,95515506819309;1,62777457260964;1,43790880829806;1,22085994718278;1,60616273421994;1,66185795539309;1,82280167419465;1,53502591153856;2,03174490343709;1,60807750502692;-19,2417130414084;-3,68783563053953;-6,61765924180583;-6,99606346443236;-5,86317244115215;-5,51495529071816;-11,6492872076154;-12,4078840221423;-6,07386567824379;-16,4452001607834;-11,1264558411833;-18,4119066924961;-25,3497131618707;-25,1186183431689;-16,1529241662379;-16,6683966462068;-26,6303402812389;-26,376949772366;-13,7046393897514;-19,1950106200335;2,68199219822906;1,52838389719892;1,55555567096163;0,906735395569924;0,505569093294629;0,505568510213577;0,542423295383888;0,645128743653648;0,999999654320567;0,839312184375599;0,686365732674007;0,484882772849465;0,338111817657018;-2,10248812611053;-2,39107314816938;-2,57999843988065;-3,04445220952412;-3,98728360456804;-3,99415245406221;-3,32287235000668;-2,69628304501951;-2,14040516008494;-1,19633754221421;-1,84960330131371;-2,2603080512661;-2,90414846937821;-4,92141460905742;-4,97090981906528;-4,04731849779858;-3,37322715574267;-2,69455527776592;0,0576794539318144;0,0155854222123021;0,0401387249306073;0,0163999959496525;0,0336234616251015;0,00774680590242334;0,0133265931673394;0,00615715054981555;-3;-3;1;1;0,0947535402756423;-3;-3,14757004629320;1;1;1;-11190,0095963576;NA;All
4630;1,96257758434098;2,87415933563341;2,32355139752399;2,69474155345606;2,68531789180513;2,29053059399079;2,31860704918659;2,23305006681852;2,48313477831144;1,94897073517181;1,95515506819309;1,62777457260964;1,43790880829806;1,22085994718278;1,60616273421994;1,66185795539309;1,82280167419465;1,53502591153856;2,03174490343709;1,60807750502692;-19,2417130414084;-3,68783563053953;-6,61765924180583;-6,99606346443236;-5,86317244115215;-5,51495529071816;-11,6492872076154;-12,4078840221423;-6,07386567824379;-16,4452001607834;-11,1264558411833;-18,4119066924961;-25,3497131618707;-25,1186183431689;-16,1529241662379;-16,6683966462068;-26,6303402812389;-26,376949772366;-13,7046393897514;-19,1950106200335;2,68199219822906;1,52838389719892;1,55555567096163;0,906735395569924;0,505569093294629;0,505568510213577;0,542423295383888;0,645128743653648;0,999999654320567;0,839312184375599;0,686365732674007;0,484882772849465;0,338111817657018;-2,10248812611053;-2,39107314816938;-2,57999843988065;-3,04445220952412;-3,98728360456804;-3,99415245406221;-3,32287235000668;-2,69628304501951;-2,14040516008494;-1,19633754221421;-1,84960330131371;-2,2603080512661;-2,90414846937821;-4,92141460905742;-4,97090981906528;-4,04731849779858;-3,37322715574267;-2,69455527776592;0,0576794539318144;0,0155854222123021;0,0401387249306073;0,0163999959496525;0,0336234616251015;0,00774680590242334;0,0133265931673394;0,00615715054981555;-3;-3;1;1;0,2083097693177885;-3;-2,56619868028522;1;1;1;-11188,8257127319;NA;All
4640;1,96257758434098;2,87415933563341;2,32355139752399;2,69474155345606;2,68531789180513;2,29053059399079;2,31860704918659;2,23305006681852;2,48313477831144;1,94897073517181;1,95515506819309;1,62777457260964;1,43790880829806;1,22085994718278;1,60616273421994;1,66185795539309;1,82280167419465;1,53502591153856;2,03174490343709;1,60807750502692;-19,2417130414084;-3,68783563053953;-6,61765924180583;-6,99606346443236;-5,86317244115215;-5,51495529071816;-11,6492872076154;-12,4078840221423;-6,07386567824379;-16,4452001607834;-11,1264558411833;-18,4119066924961;-25,3497131618707;-25,1186183431689;-16,1529241662379;-16,6683966462068;-26,6303402812389;-26,376949772366;-13,7046393897514;-19,1950106200335;2,68199219822906;1,52838389719892;1,55555567096163;0,906735395569924;0,505569093294629;0,505568510213577;0,542423295383888;0,645128743653648;0,999999654320567;0,839312184375599;0,686365732674007;0,484882772849465;0,338111817657018;-2,10248812611053;-2,39107314816938;-2,57999843988065;-3,04445220952412;-3,98728360456804;-3,99415245406221;-3,32287235000668;-2,69628304501951;-2,14040516008494;-1,19633754221421;-1,84960330131371;-2,2603080512661;-2,90414846937821;-4,92141460905742;-4,97090981906528;-4,04731849779858;-3,37322715574267;-2,69455527776592;0,0576794539318144;0,0155854222123021;0,0401387249306073;0,0163999959496525;0,0336234616251015;0,00774680590242334;0,0133265931673394;0,00615715054981555;-3;-3;1;1;0,1842640666304654;-3;-2,95021095800766;1;1;1;-11188,7316823160;NA;All
4650;1,96257758434098;2,87415933563341;2,32355139752399;2,69474155345606;2,68531789180513;2,29053059399079;2,31860704918659;2,23305006681852;2,48313477831144;1,94897073517181;1,95515506819309;1,62777457260964;1,43790880829806;1,22085994718278;1,60616273421994;1,66185795539309;1,82280167419465;1,53502591153856;2,03174490343709;1,60807750502692;-19,2417130414084;-3,68783563053953;-6,61765924180583;-6,99606346443236;-5,86317244115215;-5,51495529071816;-11,6492872076154;-12,4078840221423;-6,07386567824379;-16,4452001607834;-11,1264558411833;-18,4119066924961;-25,3497131618707;-25,1186183431689;-16,1529241662379;-16,6683966462068;-26,6303402812389;-26,376949772366;-13,7046393897514;-19,1950106200335;2,68199219822906;1,52838389719892;1,55555567096163;0,906735395569924;0,505569093294629;0,505568510213577;0,542423295383888;0,645128743653648;0,999999654320567;0,839312184375599;0,686365732674007;0,484882772849465;0,338111817657018;-2,10248812611053;-2,39107314816938;-2,57999843988065;-3,04445220952412;-3,98728360456804;-3,99415245406221;-3,32287235000668;-2,69628304501951;-2,14040516008494;-1,19633754221421;-1,84960330131371;-2,2603080512661;-2,90414846937821;-4,92141460905742;-4,97090981906528;-4,04731849779858;-3,37322715574267;-2,69455527776592;0,0576794539318144;0,0155854222123021;0,0401387249306073;0,0163999959496525;0,0336234616251015;0,00774680590242334;0,0133265931673394;0,00615715054981555;-3;-3;1;1;0,1668175544192765;-3;-3,89278233867918;1;1;1;-11188,7528317780;NA;All
4660;1,96257758434098;2,87415933563341;2,32355139752399;2,69474155345606;2,68531789180513;2,29053059399079;2,31860704918659;2,23305006681852;2,48313477831144;1,94897073517181;1,95515506819309;1,62777457260964;1,43790880829806;1,22085994718278;1,60616273421994;1,66185795539309;1,82280167419465;1,53502591153856;2,03174490343709;1,60807750502692;-19,2417130414084;-3,68783563053953;-6,61765924180583;-6,99606346443236;-5,86317244115215;-5,51495529071816;-11,6492872076154;-12,4078840221423;-6,07386567824379;-16,4452001607834;-11,1264558411833;-18,4119066924961;-25,3497131618707;-25,1186183431689;-16,1529241662379;-16,6683966462068;-26,6303402812389;-26,376949772366;-13,7046393897514;-19,1950106200335;2,68199219822906;1,52838389719892;1,55555567096163;0,906735395569924;0,505569093294629;0,505568510213577;0,542423295383888;0,645128743653648;0,999999654320567;0,839312184375599;0,686365732674007;0,484882772849465;0,338111817657018;-2,10248812611053;-2,39107314816938;-2,57999843988065;-3,04445220952412;-3,98728360456804;-3,99415245406221;-3,32287235000668;-2,69628304501951;-2,14040516008494;-1,19633754221421;-1,84960330131371;-2,2603080512661;-2,90414846937821;-4,92141460905742;-4,97090981906528;-4,04731849779858;-3,37322715574267;-2,69455527776592;0,0576794539318144;0,0155854222123021;0,0401387249306073;0,0163999959496525;0,0336234616251015;0,00774680590242334;0,0133265931673394;0,00615715054981555;-3;-3;1;1;0,1850467970255063;-3;-3,90413610715004;1;1;1;-11188,6909269467;NA;All
4670;1,96257758434098;2,87415933563341;2,32355139752399;2,69474155345606;2,68531789180513;2,29053059399079;2,31860704918659;2,23305006681852;2,48313477831144;1,94897073517181;1,95515506819309;1,62777457260964;1,43790880829806;1,22085994718278;1,60616273421994;1,66185795539309;1,82280167419465;1,53502591153856;2,03174490343709;1,60807750502692;-19,2417130414084;-3,68783563053953;-6,61765924180583;-6,99606346443236;-5,86317244115215;-5,51495529071816;-11,6492872076154;-12,4078840221423;-6,07386567824379;-16,4452001607834;-11,1264558411833;-18,4119066924961;-25,3497131618707;-25,1186183431689;-16,1529241662379;-16,6683966462068;-26,6303402812389;-26,376949772366;-13,7046393897514;-19,1950106200335;2,68199219822906;1,52838389719892;1,55555567096163;0,906735395569924;0,505569093294629;0,505568510213577;0,542423295383888;0,645128743653648;0,999999654320567;0,839312184375599;0,686365732674007;0,484882772849465;0,338111817657018;-2,10248812611053;-2,39107314816938;-2,57999843988065;-3,04445220952412;-3,98728360456804;-3,99415245406221;-3,32287235000668;-2,69628304501951;-2,14040516008494;-1,19633754221421;-1,84960330131371;-2,2603080512661;-2,90414846937821;-4,92141460905742;-4,97090981906528;-4,04731849779858;-3,37322715574267;-2,69455527776592;0,0576794539318144;0,0155854222123021;0,0401387249306073;0,0163999959496525;0,0336234616251015;0,00774680590242334;0,0133265931673394;0,00615715054981555;-3;-3;1;1;0,1850467970255063;-3;-3,90413610715004;1;1;1;-11188,6909269467;NA;All
4680;1,96257758434098;2,87415933563341;2,32355139752399;2,69474155345606;2,68531789180513;2,29053059399079;2,31860704918659;2,23305006681852;2,48313477831144;1,94897073517181;1,95515506819309;1,62777457260964;1,43790880829806;1,22085994718278;1,60616273421994;1,66185795539309;1,82280167419465;1,53502591153856;2,03174490343709;1,60807750502692;-19,2417130414084;-3,68783563053953;-6,61765924180583;-6,99606346443236;-5,86317244115215;-5,51495529071816;-11,6492872076154;-12,4078840221423;-6,07386567824379;-16,4452001607834;-11,1264558411833;-18,4119066924961;-25,3497131618707;-25,1186183431689;-16,1529241662379;-16,6683966462068;-26,6303402812389;-26,376949772366;-13,7046393897514;-19,1950106200335;2,68199219822906;1,52838389719892;1,55555567096163;0,906735395569924;0,505569093294629;0,505568510213577;0,542423295383888;0,645128743653648;0,999999654320567;0,839312184375599;0,686365732674007;0,484882772849465;0,338111817657018;-2,10248812611053;-2,39107314816938;-2,57999843988065;-3,04445220952412;-3,98728360456804;-3,99415245406221;-3,32287235000668;-2,69628304501951;-2,14040516008494;-1,19633754221421;-1,84960330131371;-2,2603080512661;-2,90414846937821;-4,92141460905742;-4,97090981906528;-4,04731849779858;-3,37322715574267;-2,69455527776592;0,0576794539318144;0,0155854222123021;0,0401387249306073;0,0163999959496525;0,0336234616251015;0,00774680590242334;0,0133265931673394;0,00615715054981555;-3;-3;1;1;0,2296643419453545;-3;-2,24567884443113;1;1;1;-11189,0707606981;NA;All
4690;1,96257758434098;2,87415933563341;2,32355139752399;2,69474155345606;2,68531789180513;2,29053059399079;2,31860704918659;2,23305006681852;2,48313477831144;1,94897073517181;1,95515506819309;1,62777457260964;1,43790880829806;1,22085994718278;1,60616273421994;1,66185795539309;1,82280167419465;1,53502591153856;2,03174490343709;1,60807750502692;-19,2417130414084;-3,68783563053953;-6,61765924180583;-6,99606346443236;-5,86317244115215;-5,51495529071816;-11,6492872076154;-12,4078840221423;-6,07386567824379;-16,4452001607834;-11,1264558411833;-18,4119066924961;-25,3497131618707;-25,1186183431689;-16,1529241662379;-16,6683966462068;-26,6303402812389;-26,376949772366;-13,7046393897514;-19,1950106200335;2,68199219822906;1,52838389719892;1,55555567096163;0,906735395569924;0,505569093294629;0,505568510213577;0,542423295383888;0,645128743653648;0,999999654320567;0,839312184375599;0,686365732674007;0,484882772849465;0,338111817657018;-2,10248812611053;-2,39107314816938;-2,57999843988065;-3,04445220952412;-3,98728360456804;-3,99415245406221;-3,32287235000668;-2,69628304501951;-2,14040516008494;-1,19633754221421;-1,84960330131371;-2,2603080512661;-2,90414846937821;-4,92141460905742;-4,97090981906528;-4,04731849779858;-3,37322715574267;-2,69455527776592;0,0576794539318144;0,0155854222123021;0,0401387249306073;0,0163999959496525;0,0336234616251015;0,00774680590242334;0,0133265931673394;0,00615715054981555;-3;-3;1;1;0,1638789807854875;-3;-2,60937722530421;1;1;1;-11188,8662926444;NA;All
4700;1,96257758434098;2,87415933563341;2,32355139752399;2,69474155345606;2,68531789180513;2,29053059399079;2,31860704918659;2,23305006681852;2,48313477831144;1,94897073517181;1,95515506819309;1,62777457260964;1,43790880829806;1,22085994718278;1,60616273421994;1,66185795539309;1,82280167419465;1,53502591153856;2,03174490343709;1,60807750502692;-19,2417130414084;-3,68783563053953;-6,61765924180583;-6,99606346443236;-5,86317244115215;-5,51495529071816;-11,6492872076154;-12,4078840221423;-6,07386567824379;-16,4452001607834;-11,1264558411833;-18,4119066924961;-25,3497131618707;-25,1186183431689;-16,1529241662379;-16,6683966462068;-26,6303402812389;-26,376949772366;-13,7046393897514;-19,1950106200335;2,68199219822906;1,52838389719892;1,55555567096163;0,906735395569924;0,505569093294629;0,505568510213577;0,542423295383888;0,645128743653648;0,999999654320567;0,839312184375599;0,686365732674007;0,484882772849465;0,338111817657018;-2,10248812611053;-2,39107314816938;-2,57999843988065;-3,04445220952412;-3,98728360456804;-3,99415245406221;-3,32287235000668;-2,69628304501951;-2,14040516008494;-1,19633754221421;-1,84960330131371;-2,2603080512661;-2,90414846937821;-4,92141460905742;-4,97090981906528;-4,04731849779858;-3,37322715574267;-2,69455527776592;0,0576794539318144;0,0155854222123021;0,0401387249306073;0,0163999959496525;0,0336234616251015;0,00774680590242334;0,0133265931673394;0,00615715054981555;-3;-3;1;1;0,1194547747825806;-3;-3,45458422020986;1;1;1;-11189,3599985196;NA;All
4710;1,96257758434098;2,87415933563341;2,32355139752399;2,69474155345606;2,68531789180513;2,29053059399079;2,31860704918659;2,23305006681852;2,48313477831144;1,94897073517181;1,95515506819309;1,62777457260964;1,43790880829806;1,22085994718278;1,60616273421994;1,66185795539309;1,82280167419465;1,53502591153856;2,03174490343709;1,60807750502692;-19,2417130414084;-3,68783563053953;-6,61765924180583;-6,99606346443236;-5,86317244115215;-5,51495529071816;-11,6492872076154;-12,4078840221423;-6,07386567824379;-16,4452001607834;-11,1264558411833;-18,4119066924961;-25,3497131618707;-25,1186183431689;-16,1529241662379;-16,6683966462068;-26,6303402812389;-26,376949772366;-13,7046393897514;-19,1950106200335;2,68199219822906;1,52838389719892;1,55555567096163;0,906735395569924;0,505569093294629;0,505568510213577;0,542423295383888;0,645128743653648;0,999999654320567;0,839312184375599;0,686365732674007;0,484882772849465;0,338111817657018;-2,10248812611053;-2,39107314816938;-2,57999843988065;-3,04445220952412;-3,98728360456804;-3,99415245406221;-3,32287235000668;-2,69628304501951;-2,14040516008494;-1,19633754221421;-1,84960330131371;-2,2603080512661;-2,90414846937821;-4,92141460905742;-4,97090981906528;-4,04731849779858;-3,37322715574267;-2,69455527776592;0,0576794539318144;0,0155854222123021;0,0401387249306073;0,0163999959496525;0,0336234616251015;0,00774680590242334;0,0133265931673394;0,00615715054981555;-3;-3;1;1;0,0930518885884077;-3;-1,74878590075885;1;1;1;-11190,8610685674;NA;All
4720;1,96257758434098;2,87415933563341;2,32355139752399;2,69474155345606;2,68531789180513;2,29053059399079;2,31860704918659;2,23305006681852;2,48313477831144;1,94897073517181;1,95515506819309;1,62777457260964;1,43790880829806;1,22085994718278;1,60616273421994;1,66185795539309;1,82280167419465;1,53502591153856;2,03174490343709;1,60807750502692;-19,2417130414084;-3,68783563053953;-6,61765924180583;-6,99606346443236;-5,86317244115215;-5,51495529071816;-11,6492872076154;-12,4078840221423;-6,07386567824379;-16,4452001607834;-11,1264558411833;-18,4119066924961;-25,3497131618707;-25,1186183431689;-16,1529241662379;-16,6683966462068;-26,6303402812389;-26,376949772366;-13,7046393897514;-19,1950106200335;2,68199219822906;1,52838389719892;1,55555567096163;0,906735395569924;0,505569093294629;0,505568510213577;0,542423295383888;0,645128743653648;0,999999654320567;0,839312184375599;0,686365732674007;0,484882772849465;0,338111817657018;-2,10248812611053;-2,39107314816938;-2,57999843988065;-3,04445220952412;-3,98728360456804;-3,99415245406221;-3,32287235000668;-2,69628304501951;-2,14040516008494;-1,19633754221421;-1,84960330131371;-2,2603080512661;-2,90414846937821;-4,92141460905742;-4,97090981906528;-4,04731849779858;-3,37322715574267;-2,69455527776592;0,0576794539318144;0,0155854222123021;0,0401387249306073;0,0163999959496525;0,0336234616251015;0,00774680590242334;0,0133265931673394;0,00615715054981555;-3;-3;1;1;0,4172278925434865;-3;-3,03421045781092;1;1;1;-11192,5393755401;NA;All
4730;1,96257758434098;2,87415933563341;2,32355139752399;2,69474155345606;2,68531789180513;2,29053059399079;2,31860704918659;2,23305006681852;2,48313477831144;1,94897073517181;1,95515506819309;1,62777457260964;1,43790880829806;1,22085994718278;1,60616273421994;1,66185795539309;1,82280167419465;1,53502591153856;2,03174490343709;1,60807750502692;-19,2417130414084;-3,68783563053953;-6,61765924180583;-6,99606346443236;-5,86317244115215;-5,51495529071816;-11,6492872076154;-12,4078840221423;-6,07386567824379;-16,4452001607834;-11,1264558411833;-18,4119066924961;-25,3497131618707;-25,1186183431689;-16,1529241662379;-16,6683966462068;-26,6303402812389;-26,376949772366;-13,7046393897514;-19,1950106200335;2,68199219822906;1,52838389719892;1,55555567096163;0,906735395569924;0,505569093294629;0,505568510213577;0,542423295383888;0,645128743653648;0,999999654320567;0,839312184375599;0,686365732674007;0,484882772849465;0,338111817657018;-2,10248812611053;-2,39107314816938;-2,57999843988065;-3,04445220952412;-3,98728360456804;-3,99415245406221;-3,32287235000668;-2,69628304501951;-2,14040516008494;-1,19633754221421;-1,84960330131371;-2,2603080512661;-2,90414846937821;-4,92141460905742;-4,97090981906528;-4,04731849779858;-3,37322715574267;-2,69455527776592;0,0576794539318144;0,0155854222123021;0,0401387249306073;0,0163999959496525;0,0336234616251015;0,00774680590242334;0,0133265931673394;0,00615715054981555;-3;-3;1;1;0,2064339072989424;-3;-2,58161090857938;1;1;1;-11188,8159723007;NA;All
4740;1,96257758434098;2,87415933563341;2,32355139752399;2,69474155345606;2,68531789180513;2,29053059399079;2,31860704918659;2,23305006681852;2,48313477831144;1,94897073517181;1,95515506819309;1,62777457260964;1,43790880829806;1,22085994718278;1,60616273421994;1,66185795539309;1,82280167419465;1,53502591153856;2,03174490343709;1,60807750502692;-19,2417130414084;-3,68783563053953;-6,61765924180583;-6,99606346443236;-5,86317244115215;-5,51495529071816;-11,6492872076154;-12,4078840221423;-6,07386567824379;-16,4452001607834;-11,1264558411833;-18,4119066924961;-25,3497131618707;-25,1186183431689;-16,1529241662379;-16,6683966462068;-26,6303402812389;-26,376949772366;-13,7046393897514;-19,1950106200335;2,68199219822906;1,52838389719892;1,55555567096163;0,906735395569924;0,505569093294629;0,505568510213577;0,542423295383888;0,645128743653648;0,999999654320567;0,839312184375599;0,686365732674007;0,484882772849465;0,338111817657018;-2,10248812611053;-2,39107314816938;-2,57999843988065;-3,04445220952412;-3,98728360456804;-3,99415245406221;-3,32287235000668;-2,69628304501951;-2,14040516008494;-1,19633754221421;-1,84960330131371;-2,2603080512661;-2,90414846937821;-4,92141460905742;-4,97090981906528;-4,04731849779858;-3,37322715574267;-2,69455527776592;0,0576794539318144;0,0155854222123021;0,0401387249306073;0,0163999959496525;0,0336234616251015;0,00774680590242334;0,0133265931673394;0,00615715054981555;-3;-3;1;1;0,2118008143495412;-3;-3,59174787188376;1;1;1;-11188,7389301997;NA;All
4750;1,96257758434098;2,87415933563341;2,32355139752399;2,69474155345606;2,68531789180513;2,29053059399079;2,31860704918659;2,23305006681852;2,48313477831144;1,94897073517181;1,95515506819309;1,62777457260964;1,43790880829806;1,22085994718278;1,60616273421994;1,66185795539309;1,82280167419465;1,53502591153856;2,03174490343709;1,60807750502692;-19,2417130414084;-3,68783563053953;-6,61765924180583;-6,99606346443236;-5,86317244115215;-5,51495529071816;-11,6492872076154;-12,4078840221423;-6,07386567824379;-16,4452001607834;-11,1264558411833;-18,4119066924961;-25,3497131618707;-25,1186183431689;-16,1529241662379;-16,6683966462068;-26,6303402812389;-26,376949772366;-13,7046393897514;-19,1950106200335;2,68199219822906;1,52838389719892;1,55555567096163;0,906735395569924;0,505569093294629;0,505568510213577;0,542423295383888;0,645128743653648;0,999999654320567;0,839312184375599;0,686365732674007;0,484882772849465;0,338111817657018;-2,10248812611053;-2,39107314816938;-2,57999843988065;-3,04445220952412;-3,98728360456804;-3,99415245406221;-3,32287235000668;-2,69628304501951;-2,14040516008494;-1,19633754221421;-1,84960330131371;-2,2603080512661;-2,90414846937821;-4,92141460905742;-4,97090981906528;-4,04731849779858;-3,37322715574267;-2,69455527776592;0,0576794539318144;0,0155854222123021;0,0401387249306073;0,0163999959496525;0,0336234616251015;0,00774680590242334;0,0133265931673394;0,00615715054981555;-3;-3;1;1;0,2246539294890346;-3;-3,59286621265455;1;1;1;-11188,8114277608;NA;All
4760;1,96257758434098;2,87415933563341;2,32355139752399;2,69474155345606;2,68531789180513;2,29053059399079;2,31860704918659;2,23305006681852;2,48313477831144;1,94897073517181;1,95515506819309;1,62777457260964;1,43790880829806;1,22085994718278;1,60616273421994;1,66185795539309;1,82280167419465;1,53502591153856;2,03174490343709;1,60807750502692;-19,2417130414084;-3,68783563053953;-6,61765924180583;-6,99606346443236;-5,86317244115215;-5,51495529071816;-11,6492872076154;-12,4078840221423;-6,07386567824379;-16,4452001607834;-11,1264558411833;-18,4119066924961;-25,3497131618707;-25,1186183431689;-16,1529241662379;-16,6683966462068;-26,6303402812389;-26,376949772366;-13,7046393897514;-19,1950106200335;2,68199219822906;1,52838389719892;1,55555567096163;0,906735395569924;0,505569093294629;0,505568510213577;0,542423295383888;0,645128743653648;0,999999654320567;0,839312184375599;0,686365732674007;0,484882772849465;0,338111817657018;-2,10248812611053;-2,39107314816938;-2,57999843988065;-3,04445220952412;-3,98728360456804;-3,99415245406221;-3,32287235000668;-2,69628304501951;-2,14040516008494;-1,19633754221421;-1,84960330131371;-2,2603080512661;-2,90414846937821;-4,92141460905742;-4,97090981906528;-4,04731849779858;-3,37322715574267;-2,69455527776592;0,0576794539318144;0,0155854222123021;0,0401387249306073;0,0163999959496525;0,0336234616251015;0,00774680590242334;0,0133265931673394;0,00615715054981555;-3;-3;1;1;0,1396744750290568;-3;-2,94496529610280;1;1;1;-11189,0503845766;NA;All
4770;1,96257758434098;2,87415933563341;2,32355139752399;2,69474155345606;2,68531789180513;2,29053059399079;2,31860704918659;2,23305006681852;2,48313477831144;1,94897073517181;1,95515506819309;1,62777457260964;1,43790880829806;1,22085994718278;1,60616273421994;1,66185795539309;1,82280167419465;1,53502591153856;2,03174490343709;1,60807750502692;-19,2417130414084;-3,68783563053953;-6,61765924180583;-6,99606346443236;-5,86317244115215;-5,51495529071816;-11,6492872076154;-12,4078840221423;-6,07386567824379;-16,4452001607834;-11,1264558411833;-18,4119066924961;-25,3497131618707;-25,1186183431689;-16,1529241662379;-16,6683966462068;-26,6303402812389;-26,376949772366;-13,7046393897514;-19,1950106200335;2,68199219822906;1,52838389719892;1,55555567096163;0,906735395569924;0,505569093294629;0,505568510213577;0,542423295383888;0,645128743653648;0,999999654320567;0,839312184375599;0,686365732674007;0,484882772849465;0,338111817657018;-2,10248812611053;-2,39107314816938;-2,57999843988065;-3,04445220952412;-3,98728360456804;-3,99415245406221;-3,32287235000668;-2,69628304501951;-2,14040516008494;-1,19633754221421;-1,84960330131371;-2,2603080512661;-2,90414846937821;-4,92141460905742;-4,97090981906528;-4,04731849779858;-3,37322715574267;-2,69455527776592;0,0576794539318144;0,0155854222123021;0,0401387249306073;0,0163999959496525;0,0336234616251015;0,00774680590242334;0,0133265931673394;0,00615715054981555;-3;-3;1;1;0,1798763024848788;-3;-2,35132749722406;1;1;1;-11188,8796735748;NA;All
4780;1,96257758434098;2,87415933563341;2,32355139752399;2,69474155345606;2,68531789180513;2,29053059399079;2,31860704918659;2,23305006681852;2,48313477831144;1,94897073517181;1,95515506819309;1,62777457260964;1,43790880829806;1,22085994718278;1,60616273421994;1,66185795539309;1,82280167419465;1,53502591153856;2,03174490343709;1,60807750502692;-19,2417130414084;-3,68783563053953;-6,61765924180583;-6,99606346443236;-5,86317244115215;-5,51495529071816;-11,6492872076154;-12,4078840221423;-6,07386567824379;-16,4452001607834;-11,1264558411833;-18,4119066924961;-25,3497131618707;-25,1186183431689;-16,1529241662379;-16,6683966462068;-26,6303402812389;-26,376949772366;-13,7046393897514;-19,1950106200335;2,68199219822906;1,52838389719892;1,55555567096163;0,906735395569924;0,505569093294629;0,505568510213577;0,542423295383888;0,645128743653648;0,999999654320567;0,839312184375599;0,686365732674007;0,484882772849465;0,338111817657018;-2,10248812611053;-2,39107314816938;-2,57999843988065;-3,04445220952412;-3,98728360456804;-3,99415245406221;-3,32287235000668;-2,69628304501951;-2,14040516008494;-1,19633754221421;-1,84960330131371;-2,2603080512661;-2,90414846937821;-4,92141460905742;-4,97090981906528;-4,04731849779858;-3,37322715574267;-2,69455527776592;0,0576794539318144;0,0155854222123021;0,0401387249306073;0,0163999959496525;0,0336234616251015;0,00774680590242334;0,0133265931673394;0,00615715054981555;-3;-3;1;1;0,2092618707180980;-3;-2,44533629625049;1;1;1;-11188,8651168167;NA;All
4790;1,96257758434098;2,87415933563341;2,32355139752399;2,69474155345606;2,68531789180513;2,29053059399079;2,31860704918659;2,23305006681852;2,48313477831144;1,94897073517181;1,95515506819309;1,62777457260964;1,43790880829806;1,22085994718278;1,60616273421994;1,66185795539309;1,82280167419465;1,53502591153856;2,03174490343709;1,60807750502692;-19,2417130414084;-3,68783563053953;-6,61765924180583;-6,99606346443236;-5,86317244115215;-5,51495529071816;-11,6492872076154;-12,4078840221423;-6,07386567824379;-16,4452001607834;-11,1264558411833;-18,4119066924961;-25,3497131618707;-25,1186183431689;-16,1529241662379;-16,6683966462068;-26,6303402812389;-26,376949772366;-13,7046393897514;-19,1950106200335;2,68199219822906;1,52838389719892;1,55555567096163;0,906735395569924;0,505569093294629;0,505568510213577;0,542423295383888;0,645128743653648;0,999999654320567;0,839312184375599;0,686365732674007;0,484882772849465;0,338111817657018;-2,10248812611053;-2,39107314816938;-2,57999843988065;-3,04445220952412;-3,98728360456804;-3,99415245406221;-3,32287235000668;-2,69628304501951;-2,14040516008494;-1,19633754221421;-1,84960330131371;-2,2603080512661;-2,90414846937821;-4,92141460905742;-4,97090981906528;-4,04731849779858;-3,37322715574267;-2,69455527776592;0,0576794539318144;0,0155854222123021;0,0401387249306073;0,0163999959496525;0,0336234616251015;0,00774680590242334;0,0133265931673394;0,00615715054981555;-3;-3;1;1;0,1058596652293726;-3;-2,25768143343950;1;1;1;-11189,8987278702;NA;All
4800;1,96257758434098;2,87415933563341;2,32355139752399;2,69474155345606;2,68531789180513;2,29053059399079;2,31860704918659;2,23305006681852;2,48313477831144;1,94897073517181;1,95515506819309;1,62777457260964;1,43790880829806;1,22085994718278;1,60616273421994;1,66185795539309;1,82280167419465;1,53502591153856;2,03174490343709;1,60807750502692;-19,2417130414084;-3,68783563053953;-6,61765924180583;-6,99606346443236;-5,86317244115215;-5,51495529071816;-11,6492872076154;-12,4078840221423;-6,07386567824379;-16,4452001607834;-11,1264558411833;-18,4119066924961;-25,3497131618707;-25,1186183431689;-16,1529241662379;-16,6683966462068;-26,6303402812389;-26,376949772366;-13,7046393897514;-19,1950106200335;2,68199219822906;1,52838389719892;1,55555567096163;0,906735395569924;0,505569093294629;0,505568510213577;0,542423295383888;0,645128743653648;0,999999654320567;0,839312184375599;0,686365732674007;0,484882772849465;0,338111817657018;-2,10248812611053;-2,39107314816938;-2,57999843988065;-3,04445220952412;-3,98728360456804;-3,99415245406221;-3,32287235000668;-2,69628304501951;-2,14040516008494;-1,19633754221421;-1,84960330131371;-2,2603080512661;-2,90414846937821;-4,92141460905742;-4,97090981906528;-4,04731849779858;-3,37322715574267;-2,69455527776592;0,0576794539318144;0,0155854222123021;0,0401387249306073;0,0163999959496525;0,0336234616251015;0,00774680590242334;0,0133265931673394;0,00615715054981555;-3;-3;1;1;0,1138396389696065;-3;-3,73339920821128;1;1;1;-11189,4756729379;NA;All
4810;1,96257758434098;2,87415933563341;2,32355139752399;2,69474155345606;2,68531789180513;2,29053059399079;2,31860704918659;2,23305006681852;2,48313477831144;1,94897073517181;1,95515506819309;1,62777457260964;1,43790880829806;1,22085994718278;1,60616273421994;1,66185795539309;1,82280167419465;1,53502591153856;2,03174490343709;1,60807750502692;-19,2417130414084;-3,68783563053953;-6,61765924180583;-6,99606346443236;-5,86317244115215;-5,51495529071816;-11,6492872076154;-12,4078840221423;-6,07386567824379;-16,4452001607834;-11,1264558411833;-18,4119066924961;-25,3497131618707;-25,1186183431689;-16,1529241662379;-16,6683966462068;-26,6303402812389;-26,376949772366;-13,7046393897514;-19,1950106200335;2,68199219822906;1,52838389719892;1,55555567096163;0,906735395569924;0,505569093294629;0,505568510213577;0,542423295383888;0,645128743653648;0,999999654320567;0,839312184375599;0,686365732674007;0,484882772849465;0,338111817657018;-2,10248812611053;-2,39107314816938;-2,57999843988065;-3,04445220952412;-3,98728360456804;-3,99415245406221;-3,32287235000668;-2,69628304501951;-2,14040516008494;-1,19633754221421;-1,84960330131371;-2,2603080512661;-2,90414846937821;-4,92141460905742;-4,97090981906528;-4,04731849779858;-3,37322715574267;-2,69455527776592;0,0576794539318144;0,0155854222123021;0,0401387249306073;0,0163999959496525;0,0336234616251015;0,00774680590242334;0,0133265931673394;0,00615715054981555;-3;-3;1;1;0,3868678953984621;-3;-2,51998190857439;1;1;1;-11191,7897377398;NA;All
4820;1,96257758434098;2,87415933563341;2,32355139752399;2,69474155345606;2,68531789180513;2,29053059399079;2,31860704918659;2,23305006681852;2,48313477831144;1,94897073517181;1,95515506819309;1,62777457260964;1,43790880829806;1,22085994718278;1,60616273421994;1,66185795539309;1,82280167419465;1,53502591153856;2,03174490343709;1,60807750502692;-19,2417130414084;-3,68783563053953;-6,61765924180583;-6,99606346443236;-5,86317244115215;-5,51495529071816;-11,6492872076154;-12,4078840221423;-6,07386567824379;-16,4452001607834;-11,1264558411833;-18,4119066924961;-25,3497131618707;-25,1186183431689;-16,1529241662379;-16,6683966462068;-26,6303402812389;-26,376949772366;-13,7046393897514;-19,1950106200335;2,68199219822906;1,52838389719892;1,55555567096163;0,906735395569924;0,505569093294629;0,505568510213577;0,542423295383888;0,645128743653648;0,999999654320567;0,839312184375599;0,686365732674007;0,484882772849465;0,338111817657018;-2,10248812611053;-2,39107314816938;-2,57999843988065;-3,04445220952412;-3,98728360456804;-3,99415245406221;-3,32287235000668;-2,69628304501951;-2,14040516008494;-1,19633754221421;-1,84960330131371;-2,2603080512661;-2,90414846937821;-4,92141460905742;-4,97090981906528;-4,04731849779858;-3,37322715574267;-2,69455527776592;0,0576794539318144;0,0155854222123021;0,0401387249306073;0,0163999959496525;0,0336234616251015;0,00774680590242334;0,0133265931673394;0,00615715054981555;-3;-3;1;1;0,2015040971966054;-3;-3,70812913043508;1;1;1;-11188,7015146601;NA;All
4830;1,96257758434098;2,87415933563341;2,32355139752399;2,69474155345606;2,68531789180513;2,29053059399079;2,31860704918659;2,23305006681852;2,48313477831144;1,94897073517181;1,95515506819309;1,62777457260964;1,43790880829806;1,22085994718278;1,60616273421994;1,66185795539309;1,82280167419465;1,53502591153856;2,03174490343709;1,60807750502692;-19,2417130414084;-3,68783563053953;-6,61765924180583;-6,99606346443236;-5,86317244115215;-5,51495529071816;-11,6492872076154;-12,4078840221423;-6,07386567824379;-16,4452001607834;-11,1264558411833;-18,4119066924961;-25,3497131618707;-25,1186183431689;-16,1529241662379;-16,6683966462068;-26,6303402812389;-26,376949772366;-13,7046393897514;-19,1950106200335;2,68199219822906;1,52838389719892;1,55555567096163;0,906735395569924;0,505569093294629;0,505568510213577;0,542423295383888;0,645128743653648;0,999999654320567;0,839312184375599;0,686365732674007;0,484882772849465;0,338111817657018;-2,10248812611053;-2,39107314816938;-2,57999843988065;-3,04445220952412;-3,98728360456804;-3,99415245406221;-3,32287235000668;-2,69628304501951;-2,14040516008494;-1,19633754221421;-1,84960330131371;-2,2603080512661;-2,90414846937821;-4,92141460905742;-4,97090981906528;-4,04731849779858;-3,37322715574267;-2,69455527776592;0,0576794539318144;0,0155854222123021;0,0401387249306073;0,0163999959496525;0,0336234616251015;0,00774680590242334;0,0133265931673394;0,00615715054981555;-3;-3;1;1;0,1419689285689847;-3;-3,71320212187939;1;1;1;-11188,9814462298;NA;All
4840;1,96257758434098;2,87415933563341;2,32355139752399;2,69474155345606;2,68531789180513;2,29053059399079;2,31860704918659;2,23305006681852;2,48313477831144;1,94897073517181;1,95515506819309;1,62777457260964;1,43790880829806;1,22085994718278;1,60616273421994;1,66185795539309;1,82280167419465;1,53502591153856;2,03174490343709;1,60807750502692;-19,2417130414084;-3,68783563053953;-6,61765924180583;-6,99606346443236;-5,86317244115215;-5,51495529071816;-11,6492872076154;-12,4078840221423;-6,07386567824379;-16,4452001607834;-11,1264558411833;-18,4119066924961;-25,3497131618707;-25,1186183431689;-16,1529241662379;-16,6683966462068;-26,6303402812389;-26,376949772366;-13,7046393897514;-19,1950106200335;2,68199219822906;1,52838389719892;1,55555567096163;0,906735395569924;0,505569093294629;0,505568510213577;0,542423295383888;0,645128743653648;0,999999654320567;0,839312184375599;0,686365732674007;0,484882772849465;0,338111817657018;-2,10248812611053;-2,39107314816938;-2,57999843988065;-3,04445220952412;-3,98728360456804;-3,99415245406221;-3,32287235000668;-2,69628304501951;-2,14040516008494;-1,19633754221421;-1,84960330131371;-2,2603080512661;-2,90414846937821;-4,92141460905742;-4,97090981906528;-4,04731849779858;-3,37322715574267;-2,69455527776592;0,0576794539318144;0,0155854222123021;0,0401387249306073;0,0163999959496525;0,0336234616251015;0,00774680590242334;0,0133265931673394;0,00615715054981555;-3;-3;1;1;0,3081096108368943;-3;-2,89923491654303;1;1;1;-11189,9425326078;NA;All
4850;1,96257758434098;2,87415933563341;2,32355139752399;2,69474155345606;2,68531789180513;2,29053059399079;2,31860704918659;2,23305006681852;2,48313477831144;1,94897073517181;1,95515506819309;1,62777457260964;1,43790880829806;1,22085994718278;1,60616273421994;1,66185795539309;1,82280167419465;1,53502591153856;2,03174490343709;1,60807750502692;-19,2417130414084;-3,68783563053953;-6,61765924180583;-6,99606346443236;-5,86317244115215;-5,51495529071816;-11,6492872076154;-12,4078840221423;-6,07386567824379;-16,4452001607834;-11,1264558411833;-18,4119066924961;-25,3497131618707;-25,1186183431689;-16,1529241662379;-16,6683966462068;-26,6303402812389;-26,376949772366;-13,7046393897514;-19,1950106200335;2,68199219822906;1,52838389719892;1,55555567096163;0,906735395569924;0,505569093294629;0,505568510213577;0,542423295383888;0,645128743653648;0,999999654320567;0,839312184375599;0,686365732674007;0,484882772849465;0,338111817657018;-2,10248812611053;-2,39107314816938;-2,57999843988065;-3,04445220952412;-3,98728360456804;-3,99415245406221;-3,32287235000668;-2,69628304501951;-2,14040516008494;-1,19633754221421;-1,84960330131371;-2,2603080512661;-2,90414846937821;-4,92141460905742;-4,97090981906528;-4,04731849779858;-3,37322715574267;-2,69455527776592;0,0576794539318144;0,0155854222123021;0,0401387249306073;0,0163999959496525;0,0336234616251015;0,00774680590242334;0,0133265931673394;0,00615715054981555;-3;-3;1;1;0,3718088227274536;-3;-2,20154034351854;1;1;1;-11191,5365921759;NA;All
4860;1,96257758434098;2,87415933563341;2,32355139752399;2,69474155345606;2,68531789180513;2,29053059399079;2,31860704918659;2,23305006681852;2,48313477831144;1,94897073517181;1,95515506819309;1,62777457260964;1,43790880829806;1,22085994718278;1,60616273421994;1,66185795539309;1,82280167419465;1,53502591153856;2,03174490343709;1,60807750502692;-19,2417130414084;-3,68783563053953;-6,61765924180583;-6,99606346443236;-5,86317244115215;-5,51495529071816;-11,6492872076154;-12,4078840221423;-6,07386567824379;-16,4452001607834;-11,1264558411833;-18,4119066924961;-25,3497131618707;-25,1186183431689;-16,1529241662379;-16,6683966462068;-26,6303402812389;-26,376949772366;-13,7046393897514;-19,1950106200335;2,68199219822906;1,52838389719892;1,55555567096163;0,906735395569924;0,505569093294629;0,505568510213577;0,542423295383888;0,645128743653648;0,999999654320567;0,839312184375599;0,686365732674007;0,484882772849465;0,338111817657018;-2,10248812611053;-2,39107314816938;-2,57999843988065;-3,04445220952412;-3,98728360456804;-3,99415245406221;-3,32287235000668;-2,69628304501951;-2,14040516008494;-1,19633754221421;-1,84960330131371;-2,2603080512661;-2,90414846937821;-4,92141460905742;-4,97090981906528;-4,04731849779858;-3,37322715574267;-2,69455527776592;0,0576794539318144;0,0155854222123021;0,0401387249306073;0,0163999959496525;0,0336234616251015;0,00774680590242334;0,0133265931673394;0,00615715054981555;-3;-3;1;1;0,1781711258676866;-3;-3,42108681401484;1;1;1;-11188,7140222887;NA;All
4870;1,96257758434098;2,87415933563341;2,32355139752399;2,69474155345606;2,68531789180513;2,29053059399079;2,31860704918659;2,23305006681852;2,48313477831144;1,94897073517181;1,95515506819309;1,62777457260964;1,43790880829806;1,22085994718278;1,60616273421994;1,66185795539309;1,82280167419465;1,53502591153856;2,03174490343709;1,60807750502692;-19,2417130414084;-3,68783563053953;-6,61765924180583;-6,99606346443236;-5,86317244115215;-5,51495529071816;-11,6492872076154;-12,4078840221423;-6,07386567824379;-16,4452001607834;-11,1264558411833;-18,4119066924961;-25,3497131618707;-25,1186183431689;-16,1529241662379;-16,6683966462068;-26,6303402812389;-26,376949772366;-13,7046393897514;-19,1950106200335;2,68199219822906;1,52838389719892;1,55555567096163;0,906735395569924;0,505569093294629;0,505568510213577;0,542423295383888;0,645128743653648;0,999999654320567;0,839312184375599;0,686365732674007;0,484882772849465;0,338111817657018;-2,10248812611053;-2,39107314816938;-2,57999843988065;-3,04445220952412;-3,98728360456804;-3,99415245406221;-3,32287235000668;-2,69628304501951;-2,14040516008494;-1,19633754221421;-1,84960330131371;-2,2603080512661;-2,90414846937821;-4,92141460905742;-4,97090981906528;-4,04731849779858;-3,37322715574267;-2,69455527776592;0,0576794539318144;0,0155854222123021;0,0401387249306073;0,0163999959496525;0,0336234616251015;0,00774680590242334;0,0133265931673394;0,00615715054981555;-3;-3;1;1;0,2586961344057395;-3;-2,55599705308410;1;1;1;-11189,2376524444;NA;All
4880;1,96257758434098;2,87415933563341;2,32355139752399;2,69474155345606;2,68531789180513;2,29053059399079;2,31860704918659;2,23305006681852;2,48313477831144;1,94897073517181;1,95515506819309;1,62777457260964;1,43790880829806;1,22085994718278;1,60616273421994;1,66185795539309;1,82280167419465;1,53502591153856;2,03174490343709;1,60807750502692;-19,2417130414084;-3,68783563053953;-6,61765924180583;-6,99606346443236;-5,86317244115215;-5,51495529071816;-11,6492872076154;-12,4078840221423;-6,07386567824379;-16,4452001607834;-11,1264558411833;-18,4119066924961;-25,3497131618707;-25,1186183431689;-16,1529241662379;-16,6683966462068;-26,6303402812389;-26,376949772366;-13,7046393897514;-19,1950106200335;2,68199219822906;1,52838389719892;1,55555567096163;0,906735395569924;0,505569093294629;0,505568510213577;0,542423295383888;0,645128743653648;0,999999654320567;0,839312184375599;0,686365732674007;0,484882772849465;0,338111817657018;-2,10248812611053;-2,39107314816938;-2,57999843988065;-3,04445220952412;-3,98728360456804;-3,99415245406221;-3,32287235000668;-2,69628304501951;-2,14040516008494;-1,19633754221421;-1,84960330131371;-2,2603080512661;-2,90414846937821;-4,92141460905742;-4,97090981906528;-4,04731849779858;-3,37322715574267;-2,69455527776592;0,0576794539318144;0,0155854222123021;0,0401387249306073;0,0163999959496525;0,0336234616251015;0,00774680590242334;0,0133265931673394;0,00615715054981555;-3;-3;1;1;0,2110009498835111;-3;-3,84293520141274;1;1;1;-11188,7311808426;NA;All
4890;1,96257758434098;2,87415933563341;2,32355139752399;2,69474155345606;2,68531789180513;2,29053059399079;2,31860704918659;2,23305006681852;2,48313477831144;1,94897073517181;1,95515506819309;1,62777457260964;1,43790880829806;1,22085994718278;1,60616273421994;1,66185795539309;1,82280167419465;1,53502591153856;2,03174490343709;1,60807750502692;-19,2417130414084;-3,68783563053953;-6,61765924180583;-6,99606346443236;-5,86317244115215;-5,51495529071816;-11,6492872076154;-12,4078840221423;-6,07386567824379;-16,4452001607834;-11,1264558411833;-18,4119066924961;-25,3497131618707;-25,1186183431689;-16,1529241662379;-16,6683966462068;-26,6303402812389;-26,376949772366;-13,7046393897514;-19,1950106200335;2,68199219822906;1,52838389719892;1,55555567096163;0,906735395569924;0,505569093294629;0,505568510213577;0,542423295383888;0,645128743653648;0,999999654320567;0,839312184375599;0,686365732674007;0,484882772849465;0,338111817657018;-2,10248812611053;-2,39107314816938;-2,57999843988065;-3,04445220952412;-3,98728360456804;-3,99415245406221;-3,32287235000668;-2,69628304501951;-2,14040516008494;-1,19633754221421;-1,84960330131371;-2,2603080512661;-2,90414846937821;-4,92141460905742;-4,97090981906528;-4,04731849779858;-3,37322715574267;-2,69455527776592;0,0576794539318144;0,0155854222123021;0,0401387249306073;0,0163999959496525;0,0336234616251015;0,00774680590242334;0,0133265931673394;0,00615715054981555;-3;-3;1;1;0,1586308340648338;-3;-2,60531689609578;1;1;1;-11188,9048926791;NA;All
4900;1,96257758434098;2,87415933563341;2,32355139752399;2,69474155345606;2,68531789180513;2,29053059399079;2,31860704918659;2,23305006681852;2,48313477831144;1,94897073517181;1,95515506819309;1,62777457260964;1,43790880829806;1,22085994718278;1,60616273421994;1,66185795539309;1,82280167419465;1,53502591153856;2,03174490343709;1,60807750502692;-19,2417130414084;-3,68783563053953;-6,61765924180583;-6,99606346443236;-5,86317244115215;-5,51495529071816;-11,6492872076154;-12,4078840221423;-6,07386567824379;-16,4452001607834;-11,1264558411833;-18,4119066924961;-25,3497131618707;-25,1186183431689;-16,1529241662379;-16,6683966462068;-26,6303402812389;-26,376949772366;-13,7046393897514;-19,1950106200335;2,68199219822906;1,52838389719892;1,55555567096163;0,906735395569924;0,505569093294629;0,505568510213577;0,542423295383888;0,645128743653648;0,999999654320567;0,839312184375599;0,686365732674007;0,484882772849465;0,338111817657018;-2,10248812611053;-2,39107314816938;-2,57999843988065;-3,04445220952412;-3,98728360456804;-3,99415245406221;-3,32287235000668;-2,69628304501951;-2,14040516008494;-1,19633754221421;-1,84960330131371;-2,2603080512661;-2,90414846937821;-4,92141460905742;-4,97090981906528;-4,04731849779858;-3,37322715574267;-2,69455527776592;0,0576794539318144;0,0155854222123021;0,0401387249306073;0,0163999959496525;0,0336234616251015;0,00774680590242334;0,0133265931673394;0,00615715054981555;-3;-3;1;1;0,1421546091137426;-3;-3,04358933957888;1;1;1;-11189,0081569496;NA;All
4910;1,96257758434098;2,87415933563341;2,32355139752399;2,69474155345606;2,68531789180513;2,29053059399079;2,31860704918659;2,23305006681852;2,48313477831144;1,94897073517181;1,95515506819309;1,62777457260964;1,43790880829806;1,22085994718278;1,60616273421994;1,66185795539309;1,82280167419465;1,53502591153856;2,03174490343709;1,60807750502692;-19,2417130414084;-3,68783563053953;-6,61765924180583;-6,99606346443236;-5,86317244115215;-5,51495529071816;-11,6492872076154;-12,4078840221423;-6,07386567824379;-16,4452001607834;-11,1264558411833;-18,4119066924961;-25,3497131618707;-25,1186183431689;-16,1529241662379;-16,6683966462068;-26,6303402812389;-26,376949772366;-13,7046393897514;-19,1950106200335;2,68199219822906;1,52838389719892;1,55555567096163;0,906735395569924;0,505569093294629;0,505568510213577;0,542423295383888;0,645128743653648;0,999999654320567;0,839312184375599;0,686365732674007;0,484882772849465;0,338111817657018;-2,10248812611053;-2,39107314816938;-2,57999843988065;-3,04445220952412;-3,98728360456804;-3,99415245406221;-3,32287235000668;-2,69628304501951;-2,14040516008494;-1,19633754221421;-1,84960330131371;-2,2603080512661;-2,90414846937821;-4,92141460905742;-4,97090981906528;-4,04731849779858;-3,37322715574267;-2,69455527776592;0,0576794539318144;0,0155854222123021;0,0401387249306073;0,0163999959496525;0,0336234616251015;0,00774680590242334;0,0133265931673394;0,00615715054981555;-3;-3;1;1;0,2427715106348908;-3;-3,71156565385832;1;1;1;-11188,9573899468;NA;All
4920;1,96257758434098;2,87415933563341;2,32355139752399;2,69474155345606;2,68531789180513;2,29053059399079;2,31860704918659;2,23305006681852;2,48313477831144;1,94897073517181;1,95515506819309;1,62777457260964;1,43790880829806;1,22085994718278;1,60616273421994;1,66185795539309;1,82280167419465;1,53502591153856;2,03174490343709;1,60807750502692;-19,2417130414084;-3,68783563053953;-6,61765924180583;-6,99606346443236;-5,86317244115215;-5,51495529071816;-11,6492872076154;-12,4078840221423;-6,07386567824379;-16,4452001607834;-11,1264558411833;-18,4119066924961;-25,3497131618707;-25,1186183431689;-16,1529241662379;-16,6683966462068;-26,6303402812389;-26,376949772366;-13,7046393897514;-19,1950106200335;2,68199219822906;1,52838389719892;1,55555567096163;0,906735395569924;0,505569093294629;0,505568510213577;0,542423295383888;0,645128743653648;0,999999654320567;0,839312184375599;0,686365732674007;0,484882772849465;0,338111817657018;-2,10248812611053;-2,39107314816938;-2,57999843988065;-3,04445220952412;-3,98728360456804;-3,99415245406221;-3,32287235000668;-2,69628304501951;-2,14040516008494;-1,19633754221421;-1,84960330131371;-2,2603080512661;-2,90414846937821;-4,92141460905742;-4,97090981906528;-4,04731849779858;-3,37322715574267;-2,69455527776592;0,0576794539318144;0,0155854222123021;0,0401387249306073;0,0163999959496525;0,0336234616251015;0,00774680590242334;0,0133265931673394;0,00615715054981555;-3;-3;1;1;0,2044307549005691;-3;-3,93268254189208;1;1;1;-11188,7063101921;NA;All
4930;1,96257758434098;2,87415933563341;2,32355139752399;2,69474155345606;2,68531789180513;2,29053059399079;2,31860704918659;2,23305006681852;2,48313477831144;1,94897073517181;1,95515506819309;1,62777457260964;1,43790880829806;1,22085994718278;1,60616273421994;1,66185795539309;1,82280167419465;1,53502591153856;2,03174490343709;1,60807750502692;-19,2417130414084;-3,68783563053953;-6,61765924180583;-6,99606346443236;-5,86317244115215;-5,51495529071816;-11,6492872076154;-12,4078840221423;-6,07386567824379;-16,4452001607834;-11,1264558411833;-18,4119066924961;-25,3497131618707;-25,1186183431689;-16,1529241662379;-16,6683966462068;-26,6303402812389;-26,376949772366;-13,7046393897514;-19,1950106200335;2,68199219822906;1,52838389719892;1,55555567096163;0,906735395569924;0,505569093294629;0,505568510213577;0,542423295383888;0,645128743653648;0,999999654320567;0,839312184375599;0,686365732674007;0,484882772849465;0,338111817657018;-2,10248812611053;-2,39107314816938;-2,57999843988065;-3,04445220952412;-3,98728360456804;-3,99415245406221;-3,32287235000668;-2,69628304501951;-2,14040516008494;-1,19633754221421;-1,84960330131371;-2,2603080512661;-2,90414846937821;-4,92141460905742;-4,97090981906528;-4,04731849779858;-3,37322715574267;-2,69455527776592;0,0576794539318144;0,0155854222123021;0,0401387249306073;0,0163999959496525;0,0336234616251015;0,00774680590242334;0,0133265931673394;0,00615715054981555;-3;-3;1;1;0,1290983631929026;-3;-2,62344720448705;1;1;1;-11189,2638352602;NA;All
4940;1,96257758434098;2,87415933563341;2,32355139752399;2,69474155345606;2,68531789180513;2,29053059399079;2,31860704918659;2,23305006681852;2,48313477831144;1,94897073517181;1,95515506819309;1,62777457260964;1,43790880829806;1,22085994718278;1,60616273421994;1,66185795539309;1,82280167419465;1,53502591153856;2,03174490343709;1,60807750502692;-19,2417130414084;-3,68783563053953;-6,61765924180583;-6,99606346443236;-5,86317244115215;-5,51495529071816;-11,6492872076154;-12,4078840221423;-6,07386567824379;-16,4452001607834;-11,1264558411833;-18,4119066924961;-25,3497131618707;-25,1186183431689;-16,1529241662379;-16,6683966462068;-26,6303402812389;-26,376949772366;-13,7046393897514;-19,1950106200335;2,68199219822906;1,52838389719892;1,55555567096163;0,906735395569924;0,505569093294629;0,505568510213577;0,542423295383888;0,645128743653648;0,999999654320567;0,839312184375599;0,686365732674007;0,484882772849465;0,338111817657018;-2,10248812611053;-2,39107314816938;-2,57999843988065;-3,04445220952412;-3,98728360456804;-3,99415245406221;-3,32287235000668;-2,69628304501951;-2,14040516008494;-1,19633754221421;-1,84960330131371;-2,2603080512661;-2,90414846937821;-4,92141460905742;-4,97090981906528;-4,04731849779858;-3,37322715574267;-2,69455527776592;0,0576794539318144;0,0155854222123021;0,0401387249306073;0,0163999959496525;0,0336234616251015;0,00774680590242334;0,0133265931673394;0,00615715054981555;-3;-3;1;1;0,2285891400878411;-3;-2,90245505004119;1;1;1;-11188,8786020106;NA;All
4950;1,96257758434098;2,87415933563341;2,32355139752399;2,69474155345606;2,68531789180513;2,29053059399079;2,31860704918659;2,23305006681852;2,48313477831144;1,94897073517181;1,95515506819309;1,62777457260964;1,43790880829806;1,22085994718278;1,60616273421994;1,66185795539309;1,82280167419465;1,53502591153856;2,03174490343709;1,60807750502692;-19,2417130414084;-3,68783563053953;-6,61765924180583;-6,99606346443236;-5,86317244115215;-5,51495529071816;-11,6492872076154;-12,4078840221423;-6,07386567824379;-16,4452001607834;-11,1264558411833;-18,4119066924961;-25,3497131618707;-25,1186183431689;-16,1529241662379;-16,6683966462068;-26,6303402812389;-26,376949772366;-13,7046393897514;-19,1950106200335;2,68199219822906;1,52838389719892;1,55555567096163;0,906735395569924;0,505569093294629;0,505568510213577;0,542423295383888;0,645128743653648;0,999999654320567;0,839312184375599;0,686365732674007;0,484882772849465;0,338111817657018;-2,10248812611053;-2,39107314816938;-2,57999843988065;-3,04445220952412;-3,98728360456804;-3,99415245406221;-3,32287235000668;-2,69628304501951;-2,14040516008494;-1,19633754221421;-1,84960330131371;-2,2603080512661;-2,90414846937821;-4,92141460905742;-4,97090981906528;-4,04731849779858;-3,37322715574267;-2,69455527776592;0,0576794539318144;0,0155854222123021;0,0401387249306073;0,0163999959496525;0,0336234616251015;0,00774680590242334;0,0133265931673394;0,00615715054981555;-3;-3;1;1;0,2067381903226840;-3;-3,63779913068813;1;1;1;-11188,7184916147;NA;All
4960;1,96257758434098;2,87415933563341;2,32355139752399;2,69474155345606;2,68531789180513;2,29053059399079;2,31860704918659;2,23305006681852;2,48313477831144;1,94897073517181;1,95515506819309;1,62777457260964;1,43790880829806;1,22085994718278;1,60616273421994;1,66185795539309;1,82280167419465;1,53502591153856;2,03174490343709;1,60807750502692;-19,2417130414084;-3,68783563053953;-6,61765924180583;-6,99606346443236;-5,86317244115215;-5,51495529071816;-11,6492872076154;-12,4078840221423;-6,07386567824379;-16,4452001607834;-11,1264558411833;-18,4119066924961;-25,3497131618707;-25,1186183431689;-16,1529241662379;-16,6683966462068;-26,6303402812389;-26,376949772366;-13,7046393897514;-19,1950106200335;2,68199219822906;1,52838389719892;1,55555567096163;0,906735395569924;0,505569093294629;0,505568510213577;0,542423295383888;0,645128743653648;0,999999654320567;0,839312184375599;0,686365732674007;0,484882772849465;0,338111817657018;-2,10248812611053;-2,39107314816938;-2,57999843988065;-3,04445220952412;-3,98728360456804;-3,99415245406221;-3,32287235000668;-2,69628304501951;-2,14040516008494;-1,19633754221421;-1,84960330131371;-2,2603080512661;-2,90414846937821;-4,92141460905742;-4,97090981906528;-4,04731849779858;-3,37322715574267;-2,69455527776592;0,0576794539318144;0,0155854222123021;0,0401387249306073;0,0163999959496525;0,0336234616251015;0,00774680590242334;0,0133265931673394;0,00615715054981555;-3;-3;1;1;0,2759338299284085;-3;-3,80263344983689;1;1;1;-11189,3638725132;NA;All
4970;1,96257758434098;2,87415933563341;2,32355139752399;2,69474155345606;2,68531789180513;2,29053059399079;2,31860704918659;2,23305006681852;2,48313477831144;1,94897073517181;1,95515506819309;1,62777457260964;1,43790880829806;1,22085994718278;1,60616273421994;1,66185795539309;1,82280167419465;1,53502591153856;2,03174490343709;1,60807750502692;-19,2417130414084;-3,68783563053953;-6,61765924180583;-6,99606346443236;-5,86317244115215;-5,51495529071816;-11,6492872076154;-12,4078840221423;-6,07386567824379;-16,4452001607834;-11,1264558411833;-18,4119066924961;-25,3497131618707;-25,1186183431689;-16,1529241662379;-16,6683966462068;-26,6303402812389;-26,376949772366;-13,7046393897514;-19,1950106200335;2,68199219822906;1,52838389719892;1,55555567096163;0,906735395569924;0,505569093294629;0,505568510213577;0,542423295383888;0,645128743653648;0,999999654320567;0,839312184375599;0,686365732674007;0,484882772849465;0,338111817657018;-2,10248812611053;-2,39107314816938;-2,57999843988065;-3,04445220952412;-3,98728360456804;-3,99415245406221;-3,32287235000668;-2,69628304501951;-2,14040516008494;-1,19633754221421;-1,84960330131371;-2,2603080512661;-2,90414846937821;-4,92141460905742;-4,97090981906528;-4,04731849779858;-3,37322715574267;-2,69455527776592;0,0576794539318144;0,0155854222123021;0,0401387249306073;0,0163999959496525;0,0336234616251015;0,00774680590242334;0,0133265931673394;0,00615715054981555;-3;-3;1;1;0,2512660781224375;-3;-1,74901665118542;1;1;1;-11189,8271988512;NA;All
4980;1,96257758434098;2,87415933563341;2,32355139752399;2,69474155345606;2,68531789180513;2,29053059399079;2,31860704918659;2,23305006681852;2,48313477831144;1,94897073517181;1,95515506819309;1,62777457260964;1,43790880829806;1,22085994718278;1,60616273421994;1,66185795539309;1,82280167419465;1,53502591153856;2,03174490343709;1,60807750502692;-19,2417130414084;-3,68783563053953;-6,61765924180583;-6,99606346443236;-5,86317244115215;-5,51495529071816;-11,6492872076154;-12,4078840221423;-6,07386567824379;-16,4452001607834;-11,1264558411833;-18,4119066924961;-25,3497131618707;-25,1186183431689;-16,1529241662379;-16,6683966462068;-26,6303402812389;-26,376949772366;-13,7046393897514;-19,1950106200335;2,68199219822906;1,52838389719892;1,55555567096163;0,906735395569924;0,505569093294629;0,505568510213577;0,542423295383888;0,645128743653648;0,999999654320567;0,839312184375599;0,686365732674007;0,484882772849465;0,338111817657018;-2,10248812611053;-2,39107314816938;-2,57999843988065;-3,04445220952412;-3,98728360456804;-3,99415245406221;-3,32287235000668;-2,69628304501951;-2,14040516008494;-1,19633754221421;-1,84960330131371;-2,2603080512661;-2,90414846937821;-4,92141460905742;-4,97090981906528;-4,04731849779858;-3,37322715574267;-2,69455527776592;0,0576794539318144;0,0155854222123021;0,0401387249306073;0,0163999959496525;0,0336234616251015;0,00774680590242334;0,0133265931673394;0,00615715054981555;-3;-3;1;1;0,1608646798859961;-3;-3,59035511389839;1;1;1;-11188,7961002875;NA;All
4990;1,96257758434098;2,87415933563341;2,32355139752399;2,69474155345606;2,68531789180513;2,29053059399079;2,31860704918659;2,23305006681852;2,48313477831144;1,94897073517181;1,95515506819309;1,62777457260964;1,43790880829806;1,22085994718278;1,60616273421994;1,66185795539309;1,82280167419465;1,53502591153856;2,03174490343709;1,60807750502692;-19,2417130414084;-3,68783563053953;-6,61765924180583;-6,99606346443236;-5,86317244115215;-5,51495529071816;-11,6492872076154;-12,4078840221423;-6,07386567824379;-16,4452001607834;-11,1264558411833;-18,4119066924961;-25,3497131618707;-25,1186183431689;-16,1529241662379;-16,6683966462068;-26,6303402812389;-26,376949772366;-13,7046393897514;-19,1950106200335;2,68199219822906;1,52838389719892;1,55555567096163;0,906735395569924;0,505569093294629;0,505568510213577;0,542423295383888;0,645128743653648;0,999999654320567;0,839312184375599;0,686365732674007;0,484882772849465;0,338111817657018;-2,10248812611053;-2,39107314816938;-2,57999843988065;-3,04445220952412;-3,98728360456804;-3,99415245406221;-3,32287235000668;-2,69628304501951;-2,14040516008494;-1,19633754221421;-1,84960330131371;-2,2603080512661;-2,90414846937821;-4,92141460905742;-4,97090981906528;-4,04731849779858;-3,37322715574267;-2,69455527776592;0,0576794539318144;0,0155854222123021;0,0401387249306073;0,0163999959496525;0,0336234616251015;0,00774680590242334;0,0133265931673394;0,00615715054981555;-3;-3;1;1;0,1564081046096615;-3;-2,77229543358804;1;1;1;-11188,8898969971;NA;All
5000;1,96257758434098;2,87415933563341;2,32355139752399;2,69474155345606;2,68531789180513;2,29053059399079;2,31860704918659;2,23305006681852;2,48313477831144;1,94897073517181;1,95515506819309;1,62777457260964;1,43790880829806;1,22085994718278;1,60616273421994;1,66185795539309;1,82280167419465;1,53502591153856;2,03174490343709;1,60807750502692;-19,2417130414084;-3,68783563053953;-6,61765924180583;-6,99606346443236;-5,86317244115215;-5,51495529071816;-11,6492872076154;-12,4078840221423;-6,07386567824379;-16,4452001607834;-11,1264558411833;-18,4119066924961;-25,3497131618707;-25,1186183431689;-16,1529241662379;-16,6683966462068;-26,6303402812389;-26,376949772366;-13,7046393897514;-19,1950106200335;2,68199219822906;1,52838389719892;1,55555567096163;0,906735395569924;0,505569093294629;0,505568510213577;0,542423295383888;0,645128743653648;0,999999654320567;0,839312184375599;0,686365732674007;0,484882772849465;0,338111817657018;-2,10248812611053;-2,39107314816938;-2,57999843988065;-3,04445220952412;-3,98728360456804;-3,99415245406221;-3,32287235000668;-2,69628304501951;-2,14040516008494;-1,19633754221421;-1,84960330131371;-2,2603080512661;-2,90414846937821;-4,92141460905742;-4,97090981906528;-4,04731849779858;-3,37322715574267;-2,69455527776592;0,0576794539318144;0,0155854222123021;0,0401387249306073;0,0163999959496525;0,0336234616251015;0,00774680590242334;0,0133265931673394;0,00615715054981555;-3;-3;1;1;0,1935032383922480;-3;-2,51605963489628;1;1;1;-11188,8072960902;NA;All
