Iteration;beta1_1011;beta1_1112;beta1_1213;beta1_1314;beta1_1415;beta1_1516;beta1_1617;beta1_1718;beta1_1819;beta1_1920;beta2_1011;beta2_1112;beta2_1213;beta2_1314;beta2_1415;beta2_1516;beta2_1617;beta2_1718;beta2_1819;beta2_1920;eta1_1011;eta1_1112;eta1_1213;eta1_1314;eta1_1415;eta1_1516;eta1_1617;eta1_1718;eta1_1819;eta1_1920;eta2_1011;eta2_1112;eta2_1213;eta2_1314;eta2_1415;eta2_1516;eta2_1617;eta2_1718;eta2_1819;eta2_1920;alpha1;gamma1;alpha2;gamma2;pi_<6m;pi_6-12m;pi_1;pi_2-4;pi_5-17;pi_18-49;pi_50-64;pi_65-74;pi_75+;lh1_<6m;lh1_6-12m;lh1_1;lh1_2-4;lh1_5-17;lh1_18-49;lh1_50-64;lh1_65-74;lh1_75+;lh2_<6m;lh2_6-12m;lh2_1;lh2_2-4;lh2_5-17;lh2_18-49;lh2_50-64;lh2_65-74;lh2_75+;kappa1_0-4;kappa1_5-14;kappa1_15-64;kappa1_65+;kappa2_0-4;kappa2_5-14;kappa2_15-64;kappa2_65+;lromega1;lrpsi1;delta1;sigma1;theta1;lromega2;lrpsi2;delta2;sigma2;theta2;Loglik;Accepted;Season
0;1,89389554888044;2,77668417838003;2,33533711420516;2,68774121246616;2,72309010659783;2,29408906685468;2,47326676471914;2,24097751517347;2,55320778110794;2,07780597554461;1,87229485914894;1,63386438152965;1,4456112889373;1,22448001849554;1,57391116751393;1,72268738934523;1,88268488418809;1,51541495520003;2,0105765664805;1,66769611430012;-21,1792549398174;-4,18947293818984;-6,65286241433163;-7,1809515973989;-5,54687814313434;-5,65488769770684;-9,8092163636125;-12,4411986438902;-5,52180832075962;-13,2792363051043;-11,5843475719452;-18,3650380350894;-25,6680975326532;-25,1712093050069;-26,5444579296166;-15,5048909875234;-16,7391415748164;-20,2654847460006;-14,0704407964278;-18,8612253266302;2,68199219822906;1,52838389719892;1,55555567096163;0,906735395569924;0,505569093294629;0,505568510213577;0,542423295383888;0,645128743653648;0,999999654320567;0,839312184375599;0,686365732674007;0,484882772849465;0,338111817657018;-2,15412013791303;-2,42226812127019;-2,55906686800296;-3,10311669832069;-3,99474654545801;-3,97671217514574;-3,35263255597489;-2,70563138978424;-2,14672192447882;-1,19499808741355;-1,84815310840112;-2,22452115757888;-2,90058670842152;-5,11453698104553;-5,02170503837136;-4,05149685492326;-3,42456171028843;-2,69556160947629;0,0719810978515742;0,0157773726842686;0,0505370955583641;0,0170367760222954;0,0271365841219972;0,00815598019131003;0,0102300072942366;0,0079209892374245;-3,0000000000000000;-3;1;1;1;-3;-3;1;1;1,00000000000000000;NA;NA;All
10;1,89389554888044;2,77668417838003;2,33533711420516;2,68774121246616;2,72309010659783;2,29408906685468;2,47326676471914;2,24097751517347;2,55320778110794;2,07780597554461;1,87229485914894;1,63386438152965;1,4456112889373;1,22448001849554;1,57391116751393;1,72268738934523;1,88268488418809;1,51541495520003;2,0105765664805;1,66769611430012;-21,1792549398174;-4,18947293818984;-6,65286241433163;-7,1809515973989;-5,54687814313434;-5,65488769770684;-9,8092163636125;-12,4411986438902;-5,52180832075962;-13,2792363051043;-11,5843475719452;-18,3650380350894;-25,6680975326532;-25,1712093050069;-26,5444579296166;-15,5048909875234;-16,7391415748164;-20,2654847460006;-14,0704407964278;-18,8612253266302;2,68199219822906;1,52838389719892;1,55555567096163;0,906735395569924;0,505569093294629;0,505568510213577;0,542423295383888;0,645128743653648;0,999999654320567;0,839312184375599;0,686365732674007;0,484882772849465;0,338111817657018;-2,15412013791303;-2,42226812127019;-2,55906686800296;-3,10311669832069;-3,99474654545801;-3,97671217514574;-3,35263255597489;-2,70563138978424;-2,14672192447882;-1,19499808741355;-1,84815310840112;-2,22452115757888;-2,90058670842152;-5,11453698104553;-5,02170503837136;-4,05149685492326;-3,42456171028843;-2,69556160947629;0,0719810978515742;0,0157773726842686;0,0505370955583641;0,0170367760222954;0,0271365841219972;0,00815598019131003;0,0102300072942366;0,0079209892374245;-2,5330530536415288;-3;1;1;1;-3;-3;1;1;0,81482165324684475;-11215,7335015147;NA;All
20;1,89389554888044;2,77668417838003;2,33533711420516;2,68774121246616;2,72309010659783;2,29408906685468;2,47326676471914;2,24097751517347;2,55320778110794;2,07780597554461;1,87229485914894;1,63386438152965;1,4456112889373;1,22448001849554;1,57391116751393;1,72268738934523;1,88268488418809;1,51541495520003;2,0105765664805;1,66769611430012;-21,1792549398174;-4,18947293818984;-6,65286241433163;-7,1809515973989;-5,54687814313434;-5,65488769770684;-9,8092163636125;-12,4411986438902;-5,52180832075962;-13,2792363051043;-11,5843475719452;-18,3650380350894;-25,6680975326532;-25,1712093050069;-26,5444579296166;-15,5048909875234;-16,7391415748164;-20,2654847460006;-14,0704407964278;-18,8612253266302;2,68199219822906;1,52838389719892;1,55555567096163;0,906735395569924;0,505569093294629;0,505568510213577;0,542423295383888;0,645128743653648;0,999999654320567;0,839312184375599;0,686365732674007;0,484882772849465;0,338111817657018;-2,15412013791303;-2,42226812127019;-2,55906686800296;-3,10311669832069;-3,99474654545801;-3,97671217514574;-3,35263255597489;-2,70563138978424;-2,14672192447882;-1,19499808741355;-1,84815310840112;-2,22452115757888;-2,90058670842152;-5,11453698104553;-5,02170503837136;-4,05149685492326;-3,42456171028843;-2,69556160947629;0,0719810978515742;0,0157773726842686;0,0505370955583641;0,0170367760222954;0,0271365841219972;0,00815598019131003;0,0102300072942366;0,0079209892374245;-2,3990120049567834;-3;1;1;1;-3;-3;1;1;0,49393761668189345;-11215,1236010392;NA;All
30;1,89389554888044;2,77668417838003;2,33533711420516;2,68774121246616;2,72309010659783;2,29408906685468;2,47326676471914;2,24097751517347;2,55320778110794;2,07780597554461;1,87229485914894;1,63386438152965;1,4456112889373;1,22448001849554;1,57391116751393;1,72268738934523;1,88268488418809;1,51541495520003;2,0105765664805;1,66769611430012;-21,1792549398174;-4,18947293818984;-6,65286241433163;-7,1809515973989;-5,54687814313434;-5,65488769770684;-9,8092163636125;-12,4411986438902;-5,52180832075962;-13,2792363051043;-11,5843475719452;-18,3650380350894;-25,6680975326532;-25,1712093050069;-26,5444579296166;-15,5048909875234;-16,7391415748164;-20,2654847460006;-14,0704407964278;-18,8612253266302;2,68199219822906;1,52838389719892;1,55555567096163;0,906735395569924;0,505569093294629;0,505568510213577;0,542423295383888;0,645128743653648;0,999999654320567;0,839312184375599;0,686365732674007;0,484882772849465;0,338111817657018;-2,15412013791303;-2,42226812127019;-2,55906686800296;-3,10311669832069;-3,99474654545801;-3,97671217514574;-3,35263255597489;-2,70563138978424;-2,14672192447882;-1,19499808741355;-1,84815310840112;-2,22452115757888;-2,90058670842152;-5,11453698104553;-5,02170503837136;-4,05149685492326;-3,42456171028843;-2,69556160947629;0,0719810978515742;0,0157773726842686;0,0505370955583641;0,0170367760222954;0,0271365841219972;0,00815598019131003;0,0102300072942366;0,0079209892374245;-2,1834034858801328;-3;1;1;1;-3;-3;1;1;0,29667884410050482;-11215,8593137483;NA;All
40;1,89389554888044;2,77668417838003;2,33533711420516;2,68774121246616;2,72309010659783;2,29408906685468;2,47326676471914;2,24097751517347;2,55320778110794;2,07780597554461;1,87229485914894;1,63386438152965;1,4456112889373;1,22448001849554;1,57391116751393;1,72268738934523;1,88268488418809;1,51541495520003;2,0105765664805;1,66769611430012;-21,1792549398174;-4,18947293818984;-6,65286241433163;-7,1809515973989;-5,54687814313434;-5,65488769770684;-9,8092163636125;-12,4411986438902;-5,52180832075962;-13,2792363051043;-11,5843475719452;-18,3650380350894;-25,6680975326532;-25,1712093050069;-26,5444579296166;-15,5048909875234;-16,7391415748164;-20,2654847460006;-14,0704407964278;-18,8612253266302;2,68199219822906;1,52838389719892;1,55555567096163;0,906735395569924;0,505569093294629;0,505568510213577;0,542423295383888;0,645128743653648;0,999999654320567;0,839312184375599;0,686365732674007;0,484882772849465;0,338111817657018;-2,15412013791303;-2,42226812127019;-2,55906686800296;-3,10311669832069;-3,99474654545801;-3,97671217514574;-3,35263255597489;-2,70563138978424;-2,14672192447882;-1,19499808741355;-1,84815310840112;-2,22452115757888;-2,90058670842152;-5,11453698104553;-5,02170503837136;-4,05149685492326;-3,42456171028843;-2,69556160947629;0,0719810978515742;0,0157773726842686;0,0505370955583641;0,0170367760222954;0,0271365841219972;0,00815598019131003;0,0102300072942366;0,0079209892374245;-2,0122487235056288;-3;1;1;1;-3;-3;1;1;0,58076563753344279;-11215,1098607760;NA;All
50;1,89389554888044;2,77668417838003;2,33533711420516;2,68774121246616;2,72309010659783;2,29408906685468;2,47326676471914;2,24097751517347;2,55320778110794;2,07780597554461;1,87229485914894;1,63386438152965;1,4456112889373;1,22448001849554;1,57391116751393;1,72268738934523;1,88268488418809;1,51541495520003;2,0105765664805;1,66769611430012;-21,1792549398174;-4,18947293818984;-6,65286241433163;-7,1809515973989;-5,54687814313434;-5,65488769770684;-9,8092163636125;-12,4411986438902;-5,52180832075962;-13,2792363051043;-11,5843475719452;-18,3650380350894;-25,6680975326532;-25,1712093050069;-26,5444579296166;-15,5048909875234;-16,7391415748164;-20,2654847460006;-14,0704407964278;-18,8612253266302;2,68199219822906;1,52838389719892;1,55555567096163;0,906735395569924;0,505569093294629;0,505568510213577;0,542423295383888;0,645128743653648;0,999999654320567;0,839312184375599;0,686365732674007;0,484882772849465;0,338111817657018;-2,15412013791303;-2,42226812127019;-2,55906686800296;-3,10311669832069;-3,99474654545801;-3,97671217514574;-3,35263255597489;-2,70563138978424;-2,14672192447882;-1,19499808741355;-1,84815310840112;-2,22452115757888;-2,90058670842152;-5,11453698104553;-5,02170503837136;-4,05149685492326;-3,42456171028843;-2,69556160947629;0,0719810978515742;0,0157773726842686;0,0505370955583641;0,0170367760222954;0,0271365841219972;0,00815598019131003;0,0102300072942366;0,0079209892374245;-2,4869305342140886;-3;1;1;1;-3;-3;1;1;0,67852812873634127;-11215,2698245994;NA;All
60;1,89389554888044;2,77668417838003;2,33533711420516;2,68774121246616;2,72309010659783;2,29408906685468;2,47326676471914;2,24097751517347;2,55320778110794;2,07780597554461;1,87229485914894;1,63386438152965;1,4456112889373;1,22448001849554;1,57391116751393;1,72268738934523;1,88268488418809;1,51541495520003;2,0105765664805;1,66769611430012;-21,1792549398174;-4,18947293818984;-6,65286241433163;-7,1809515973989;-5,54687814313434;-5,65488769770684;-9,8092163636125;-12,4411986438902;-5,52180832075962;-13,2792363051043;-11,5843475719452;-18,3650380350894;-25,6680975326532;-25,1712093050069;-26,5444579296166;-15,5048909875234;-16,7391415748164;-20,2654847460006;-14,0704407964278;-18,8612253266302;2,68199219822906;1,52838389719892;1,55555567096163;0,906735395569924;0,505569093294629;0,505568510213577;0,542423295383888;0,645128743653648;0,999999654320567;0,839312184375599;0,686365732674007;0,484882772849465;0,338111817657018;-2,15412013791303;-2,42226812127019;-2,55906686800296;-3,10311669832069;-3,99474654545801;-3,97671217514574;-3,35263255597489;-2,70563138978424;-2,14672192447882;-1,19499808741355;-1,84815310840112;-2,22452115757888;-2,90058670842152;-5,11453698104553;-5,02170503837136;-4,05149685492326;-3,42456171028843;-2,69556160947629;0,0719810978515742;0,0157773726842686;0,0505370955583641;0,0170367760222954;0,0271365841219972;0,00815598019131003;0,0102300072942366;0,0079209892374245;-2,8123197164045024;-3;1;1;1;-3;-3;1;1;1,14911811719871793;-11217,7420996260;NA;All
70;1,89389554888044;2,77668417838003;2,33533711420516;2,68774121246616;2,72309010659783;2,29408906685468;2,47326676471914;2,24097751517347;2,55320778110794;2,07780597554461;1,87229485914894;1,63386438152965;1,4456112889373;1,22448001849554;1,57391116751393;1,72268738934523;1,88268488418809;1,51541495520003;2,0105765664805;1,66769611430012;-21,1792549398174;-4,18947293818984;-6,65286241433163;-7,1809515973989;-5,54687814313434;-5,65488769770684;-9,8092163636125;-12,4411986438902;-5,52180832075962;-13,2792363051043;-11,5843475719452;-18,3650380350894;-25,6680975326532;-25,1712093050069;-26,5444579296166;-15,5048909875234;-16,7391415748164;-20,2654847460006;-14,0704407964278;-18,8612253266302;2,68199219822906;1,52838389719892;1,55555567096163;0,906735395569924;0,505569093294629;0,505568510213577;0,542423295383888;0,645128743653648;0,999999654320567;0,839312184375599;0,686365732674007;0,484882772849465;0,338111817657018;-2,15412013791303;-2,42226812127019;-2,55906686800296;-3,10311669832069;-3,99474654545801;-3,97671217514574;-3,35263255597489;-2,70563138978424;-2,14672192447882;-1,19499808741355;-1,84815310840112;-2,22452115757888;-2,90058670842152;-5,11453698104553;-5,02170503837136;-4,05149685492326;-3,42456171028843;-2,69556160947629;0,0719810978515742;0,0157773726842686;0,0505370955583641;0,0170367760222954;0,0271365841219972;0,00815598019131003;0,0102300072942366;0,0079209892374245;-1,6950524033545411;-3;1;1;1;-3;-3;1;1;0,86502036417788108;-11216,0713149005;NA;All
80;1,89389554888044;2,77668417838003;2,33533711420516;2,68774121246616;2,72309010659783;2,29408906685468;2,47326676471914;2,24097751517347;2,55320778110794;2,07780597554461;1,87229485914894;1,63386438152965;1,4456112889373;1,22448001849554;1,57391116751393;1,72268738934523;1,88268488418809;1,51541495520003;2,0105765664805;1,66769611430012;-21,1792549398174;-4,18947293818984;-6,65286241433163;-7,1809515973989;-5,54687814313434;-5,65488769770684;-9,8092163636125;-12,4411986438902;-5,52180832075962;-13,2792363051043;-11,5843475719452;-18,3650380350894;-25,6680975326532;-25,1712093050069;-26,5444579296166;-15,5048909875234;-16,7391415748164;-20,2654847460006;-14,0704407964278;-18,8612253266302;2,68199219822906;1,52838389719892;1,55555567096163;0,906735395569924;0,505569093294629;0,505568510213577;0,542423295383888;0,645128743653648;0,999999654320567;0,839312184375599;0,686365732674007;0,484882772849465;0,338111817657018;-2,15412013791303;-2,42226812127019;-2,55906686800296;-3,10311669832069;-3,99474654545801;-3,97671217514574;-3,35263255597489;-2,70563138978424;-2,14672192447882;-1,19499808741355;-1,84815310840112;-2,22452115757888;-2,90058670842152;-5,11453698104553;-5,02170503837136;-4,05149685492326;-3,42456171028843;-2,69556160947629;0,0719810978515742;0,0157773726842686;0,0505370955583641;0,0170367760222954;0,0271365841219972;0,00815598019131003;0,0102300072942366;0,0079209892374245;-1,5728104726424383;-3;1;1;1;-3;-3;1;1;0,70256783506329401;-11215,4050928673;NA;All
90;1,89389554888044;2,77668417838003;2,33533711420516;2,68774121246616;2,72309010659783;2,29408906685468;2,47326676471914;2,24097751517347;2,55320778110794;2,07780597554461;1,87229485914894;1,63386438152965;1,4456112889373;1,22448001849554;1,57391116751393;1,72268738934523;1,88268488418809;1,51541495520003;2,0105765664805;1,66769611430012;-21,1792549398174;-4,18947293818984;-6,65286241433163;-7,1809515973989;-5,54687814313434;-5,65488769770684;-9,8092163636125;-12,4411986438902;-5,52180832075962;-13,2792363051043;-11,5843475719452;-18,3650380350894;-25,6680975326532;-25,1712093050069;-26,5444579296166;-15,5048909875234;-16,7391415748164;-20,2654847460006;-14,0704407964278;-18,8612253266302;2,68199219822906;1,52838389719892;1,55555567096163;0,906735395569924;0,505569093294629;0,505568510213577;0,542423295383888;0,645128743653648;0,999999654320567;0,839312184375599;0,686365732674007;0,484882772849465;0,338111817657018;-2,15412013791303;-2,42226812127019;-2,55906686800296;-3,10311669832069;-3,99474654545801;-3,97671217514574;-3,35263255597489;-2,70563138978424;-2,14672192447882;-1,19499808741355;-1,84815310840112;-2,22452115757888;-2,90058670842152;-5,11453698104553;-5,02170503837136;-4,05149685492326;-3,42456171028843;-2,69556160947629;0,0719810978515742;0,0157773726842686;0,0505370955583641;0,0170367760222954;0,0271365841219972;0,00815598019131003;0,0102300072942366;0,0079209892374245;-1,3366226544252418;-3;1;1;1;-3;-3;1;1;0,48275499707386010;-11215,0343795066;NA;All
100;1,89389554888044;2,77668417838003;2,33533711420516;2,68774121246616;2,72309010659783;2,29408906685468;2,47326676471914;2,24097751517347;2,55320778110794;2,07780597554461;1,87229485914894;1,63386438152965;1,4456112889373;1,22448001849554;1,57391116751393;1,72268738934523;1,88268488418809;1,51541495520003;2,0105765664805;1,66769611430012;-21,1792549398174;-4,18947293818984;-6,65286241433163;-7,1809515973989;-5,54687814313434;-5,65488769770684;-9,8092163636125;-12,4411986438902;-5,52180832075962;-13,2792363051043;-11,5843475719452;-18,3650380350894;-25,6680975326532;-25,1712093050069;-26,5444579296166;-15,5048909875234;-16,7391415748164;-20,2654847460006;-14,0704407964278;-18,8612253266302;2,68199219822906;1,52838389719892;1,55555567096163;0,906735395569924;0,505569093294629;0,505568510213577;0,542423295383888;0,645128743653648;0,999999654320567;0,839312184375599;0,686365732674007;0,484882772849465;0,338111817657018;-2,15412013791303;-2,42226812127019;-2,55906686800296;-3,10311669832069;-3,99474654545801;-3,97671217514574;-3,35263255597489;-2,70563138978424;-2,14672192447882;-1,19499808741355;-1,84815310840112;-2,22452115757888;-2,90058670842152;-5,11453698104553;-5,02170503837136;-4,05149685492326;-3,42456171028843;-2,69556160947629;0,0719810978515742;0,0157773726842686;0,0505370955583641;0,0170367760222954;0,0271365841219972;0,00815598019131003;0,0102300072942366;0,0079209892374245;-1,4870439980311252;-3;1;1;1;-3;-3;1;1;0,69765515404274470;-11215,4097714907;NA;All
110;1,89389554888044;2,77668417838003;2,33533711420516;2,68774121246616;2,72309010659783;2,29408906685468;2,47326676471914;2,24097751517347;2,55320778110794;2,07780597554461;1,87229485914894;1,63386438152965;1,4456112889373;1,22448001849554;1,57391116751393;1,72268738934523;1,88268488418809;1,51541495520003;2,0105765664805;1,66769611430012;-21,1792549398174;-4,18947293818984;-6,65286241433163;-7,1809515973989;-5,54687814313434;-5,65488769770684;-9,8092163636125;-12,4411986438902;-5,52180832075962;-13,2792363051043;-11,5843475719452;-18,3650380350894;-25,6680975326532;-25,1712093050069;-26,5444579296166;-15,5048909875234;-16,7391415748164;-20,2654847460006;-14,0704407964278;-18,8612253266302;2,68199219822906;1,52838389719892;1,55555567096163;0,906735395569924;0,505569093294629;0,505568510213577;0,542423295383888;0,645128743653648;0,999999654320567;0,839312184375599;0,686365732674007;0,484882772849465;0,338111817657018;-2,15412013791303;-2,42226812127019;-2,55906686800296;-3,10311669832069;-3,99474654545801;-3,97671217514574;-3,35263255597489;-2,70563138978424;-2,14672192447882;-1,19499808741355;-1,84815310840112;-2,22452115757888;-2,90058670842152;-5,11453698104553;-5,02170503837136;-4,05149685492326;-3,42456171028843;-2,69556160947629;0,0719810978515742;0,0157773726842686;0,0505370955583641;0,0170367760222954;0,0271365841219972;0,00815598019131003;0,0102300072942366;0,0079209892374245;-0,8746310409699266;-3;1;1;1;-3;-3;1;1;0,76223872412494909;-11216,2876849740;NA;All
120;1,89389554888044;2,77668417838003;2,33533711420516;2,68774121246616;2,72309010659783;2,29408906685468;2,47326676471914;2,24097751517347;2,55320778110794;2,07780597554461;1,87229485914894;1,63386438152965;1,4456112889373;1,22448001849554;1,57391116751393;1,72268738934523;1,88268488418809;1,51541495520003;2,0105765664805;1,66769611430012;-21,1792549398174;-4,18947293818984;-6,65286241433163;-7,1809515973989;-5,54687814313434;-5,65488769770684;-9,8092163636125;-12,4411986438902;-5,52180832075962;-13,2792363051043;-11,5843475719452;-18,3650380350894;-25,6680975326532;-25,1712093050069;-26,5444579296166;-15,5048909875234;-16,7391415748164;-20,2654847460006;-14,0704407964278;-18,8612253266302;2,68199219822906;1,52838389719892;1,55555567096163;0,906735395569924;0,505569093294629;0,505568510213577;0,542423295383888;0,645128743653648;0,999999654320567;0,839312184375599;0,686365732674007;0,484882772849465;0,338111817657018;-2,15412013791303;-2,42226812127019;-2,55906686800296;-3,10311669832069;-3,99474654545801;-3,97671217514574;-3,35263255597489;-2,70563138978424;-2,14672192447882;-1,19499808741355;-1,84815310840112;-2,22452115757888;-2,90058670842152;-5,11453698104553;-5,02170503837136;-4,05149685492326;-3,42456171028843;-2,69556160947629;0,0719810978515742;0,0157773726842686;0,0505370955583641;0,0170367760222954;0,0271365841219972;0,00815598019131003;0,0102300072942366;0,0079209892374245;-0,8252568448700793;-3;1;1;1;-3;-3;1;1;0,14693085008246176;-11215,3425574701;NA;All
130;1,89389554888044;2,77668417838003;2,33533711420516;2,68774121246616;2,72309010659783;2,29408906685468;2,47326676471914;2,24097751517347;2,55320778110794;2,07780597554461;1,87229485914894;1,63386438152965;1,4456112889373;1,22448001849554;1,57391116751393;1,72268738934523;1,88268488418809;1,51541495520003;2,0105765664805;1,66769611430012;-21,1792549398174;-4,18947293818984;-6,65286241433163;-7,1809515973989;-5,54687814313434;-5,65488769770684;-9,8092163636125;-12,4411986438902;-5,52180832075962;-13,2792363051043;-11,5843475719452;-18,3650380350894;-25,6680975326532;-25,1712093050069;-26,5444579296166;-15,5048909875234;-16,7391415748164;-20,2654847460006;-14,0704407964278;-18,8612253266302;2,68199219822906;1,52838389719892;1,55555567096163;0,906735395569924;0,505569093294629;0,505568510213577;0,542423295383888;0,645128743653648;0,999999654320567;0,839312184375599;0,686365732674007;0,484882772849465;0,338111817657018;-2,15412013791303;-2,42226812127019;-2,55906686800296;-3,10311669832069;-3,99474654545801;-3,97671217514574;-3,35263255597489;-2,70563138978424;-2,14672192447882;-1,19499808741355;-1,84815310840112;-2,22452115757888;-2,90058670842152;-5,11453698104553;-5,02170503837136;-4,05149685492326;-3,42456171028843;-2,69556160947629;0,0719810978515742;0,0157773726842686;0,0505370955583641;0,0170367760222954;0,0271365841219972;0,00815598019131003;0,0102300072942366;0,0079209892374245;-2,9704547808416430;-3;1;1;1;-3;-3;1;1;0,69748913349246067;-11215,3128928964;NA;All
140;1,89389554888044;2,77668417838003;2,33533711420516;2,68774121246616;2,72309010659783;2,29408906685468;2,47326676471914;2,24097751517347;2,55320778110794;2,07780597554461;1,87229485914894;1,63386438152965;1,4456112889373;1,22448001849554;1,57391116751393;1,72268738934523;1,88268488418809;1,51541495520003;2,0105765664805;1,66769611430012;-21,1792549398174;-4,18947293818984;-6,65286241433163;-7,1809515973989;-5,54687814313434;-5,65488769770684;-9,8092163636125;-12,4411986438902;-5,52180832075962;-13,2792363051043;-11,5843475719452;-18,3650380350894;-25,6680975326532;-25,1712093050069;-26,5444579296166;-15,5048909875234;-16,7391415748164;-20,2654847460006;-14,0704407964278;-18,8612253266302;2,68199219822906;1,52838389719892;1,55555567096163;0,906735395569924;0,505569093294629;0,505568510213577;0,542423295383888;0,645128743653648;0,999999654320567;0,839312184375599;0,686365732674007;0,484882772849465;0,338111817657018;-2,15412013791303;-2,42226812127019;-2,55906686800296;-3,10311669832069;-3,99474654545801;-3,97671217514574;-3,35263255597489;-2,70563138978424;-2,14672192447882;-1,19499808741355;-1,84815310840112;-2,22452115757888;-2,90058670842152;-5,11453698104553;-5,02170503837136;-4,05149685492326;-3,42456171028843;-2,69556160947629;0,0719810978515742;0,0157773726842686;0,0505370955583641;0,0170367760222954;0,0271365841219972;0,00815598019131003;0,0102300072942366;0,0079209892374245;-3,5830008873747303;-3;1;1;1;-3;-3;1;1;0,71550203193352613;-11215,3604707268;NA;All
150;1,89389554888044;2,77668417838003;2,33533711420516;2,68774121246616;2,72309010659783;2,29408906685468;2,47326676471914;2,24097751517347;2,55320778110794;2,07780597554461;1,87229485914894;1,63386438152965;1,4456112889373;1,22448001849554;1,57391116751393;1,72268738934523;1,88268488418809;1,51541495520003;2,0105765664805;1,66769611430012;-21,1792549398174;-4,18947293818984;-6,65286241433163;-7,1809515973989;-5,54687814313434;-5,65488769770684;-9,8092163636125;-12,4411986438902;-5,52180832075962;-13,2792363051043;-11,5843475719452;-18,3650380350894;-25,6680975326532;-25,1712093050069;-26,5444579296166;-15,5048909875234;-16,7391415748164;-20,2654847460006;-14,0704407964278;-18,8612253266302;2,68199219822906;1,52838389719892;1,55555567096163;0,906735395569924;0,505569093294629;0,505568510213577;0,542423295383888;0,645128743653648;0,999999654320567;0,839312184375599;0,686365732674007;0,484882772849465;0,338111817657018;-2,15412013791303;-2,42226812127019;-2,55906686800296;-3,10311669832069;-3,99474654545801;-3,97671217514574;-3,35263255597489;-2,70563138978424;-2,14672192447882;-1,19499808741355;-1,84815310840112;-2,22452115757888;-2,90058670842152;-5,11453698104553;-5,02170503837136;-4,05149685492326;-3,42456171028843;-2,69556160947629;0,0719810978515742;0,0157773726842686;0,0505370955583641;0,0170367760222954;0,0271365841219972;0,00815598019131003;0,0102300072942366;0,0079209892374245;-0,6165332640407792;-3;1;1;1;-3;-3;1;1;0,60886415176595954;-11216,2042575402;NA;All
160;1,89389554888044;2,77668417838003;2,33533711420516;2,68774121246616;2,72309010659783;2,29408906685468;2,47326676471914;2,24097751517347;2,55320778110794;2,07780597554461;1,87229485914894;1,63386438152965;1,4456112889373;1,22448001849554;1,57391116751393;1,72268738934523;1,88268488418809;1,51541495520003;2,0105765664805;1,66769611430012;-21,1792549398174;-4,18947293818984;-6,65286241433163;-7,1809515973989;-5,54687814313434;-5,65488769770684;-9,8092163636125;-12,4411986438902;-5,52180832075962;-13,2792363051043;-11,5843475719452;-18,3650380350894;-25,6680975326532;-25,1712093050069;-26,5444579296166;-15,5048909875234;-16,7391415748164;-20,2654847460006;-14,0704407964278;-18,8612253266302;2,68199219822906;1,52838389719892;1,55555567096163;0,906735395569924;0,505569093294629;0,505568510213577;0,542423295383888;0,645128743653648;0,999999654320567;0,839312184375599;0,686365732674007;0,484882772849465;0,338111817657018;-2,15412013791303;-2,42226812127019;-2,55906686800296;-3,10311669832069;-3,99474654545801;-3,97671217514574;-3,35263255597489;-2,70563138978424;-2,14672192447882;-1,19499808741355;-1,84815310840112;-2,22452115757888;-2,90058670842152;-5,11453698104553;-5,02170503837136;-4,05149685492326;-3,42456171028843;-2,69556160947629;0,0719810978515742;0,0157773726842686;0,0505370955583641;0,0170367760222954;0,0271365841219972;0,00815598019131003;0,0102300072942366;0,0079209892374245;-0,9791693405101808;-3;1;1;1;-3;-3;1;1;0,44296688655372535;-11214,9919834825;NA;All
170;1,89389554888044;2,77668417838003;2,33533711420516;2,68774121246616;2,72309010659783;2,29408906685468;2,47326676471914;2,24097751517347;2,55320778110794;2,07780597554461;1,87229485914894;1,63386438152965;1,4456112889373;1,22448001849554;1,57391116751393;1,72268738934523;1,88268488418809;1,51541495520003;2,0105765664805;1,66769611430012;-21,1792549398174;-4,18947293818984;-6,65286241433163;-7,1809515973989;-5,54687814313434;-5,65488769770684;-9,8092163636125;-12,4411986438902;-5,52180832075962;-13,2792363051043;-11,5843475719452;-18,3650380350894;-25,6680975326532;-25,1712093050069;-26,5444579296166;-15,5048909875234;-16,7391415748164;-20,2654847460006;-14,0704407964278;-18,8612253266302;2,68199219822906;1,52838389719892;1,55555567096163;0,906735395569924;0,505569093294629;0,505568510213577;0,542423295383888;0,645128743653648;0,999999654320567;0,839312184375599;0,686365732674007;0,484882772849465;0,338111817657018;-2,15412013791303;-2,42226812127019;-2,55906686800296;-3,10311669832069;-3,99474654545801;-3,97671217514574;-3,35263255597489;-2,70563138978424;-2,14672192447882;-1,19499808741355;-1,84815310840112;-2,22452115757888;-2,90058670842152;-5,11453698104553;-5,02170503837136;-4,05149685492326;-3,42456171028843;-2,69556160947629;0,0719810978515742;0,0157773726842686;0,0505370955583641;0,0170367760222954;0,0271365841219972;0,00815598019131003;0,0102300072942366;0,0079209892374245;-2,3215351019159742;-3;1;1;1;-3;-3;1;1;0,43855228475865499;-11215,2180184476;NA;All
180;1,89389554888044;2,77668417838003;2,33533711420516;2,68774121246616;2,72309010659783;2,29408906685468;2,47326676471914;2,24097751517347;2,55320778110794;2,07780597554461;1,87229485914894;1,63386438152965;1,4456112889373;1,22448001849554;1,57391116751393;1,72268738934523;1,88268488418809;1,51541495520003;2,0105765664805;1,66769611430012;-21,1792549398174;-4,18947293818984;-6,65286241433163;-7,1809515973989;-5,54687814313434;-5,65488769770684;-9,8092163636125;-12,4411986438902;-5,52180832075962;-13,2792363051043;-11,5843475719452;-18,3650380350894;-25,6680975326532;-25,1712093050069;-26,5444579296166;-15,5048909875234;-16,7391415748164;-20,2654847460006;-14,0704407964278;-18,8612253266302;2,68199219822906;1,52838389719892;1,55555567096163;0,906735395569924;0,505569093294629;0,505568510213577;0,542423295383888;0,645128743653648;0,999999654320567;0,839312184375599;0,686365732674007;0,484882772849465;0,338111817657018;-2,15412013791303;-2,42226812127019;-2,55906686800296;-3,10311669832069;-3,99474654545801;-3,97671217514574;-3,35263255597489;-2,70563138978424;-2,14672192447882;-1,19499808741355;-1,84815310840112;-2,22452115757888;-2,90058670842152;-5,11453698104553;-5,02170503837136;-4,05149685492326;-3,42456171028843;-2,69556160947629;0,0719810978515742;0,0157773726842686;0,0505370955583641;0,0170367760222954;0,0271365841219972;0,00815598019131003;0,0102300072942366;0,0079209892374245;-3,9630484983808536;-3;1;1;1;-3;-3;1;1;0,81270153465356965;-11215,7109343275;NA;All
190;1,89389554888044;2,77668417838003;2,33533711420516;2,68774121246616;2,72309010659783;2,29408906685468;2,47326676471914;2,24097751517347;2,55320778110794;2,07780597554461;1,87229485914894;1,63386438152965;1,4456112889373;1,22448001849554;1,57391116751393;1,72268738934523;1,88268488418809;1,51541495520003;2,0105765664805;1,66769611430012;-21,1792549398174;-4,18947293818984;-6,65286241433163;-7,1809515973989;-5,54687814313434;-5,65488769770684;-9,8092163636125;-12,4411986438902;-5,52180832075962;-13,2792363051043;-11,5843475719452;-18,3650380350894;-25,6680975326532;-25,1712093050069;-26,5444579296166;-15,5048909875234;-16,7391415748164;-20,2654847460006;-14,0704407964278;-18,8612253266302;2,68199219822906;1,52838389719892;1,55555567096163;0,906735395569924;0,505569093294629;0,505568510213577;0,542423295383888;0,645128743653648;0,999999654320567;0,839312184375599;0,686365732674007;0,484882772849465;0,338111817657018;-2,15412013791303;-2,42226812127019;-2,55906686800296;-3,10311669832069;-3,99474654545801;-3,97671217514574;-3,35263255597489;-2,70563138978424;-2,14672192447882;-1,19499808741355;-1,84815310840112;-2,22452115757888;-2,90058670842152;-5,11453698104553;-5,02170503837136;-4,05149685492326;-3,42456171028843;-2,69556160947629;0,0719810978515742;0,0157773726842686;0,0505370955583641;0,0170367760222954;0,0271365841219972;0,00815598019131003;0,0102300072942366;0,0079209892374245;-2,3249026256398273;-3;1;1;1;-3;-3;1;1;0,83218251556754785;-11215,8197127566;NA;All
200;1,89389554888044;2,77668417838003;2,33533711420516;2,68774121246616;2,72309010659783;2,29408906685468;2,47326676471914;2,24097751517347;2,55320778110794;2,07780597554461;1,87229485914894;1,63386438152965;1,4456112889373;1,22448001849554;1,57391116751393;1,72268738934523;1,88268488418809;1,51541495520003;2,0105765664805;1,66769611430012;-21,1792549398174;-4,18947293818984;-6,65286241433163;-7,1809515973989;-5,54687814313434;-5,65488769770684;-9,8092163636125;-12,4411986438902;-5,52180832075962;-13,2792363051043;-11,5843475719452;-18,3650380350894;-25,6680975326532;-25,1712093050069;-26,5444579296166;-15,5048909875234;-16,7391415748164;-20,2654847460006;-14,0704407964278;-18,8612253266302;2,68199219822906;1,52838389719892;1,55555567096163;0,906735395569924;0,505569093294629;0,505568510213577;0,542423295383888;0,645128743653648;0,999999654320567;0,839312184375599;0,686365732674007;0,484882772849465;0,338111817657018;-2,15412013791303;-2,42226812127019;-2,55906686800296;-3,10311669832069;-3,99474654545801;-3,97671217514574;-3,35263255597489;-2,70563138978424;-2,14672192447882;-1,19499808741355;-1,84815310840112;-2,22452115757888;-2,90058670842152;-5,11453698104553;-5,02170503837136;-4,05149685492326;-3,42456171028843;-2,69556160947629;0,0719810978515742;0,0157773726842686;0,0505370955583641;0,0170367760222954;0,0271365841219972;0,00815598019131003;0,0102300072942366;0,0079209892374245;-3,2663206770950133;-3;1;1;1;-3;-3;1;1;0,32854604102105855;-11215,7184506472;NA;All
210;1,89389554888044;2,77668417838003;2,33533711420516;2,68774121246616;2,72309010659783;2,29408906685468;2,47326676471914;2,24097751517347;2,55320778110794;2,07780597554461;1,87229485914894;1,63386438152965;1,4456112889373;1,22448001849554;1,57391116751393;1,72268738934523;1,88268488418809;1,51541495520003;2,0105765664805;1,66769611430012;-21,1792549398174;-4,18947293818984;-6,65286241433163;-7,1809515973989;-5,54687814313434;-5,65488769770684;-9,8092163636125;-12,4411986438902;-5,52180832075962;-13,2792363051043;-11,5843475719452;-18,3650380350894;-25,6680975326532;-25,1712093050069;-26,5444579296166;-15,5048909875234;-16,7391415748164;-20,2654847460006;-14,0704407964278;-18,8612253266302;2,68199219822906;1,52838389719892;1,55555567096163;0,906735395569924;0,505569093294629;0,505568510213577;0,542423295383888;0,645128743653648;0,999999654320567;0,839312184375599;0,686365732674007;0,484882772849465;0,338111817657018;-2,15412013791303;-2,42226812127019;-2,55906686800296;-3,10311669832069;-3,99474654545801;-3,97671217514574;-3,35263255597489;-2,70563138978424;-2,14672192447882;-1,19499808741355;-1,84815310840112;-2,22452115757888;-2,90058670842152;-5,11453698104553;-5,02170503837136;-4,05149685492326;-3,42456171028843;-2,69556160947629;0,0719810978515742;0,0157773726842686;0,0505370955583641;0,0170367760222954;0,0271365841219972;0,00815598019131003;0,0102300072942366;0,0079209892374245;-0,7027285771631644;-3;1;1;1;-3;-3;1;1;0,50159303330100735;-11215,4053131050;NA;All
220;1,89389554888044;2,77668417838003;2,33533711420516;2,68774121246616;2,72309010659783;2,29408906685468;2,47326676471914;2,24097751517347;2,55320778110794;2,07780597554461;1,87229485914894;1,63386438152965;1,4456112889373;1,22448001849554;1,57391116751393;1,72268738934523;1,88268488418809;1,51541495520003;2,0105765664805;1,66769611430012;-21,1792549398174;-4,18947293818984;-6,65286241433163;-7,1809515973989;-5,54687814313434;-5,65488769770684;-9,8092163636125;-12,4411986438902;-5,52180832075962;-13,2792363051043;-11,5843475719452;-18,3650380350894;-25,6680975326532;-25,1712093050069;-26,5444579296166;-15,5048909875234;-16,7391415748164;-20,2654847460006;-14,0704407964278;-18,8612253266302;2,68199219822906;1,52838389719892;1,55555567096163;0,906735395569924;0,505569093294629;0,505568510213577;0,542423295383888;0,645128743653648;0,999999654320567;0,839312184375599;0,686365732674007;0,484882772849465;0,338111817657018;-2,15412013791303;-2,42226812127019;-2,55906686800296;-3,10311669832069;-3,99474654545801;-3,97671217514574;-3,35263255597489;-2,70563138978424;-2,14672192447882;-1,19499808741355;-1,84815310840112;-2,22452115757888;-2,90058670842152;-5,11453698104553;-5,02170503837136;-4,05149685492326;-3,42456171028843;-2,69556160947629;0,0719810978515742;0,0157773726842686;0,0505370955583641;0,0170367760222954;0,0271365841219972;0,00815598019131003;0,0102300072942366;0,0079209892374245;-3,9208036298101585;-3;1;1;1;-3;-3;1;1;1,09050659171915121;-11217,3028999400;NA;All
230;1,89389554888044;2,77668417838003;2,33533711420516;2,68774121246616;2,72309010659783;2,29408906685468;2,47326676471914;2,24097751517347;2,55320778110794;2,07780597554461;1,87229485914894;1,63386438152965;1,4456112889373;1,22448001849554;1,57391116751393;1,72268738934523;1,88268488418809;1,51541495520003;2,0105765664805;1,66769611430012;-21,1792549398174;-4,18947293818984;-6,65286241433163;-7,1809515973989;-5,54687814313434;-5,65488769770684;-9,8092163636125;-12,4411986438902;-5,52180832075962;-13,2792363051043;-11,5843475719452;-18,3650380350894;-25,6680975326532;-25,1712093050069;-26,5444579296166;-15,5048909875234;-16,7391415748164;-20,2654847460006;-14,0704407964278;-18,8612253266302;2,68199219822906;1,52838389719892;1,55555567096163;0,906735395569924;0,505569093294629;0,505568510213577;0,542423295383888;0,645128743653648;0,999999654320567;0,839312184375599;0,686365732674007;0,484882772849465;0,338111817657018;-2,15412013791303;-2,42226812127019;-2,55906686800296;-3,10311669832069;-3,99474654545801;-3,97671217514574;-3,35263255597489;-2,70563138978424;-2,14672192447882;-1,19499808741355;-1,84815310840112;-2,22452115757888;-2,90058670842152;-5,11453698104553;-5,02170503837136;-4,05149685492326;-3,42456171028843;-2,69556160947629;0,0719810978515742;0,0157773726842686;0,0505370955583641;0,0170367760222954;0,0271365841219972;0,00815598019131003;0,0102300072942366;0,0079209892374245;-0,8793371502002614;-3;1;1;1;-3;-3;1;1;0,84134353926312000;-11216,7673741233;NA;All
240;1,89389554888044;2,77668417838003;2,33533711420516;2,68774121246616;2,72309010659783;2,29408906685468;2,47326676471914;2,24097751517347;2,55320778110794;2,07780597554461;1,87229485914894;1,63386438152965;1,4456112889373;1,22448001849554;1,57391116751393;1,72268738934523;1,88268488418809;1,51541495520003;2,0105765664805;1,66769611430012;-21,1792549398174;-4,18947293818984;-6,65286241433163;-7,1809515973989;-5,54687814313434;-5,65488769770684;-9,8092163636125;-12,4411986438902;-5,52180832075962;-13,2792363051043;-11,5843475719452;-18,3650380350894;-25,6680975326532;-25,1712093050069;-26,5444579296166;-15,5048909875234;-16,7391415748164;-20,2654847460006;-14,0704407964278;-18,8612253266302;2,68199219822906;1,52838389719892;1,55555567096163;0,906735395569924;0,505569093294629;0,505568510213577;0,542423295383888;0,645128743653648;0,999999654320567;0,839312184375599;0,686365732674007;0,484882772849465;0,338111817657018;-2,15412013791303;-2,42226812127019;-2,55906686800296;-3,10311669832069;-3,99474654545801;-3,97671217514574;-3,35263255597489;-2,70563138978424;-2,14672192447882;-1,19499808741355;-1,84815310840112;-2,22452115757888;-2,90058670842152;-5,11453698104553;-5,02170503837136;-4,05149685492326;-3,42456171028843;-2,69556160947629;0,0719810978515742;0,0157773726842686;0,0505370955583641;0,0170367760222954;0,0271365841219972;0,00815598019131003;0,0102300072942366;0,0079209892374245;-0,6072975393757980;-3;1;1;1;-3;-3;1;1;0,28556605884229241;-11214,9619093940;NA;All
250;1,89389554888044;2,77668417838003;2,33533711420516;2,68774121246616;2,72309010659783;2,29408906685468;2,47326676471914;2,24097751517347;2,55320778110794;2,07780597554461;1,87229485914894;1,63386438152965;1,4456112889373;1,22448001849554;1,57391116751393;1,72268738934523;1,88268488418809;1,51541495520003;2,0105765664805;1,66769611430012;-21,1792549398174;-4,18947293818984;-6,65286241433163;-7,1809515973989;-5,54687814313434;-5,65488769770684;-9,8092163636125;-12,4411986438902;-5,52180832075962;-13,2792363051043;-11,5843475719452;-18,3650380350894;-25,6680975326532;-25,1712093050069;-26,5444579296166;-15,5048909875234;-16,7391415748164;-20,2654847460006;-14,0704407964278;-18,8612253266302;2,68199219822906;1,52838389719892;1,55555567096163;0,906735395569924;0,505569093294629;0,505568510213577;0,542423295383888;0,645128743653648;0,999999654320567;0,839312184375599;0,686365732674007;0,484882772849465;0,338111817657018;-2,15412013791303;-2,42226812127019;-2,55906686800296;-3,10311669832069;-3,99474654545801;-3,97671217514574;-3,35263255597489;-2,70563138978424;-2,14672192447882;-1,19499808741355;-1,84815310840112;-2,22452115757888;-2,90058670842152;-5,11453698104553;-5,02170503837136;-4,05149685492326;-3,42456171028843;-2,69556160947629;0,0719810978515742;0,0157773726842686;0,0505370955583641;0,0170367760222954;0,0271365841219972;0,00815598019131003;0,0102300072942366;0,0079209892374245;-0,8990453985804620;-3;1;1;1;-3;-3;1;1;0,49028299454221558;-11215,1019403359;NA;All
260;1,89389554888044;2,77668417838003;2,33533711420516;2,68774121246616;2,72309010659783;2,29408906685468;2,47326676471914;2,24097751517347;2,55320778110794;2,07780597554461;1,87229485914894;1,63386438152965;1,4456112889373;1,22448001849554;1,57391116751393;1,72268738934523;1,88268488418809;1,51541495520003;2,0105765664805;1,66769611430012;-21,1792549398174;-4,18947293818984;-6,65286241433163;-7,1809515973989;-5,54687814313434;-5,65488769770684;-9,8092163636125;-12,4411986438902;-5,52180832075962;-13,2792363051043;-11,5843475719452;-18,3650380350894;-25,6680975326532;-25,1712093050069;-26,5444579296166;-15,5048909875234;-16,7391415748164;-20,2654847460006;-14,0704407964278;-18,8612253266302;2,68199219822906;1,52838389719892;1,55555567096163;0,906735395569924;0,505569093294629;0,505568510213577;0,542423295383888;0,645128743653648;0,999999654320567;0,839312184375599;0,686365732674007;0,484882772849465;0,338111817657018;-2,15412013791303;-2,42226812127019;-2,55906686800296;-3,10311669832069;-3,99474654545801;-3,97671217514574;-3,35263255597489;-2,70563138978424;-2,14672192447882;-1,19499808741355;-1,84815310840112;-2,22452115757888;-2,90058670842152;-5,11453698104553;-5,02170503837136;-4,05149685492326;-3,42456171028843;-2,69556160947629;0,0719810978515742;0,0157773726842686;0,0505370955583641;0,0170367760222954;0,0271365841219972;0,00815598019131003;0,0102300072942366;0,0079209892374245;-1,0286507732670207;-3;1;1;1;-3;-3;1;1;0,27304681896401861;-11215,1994216321;NA;All
270;1,89389554888044;2,77668417838003;2,33533711420516;2,68774121246616;2,72309010659783;2,29408906685468;2,47326676471914;2,24097751517347;2,55320778110794;2,07780597554461;1,87229485914894;1,63386438152965;1,4456112889373;1,22448001849554;1,57391116751393;1,72268738934523;1,88268488418809;1,51541495520003;2,0105765664805;1,66769611430012;-21,1792549398174;-4,18947293818984;-6,65286241433163;-7,1809515973989;-5,54687814313434;-5,65488769770684;-9,8092163636125;-12,4411986438902;-5,52180832075962;-13,2792363051043;-11,5843475719452;-18,3650380350894;-25,6680975326532;-25,1712093050069;-26,5444579296166;-15,5048909875234;-16,7391415748164;-20,2654847460006;-14,0704407964278;-18,8612253266302;2,68199219822906;1,52838389719892;1,55555567096163;0,906735395569924;0,505569093294629;0,505568510213577;0,542423295383888;0,645128743653648;0,999999654320567;0,839312184375599;0,686365732674007;0,484882772849465;0,338111817657018;-2,15412013791303;-2,42226812127019;-2,55906686800296;-3,10311669832069;-3,99474654545801;-3,97671217514574;-3,35263255597489;-2,70563138978424;-2,14672192447882;-1,19499808741355;-1,84815310840112;-2,22452115757888;-2,90058670842152;-5,11453698104553;-5,02170503837136;-4,05149685492326;-3,42456171028843;-2,69556160947629;0,0719810978515742;0,0157773726842686;0,0505370955583641;0,0170367760222954;0,0271365841219972;0,00815598019131003;0,0102300072942366;0,0079209892374245;-2,7797133170375559;-3;1;1;1;-3;-3;1;1;0,39967927674398618;-11215,3573928538;NA;All
280;1,89389554888044;2,77668417838003;2,33533711420516;2,68774121246616;2,72309010659783;2,29408906685468;2,47326676471914;2,24097751517347;2,55320778110794;2,07780597554461;1,87229485914894;1,63386438152965;1,4456112889373;1,22448001849554;1,57391116751393;1,72268738934523;1,88268488418809;1,51541495520003;2,0105765664805;1,66769611430012;-21,1792549398174;-4,18947293818984;-6,65286241433163;-7,1809515973989;-5,54687814313434;-5,65488769770684;-9,8092163636125;-12,4411986438902;-5,52180832075962;-13,2792363051043;-11,5843475719452;-18,3650380350894;-25,6680975326532;-25,1712093050069;-26,5444579296166;-15,5048909875234;-16,7391415748164;-20,2654847460006;-14,0704407964278;-18,8612253266302;2,68199219822906;1,52838389719892;1,55555567096163;0,906735395569924;0,505569093294629;0,505568510213577;0,542423295383888;0,645128743653648;0,999999654320567;0,839312184375599;0,686365732674007;0,484882772849465;0,338111817657018;-2,15412013791303;-2,42226812127019;-2,55906686800296;-3,10311669832069;-3,99474654545801;-3,97671217514574;-3,35263255597489;-2,70563138978424;-2,14672192447882;-1,19499808741355;-1,84815310840112;-2,22452115757888;-2,90058670842152;-5,11453698104553;-5,02170503837136;-4,05149685492326;-3,42456171028843;-2,69556160947629;0,0719810978515742;0,0157773726842686;0,0505370955583641;0,0170367760222954;0,0271365841219972;0,00815598019131003;0,0102300072942366;0,0079209892374245;-1,0462963753926839;-3;1;1;1;-3;-3;1;1;0,46620423641303610;-11215,0087396188;NA;All
290;1,89389554888044;2,77668417838003;2,33533711420516;2,68774121246616;2,72309010659783;2,29408906685468;2,47326676471914;2,24097751517347;2,55320778110794;2,07780597554461;1,87229485914894;1,63386438152965;1,4456112889373;1,22448001849554;1,57391116751393;1,72268738934523;1,88268488418809;1,51541495520003;2,0105765664805;1,66769611430012;-21,1792549398174;-4,18947293818984;-6,65286241433163;-7,1809515973989;-5,54687814313434;-5,65488769770684;-9,8092163636125;-12,4411986438902;-5,52180832075962;-13,2792363051043;-11,5843475719452;-18,3650380350894;-25,6680975326532;-25,1712093050069;-26,5444579296166;-15,5048909875234;-16,7391415748164;-20,2654847460006;-14,0704407964278;-18,8612253266302;2,68199219822906;1,52838389719892;1,55555567096163;0,906735395569924;0,505569093294629;0,505568510213577;0,542423295383888;0,645128743653648;0,999999654320567;0,839312184375599;0,686365732674007;0,484882772849465;0,338111817657018;-2,15412013791303;-2,42226812127019;-2,55906686800296;-3,10311669832069;-3,99474654545801;-3,97671217514574;-3,35263255597489;-2,70563138978424;-2,14672192447882;-1,19499808741355;-1,84815310840112;-2,22452115757888;-2,90058670842152;-5,11453698104553;-5,02170503837136;-4,05149685492326;-3,42456171028843;-2,69556160947629;0,0719810978515742;0,0157773726842686;0,0505370955583641;0,0170367760222954;0,0271365841219972;0,00815598019131003;0,0102300072942366;0,0079209892374245;-3,3336697402167177;-3;1;1;1;-3;-3;1;1;0,47537459825285711;-11215,1633988972;NA;All
300;1,89389554888044;2,77668417838003;2,33533711420516;2,68774121246616;2,72309010659783;2,29408906685468;2,47326676471914;2,24097751517347;2,55320778110794;2,07780597554461;1,87229485914894;1,63386438152965;1,4456112889373;1,22448001849554;1,57391116751393;1,72268738934523;1,88268488418809;1,51541495520003;2,0105765664805;1,66769611430012;-21,1792549398174;-4,18947293818984;-6,65286241433163;-7,1809515973989;-5,54687814313434;-5,65488769770684;-9,8092163636125;-12,4411986438902;-5,52180832075962;-13,2792363051043;-11,5843475719452;-18,3650380350894;-25,6680975326532;-25,1712093050069;-26,5444579296166;-15,5048909875234;-16,7391415748164;-20,2654847460006;-14,0704407964278;-18,8612253266302;2,68199219822906;1,52838389719892;1,55555567096163;0,906735395569924;0,505569093294629;0,505568510213577;0,542423295383888;0,645128743653648;0,999999654320567;0,839312184375599;0,686365732674007;0,484882772849465;0,338111817657018;-2,15412013791303;-2,42226812127019;-2,55906686800296;-3,10311669832069;-3,99474654545801;-3,97671217514574;-3,35263255597489;-2,70563138978424;-2,14672192447882;-1,19499808741355;-1,84815310840112;-2,22452115757888;-2,90058670842152;-5,11453698104553;-5,02170503837136;-4,05149685492326;-3,42456171028843;-2,69556160947629;0,0719810978515742;0,0157773726842686;0,0505370955583641;0,0170367760222954;0,0271365841219972;0,00815598019131003;0,0102300072942366;0,0079209892374245;-3,9995616089117174;-3;1;1;1;-3;-3;1;1;0,57971178167082871;-11215,1134108715;NA;All
310;1,89389554888044;2,77668417838003;2,33533711420516;2,68774121246616;2,72309010659783;2,29408906685468;2,47326676471914;2,24097751517347;2,55320778110794;2,07780597554461;1,87229485914894;1,63386438152965;1,4456112889373;1,22448001849554;1,57391116751393;1,72268738934523;1,88268488418809;1,51541495520003;2,0105765664805;1,66769611430012;-21,1792549398174;-4,18947293818984;-6,65286241433163;-7,1809515973989;-5,54687814313434;-5,65488769770684;-9,8092163636125;-12,4411986438902;-5,52180832075962;-13,2792363051043;-11,5843475719452;-18,3650380350894;-25,6680975326532;-25,1712093050069;-26,5444579296166;-15,5048909875234;-16,7391415748164;-20,2654847460006;-14,0704407964278;-18,8612253266302;2,68199219822906;1,52838389719892;1,55555567096163;0,906735395569924;0,505569093294629;0,505568510213577;0,542423295383888;0,645128743653648;0,999999654320567;0,839312184375599;0,686365732674007;0,484882772849465;0,338111817657018;-2,15412013791303;-2,42226812127019;-2,55906686800296;-3,10311669832069;-3,99474654545801;-3,97671217514574;-3,35263255597489;-2,70563138978424;-2,14672192447882;-1,19499808741355;-1,84815310840112;-2,22452115757888;-2,90058670842152;-5,11453698104553;-5,02170503837136;-4,05149685492326;-3,42456171028843;-2,69556160947629;0,0719810978515742;0,0157773726842686;0,0505370955583641;0,0170367760222954;0,0271365841219972;0,00815598019131003;0,0102300072942366;0,0079209892374245;-1,3999629239762297;-3;1;1;1;-3;-3;1;1;0,53849987371376817;-11215,0683673655;NA;All
320;1,89389554888044;2,77668417838003;2,33533711420516;2,68774121246616;2,72309010659783;2,29408906685468;2,47326676471914;2,24097751517347;2,55320778110794;2,07780597554461;1,87229485914894;1,63386438152965;1,4456112889373;1,22448001849554;1,57391116751393;1,72268738934523;1,88268488418809;1,51541495520003;2,0105765664805;1,66769611430012;-21,1792549398174;-4,18947293818984;-6,65286241433163;-7,1809515973989;-5,54687814313434;-5,65488769770684;-9,8092163636125;-12,4411986438902;-5,52180832075962;-13,2792363051043;-11,5843475719452;-18,3650380350894;-25,6680975326532;-25,1712093050069;-26,5444579296166;-15,5048909875234;-16,7391415748164;-20,2654847460006;-14,0704407964278;-18,8612253266302;2,68199219822906;1,52838389719892;1,55555567096163;0,906735395569924;0,505569093294629;0,505568510213577;0,542423295383888;0,645128743653648;0,999999654320567;0,839312184375599;0,686365732674007;0,484882772849465;0,338111817657018;-2,15412013791303;-2,42226812127019;-2,55906686800296;-3,10311669832069;-3,99474654545801;-3,97671217514574;-3,35263255597489;-2,70563138978424;-2,14672192447882;-1,19499808741355;-1,84815310840112;-2,22452115757888;-2,90058670842152;-5,11453698104553;-5,02170503837136;-4,05149685492326;-3,42456171028843;-2,69556160947629;0,0719810978515742;0,0157773726842686;0,0505370955583641;0,0170367760222954;0,0271365841219972;0,00815598019131003;0,0102300072942366;0,0079209892374245;-1,7237998324366770;-3;1;1;1;-3;-3;1;1;0,35725967172558559;-11215,3945244716;NA;All
330;1,89389554888044;2,77668417838003;2,33533711420516;2,68774121246616;2,72309010659783;2,29408906685468;2,47326676471914;2,24097751517347;2,55320778110794;2,07780597554461;1,87229485914894;1,63386438152965;1,4456112889373;1,22448001849554;1,57391116751393;1,72268738934523;1,88268488418809;1,51541495520003;2,0105765664805;1,66769611430012;-21,1792549398174;-4,18947293818984;-6,65286241433163;-7,1809515973989;-5,54687814313434;-5,65488769770684;-9,8092163636125;-12,4411986438902;-5,52180832075962;-13,2792363051043;-11,5843475719452;-18,3650380350894;-25,6680975326532;-25,1712093050069;-26,5444579296166;-15,5048909875234;-16,7391415748164;-20,2654847460006;-14,0704407964278;-18,8612253266302;2,68199219822906;1,52838389719892;1,55555567096163;0,906735395569924;0,505569093294629;0,505568510213577;0,542423295383888;0,645128743653648;0,999999654320567;0,839312184375599;0,686365732674007;0,484882772849465;0,338111817657018;-2,15412013791303;-2,42226812127019;-2,55906686800296;-3,10311669832069;-3,99474654545801;-3,97671217514574;-3,35263255597489;-2,70563138978424;-2,14672192447882;-1,19499808741355;-1,84815310840112;-2,22452115757888;-2,90058670842152;-5,11453698104553;-5,02170503837136;-4,05149685492326;-3,42456171028843;-2,69556160947629;0,0719810978515742;0,0157773726842686;0,0505370955583641;0,0170367760222954;0,0271365841219972;0,00815598019131003;0,0102300072942366;0,0079209892374245;-3,7797867947480390;-3;1;1;1;-3;-3;1;1;0,55455826324543445;-11215,1030546931;NA;All
340;1,89389554888044;2,77668417838003;2,33533711420516;2,68774121246616;2,72309010659783;2,29408906685468;2,47326676471914;2,24097751517347;2,55320778110794;2,07780597554461;1,87229485914894;1,63386438152965;1,4456112889373;1,22448001849554;1,57391116751393;1,72268738934523;1,88268488418809;1,51541495520003;2,0105765664805;1,66769611430012;-21,1792549398174;-4,18947293818984;-6,65286241433163;-7,1809515973989;-5,54687814313434;-5,65488769770684;-9,8092163636125;-12,4411986438902;-5,52180832075962;-13,2792363051043;-11,5843475719452;-18,3650380350894;-25,6680975326532;-25,1712093050069;-26,5444579296166;-15,5048909875234;-16,7391415748164;-20,2654847460006;-14,0704407964278;-18,8612253266302;2,68199219822906;1,52838389719892;1,55555567096163;0,906735395569924;0,505569093294629;0,505568510213577;0,542423295383888;0,645128743653648;0,999999654320567;0,839312184375599;0,686365732674007;0,484882772849465;0,338111817657018;-2,15412013791303;-2,42226812127019;-2,55906686800296;-3,10311669832069;-3,99474654545801;-3,97671217514574;-3,35263255597489;-2,70563138978424;-2,14672192447882;-1,19499808741355;-1,84815310840112;-2,22452115757888;-2,90058670842152;-5,11453698104553;-5,02170503837136;-4,05149685492326;-3,42456171028843;-2,69556160947629;0,0719810978515742;0,0157773726842686;0,0505370955583641;0,0170367760222954;0,0271365841219972;0,00815598019131003;0,0102300072942366;0,0079209892374245;-0,7749747104070167;-3;1;1;1;-3;-3;1;1;0,38347845953225562;-11214,9780505276;NA;All
350;1,89389554888044;2,77668417838003;2,33533711420516;2,68774121246616;2,72309010659783;2,29408906685468;2,47326676471914;2,24097751517347;2,55320778110794;2,07780597554461;1,87229485914894;1,63386438152965;1,4456112889373;1,22448001849554;1,57391116751393;1,72268738934523;1,88268488418809;1,51541495520003;2,0105765664805;1,66769611430012;-21,1792549398174;-4,18947293818984;-6,65286241433163;-7,1809515973989;-5,54687814313434;-5,65488769770684;-9,8092163636125;-12,4411986438902;-5,52180832075962;-13,2792363051043;-11,5843475719452;-18,3650380350894;-25,6680975326532;-25,1712093050069;-26,5444579296166;-15,5048909875234;-16,7391415748164;-20,2654847460006;-14,0704407964278;-18,8612253266302;2,68199219822906;1,52838389719892;1,55555567096163;0,906735395569924;0,505569093294629;0,505568510213577;0,542423295383888;0,645128743653648;0,999999654320567;0,839312184375599;0,686365732674007;0,484882772849465;0,338111817657018;-2,15412013791303;-2,42226812127019;-2,55906686800296;-3,10311669832069;-3,99474654545801;-3,97671217514574;-3,35263255597489;-2,70563138978424;-2,14672192447882;-1,19499808741355;-1,84815310840112;-2,22452115757888;-2,90058670842152;-5,11453698104553;-5,02170503837136;-4,05149685492326;-3,42456171028843;-2,69556160947629;0,0719810978515742;0,0157773726842686;0,0505370955583641;0,0170367760222954;0,0271365841219972;0,00815598019131003;0,0102300072942366;0,0079209892374245;-1,0219670113342041;-3;1;1;1;-3;-3;1;1;0,45941965110288618;-11215,0039403614;NA;All
360;1,89389554888044;2,77668417838003;2,33533711420516;2,68774121246616;2,72309010659783;2,29408906685468;2,47326676471914;2,24097751517347;2,55320778110794;2,07780597554461;1,87229485914894;1,63386438152965;1,4456112889373;1,22448001849554;1,57391116751393;1,72268738934523;1,88268488418809;1,51541495520003;2,0105765664805;1,66769611430012;-21,1792549398174;-4,18947293818984;-6,65286241433163;-7,1809515973989;-5,54687814313434;-5,65488769770684;-9,8092163636125;-12,4411986438902;-5,52180832075962;-13,2792363051043;-11,5843475719452;-18,3650380350894;-25,6680975326532;-25,1712093050069;-26,5444579296166;-15,5048909875234;-16,7391415748164;-20,2654847460006;-14,0704407964278;-18,8612253266302;2,68199219822906;1,52838389719892;1,55555567096163;0,906735395569924;0,505569093294629;0,505568510213577;0,542423295383888;0,645128743653648;0,999999654320567;0,839312184375599;0,686365732674007;0,484882772849465;0,338111817657018;-2,15412013791303;-2,42226812127019;-2,55906686800296;-3,10311669832069;-3,99474654545801;-3,97671217514574;-3,35263255597489;-2,70563138978424;-2,14672192447882;-1,19499808741355;-1,84815310840112;-2,22452115757888;-2,90058670842152;-5,11453698104553;-5,02170503837136;-4,05149685492326;-3,42456171028843;-2,69556160947629;0,0719810978515742;0,0157773726842686;0,0505370955583641;0,0170367760222954;0,0271365841219972;0,00815598019131003;0,0102300072942366;0,0079209892374245;-3,9810109243283409;-3;1;1;1;-3;-3;1;1;0,63772459500559586;-11215,1804317310;NA;All
370;1,89389554888044;2,77668417838003;2,33533711420516;2,68774121246616;2,72309010659783;2,29408906685468;2,47326676471914;2,24097751517347;2,55320778110794;2,07780597554461;1,87229485914894;1,63386438152965;1,4456112889373;1,22448001849554;1,57391116751393;1,72268738934523;1,88268488418809;1,51541495520003;2,0105765664805;1,66769611430012;-21,1792549398174;-4,18947293818984;-6,65286241433163;-7,1809515973989;-5,54687814313434;-5,65488769770684;-9,8092163636125;-12,4411986438902;-5,52180832075962;-13,2792363051043;-11,5843475719452;-18,3650380350894;-25,6680975326532;-25,1712093050069;-26,5444579296166;-15,5048909875234;-16,7391415748164;-20,2654847460006;-14,0704407964278;-18,8612253266302;2,68199219822906;1,52838389719892;1,55555567096163;0,906735395569924;0,505569093294629;0,505568510213577;0,542423295383888;0,645128743653648;0,999999654320567;0,839312184375599;0,686365732674007;0,484882772849465;0,338111817657018;-2,15412013791303;-2,42226812127019;-2,55906686800296;-3,10311669832069;-3,99474654545801;-3,97671217514574;-3,35263255597489;-2,70563138978424;-2,14672192447882;-1,19499808741355;-1,84815310840112;-2,22452115757888;-2,90058670842152;-5,11453698104553;-5,02170503837136;-4,05149685492326;-3,42456171028843;-2,69556160947629;0,0719810978515742;0,0157773726842686;0,0505370955583641;0,0170367760222954;0,0271365841219972;0,00815598019131003;0,0102300072942366;0,0079209892374245;-2,7852576067728454;-3;1;1;1;-3;-3;1;1;0,17389481651175942;-11217,2073047138;NA;All
380;1,89389554888044;2,77668417838003;2,33533711420516;2,68774121246616;2,72309010659783;2,29408906685468;2,47326676471914;2,24097751517347;2,55320778110794;2,07780597554461;1,87229485914894;1,63386438152965;1,4456112889373;1,22448001849554;1,57391116751393;1,72268738934523;1,88268488418809;1,51541495520003;2,0105765664805;1,66769611430012;-21,1792549398174;-4,18947293818984;-6,65286241433163;-7,1809515973989;-5,54687814313434;-5,65488769770684;-9,8092163636125;-12,4411986438902;-5,52180832075962;-13,2792363051043;-11,5843475719452;-18,3650380350894;-25,6680975326532;-25,1712093050069;-26,5444579296166;-15,5048909875234;-16,7391415748164;-20,2654847460006;-14,0704407964278;-18,8612253266302;2,68199219822906;1,52838389719892;1,55555567096163;0,906735395569924;0,505569093294629;0,505568510213577;0,542423295383888;0,645128743653648;0,999999654320567;0,839312184375599;0,686365732674007;0,484882772849465;0,338111817657018;-2,15412013791303;-2,42226812127019;-2,55906686800296;-3,10311669832069;-3,99474654545801;-3,97671217514574;-3,35263255597489;-2,70563138978424;-2,14672192447882;-1,19499808741355;-1,84815310840112;-2,22452115757888;-2,90058670842152;-5,11453698104553;-5,02170503837136;-4,05149685492326;-3,42456171028843;-2,69556160947629;0,0719810978515742;0,0157773726842686;0,0505370955583641;0,0170367760222954;0,0271365841219972;0,00815598019131003;0,0102300072942366;0,0079209892374245;-2,2233497679786831;-3;1;1;1;-3;-3;1;1;0,45349127031260467;-11215,1779549611;NA;All
390;1,89389554888044;2,77668417838003;2,33533711420516;2,68774121246616;2,72309010659783;2,29408906685468;2,47326676471914;2,24097751517347;2,55320778110794;2,07780597554461;1,87229485914894;1,63386438152965;1,4456112889373;1,22448001849554;1,57391116751393;1,72268738934523;1,88268488418809;1,51541495520003;2,0105765664805;1,66769611430012;-21,1792549398174;-4,18947293818984;-6,65286241433163;-7,1809515973989;-5,54687814313434;-5,65488769770684;-9,8092163636125;-12,4411986438902;-5,52180832075962;-13,2792363051043;-11,5843475719452;-18,3650380350894;-25,6680975326532;-25,1712093050069;-26,5444579296166;-15,5048909875234;-16,7391415748164;-20,2654847460006;-14,0704407964278;-18,8612253266302;2,68199219822906;1,52838389719892;1,55555567096163;0,906735395569924;0,505569093294629;0,505568510213577;0,542423295383888;0,645128743653648;0,999999654320567;0,839312184375599;0,686365732674007;0,484882772849465;0,338111817657018;-2,15412013791303;-2,42226812127019;-2,55906686800296;-3,10311669832069;-3,99474654545801;-3,97671217514574;-3,35263255597489;-2,70563138978424;-2,14672192447882;-1,19499808741355;-1,84815310840112;-2,22452115757888;-2,90058670842152;-5,11453698104553;-5,02170503837136;-4,05149685492326;-3,42456171028843;-2,69556160947629;0,0719810978515742;0,0157773726842686;0,0505370955583641;0,0170367760222954;0,0271365841219972;0,00815598019131003;0,0102300072942366;0,0079209892374245;-1,9143201066850664;-3;1;1;1;-3;-3;1;1;0,69007095099024762;-11215,3218595154;NA;All
400;1,89389554888044;2,77668417838003;2,33533711420516;2,68774121246616;2,72309010659783;2,29408906685468;2,47326676471914;2,24097751517347;2,55320778110794;2,07780597554461;1,87229485914894;1,63386438152965;1,4456112889373;1,22448001849554;1,57391116751393;1,72268738934523;1,88268488418809;1,51541495520003;2,0105765664805;1,66769611430012;-21,1792549398174;-4,18947293818984;-6,65286241433163;-7,1809515973989;-5,54687814313434;-5,65488769770684;-9,8092163636125;-12,4411986438902;-5,52180832075962;-13,2792363051043;-11,5843475719452;-18,3650380350894;-25,6680975326532;-25,1712093050069;-26,5444579296166;-15,5048909875234;-16,7391415748164;-20,2654847460006;-14,0704407964278;-18,8612253266302;2,68199219822906;1,52838389719892;1,55555567096163;0,906735395569924;0,505569093294629;0,505568510213577;0,542423295383888;0,645128743653648;0,999999654320567;0,839312184375599;0,686365732674007;0,484882772849465;0,338111817657018;-2,15412013791303;-2,42226812127019;-2,55906686800296;-3,10311669832069;-3,99474654545801;-3,97671217514574;-3,35263255597489;-2,70563138978424;-2,14672192447882;-1,19499808741355;-1,84815310840112;-2,22452115757888;-2,90058670842152;-5,11453698104553;-5,02170503837136;-4,05149685492326;-3,42456171028843;-2,69556160947629;0,0719810978515742;0,0157773726842686;0,0505370955583641;0,0170367760222954;0,0271365841219972;0,00815598019131003;0,0102300072942366;0,0079209892374245;-1,7103012513361759;-3;1;1;1;-3;-3;1;1;0,74393201231285644;-11215,5237800949;NA;All
410;1,89389554888044;2,77668417838003;2,33533711420516;2,68774121246616;2,72309010659783;2,29408906685468;2,47326676471914;2,24097751517347;2,55320778110794;2,07780597554461;1,87229485914894;1,63386438152965;1,4456112889373;1,22448001849554;1,57391116751393;1,72268738934523;1,88268488418809;1,51541495520003;2,0105765664805;1,66769611430012;-21,1792549398174;-4,18947293818984;-6,65286241433163;-7,1809515973989;-5,54687814313434;-5,65488769770684;-9,8092163636125;-12,4411986438902;-5,52180832075962;-13,2792363051043;-11,5843475719452;-18,3650380350894;-25,6680975326532;-25,1712093050069;-26,5444579296166;-15,5048909875234;-16,7391415748164;-20,2654847460006;-14,0704407964278;-18,8612253266302;2,68199219822906;1,52838389719892;1,55555567096163;0,906735395569924;0,505569093294629;0,505568510213577;0,542423295383888;0,645128743653648;0,999999654320567;0,839312184375599;0,686365732674007;0,484882772849465;0,338111817657018;-2,15412013791303;-2,42226812127019;-2,55906686800296;-3,10311669832069;-3,99474654545801;-3,97671217514574;-3,35263255597489;-2,70563138978424;-2,14672192447882;-1,19499808741355;-1,84815310840112;-2,22452115757888;-2,90058670842152;-5,11453698104553;-5,02170503837136;-4,05149685492326;-3,42456171028843;-2,69556160947629;0,0719810978515742;0,0157773726842686;0,0505370955583641;0,0170367760222954;0,0271365841219972;0,00815598019131003;0,0102300072942366;0,0079209892374245;-2,5814639246609485;-3;1;1;1;-3;-3;1;1;1,01630126871124027;-11216,8248277661;NA;All
420;1,89389554888044;2,77668417838003;2,33533711420516;2,68774121246616;2,72309010659783;2,29408906685468;2,47326676471914;2,24097751517347;2,55320778110794;2,07780597554461;1,87229485914894;1,63386438152965;1,4456112889373;1,22448001849554;1,57391116751393;1,72268738934523;1,88268488418809;1,51541495520003;2,0105765664805;1,66769611430012;-21,1792549398174;-4,18947293818984;-6,65286241433163;-7,1809515973989;-5,54687814313434;-5,65488769770684;-9,8092163636125;-12,4411986438902;-5,52180832075962;-13,2792363051043;-11,5843475719452;-18,3650380350894;-25,6680975326532;-25,1712093050069;-26,5444579296166;-15,5048909875234;-16,7391415748164;-20,2654847460006;-14,0704407964278;-18,8612253266302;2,68199219822906;1,52838389719892;1,55555567096163;0,906735395569924;0,505569093294629;0,505568510213577;0,542423295383888;0,645128743653648;0,999999654320567;0,839312184375599;0,686365732674007;0,484882772849465;0,338111817657018;-2,15412013791303;-2,42226812127019;-2,55906686800296;-3,10311669832069;-3,99474654545801;-3,97671217514574;-3,35263255597489;-2,70563138978424;-2,14672192447882;-1,19499808741355;-1,84815310840112;-2,22452115757888;-2,90058670842152;-5,11453698104553;-5,02170503837136;-4,05149685492326;-3,42456171028843;-2,69556160947629;0,0719810978515742;0,0157773726842686;0,0505370955583641;0,0170367760222954;0,0271365841219972;0,00815598019131003;0,0102300072942366;0,0079209892374245;-0,7316684091628333;-3;1;1;1;-3;-3;1;1;0,24021399636591181;-11214,9258338369;NA;All
430;1,89389554888044;2,77668417838003;2,33533711420516;2,68774121246616;2,72309010659783;2,29408906685468;2,47326676471914;2,24097751517347;2,55320778110794;2,07780597554461;1,87229485914894;1,63386438152965;1,4456112889373;1,22448001849554;1,57391116751393;1,72268738934523;1,88268488418809;1,51541495520003;2,0105765664805;1,66769611430012;-21,1792549398174;-4,18947293818984;-6,65286241433163;-7,1809515973989;-5,54687814313434;-5,65488769770684;-9,8092163636125;-12,4411986438902;-5,52180832075962;-13,2792363051043;-11,5843475719452;-18,3650380350894;-25,6680975326532;-25,1712093050069;-26,5444579296166;-15,5048909875234;-16,7391415748164;-20,2654847460006;-14,0704407964278;-18,8612253266302;2,68199219822906;1,52838389719892;1,55555567096163;0,906735395569924;0,505569093294629;0,505568510213577;0,542423295383888;0,645128743653648;0,999999654320567;0,839312184375599;0,686365732674007;0,484882772849465;0,338111817657018;-2,15412013791303;-2,42226812127019;-2,55906686800296;-3,10311669832069;-3,99474654545801;-3,97671217514574;-3,35263255597489;-2,70563138978424;-2,14672192447882;-1,19499808741355;-1,84815310840112;-2,22452115757888;-2,90058670842152;-5,11453698104553;-5,02170503837136;-4,05149685492326;-3,42456171028843;-2,69556160947629;0,0719810978515742;0,0157773726842686;0,0505370955583641;0,0170367760222954;0,0271365841219972;0,00815598019131003;0,0102300072942366;0,0079209892374245;-2,4425925176076166;-3;1;1;1;-3;-3;1;1;0,53961085021668198;-11215,0976501554;NA;All
440;1,89389554888044;2,77668417838003;2,33533711420516;2,68774121246616;2,72309010659783;2,29408906685468;2,47326676471914;2,24097751517347;2,55320778110794;2,07780597554461;1,87229485914894;1,63386438152965;1,4456112889373;1,22448001849554;1,57391116751393;1,72268738934523;1,88268488418809;1,51541495520003;2,0105765664805;1,66769611430012;-21,1792549398174;-4,18947293818984;-6,65286241433163;-7,1809515973989;-5,54687814313434;-5,65488769770684;-9,8092163636125;-12,4411986438902;-5,52180832075962;-13,2792363051043;-11,5843475719452;-18,3650380350894;-25,6680975326532;-25,1712093050069;-26,5444579296166;-15,5048909875234;-16,7391415748164;-20,2654847460006;-14,0704407964278;-18,8612253266302;2,68199219822906;1,52838389719892;1,55555567096163;0,906735395569924;0,505569093294629;0,505568510213577;0,542423295383888;0,645128743653648;0,999999654320567;0,839312184375599;0,686365732674007;0,484882772849465;0,338111817657018;-2,15412013791303;-2,42226812127019;-2,55906686800296;-3,10311669832069;-3,99474654545801;-3,97671217514574;-3,35263255597489;-2,70563138978424;-2,14672192447882;-1,19499808741355;-1,84815310840112;-2,22452115757888;-2,90058670842152;-5,11453698104553;-5,02170503837136;-4,05149685492326;-3,42456171028843;-2,69556160947629;0,0719810978515742;0,0157773726842686;0,0505370955583641;0,0170367760222954;0,0271365841219972;0,00815598019131003;0,0102300072942366;0,0079209892374245;-3,5453026072427791;-3;1;1;1;-3;-3;1;1;0,28417303007111211;-11216,0367821244;NA;All
450;1,89389554888044;2,77668417838003;2,33533711420516;2,68774121246616;2,72309010659783;2,29408906685468;2,47326676471914;2,24097751517347;2,55320778110794;2,07780597554461;1,87229485914894;1,63386438152965;1,4456112889373;1,22448001849554;1,57391116751393;1,72268738934523;1,88268488418809;1,51541495520003;2,0105765664805;1,66769611430012;-21,1792549398174;-4,18947293818984;-6,65286241433163;-7,1809515973989;-5,54687814313434;-5,65488769770684;-9,8092163636125;-12,4411986438902;-5,52180832075962;-13,2792363051043;-11,5843475719452;-18,3650380350894;-25,6680975326532;-25,1712093050069;-26,5444579296166;-15,5048909875234;-16,7391415748164;-20,2654847460006;-14,0704407964278;-18,8612253266302;2,68199219822906;1,52838389719892;1,55555567096163;0,906735395569924;0,505569093294629;0,505568510213577;0,542423295383888;0,645128743653648;0,999999654320567;0,839312184375599;0,686365732674007;0,484882772849465;0,338111817657018;-2,15412013791303;-2,42226812127019;-2,55906686800296;-3,10311669832069;-3,99474654545801;-3,97671217514574;-3,35263255597489;-2,70563138978424;-2,14672192447882;-1,19499808741355;-1,84815310840112;-2,22452115757888;-2,90058670842152;-5,11453698104553;-5,02170503837136;-4,05149685492326;-3,42456171028843;-2,69556160947629;0,0719810978515742;0,0157773726842686;0,0505370955583641;0,0170367760222954;0,0271365841219972;0,00815598019131003;0,0102300072942366;0,0079209892374245;-2,5682433762468193;-3;1;1;1;-3;-3;1;1;0,72726572366333730;-11215,4042866814;NA;All
460;1,89389554888044;2,77668417838003;2,33533711420516;2,68774121246616;2,72309010659783;2,29408906685468;2,47326676471914;2,24097751517347;2,55320778110794;2,07780597554461;1,87229485914894;1,63386438152965;1,4456112889373;1,22448001849554;1,57391116751393;1,72268738934523;1,88268488418809;1,51541495520003;2,0105765664805;1,66769611430012;-21,1792549398174;-4,18947293818984;-6,65286241433163;-7,1809515973989;-5,54687814313434;-5,65488769770684;-9,8092163636125;-12,4411986438902;-5,52180832075962;-13,2792363051043;-11,5843475719452;-18,3650380350894;-25,6680975326532;-25,1712093050069;-26,5444579296166;-15,5048909875234;-16,7391415748164;-20,2654847460006;-14,0704407964278;-18,8612253266302;2,68199219822906;1,52838389719892;1,55555567096163;0,906735395569924;0,505569093294629;0,505568510213577;0,542423295383888;0,645128743653648;0,999999654320567;0,839312184375599;0,686365732674007;0,484882772849465;0,338111817657018;-2,15412013791303;-2,42226812127019;-2,55906686800296;-3,10311669832069;-3,99474654545801;-3,97671217514574;-3,35263255597489;-2,70563138978424;-2,14672192447882;-1,19499808741355;-1,84815310840112;-2,22452115757888;-2,90058670842152;-5,11453698104553;-5,02170503837136;-4,05149685492326;-3,42456171028843;-2,69556160947629;0,0719810978515742;0,0157773726842686;0,0505370955583641;0,0170367760222954;0,0271365841219972;0,00815598019131003;0,0102300072942366;0,0079209892374245;-2,3793658803742259;-3;1;1;1;-3;-3;1;1;0,41951225191153790;-11215,2732947948;NA;All
470;1,89389554888044;2,77668417838003;2,33533711420516;2,68774121246616;2,72309010659783;2,29408906685468;2,47326676471914;2,24097751517347;2,55320778110794;2,07780597554461;1,87229485914894;1,63386438152965;1,4456112889373;1,22448001849554;1,57391116751393;1,72268738934523;1,88268488418809;1,51541495520003;2,0105765664805;1,66769611430012;-21,1792549398174;-4,18947293818984;-6,65286241433163;-7,1809515973989;-5,54687814313434;-5,65488769770684;-9,8092163636125;-12,4411986438902;-5,52180832075962;-13,2792363051043;-11,5843475719452;-18,3650380350894;-25,6680975326532;-25,1712093050069;-26,5444579296166;-15,5048909875234;-16,7391415748164;-20,2654847460006;-14,0704407964278;-18,8612253266302;2,68199219822906;1,52838389719892;1,55555567096163;0,906735395569924;0,505569093294629;0,505568510213577;0,542423295383888;0,645128743653648;0,999999654320567;0,839312184375599;0,686365732674007;0,484882772849465;0,338111817657018;-2,15412013791303;-2,42226812127019;-2,55906686800296;-3,10311669832069;-3,99474654545801;-3,97671217514574;-3,35263255597489;-2,70563138978424;-2,14672192447882;-1,19499808741355;-1,84815310840112;-2,22452115757888;-2,90058670842152;-5,11453698104553;-5,02170503837136;-4,05149685492326;-3,42456171028843;-2,69556160947629;0,0719810978515742;0,0157773726842686;0,0505370955583641;0,0170367760222954;0,0271365841219972;0,00815598019131003;0,0102300072942366;0,0079209892374245;-1,2187543503211149;-3;1;1;1;-3;-3;1;1;0,12806145706629013;-11216,5862020246;NA;All
480;1,89389554888044;2,77668417838003;2,33533711420516;2,68774121246616;2,72309010659783;2,29408906685468;2,47326676471914;2,24097751517347;2,55320778110794;2,07780597554461;1,87229485914894;1,63386438152965;1,4456112889373;1,22448001849554;1,57391116751393;1,72268738934523;1,88268488418809;1,51541495520003;2,0105765664805;1,66769611430012;-21,1792549398174;-4,18947293818984;-6,65286241433163;-7,1809515973989;-5,54687814313434;-5,65488769770684;-9,8092163636125;-12,4411986438902;-5,52180832075962;-13,2792363051043;-11,5843475719452;-18,3650380350894;-25,6680975326532;-25,1712093050069;-26,5444579296166;-15,5048909875234;-16,7391415748164;-20,2654847460006;-14,0704407964278;-18,8612253266302;2,68199219822906;1,52838389719892;1,55555567096163;0,906735395569924;0,505569093294629;0,505568510213577;0,542423295383888;0,645128743653648;0,999999654320567;0,839312184375599;0,686365732674007;0,484882772849465;0,338111817657018;-2,15412013791303;-2,42226812127019;-2,55906686800296;-3,10311669832069;-3,99474654545801;-3,97671217514574;-3,35263255597489;-2,70563138978424;-2,14672192447882;-1,19499808741355;-1,84815310840112;-2,22452115757888;-2,90058670842152;-5,11453698104553;-5,02170503837136;-4,05149685492326;-3,42456171028843;-2,69556160947629;0,0719810978515742;0,0157773726842686;0,0505370955583641;0,0170367760222954;0,0271365841219972;0,00815598019131003;0,0102300072942366;0,0079209892374245;-3,6835443166968656;-3;1;1;1;-3;-3;1;1;0,31696089551175477;-11215,7967198179;NA;All
490;1,89389554888044;2,77668417838003;2,33533711420516;2,68774121246616;2,72309010659783;2,29408906685468;2,47326676471914;2,24097751517347;2,55320778110794;2,07780597554461;1,87229485914894;1,63386438152965;1,4456112889373;1,22448001849554;1,57391116751393;1,72268738934523;1,88268488418809;1,51541495520003;2,0105765664805;1,66769611430012;-21,1792549398174;-4,18947293818984;-6,65286241433163;-7,1809515973989;-5,54687814313434;-5,65488769770684;-9,8092163636125;-12,4411986438902;-5,52180832075962;-13,2792363051043;-11,5843475719452;-18,3650380350894;-25,6680975326532;-25,1712093050069;-26,5444579296166;-15,5048909875234;-16,7391415748164;-20,2654847460006;-14,0704407964278;-18,8612253266302;2,68199219822906;1,52838389719892;1,55555567096163;0,906735395569924;0,505569093294629;0,505568510213577;0,542423295383888;0,645128743653648;0,999999654320567;0,839312184375599;0,686365732674007;0,484882772849465;0,338111817657018;-2,15412013791303;-2,42226812127019;-2,55906686800296;-3,10311669832069;-3,99474654545801;-3,97671217514574;-3,35263255597489;-2,70563138978424;-2,14672192447882;-1,19499808741355;-1,84815310840112;-2,22452115757888;-2,90058670842152;-5,11453698104553;-5,02170503837136;-4,05149685492326;-3,42456171028843;-2,69556160947629;0,0719810978515742;0,0157773726842686;0,0505370955583641;0,0170367760222954;0,0271365841219972;0,00815598019131003;0,0102300072942366;0,0079209892374245;-1,9904692493184897;-3;1;1;1;-3;-3;1;1;0,42258495223964643;-11215,2291715982;NA;All
500;1,89389554888044;2,77668417838003;2,33533711420516;2,68774121246616;2,72309010659783;2,29408906685468;2,47326676471914;2,24097751517347;2,55320778110794;2,07780597554461;1,87229485914894;1,63386438152965;1,4456112889373;1,22448001849554;1,57391116751393;1,72268738934523;1,88268488418809;1,51541495520003;2,0105765664805;1,66769611430012;-21,1792549398174;-4,18947293818984;-6,65286241433163;-7,1809515973989;-5,54687814313434;-5,65488769770684;-9,8092163636125;-12,4411986438902;-5,52180832075962;-13,2792363051043;-11,5843475719452;-18,3650380350894;-25,6680975326532;-25,1712093050069;-26,5444579296166;-15,5048909875234;-16,7391415748164;-20,2654847460006;-14,0704407964278;-18,8612253266302;2,68199219822906;1,52838389719892;1,55555567096163;0,906735395569924;0,505569093294629;0,505568510213577;0,542423295383888;0,645128743653648;0,999999654320567;0,839312184375599;0,686365732674007;0,484882772849465;0,338111817657018;-2,15412013791303;-2,42226812127019;-2,55906686800296;-3,10311669832069;-3,99474654545801;-3,97671217514574;-3,35263255597489;-2,70563138978424;-2,14672192447882;-1,19499808741355;-1,84815310840112;-2,22452115757888;-2,90058670842152;-5,11453698104553;-5,02170503837136;-4,05149685492326;-3,42456171028843;-2,69556160947629;0,0719810978515742;0,0157773726842686;0,0505370955583641;0,0170367760222954;0,0271365841219972;0,00815598019131003;0,0102300072942366;0,0079209892374245;-1,8089485784356223;-3;1;1;1;-3;-3;1;1;0,78252354954629411;-11215,6578849381;NA;All
510;1,89389554888044;2,77668417838003;2,33533711420516;2,68774121246616;2,72309010659783;2,29408906685468;2,47326676471914;2,24097751517347;2,55320778110794;2,07780597554461;1,87229485914894;1,63386438152965;1,4456112889373;1,22448001849554;1,57391116751393;1,72268738934523;1,88268488418809;1,51541495520003;2,0105765664805;1,66769611430012;-21,1792549398174;-4,18947293818984;-6,65286241433163;-7,1809515973989;-5,54687814313434;-5,65488769770684;-9,8092163636125;-12,4411986438902;-5,52180832075962;-13,2792363051043;-11,5843475719452;-18,3650380350894;-25,6680975326532;-25,1712093050069;-26,5444579296166;-15,5048909875234;-16,7391415748164;-20,2654847460006;-14,0704407964278;-18,8612253266302;2,68199219822906;1,52838389719892;1,55555567096163;0,906735395569924;0,505569093294629;0,505568510213577;0,542423295383888;0,645128743653648;0,999999654320567;0,839312184375599;0,686365732674007;0,484882772849465;0,338111817657018;-2,15412013791303;-2,42226812127019;-2,55906686800296;-3,10311669832069;-3,99474654545801;-3,97671217514574;-3,35263255597489;-2,70563138978424;-2,14672192447882;-1,19499808741355;-1,84815310840112;-2,22452115757888;-2,90058670842152;-5,11453698104553;-5,02170503837136;-4,05149685492326;-3,42456171028843;-2,69556160947629;0,0719810978515742;0,0157773726842686;0,0505370955583641;0,0170367760222954;0,0271365841219972;0,00815598019131003;0,0102300072942366;0,0079209892374245;-2,1960124427226231;-3;1;1;1;-3;-3;1;1;0,33207172373439819;-11215,6342246805;NA;All
520;1,89389554888044;2,77668417838003;2,33533711420516;2,68774121246616;2,72309010659783;2,29408906685468;2,47326676471914;2,24097751517347;2,55320778110794;2,07780597554461;1,87229485914894;1,63386438152965;1,4456112889373;1,22448001849554;1,57391116751393;1,72268738934523;1,88268488418809;1,51541495520003;2,0105765664805;1,66769611430012;-21,1792549398174;-4,18947293818984;-6,65286241433163;-7,1809515973989;-5,54687814313434;-5,65488769770684;-9,8092163636125;-12,4411986438902;-5,52180832075962;-13,2792363051043;-11,5843475719452;-18,3650380350894;-25,6680975326532;-25,1712093050069;-26,5444579296166;-15,5048909875234;-16,7391415748164;-20,2654847460006;-14,0704407964278;-18,8612253266302;2,68199219822906;1,52838389719892;1,55555567096163;0,906735395569924;0,505569093294629;0,505568510213577;0,542423295383888;0,645128743653648;0,999999654320567;0,839312184375599;0,686365732674007;0,484882772849465;0,338111817657018;-2,15412013791303;-2,42226812127019;-2,55906686800296;-3,10311669832069;-3,99474654545801;-3,97671217514574;-3,35263255597489;-2,70563138978424;-2,14672192447882;-1,19499808741355;-1,84815310840112;-2,22452115757888;-2,90058670842152;-5,11453698104553;-5,02170503837136;-4,05149685492326;-3,42456171028843;-2,69556160947629;0,0719810978515742;0,0157773726842686;0,0505370955583641;0,0170367760222954;0,0271365841219972;0,00815598019131003;0,0102300072942366;0,0079209892374245;-1,4889729396022351;-3;1;1;1;-3;-3;1;1;0,51160544437369371;-11215,0551973219;NA;All
530;1,89389554888044;2,77668417838003;2,33533711420516;2,68774121246616;2,72309010659783;2,29408906685468;2,47326676471914;2,24097751517347;2,55320778110794;2,07780597554461;1,87229485914894;1,63386438152965;1,4456112889373;1,22448001849554;1,57391116751393;1,72268738934523;1,88268488418809;1,51541495520003;2,0105765664805;1,66769611430012;-21,1792549398174;-4,18947293818984;-6,65286241433163;-7,1809515973989;-5,54687814313434;-5,65488769770684;-9,8092163636125;-12,4411986438902;-5,52180832075962;-13,2792363051043;-11,5843475719452;-18,3650380350894;-25,6680975326532;-25,1712093050069;-26,5444579296166;-15,5048909875234;-16,7391415748164;-20,2654847460006;-14,0704407964278;-18,8612253266302;2,68199219822906;1,52838389719892;1,55555567096163;0,906735395569924;0,505569093294629;0,505568510213577;0,542423295383888;0,645128743653648;0,999999654320567;0,839312184375599;0,686365732674007;0,484882772849465;0,338111817657018;-2,15412013791303;-2,42226812127019;-2,55906686800296;-3,10311669832069;-3,99474654545801;-3,97671217514574;-3,35263255597489;-2,70563138978424;-2,14672192447882;-1,19499808741355;-1,84815310840112;-2,22452115757888;-2,90058670842152;-5,11453698104553;-5,02170503837136;-4,05149685492326;-3,42456171028843;-2,69556160947629;0,0719810978515742;0,0157773726842686;0,0505370955583641;0,0170367760222954;0,0271365841219972;0,00815598019131003;0,0102300072942366;0,0079209892374245;-2,1876551027163371;-3;1;1;1;-3;-3;1;1;0,37255385773624405;-11215,4295755572;NA;All
540;1,89389554888044;2,77668417838003;2,33533711420516;2,68774121246616;2,72309010659783;2,29408906685468;2,47326676471914;2,24097751517347;2,55320778110794;2,07780597554461;1,87229485914894;1,63386438152965;1,4456112889373;1,22448001849554;1,57391116751393;1,72268738934523;1,88268488418809;1,51541495520003;2,0105765664805;1,66769611430012;-21,1792549398174;-4,18947293818984;-6,65286241433163;-7,1809515973989;-5,54687814313434;-5,65488769770684;-9,8092163636125;-12,4411986438902;-5,52180832075962;-13,2792363051043;-11,5843475719452;-18,3650380350894;-25,6680975326532;-25,1712093050069;-26,5444579296166;-15,5048909875234;-16,7391415748164;-20,2654847460006;-14,0704407964278;-18,8612253266302;2,68199219822906;1,52838389719892;1,55555567096163;0,906735395569924;0,505569093294629;0,505568510213577;0,542423295383888;0,645128743653648;0,999999654320567;0,839312184375599;0,686365732674007;0,484882772849465;0,338111817657018;-2,15412013791303;-2,42226812127019;-2,55906686800296;-3,10311669832069;-3,99474654545801;-3,97671217514574;-3,35263255597489;-2,70563138978424;-2,14672192447882;-1,19499808741355;-1,84815310840112;-2,22452115757888;-2,90058670842152;-5,11453698104553;-5,02170503837136;-4,05149685492326;-3,42456171028843;-2,69556160947629;0,0719810978515742;0,0157773726842686;0,0505370955583641;0,0170367760222954;0,0271365841219972;0,00815598019131003;0,0102300072942366;0,0079209892374245;-1,4023569651852013;-3;1;1;1;-3;-3;1;1;0,74911218120216050;-11215,6348494489;NA;All
550;1,89389554888044;2,77668417838003;2,33533711420516;2,68774121246616;2,72309010659783;2,29408906685468;2,47326676471914;2,24097751517347;2,55320778110794;2,07780597554461;1,87229485914894;1,63386438152965;1,4456112889373;1,22448001849554;1,57391116751393;1,72268738934523;1,88268488418809;1,51541495520003;2,0105765664805;1,66769611430012;-21,1792549398174;-4,18947293818984;-6,65286241433163;-7,1809515973989;-5,54687814313434;-5,65488769770684;-9,8092163636125;-12,4411986438902;-5,52180832075962;-13,2792363051043;-11,5843475719452;-18,3650380350894;-25,6680975326532;-25,1712093050069;-26,5444579296166;-15,5048909875234;-16,7391415748164;-20,2654847460006;-14,0704407964278;-18,8612253266302;2,68199219822906;1,52838389719892;1,55555567096163;0,906735395569924;0,505569093294629;0,505568510213577;0,542423295383888;0,645128743653648;0,999999654320567;0,839312184375599;0,686365732674007;0,484882772849465;0,338111817657018;-2,15412013791303;-2,42226812127019;-2,55906686800296;-3,10311669832069;-3,99474654545801;-3,97671217514574;-3,35263255597489;-2,70563138978424;-2,14672192447882;-1,19499808741355;-1,84815310840112;-2,22452115757888;-2,90058670842152;-5,11453698104553;-5,02170503837136;-4,05149685492326;-3,42456171028843;-2,69556160947629;0,0719810978515742;0,0157773726842686;0,0505370955583641;0,0170367760222954;0,0271365841219972;0,00815598019131003;0,0102300072942366;0,0079209892374245;-3,0529392033206273;-3;1;1;1;-3;-3;1;1;0,41857300620019322;-11215,2975473241;NA;All
560;1,89389554888044;2,77668417838003;2,33533711420516;2,68774121246616;2,72309010659783;2,29408906685468;2,47326676471914;2,24097751517347;2,55320778110794;2,07780597554461;1,87229485914894;1,63386438152965;1,4456112889373;1,22448001849554;1,57391116751393;1,72268738934523;1,88268488418809;1,51541495520003;2,0105765664805;1,66769611430012;-21,1792549398174;-4,18947293818984;-6,65286241433163;-7,1809515973989;-5,54687814313434;-5,65488769770684;-9,8092163636125;-12,4411986438902;-5,52180832075962;-13,2792363051043;-11,5843475719452;-18,3650380350894;-25,6680975326532;-25,1712093050069;-26,5444579296166;-15,5048909875234;-16,7391415748164;-20,2654847460006;-14,0704407964278;-18,8612253266302;2,68199219822906;1,52838389719892;1,55555567096163;0,906735395569924;0,505569093294629;0,505568510213577;0,542423295383888;0,645128743653648;0,999999654320567;0,839312184375599;0,686365732674007;0,484882772849465;0,338111817657018;-2,15412013791303;-2,42226812127019;-2,55906686800296;-3,10311669832069;-3,99474654545801;-3,97671217514574;-3,35263255597489;-2,70563138978424;-2,14672192447882;-1,19499808741355;-1,84815310840112;-2,22452115757888;-2,90058670842152;-5,11453698104553;-5,02170503837136;-4,05149685492326;-3,42456171028843;-2,69556160947629;0,0719810978515742;0,0157773726842686;0,0505370955583641;0,0170367760222954;0,0271365841219972;0,00815598019131003;0,0102300072942366;0,0079209892374245;-2,3443438662847944;-3;1;1;1;-3;-3;1;1;0,68250376962680004;-11215,2815057194;NA;All
570;1,89389554888044;2,77668417838003;2,33533711420516;2,68774121246616;2,72309010659783;2,29408906685468;2,47326676471914;2,24097751517347;2,55320778110794;2,07780597554461;1,87229485914894;1,63386438152965;1,4456112889373;1,22448001849554;1,57391116751393;1,72268738934523;1,88268488418809;1,51541495520003;2,0105765664805;1,66769611430012;-21,1792549398174;-4,18947293818984;-6,65286241433163;-7,1809515973989;-5,54687814313434;-5,65488769770684;-9,8092163636125;-12,4411986438902;-5,52180832075962;-13,2792363051043;-11,5843475719452;-18,3650380350894;-25,6680975326532;-25,1712093050069;-26,5444579296166;-15,5048909875234;-16,7391415748164;-20,2654847460006;-14,0704407964278;-18,8612253266302;2,68199219822906;1,52838389719892;1,55555567096163;0,906735395569924;0,505569093294629;0,505568510213577;0,542423295383888;0,645128743653648;0,999999654320567;0,839312184375599;0,686365732674007;0,484882772849465;0,338111817657018;-2,15412013791303;-2,42226812127019;-2,55906686800296;-3,10311669832069;-3,99474654545801;-3,97671217514574;-3,35263255597489;-2,70563138978424;-2,14672192447882;-1,19499808741355;-1,84815310840112;-2,22452115757888;-2,90058670842152;-5,11453698104553;-5,02170503837136;-4,05149685492326;-3,42456171028843;-2,69556160947629;0,0719810978515742;0,0157773726842686;0,0505370955583641;0,0170367760222954;0,0271365841219972;0,00815598019131003;0,0102300072942366;0,0079209892374245;-2,5754344386688635;-3;1;1;1;-3;-3;1;1;0,54004674207862247;-11215,0996620585;NA;All
580;1,89389554888044;2,77668417838003;2,33533711420516;2,68774121246616;2,72309010659783;2,29408906685468;2,47326676471914;2,24097751517347;2,55320778110794;2,07780597554461;1,87229485914894;1,63386438152965;1,4456112889373;1,22448001849554;1,57391116751393;1,72268738934523;1,88268488418809;1,51541495520003;2,0105765664805;1,66769611430012;-21,1792549398174;-4,18947293818984;-6,65286241433163;-7,1809515973989;-5,54687814313434;-5,65488769770684;-9,8092163636125;-12,4411986438902;-5,52180832075962;-13,2792363051043;-11,5843475719452;-18,3650380350894;-25,6680975326532;-25,1712093050069;-26,5444579296166;-15,5048909875234;-16,7391415748164;-20,2654847460006;-14,0704407964278;-18,8612253266302;2,68199219822906;1,52838389719892;1,55555567096163;0,906735395569924;0,505569093294629;0,505568510213577;0,542423295383888;0,645128743653648;0,999999654320567;0,839312184375599;0,686365732674007;0,484882772849465;0,338111817657018;-2,15412013791303;-2,42226812127019;-2,55906686800296;-3,10311669832069;-3,99474654545801;-3,97671217514574;-3,35263255597489;-2,70563138978424;-2,14672192447882;-1,19499808741355;-1,84815310840112;-2,22452115757888;-2,90058670842152;-5,11453698104553;-5,02170503837136;-4,05149685492326;-3,42456171028843;-2,69556160947629;0,0719810978515742;0,0157773726842686;0,0505370955583641;0,0170367760222954;0,0271365841219972;0,00815598019131003;0,0102300072942366;0,0079209892374245;-1,4437992039124017;-3;1;1;1;-3;-3;1;1;0,81469355113814368;-11215,9139601321;NA;All
590;1,89389554888044;2,77668417838003;2,33533711420516;2,68774121246616;2,72309010659783;2,29408906685468;2,47326676471914;2,24097751517347;2,55320778110794;2,07780597554461;1,87229485914894;1,63386438152965;1,4456112889373;1,22448001849554;1,57391116751393;1,72268738934523;1,88268488418809;1,51541495520003;2,0105765664805;1,66769611430012;-21,1792549398174;-4,18947293818984;-6,65286241433163;-7,1809515973989;-5,54687814313434;-5,65488769770684;-9,8092163636125;-12,4411986438902;-5,52180832075962;-13,2792363051043;-11,5843475719452;-18,3650380350894;-25,6680975326532;-25,1712093050069;-26,5444579296166;-15,5048909875234;-16,7391415748164;-20,2654847460006;-14,0704407964278;-18,8612253266302;2,68199219822906;1,52838389719892;1,55555567096163;0,906735395569924;0,505569093294629;0,505568510213577;0,542423295383888;0,645128743653648;0,999999654320567;0,839312184375599;0,686365732674007;0,484882772849465;0,338111817657018;-2,15412013791303;-2,42226812127019;-2,55906686800296;-3,10311669832069;-3,99474654545801;-3,97671217514574;-3,35263255597489;-2,70563138978424;-2,14672192447882;-1,19499808741355;-1,84815310840112;-2,22452115757888;-2,90058670842152;-5,11453698104553;-5,02170503837136;-4,05149685492326;-3,42456171028843;-2,69556160947629;0,0719810978515742;0,0157773726842686;0,0505370955583641;0,0170367760222954;0,0271365841219972;0,00815598019131003;0,0102300072942366;0,0079209892374245;-1,5500043004390405;-3;1;1;1;-3;-3;1;1;0,41824963398403375;-11215,1475129301;NA;All
600;1,89389554888044;2,77668417838003;2,33533711420516;2,68774121246616;2,72309010659783;2,29408906685468;2,47326676471914;2,24097751517347;2,55320778110794;2,07780597554461;1,87229485914894;1,63386438152965;1,4456112889373;1,22448001849554;1,57391116751393;1,72268738934523;1,88268488418809;1,51541495520003;2,0105765664805;1,66769611430012;-21,1792549398174;-4,18947293818984;-6,65286241433163;-7,1809515973989;-5,54687814313434;-5,65488769770684;-9,8092163636125;-12,4411986438902;-5,52180832075962;-13,2792363051043;-11,5843475719452;-18,3650380350894;-25,6680975326532;-25,1712093050069;-26,5444579296166;-15,5048909875234;-16,7391415748164;-20,2654847460006;-14,0704407964278;-18,8612253266302;2,68199219822906;1,52838389719892;1,55555567096163;0,906735395569924;0,505569093294629;0,505568510213577;0,542423295383888;0,645128743653648;0,999999654320567;0,839312184375599;0,686365732674007;0,484882772849465;0,338111817657018;-2,15412013791303;-2,42226812127019;-2,55906686800296;-3,10311669832069;-3,99474654545801;-3,97671217514574;-3,35263255597489;-2,70563138978424;-2,14672192447882;-1,19499808741355;-1,84815310840112;-2,22452115757888;-2,90058670842152;-5,11453698104553;-5,02170503837136;-4,05149685492326;-3,42456171028843;-2,69556160947629;0,0719810978515742;0,0157773726842686;0,0505370955583641;0,0170367760222954;0,0271365841219972;0,00815598019131003;0,0102300072942366;0,0079209892374245;-1,7045983303380488;-3;1;1;1;-3;-3;1;1;0,52759631004276941;-11215,0732078738;NA;All
610;1,89389554888044;2,77668417838003;2,33533711420516;2,68774121246616;2,72309010659783;2,29408906685468;2,47326676471914;2,24097751517347;2,55320778110794;2,07780597554461;1,87229485914894;1,63386438152965;1,4456112889373;1,22448001849554;1,57391116751393;1,72268738934523;1,88268488418809;1,51541495520003;2,0105765664805;1,66769611430012;-21,1792549398174;-4,18947293818984;-6,65286241433163;-7,1809515973989;-5,54687814313434;-5,65488769770684;-9,8092163636125;-12,4411986438902;-5,52180832075962;-13,2792363051043;-11,5843475719452;-18,3650380350894;-25,6680975326532;-25,1712093050069;-26,5444579296166;-15,5048909875234;-16,7391415748164;-20,2654847460006;-14,0704407964278;-18,8612253266302;2,68199219822906;1,52838389719892;1,55555567096163;0,906735395569924;0,505569093294629;0,505568510213577;0,542423295383888;0,645128743653648;0,999999654320567;0,839312184375599;0,686365732674007;0,484882772849465;0,338111817657018;-2,15412013791303;-2,42226812127019;-2,55906686800296;-3,10311669832069;-3,99474654545801;-3,97671217514574;-3,35263255597489;-2,70563138978424;-2,14672192447882;-1,19499808741355;-1,84815310840112;-2,22452115757888;-2,90058670842152;-5,11453698104553;-5,02170503837136;-4,05149685492326;-3,42456171028843;-2,69556160947629;0,0719810978515742;0,0157773726842686;0,0505370955583641;0,0170367760222954;0,0271365841219972;0,00815598019131003;0,0102300072942366;0,0079209892374245;-1,3661642942238323;-3;1;1;1;-3;-3;1;1;0,78170164718614155;-11215,7972367564;NA;All
620;1,89389554888044;2,77668417838003;2,33533711420516;2,68774121246616;2,72309010659783;2,29408906685468;2,47326676471914;2,24097751517347;2,55320778110794;2,07780597554461;1,87229485914894;1,63386438152965;1,4456112889373;1,22448001849554;1,57391116751393;1,72268738934523;1,88268488418809;1,51541495520003;2,0105765664805;1,66769611430012;-21,1792549398174;-4,18947293818984;-6,65286241433163;-7,1809515973989;-5,54687814313434;-5,65488769770684;-9,8092163636125;-12,4411986438902;-5,52180832075962;-13,2792363051043;-11,5843475719452;-18,3650380350894;-25,6680975326532;-25,1712093050069;-26,5444579296166;-15,5048909875234;-16,7391415748164;-20,2654847460006;-14,0704407964278;-18,8612253266302;2,68199219822906;1,52838389719892;1,55555567096163;0,906735395569924;0,505569093294629;0,505568510213577;0,542423295383888;0,645128743653648;0,999999654320567;0,839312184375599;0,686365732674007;0,484882772849465;0,338111817657018;-2,15412013791303;-2,42226812127019;-2,55906686800296;-3,10311669832069;-3,99474654545801;-3,97671217514574;-3,35263255597489;-2,70563138978424;-2,14672192447882;-1,19499808741355;-1,84815310840112;-2,22452115757888;-2,90058670842152;-5,11453698104553;-5,02170503837136;-4,05149685492326;-3,42456171028843;-2,69556160947629;0,0719810978515742;0,0157773726842686;0,0505370955583641;0,0170367760222954;0,0271365841219972;0,00815598019131003;0,0102300072942366;0,0079209892374245;-2,5979337452856894;-3;1;1;1;-3;-3;1;1;0,82927124973813648;-11215,7957008279;NA;All
630;1,89389554888044;2,77668417838003;2,33533711420516;2,68774121246616;2,72309010659783;2,29408906685468;2,47326676471914;2,24097751517347;2,55320778110794;2,07780597554461;1,87229485914894;1,63386438152965;1,4456112889373;1,22448001849554;1,57391116751393;1,72268738934523;1,88268488418809;1,51541495520003;2,0105765664805;1,66769611430012;-21,1792549398174;-4,18947293818984;-6,65286241433163;-7,1809515973989;-5,54687814313434;-5,65488769770684;-9,8092163636125;-12,4411986438902;-5,52180832075962;-13,2792363051043;-11,5843475719452;-18,3650380350894;-25,6680975326532;-25,1712093050069;-26,5444579296166;-15,5048909875234;-16,7391415748164;-20,2654847460006;-14,0704407964278;-18,8612253266302;2,68199219822906;1,52838389719892;1,55555567096163;0,906735395569924;0,505569093294629;0,505568510213577;0,542423295383888;0,645128743653648;0,999999654320567;0,839312184375599;0,686365732674007;0,484882772849465;0,338111817657018;-2,15412013791303;-2,42226812127019;-2,55906686800296;-3,10311669832069;-3,99474654545801;-3,97671217514574;-3,35263255597489;-2,70563138978424;-2,14672192447882;-1,19499808741355;-1,84815310840112;-2,22452115757888;-2,90058670842152;-5,11453698104553;-5,02170503837136;-4,05149685492326;-3,42456171028843;-2,69556160947629;0,0719810978515742;0,0157773726842686;0,0505370955583641;0,0170367760222954;0,0271365841219972;0,00815598019131003;0,0102300072942366;0,0079209892374245;-3,9560134032154215;-3;1;1;1;-3;-3;1;1;0,69982311199508429;-11215,3166294184;NA;All
640;1,89389554888044;2,77668417838003;2,33533711420516;2,68774121246616;2,72309010659783;2,29408906685468;2,47326676471914;2,24097751517347;2,55320778110794;2,07780597554461;1,87229485914894;1,63386438152965;1,4456112889373;1,22448001849554;1,57391116751393;1,72268738934523;1,88268488418809;1,51541495520003;2,0105765664805;1,66769611430012;-21,1792549398174;-4,18947293818984;-6,65286241433163;-7,1809515973989;-5,54687814313434;-5,65488769770684;-9,8092163636125;-12,4411986438902;-5,52180832075962;-13,2792363051043;-11,5843475719452;-18,3650380350894;-25,6680975326532;-25,1712093050069;-26,5444579296166;-15,5048909875234;-16,7391415748164;-20,2654847460006;-14,0704407964278;-18,8612253266302;2,68199219822906;1,52838389719892;1,55555567096163;0,906735395569924;0,505569093294629;0,505568510213577;0,542423295383888;0,645128743653648;0,999999654320567;0,839312184375599;0,686365732674007;0,484882772849465;0,338111817657018;-2,15412013791303;-2,42226812127019;-2,55906686800296;-3,10311669832069;-3,99474654545801;-3,97671217514574;-3,35263255597489;-2,70563138978424;-2,14672192447882;-1,19499808741355;-1,84815310840112;-2,22452115757888;-2,90058670842152;-5,11453698104553;-5,02170503837136;-4,05149685492326;-3,42456171028843;-2,69556160947629;0,0719810978515742;0,0157773726842686;0,0505370955583641;0,0170367760222954;0,0271365841219972;0,00815598019131003;0,0102300072942366;0,0079209892374245;-3,1887124389119412;-3;1;1;1;-3;-3;1;1;0,64998609434703447;-11215,2028376655;NA;All
650;1,89389554888044;2,77668417838003;2,33533711420516;2,68774121246616;2,72309010659783;2,29408906685468;2,47326676471914;2,24097751517347;2,55320778110794;2,07780597554461;1,87229485914894;1,63386438152965;1,4456112889373;1,22448001849554;1,57391116751393;1,72268738934523;1,88268488418809;1,51541495520003;2,0105765664805;1,66769611430012;-21,1792549398174;-4,18947293818984;-6,65286241433163;-7,1809515973989;-5,54687814313434;-5,65488769770684;-9,8092163636125;-12,4411986438902;-5,52180832075962;-13,2792363051043;-11,5843475719452;-18,3650380350894;-25,6680975326532;-25,1712093050069;-26,5444579296166;-15,5048909875234;-16,7391415748164;-20,2654847460006;-14,0704407964278;-18,8612253266302;2,68199219822906;1,52838389719892;1,55555567096163;0,906735395569924;0,505569093294629;0,505568510213577;0,542423295383888;0,645128743653648;0,999999654320567;0,839312184375599;0,686365732674007;0,484882772849465;0,338111817657018;-2,15412013791303;-2,42226812127019;-2,55906686800296;-3,10311669832069;-3,99474654545801;-3,97671217514574;-3,35263255597489;-2,70563138978424;-2,14672192447882;-1,19499808741355;-1,84815310840112;-2,22452115757888;-2,90058670842152;-5,11453698104553;-5,02170503837136;-4,05149685492326;-3,42456171028843;-2,69556160947629;0,0719810978515742;0,0157773726842686;0,0505370955583641;0,0170367760222954;0,0271365841219972;0,00815598019131003;0,0102300072942366;0,0079209892374245;-2,9744837286124159;-3;1;1;1;-3;-3;1;1;0,49504120513291944;-11215,1327478282;NA;All
660;1,89389554888044;2,77668417838003;2,33533711420516;2,68774121246616;2,72309010659783;2,29408906685468;2,47326676471914;2,24097751517347;2,55320778110794;2,07780597554461;1,87229485914894;1,63386438152965;1,4456112889373;1,22448001849554;1,57391116751393;1,72268738934523;1,88268488418809;1,51541495520003;2,0105765664805;1,66769611430012;-21,1792549398174;-4,18947293818984;-6,65286241433163;-7,1809515973989;-5,54687814313434;-5,65488769770684;-9,8092163636125;-12,4411986438902;-5,52180832075962;-13,2792363051043;-11,5843475719452;-18,3650380350894;-25,6680975326532;-25,1712093050069;-26,5444579296166;-15,5048909875234;-16,7391415748164;-20,2654847460006;-14,0704407964278;-18,8612253266302;2,68199219822906;1,52838389719892;1,55555567096163;0,906735395569924;0,505569093294629;0,505568510213577;0,542423295383888;0,645128743653648;0,999999654320567;0,839312184375599;0,686365732674007;0,484882772849465;0,338111817657018;-2,15412013791303;-2,42226812127019;-2,55906686800296;-3,10311669832069;-3,99474654545801;-3,97671217514574;-3,35263255597489;-2,70563138978424;-2,14672192447882;-1,19499808741355;-1,84815310840112;-2,22452115757888;-2,90058670842152;-5,11453698104553;-5,02170503837136;-4,05149685492326;-3,42456171028843;-2,69556160947629;0,0719810978515742;0,0157773726842686;0,0505370955583641;0,0170367760222954;0,0271365841219972;0,00815598019131003;0,0102300072942366;0,0079209892374245;-1,2751009680196108;-3;1;1;1;-3;-3;1;1;0,78181385428017247;-11215,8549860096;NA;All
670;1,89389554888044;2,77668417838003;2,33533711420516;2,68774121246616;2,72309010659783;2,29408906685468;2,47326676471914;2,24097751517347;2,55320778110794;2,07780597554461;1,87229485914894;1,63386438152965;1,4456112889373;1,22448001849554;1,57391116751393;1,72268738934523;1,88268488418809;1,51541495520003;2,0105765664805;1,66769611430012;-21,1792549398174;-4,18947293818984;-6,65286241433163;-7,1809515973989;-5,54687814313434;-5,65488769770684;-9,8092163636125;-12,4411986438902;-5,52180832075962;-13,2792363051043;-11,5843475719452;-18,3650380350894;-25,6680975326532;-25,1712093050069;-26,5444579296166;-15,5048909875234;-16,7391415748164;-20,2654847460006;-14,0704407964278;-18,8612253266302;2,68199219822906;1,52838389719892;1,55555567096163;0,906735395569924;0,505569093294629;0,505568510213577;0,542423295383888;0,645128743653648;0,999999654320567;0,839312184375599;0,686365732674007;0,484882772849465;0,338111817657018;-2,15412013791303;-2,42226812127019;-2,55906686800296;-3,10311669832069;-3,99474654545801;-3,97671217514574;-3,35263255597489;-2,70563138978424;-2,14672192447882;-1,19499808741355;-1,84815310840112;-2,22452115757888;-2,90058670842152;-5,11453698104553;-5,02170503837136;-4,05149685492326;-3,42456171028843;-2,69556160947629;0,0719810978515742;0,0157773726842686;0,0505370955583641;0,0170367760222954;0,0271365841219972;0,00815598019131003;0,0102300072942366;0,0079209892374245;-3,1970700848837375;-3;1;1;1;-3;-3;1;1;0,81304035152164389;-11215,7145979100;NA;All
680;1,89389554888044;2,77668417838003;2,33533711420516;2,68774121246616;2,72309010659783;2,29408906685468;2,47326676471914;2,24097751517347;2,55320778110794;2,07780597554461;1,87229485914894;1,63386438152965;1,4456112889373;1,22448001849554;1,57391116751393;1,72268738934523;1,88268488418809;1,51541495520003;2,0105765664805;1,66769611430012;-21,1792549398174;-4,18947293818984;-6,65286241433163;-7,1809515973989;-5,54687814313434;-5,65488769770684;-9,8092163636125;-12,4411986438902;-5,52180832075962;-13,2792363051043;-11,5843475719452;-18,3650380350894;-25,6680975326532;-25,1712093050069;-26,5444579296166;-15,5048909875234;-16,7391415748164;-20,2654847460006;-14,0704407964278;-18,8612253266302;2,68199219822906;1,52838389719892;1,55555567096163;0,906735395569924;0,505569093294629;0,505568510213577;0,542423295383888;0,645128743653648;0,999999654320567;0,839312184375599;0,686365732674007;0,484882772849465;0,338111817657018;-2,15412013791303;-2,42226812127019;-2,55906686800296;-3,10311669832069;-3,99474654545801;-3,97671217514574;-3,35263255597489;-2,70563138978424;-2,14672192447882;-1,19499808741355;-1,84815310840112;-2,22452115757888;-2,90058670842152;-5,11453698104553;-5,02170503837136;-4,05149685492326;-3,42456171028843;-2,69556160947629;0,0719810978515742;0,0157773726842686;0,0505370955583641;0,0170367760222954;0,0271365841219972;0,00815598019131003;0,0102300072942366;0,0079209892374245;-1,2034625226237343;-3;1;1;1;-3;-3;1;1;0,70061200772424215;-11215,5454416552;NA;All
690;1,89389554888044;2,77668417838003;2,33533711420516;2,68774121246616;2,72309010659783;2,29408906685468;2,47326676471914;2,24097751517347;2,55320778110794;2,07780597554461;1,87229485914894;1,63386438152965;1,4456112889373;1,22448001849554;1,57391116751393;1,72268738934523;1,88268488418809;1,51541495520003;2,0105765664805;1,66769611430012;-21,1792549398174;-4,18947293818984;-6,65286241433163;-7,1809515973989;-5,54687814313434;-5,65488769770684;-9,8092163636125;-12,4411986438902;-5,52180832075962;-13,2792363051043;-11,5843475719452;-18,3650380350894;-25,6680975326532;-25,1712093050069;-26,5444579296166;-15,5048909875234;-16,7391415748164;-20,2654847460006;-14,0704407964278;-18,8612253266302;2,68199219822906;1,52838389719892;1,55555567096163;0,906735395569924;0,505569093294629;0,505568510213577;0,542423295383888;0,645128743653648;0,999999654320567;0,839312184375599;0,686365732674007;0,484882772849465;0,338111817657018;-2,15412013791303;-2,42226812127019;-2,55906686800296;-3,10311669832069;-3,99474654545801;-3,97671217514574;-3,35263255597489;-2,70563138978424;-2,14672192447882;-1,19499808741355;-1,84815310840112;-2,22452115757888;-2,90058670842152;-5,11453698104553;-5,02170503837136;-4,05149685492326;-3,42456171028843;-2,69556160947629;0,0719810978515742;0,0157773726842686;0,0505370955583641;0,0170367760222954;0,0271365841219972;0,00815598019131003;0,0102300072942366;0,0079209892374245;-3,0260664121859566;-3;1;1;1;-3;-3;1;1;0,97013670116384476;-11216,5260013854;NA;All
700;1,89389554888044;2,77668417838003;2,33533711420516;2,68774121246616;2,72309010659783;2,29408906685468;2,47326676471914;2,24097751517347;2,55320778110794;2,07780597554461;1,87229485914894;1,63386438152965;1,4456112889373;1,22448001849554;1,57391116751393;1,72268738934523;1,88268488418809;1,51541495520003;2,0105765664805;1,66769611430012;-21,1792549398174;-4,18947293818984;-6,65286241433163;-7,1809515973989;-5,54687814313434;-5,65488769770684;-9,8092163636125;-12,4411986438902;-5,52180832075962;-13,2792363051043;-11,5843475719452;-18,3650380350894;-25,6680975326532;-25,1712093050069;-26,5444579296166;-15,5048909875234;-16,7391415748164;-20,2654847460006;-14,0704407964278;-18,8612253266302;2,68199219822906;1,52838389719892;1,55555567096163;0,906735395569924;0,505569093294629;0,505568510213577;0,542423295383888;0,645128743653648;0,999999654320567;0,839312184375599;0,686365732674007;0,484882772849465;0,338111817657018;-2,15412013791303;-2,42226812127019;-2,55906686800296;-3,10311669832069;-3,99474654545801;-3,97671217514574;-3,35263255597489;-2,70563138978424;-2,14672192447882;-1,19499808741355;-1,84815310840112;-2,22452115757888;-2,90058670842152;-5,11453698104553;-5,02170503837136;-4,05149685492326;-3,42456171028843;-2,69556160947629;0,0719810978515742;0,0157773726842686;0,0505370955583641;0,0170367760222954;0,0271365841219972;0,00815598019131003;0,0102300072942366;0,0079209892374245;-3,0633178928680773;-3;1;1;1;-3;-3;1;1;0,70993328371552433;-11215,3464429085;NA;All
710;1,89389554888044;2,77668417838003;2,33533711420516;2,68774121246616;2,72309010659783;2,29408906685468;2,47326676471914;2,24097751517347;2,55320778110794;2,07780597554461;1,87229485914894;1,63386438152965;1,4456112889373;1,22448001849554;1,57391116751393;1,72268738934523;1,88268488418809;1,51541495520003;2,0105765664805;1,66769611430012;-21,1792549398174;-4,18947293818984;-6,65286241433163;-7,1809515973989;-5,54687814313434;-5,65488769770684;-9,8092163636125;-12,4411986438902;-5,52180832075962;-13,2792363051043;-11,5843475719452;-18,3650380350894;-25,6680975326532;-25,1712093050069;-26,5444579296166;-15,5048909875234;-16,7391415748164;-20,2654847460006;-14,0704407964278;-18,8612253266302;2,68199219822906;1,52838389719892;1,55555567096163;0,906735395569924;0,505569093294629;0,505568510213577;0,542423295383888;0,645128743653648;0,999999654320567;0,839312184375599;0,686365732674007;0,484882772849465;0,338111817657018;-2,15412013791303;-2,42226812127019;-2,55906686800296;-3,10311669832069;-3,99474654545801;-3,97671217514574;-3,35263255597489;-2,70563138978424;-2,14672192447882;-1,19499808741355;-1,84815310840112;-2,22452115757888;-2,90058670842152;-5,11453698104553;-5,02170503837136;-4,05149685492326;-3,42456171028843;-2,69556160947629;0,0719810978515742;0,0157773726842686;0,0505370955583641;0,0170367760222954;0,0271365841219972;0,00815598019131003;0,0102300072942366;0,0079209892374245;-3,6938474395750767;-3;1;1;1;-3;-3;1;1;0,54216583041470057;-11215,1039322060;NA;All
720;1,89389554888044;2,77668417838003;2,33533711420516;2,68774121246616;2,72309010659783;2,29408906685468;2,47326676471914;2,24097751517347;2,55320778110794;2,07780597554461;1,87229485914894;1,63386438152965;1,4456112889373;1,22448001849554;1,57391116751393;1,72268738934523;1,88268488418809;1,51541495520003;2,0105765664805;1,66769611430012;-21,1792549398174;-4,18947293818984;-6,65286241433163;-7,1809515973989;-5,54687814313434;-5,65488769770684;-9,8092163636125;-12,4411986438902;-5,52180832075962;-13,2792363051043;-11,5843475719452;-18,3650380350894;-25,6680975326532;-25,1712093050069;-26,5444579296166;-15,5048909875234;-16,7391415748164;-20,2654847460006;-14,0704407964278;-18,8612253266302;2,68199219822906;1,52838389719892;1,55555567096163;0,906735395569924;0,505569093294629;0,505568510213577;0,542423295383888;0,645128743653648;0,999999654320567;0,839312184375599;0,686365732674007;0,484882772849465;0,338111817657018;-2,15412013791303;-2,42226812127019;-2,55906686800296;-3,10311669832069;-3,99474654545801;-3,97671217514574;-3,35263255597489;-2,70563138978424;-2,14672192447882;-1,19499808741355;-1,84815310840112;-2,22452115757888;-2,90058670842152;-5,11453698104553;-5,02170503837136;-4,05149685492326;-3,42456171028843;-2,69556160947629;0,0719810978515742;0,0157773726842686;0,0505370955583641;0,0170367760222954;0,0271365841219972;0,00815598019131003;0,0102300072942366;0,0079209892374245;-1,4385695624190689;-3;1;1;1;-3;-3;1;1;0,50710006328500956;-11215,0494447057;NA;All
730;1,89389554888044;2,77668417838003;2,33533711420516;2,68774121246616;2,72309010659783;2,29408906685468;2,47326676471914;2,24097751517347;2,55320778110794;2,07780597554461;1,87229485914894;1,63386438152965;1,4456112889373;1,22448001849554;1,57391116751393;1,72268738934523;1,88268488418809;1,51541495520003;2,0105765664805;1,66769611430012;-21,1792549398174;-4,18947293818984;-6,65286241433163;-7,1809515973989;-5,54687814313434;-5,65488769770684;-9,8092163636125;-12,4411986438902;-5,52180832075962;-13,2792363051043;-11,5843475719452;-18,3650380350894;-25,6680975326532;-25,1712093050069;-26,5444579296166;-15,5048909875234;-16,7391415748164;-20,2654847460006;-14,0704407964278;-18,8612253266302;2,68199219822906;1,52838389719892;1,55555567096163;0,906735395569924;0,505569093294629;0,505568510213577;0,542423295383888;0,645128743653648;0,999999654320567;0,839312184375599;0,686365732674007;0,484882772849465;0,338111817657018;-2,15412013791303;-2,42226812127019;-2,55906686800296;-3,10311669832069;-3,99474654545801;-3,97671217514574;-3,35263255597489;-2,70563138978424;-2,14672192447882;-1,19499808741355;-1,84815310840112;-2,22452115757888;-2,90058670842152;-5,11453698104553;-5,02170503837136;-4,05149685492326;-3,42456171028843;-2,69556160947629;0,0719810978515742;0,0157773726842686;0,0505370955583641;0,0170367760222954;0,0271365841219972;0,00815598019131003;0,0102300072942366;0,0079209892374245;-2,6449998701237556;-3;1;1;1;-3;-3;1;1;0,64934470484422091;-11215,2034962596;NA;All
740;1,89389554888044;2,77668417838003;2,33533711420516;2,68774121246616;2,72309010659783;2,29408906685468;2,47326676471914;2,24097751517347;2,55320778110794;2,07780597554461;1,87229485914894;1,63386438152965;1,4456112889373;1,22448001849554;1,57391116751393;1,72268738934523;1,88268488418809;1,51541495520003;2,0105765664805;1,66769611430012;-21,1792549398174;-4,18947293818984;-6,65286241433163;-7,1809515973989;-5,54687814313434;-5,65488769770684;-9,8092163636125;-12,4411986438902;-5,52180832075962;-13,2792363051043;-11,5843475719452;-18,3650380350894;-25,6680975326532;-25,1712093050069;-26,5444579296166;-15,5048909875234;-16,7391415748164;-20,2654847460006;-14,0704407964278;-18,8612253266302;2,68199219822906;1,52838389719892;1,55555567096163;0,906735395569924;0,505569093294629;0,505568510213577;0,542423295383888;0,645128743653648;0,999999654320567;0,839312184375599;0,686365732674007;0,484882772849465;0,338111817657018;-2,15412013791303;-2,42226812127019;-2,55906686800296;-3,10311669832069;-3,99474654545801;-3,97671217514574;-3,35263255597489;-2,70563138978424;-2,14672192447882;-1,19499808741355;-1,84815310840112;-2,22452115757888;-2,90058670842152;-5,11453698104553;-5,02170503837136;-4,05149685492326;-3,42456171028843;-2,69556160947629;0,0719810978515742;0,0157773726842686;0,0505370955583641;0,0170367760222954;0,0271365841219972;0,00815598019131003;0,0102300072942366;0,0079209892374245;-1,4404535875720459;-3;1;1;1;-3;-3;1;1;0,36253634182566991;-11215,2520962094;NA;All
750;1,89389554888044;2,77668417838003;2,33533711420516;2,68774121246616;2,72309010659783;2,29408906685468;2,47326676471914;2,24097751517347;2,55320778110794;2,07780597554461;1,87229485914894;1,63386438152965;1,4456112889373;1,22448001849554;1,57391116751393;1,72268738934523;1,88268488418809;1,51541495520003;2,0105765664805;1,66769611430012;-21,1792549398174;-4,18947293818984;-6,65286241433163;-7,1809515973989;-5,54687814313434;-5,65488769770684;-9,8092163636125;-12,4411986438902;-5,52180832075962;-13,2792363051043;-11,5843475719452;-18,3650380350894;-25,6680975326532;-25,1712093050069;-26,5444579296166;-15,5048909875234;-16,7391415748164;-20,2654847460006;-14,0704407964278;-18,8612253266302;2,68199219822906;1,52838389719892;1,55555567096163;0,906735395569924;0,505569093294629;0,505568510213577;0,542423295383888;0,645128743653648;0,999999654320567;0,839312184375599;0,686365732674007;0,484882772849465;0,338111817657018;-2,15412013791303;-2,42226812127019;-2,55906686800296;-3,10311669832069;-3,99474654545801;-3,97671217514574;-3,35263255597489;-2,70563138978424;-2,14672192447882;-1,19499808741355;-1,84815310840112;-2,22452115757888;-2,90058670842152;-5,11453698104553;-5,02170503837136;-4,05149685492326;-3,42456171028843;-2,69556160947629;0,0719810978515742;0,0157773726842686;0,0505370955583641;0,0170367760222954;0,0271365841219972;0,00815598019131003;0,0102300072942366;0,0079209892374245;-3,3443787618941379;-3;1;1;1;-3;-3;1;1;0,81278041729473971;-11215,7127018910;NA;All
760;1,89389554888044;2,77668417838003;2,33533711420516;2,68774121246616;2,72309010659783;2,29408906685468;2,47326676471914;2,24097751517347;2,55320778110794;2,07780597554461;1,87229485914894;1,63386438152965;1,4456112889373;1,22448001849554;1,57391116751393;1,72268738934523;1,88268488418809;1,51541495520003;2,0105765664805;1,66769611430012;-21,1792549398174;-4,18947293818984;-6,65286241433163;-7,1809515973989;-5,54687814313434;-5,65488769770684;-9,8092163636125;-12,4411986438902;-5,52180832075962;-13,2792363051043;-11,5843475719452;-18,3650380350894;-25,6680975326532;-25,1712093050069;-26,5444579296166;-15,5048909875234;-16,7391415748164;-20,2654847460006;-14,0704407964278;-18,8612253266302;2,68199219822906;1,52838389719892;1,55555567096163;0,906735395569924;0,505569093294629;0,505568510213577;0,542423295383888;0,645128743653648;0,999999654320567;0,839312184375599;0,686365732674007;0,484882772849465;0,338111817657018;-2,15412013791303;-2,42226812127019;-2,55906686800296;-3,10311669832069;-3,99474654545801;-3,97671217514574;-3,35263255597489;-2,70563138978424;-2,14672192447882;-1,19499808741355;-1,84815310840112;-2,22452115757888;-2,90058670842152;-5,11453698104553;-5,02170503837136;-4,05149685492326;-3,42456171028843;-2,69556160947629;0,0719810978515742;0,0157773726842686;0,0505370955583641;0,0170367760222954;0,0271365841219972;0,00815598019131003;0,0102300072942366;0,0079209892374245;-2,8004335927151889;-3;1;1;1;-3;-3;1;1;0,17520153177202646;-11217,1907743380;NA;All
770;1,89389554888044;2,77668417838003;2,33533711420516;2,68774121246616;2,72309010659783;2,29408906685468;2,47326676471914;2,24097751517347;2,55320778110794;2,07780597554461;1,87229485914894;1,63386438152965;1,4456112889373;1,22448001849554;1,57391116751393;1,72268738934523;1,88268488418809;1,51541495520003;2,0105765664805;1,66769611430012;-21,1792549398174;-4,18947293818984;-6,65286241433163;-7,1809515973989;-5,54687814313434;-5,65488769770684;-9,8092163636125;-12,4411986438902;-5,52180832075962;-13,2792363051043;-11,5843475719452;-18,3650380350894;-25,6680975326532;-25,1712093050069;-26,5444579296166;-15,5048909875234;-16,7391415748164;-20,2654847460006;-14,0704407964278;-18,8612253266302;2,68199219822906;1,52838389719892;1,55555567096163;0,906735395569924;0,505569093294629;0,505568510213577;0,542423295383888;0,645128743653648;0,999999654320567;0,839312184375599;0,686365732674007;0,484882772849465;0,338111817657018;-2,15412013791303;-2,42226812127019;-2,55906686800296;-3,10311669832069;-3,99474654545801;-3,97671217514574;-3,35263255597489;-2,70563138978424;-2,14672192447882;-1,19499808741355;-1,84815310840112;-2,22452115757888;-2,90058670842152;-5,11453698104553;-5,02170503837136;-4,05149685492326;-3,42456171028843;-2,69556160947629;0,0719810978515742;0,0157773726842686;0,0505370955583641;0,0170367760222954;0,0271365841219972;0,00815598019131003;0,0102300072942366;0,0079209892374245;-3,8910827761864448;-3;1;1;1;-3;-3;1;1;0,75101801109509392;-11215,4743016854;NA;All
780;1,89389554888044;2,77668417838003;2,33533711420516;2,68774121246616;2,72309010659783;2,29408906685468;2,47326676471914;2,24097751517347;2,55320778110794;2,07780597554461;1,87229485914894;1,63386438152965;1,4456112889373;1,22448001849554;1,57391116751393;1,72268738934523;1,88268488418809;1,51541495520003;2,0105765664805;1,66769611430012;-21,1792549398174;-4,18947293818984;-6,65286241433163;-7,1809515973989;-5,54687814313434;-5,65488769770684;-9,8092163636125;-12,4411986438902;-5,52180832075962;-13,2792363051043;-11,5843475719452;-18,3650380350894;-25,6680975326532;-25,1712093050069;-26,5444579296166;-15,5048909875234;-16,7391415748164;-20,2654847460006;-14,0704407964278;-18,8612253266302;2,68199219822906;1,52838389719892;1,55555567096163;0,906735395569924;0,505569093294629;0,505568510213577;0,542423295383888;0,645128743653648;0,999999654320567;0,839312184375599;0,686365732674007;0,484882772849465;0,338111817657018;-2,15412013791303;-2,42226812127019;-2,55906686800296;-3,10311669832069;-3,99474654545801;-3,97671217514574;-3,35263255597489;-2,70563138978424;-2,14672192447882;-1,19499808741355;-1,84815310840112;-2,22452115757888;-2,90058670842152;-5,11453698104553;-5,02170503837136;-4,05149685492326;-3,42456171028843;-2,69556160947629;0,0719810978515742;0,0157773726842686;0,0505370955583641;0,0170367760222954;0,0271365841219972;0,00815598019131003;0,0102300072942366;0,0079209892374245;-3,8423409491654494;-3;1;1;1;-3;-3;1;1;0,95927873674059294;-11216,4554129000;NA;All
790;1,89389554888044;2,77668417838003;2,33533711420516;2,68774121246616;2,72309010659783;2,29408906685468;2,47326676471914;2,24097751517347;2,55320778110794;2,07780597554461;1,87229485914894;1,63386438152965;1,4456112889373;1,22448001849554;1,57391116751393;1,72268738934523;1,88268488418809;1,51541495520003;2,0105765664805;1,66769611430012;-21,1792549398174;-4,18947293818984;-6,65286241433163;-7,1809515973989;-5,54687814313434;-5,65488769770684;-9,8092163636125;-12,4411986438902;-5,52180832075962;-13,2792363051043;-11,5843475719452;-18,3650380350894;-25,6680975326532;-25,1712093050069;-26,5444579296166;-15,5048909875234;-16,7391415748164;-20,2654847460006;-14,0704407964278;-18,8612253266302;2,68199219822906;1,52838389719892;1,55555567096163;0,906735395569924;0,505569093294629;0,505568510213577;0,542423295383888;0,645128743653648;0,999999654320567;0,839312184375599;0,686365732674007;0,484882772849465;0,338111817657018;-2,15412013791303;-2,42226812127019;-2,55906686800296;-3,10311669832069;-3,99474654545801;-3,97671217514574;-3,35263255597489;-2,70563138978424;-2,14672192447882;-1,19499808741355;-1,84815310840112;-2,22452115757888;-2,90058670842152;-5,11453698104553;-5,02170503837136;-4,05149685492326;-3,42456171028843;-2,69556160947629;0,0719810978515742;0,0157773726842686;0,0505370955583641;0,0170367760222954;0,0271365841219972;0,00815598019131003;0,0102300072942366;0,0079209892374245;-3,9819525147499584;-3;1;1;1;-3;-3;1;1;0,51294147089964892;-11215,1176468304;NA;All
800;1,89389554888044;2,77668417838003;2,33533711420516;2,68774121246616;2,72309010659783;2,29408906685468;2,47326676471914;2,24097751517347;2,55320778110794;2,07780597554461;1,87229485914894;1,63386438152965;1,4456112889373;1,22448001849554;1,57391116751393;1,72268738934523;1,88268488418809;1,51541495520003;2,0105765664805;1,66769611430012;-21,1792549398174;-4,18947293818984;-6,65286241433163;-7,1809515973989;-5,54687814313434;-5,65488769770684;-9,8092163636125;-12,4411986438902;-5,52180832075962;-13,2792363051043;-11,5843475719452;-18,3650380350894;-25,6680975326532;-25,1712093050069;-26,5444579296166;-15,5048909875234;-16,7391415748164;-20,2654847460006;-14,0704407964278;-18,8612253266302;2,68199219822906;1,52838389719892;1,55555567096163;0,906735395569924;0,505569093294629;0,505568510213577;0,542423295383888;0,645128743653648;0,999999654320567;0,839312184375599;0,686365732674007;0,484882772849465;0,338111817657018;-2,15412013791303;-2,42226812127019;-2,55906686800296;-3,10311669832069;-3,99474654545801;-3,97671217514574;-3,35263255597489;-2,70563138978424;-2,14672192447882;-1,19499808741355;-1,84815310840112;-2,22452115757888;-2,90058670842152;-5,11453698104553;-5,02170503837136;-4,05149685492326;-3,42456171028843;-2,69556160947629;0,0719810978515742;0,0157773726842686;0,0505370955583641;0,0170367760222954;0,0271365841219972;0,00815598019131003;0,0102300072942366;0,0079209892374245;-0,6890903818163591;-3;1;1;1;-3;-3;1;1;0,28057113804716155;-11214,9059961528;NA;All
810;1,89389554888044;2,77668417838003;2,33533711420516;2,68774121246616;2,72309010659783;2,29408906685468;2,47326676471914;2,24097751517347;2,55320778110794;2,07780597554461;1,87229485914894;1,63386438152965;1,4456112889373;1,22448001849554;1,57391116751393;1,72268738934523;1,88268488418809;1,51541495520003;2,0105765664805;1,66769611430012;-21,1792549398174;-4,18947293818984;-6,65286241433163;-7,1809515973989;-5,54687814313434;-5,65488769770684;-9,8092163636125;-12,4411986438902;-5,52180832075962;-13,2792363051043;-11,5843475719452;-18,3650380350894;-25,6680975326532;-25,1712093050069;-26,5444579296166;-15,5048909875234;-16,7391415748164;-20,2654847460006;-14,0704407964278;-18,8612253266302;2,68199219822906;1,52838389719892;1,55555567096163;0,906735395569924;0,505569093294629;0,505568510213577;0,542423295383888;0,645128743653648;0,999999654320567;0,839312184375599;0,686365732674007;0,484882772849465;0,338111817657018;-2,15412013791303;-2,42226812127019;-2,55906686800296;-3,10311669832069;-3,99474654545801;-3,97671217514574;-3,35263255597489;-2,70563138978424;-2,14672192447882;-1,19499808741355;-1,84815310840112;-2,22452115757888;-2,90058670842152;-5,11453698104553;-5,02170503837136;-4,05149685492326;-3,42456171028843;-2,69556160947629;0,0719810978515742;0,0157773726842686;0,0505370955583641;0,0170367760222954;0,0271365841219972;0,00815598019131003;0,0102300072942366;0,0079209892374245;-0,7270544356697705;-3;1;1;1;-3;-3;1;1;0,20233482610399137;-11214,9698911620;NA;All
820;1,89389554888044;2,77668417838003;2,33533711420516;2,68774121246616;2,72309010659783;2,29408906685468;2,47326676471914;2,24097751517347;2,55320778110794;2,07780597554461;1,87229485914894;1,63386438152965;1,4456112889373;1,22448001849554;1,57391116751393;1,72268738934523;1,88268488418809;1,51541495520003;2,0105765664805;1,66769611430012;-21,1792549398174;-4,18947293818984;-6,65286241433163;-7,1809515973989;-5,54687814313434;-5,65488769770684;-9,8092163636125;-12,4411986438902;-5,52180832075962;-13,2792363051043;-11,5843475719452;-18,3650380350894;-25,6680975326532;-25,1712093050069;-26,5444579296166;-15,5048909875234;-16,7391415748164;-20,2654847460006;-14,0704407964278;-18,8612253266302;2,68199219822906;1,52838389719892;1,55555567096163;0,906735395569924;0,505569093294629;0,505568510213577;0,542423295383888;0,645128743653648;0,999999654320567;0,839312184375599;0,686365732674007;0,484882772849465;0,338111817657018;-2,15412013791303;-2,42226812127019;-2,55906686800296;-3,10311669832069;-3,99474654545801;-3,97671217514574;-3,35263255597489;-2,70563138978424;-2,14672192447882;-1,19499808741355;-1,84815310840112;-2,22452115757888;-2,90058670842152;-5,11453698104553;-5,02170503837136;-4,05149685492326;-3,42456171028843;-2,69556160947629;0,0719810978515742;0,0157773726842686;0,0505370955583641;0,0170367760222954;0,0271365841219972;0,00815598019131003;0,0102300072942366;0,0079209892374245;-3,5705946162524418;-3;1;1;1;-3;-3;1;1;0,34434727350553751;-11215,6277814242;NA;All
830;1,89389554888044;2,77668417838003;2,33533711420516;2,68774121246616;2,72309010659783;2,29408906685468;2,47326676471914;2,24097751517347;2,55320778110794;2,07780597554461;1,87229485914894;1,63386438152965;1,4456112889373;1,22448001849554;1,57391116751393;1,72268738934523;1,88268488418809;1,51541495520003;2,0105765664805;1,66769611430012;-21,1792549398174;-4,18947293818984;-6,65286241433163;-7,1809515973989;-5,54687814313434;-5,65488769770684;-9,8092163636125;-12,4411986438902;-5,52180832075962;-13,2792363051043;-11,5843475719452;-18,3650380350894;-25,6680975326532;-25,1712093050069;-26,5444579296166;-15,5048909875234;-16,7391415748164;-20,2654847460006;-14,0704407964278;-18,8612253266302;2,68199219822906;1,52838389719892;1,55555567096163;0,906735395569924;0,505569093294629;0,505568510213577;0,542423295383888;0,645128743653648;0,999999654320567;0,839312184375599;0,686365732674007;0,484882772849465;0,338111817657018;-2,15412013791303;-2,42226812127019;-2,55906686800296;-3,10311669832069;-3,99474654545801;-3,97671217514574;-3,35263255597489;-2,70563138978424;-2,14672192447882;-1,19499808741355;-1,84815310840112;-2,22452115757888;-2,90058670842152;-5,11453698104553;-5,02170503837136;-4,05149685492326;-3,42456171028843;-2,69556160947629;0,0719810978515742;0,0157773726842686;0,0505370955583641;0,0170367760222954;0,0271365841219972;0,00815598019131003;0,0102300072942366;0,0079209892374245;-0,6055581733836024;-3;1;1;1;-3;-3;1;1;0,26916431862993367;-11214,9388621420;NA;All
840;1,89389554888044;2,77668417838003;2,33533711420516;2,68774121246616;2,72309010659783;2,29408906685468;2,47326676471914;2,24097751517347;2,55320778110794;2,07780597554461;1,87229485914894;1,63386438152965;1,4456112889373;1,22448001849554;1,57391116751393;1,72268738934523;1,88268488418809;1,51541495520003;2,0105765664805;1,66769611430012;-21,1792549398174;-4,18947293818984;-6,65286241433163;-7,1809515973989;-5,54687814313434;-5,65488769770684;-9,8092163636125;-12,4411986438902;-5,52180832075962;-13,2792363051043;-11,5843475719452;-18,3650380350894;-25,6680975326532;-25,1712093050069;-26,5444579296166;-15,5048909875234;-16,7391415748164;-20,2654847460006;-14,0704407964278;-18,8612253266302;2,68199219822906;1,52838389719892;1,55555567096163;0,906735395569924;0,505569093294629;0,505568510213577;0,542423295383888;0,645128743653648;0,999999654320567;0,839312184375599;0,686365732674007;0,484882772849465;0,338111817657018;-2,15412013791303;-2,42226812127019;-2,55906686800296;-3,10311669832069;-3,99474654545801;-3,97671217514574;-3,35263255597489;-2,70563138978424;-2,14672192447882;-1,19499808741355;-1,84815310840112;-2,22452115757888;-2,90058670842152;-5,11453698104553;-5,02170503837136;-4,05149685492326;-3,42456171028843;-2,69556160947629;0,0719810978515742;0,0157773726842686;0,0505370955583641;0,0170367760222954;0,0271365841219972;0,00815598019131003;0,0102300072942366;0,0079209892374245;-1,3470544802784596;-3;1;1;1;-3;-3;1;1;0,63542080472086271;-11215,2593316152;NA;All
850;1,89389554888044;2,77668417838003;2,33533711420516;2,68774121246616;2,72309010659783;2,29408906685468;2,47326676471914;2,24097751517347;2,55320778110794;2,07780597554461;1,87229485914894;1,63386438152965;1,4456112889373;1,22448001849554;1,57391116751393;1,72268738934523;1,88268488418809;1,51541495520003;2,0105765664805;1,66769611430012;-21,1792549398174;-4,18947293818984;-6,65286241433163;-7,1809515973989;-5,54687814313434;-5,65488769770684;-9,8092163636125;-12,4411986438902;-5,52180832075962;-13,2792363051043;-11,5843475719452;-18,3650380350894;-25,6680975326532;-25,1712093050069;-26,5444579296166;-15,5048909875234;-16,7391415748164;-20,2654847460006;-14,0704407964278;-18,8612253266302;2,68199219822906;1,52838389719892;1,55555567096163;0,906735395569924;0,505569093294629;0,505568510213577;0,542423295383888;0,645128743653648;0,999999654320567;0,839312184375599;0,686365732674007;0,484882772849465;0,338111817657018;-2,15412013791303;-2,42226812127019;-2,55906686800296;-3,10311669832069;-3,99474654545801;-3,97671217514574;-3,35263255597489;-2,70563138978424;-2,14672192447882;-1,19499808741355;-1,84815310840112;-2,22452115757888;-2,90058670842152;-5,11453698104553;-5,02170503837136;-4,05149685492326;-3,42456171028843;-2,69556160947629;0,0719810978515742;0,0157773726842686;0,0505370955583641;0,0170367760222954;0,0271365841219972;0,00815598019131003;0,0102300072942366;0,0079209892374245;-2,5422077476558602;-3;1;1;1;-3;-3;1;1;0,43692497541254721;-11215,2331609132;NA;All
860;1,89389554888044;2,77668417838003;2,33533711420516;2,68774121246616;2,72309010659783;2,29408906685468;2,47326676471914;2,24097751517347;2,55320778110794;2,07780597554461;1,87229485914894;1,63386438152965;1,4456112889373;1,22448001849554;1,57391116751393;1,72268738934523;1,88268488418809;1,51541495520003;2,0105765664805;1,66769611430012;-21,1792549398174;-4,18947293818984;-6,65286241433163;-7,1809515973989;-5,54687814313434;-5,65488769770684;-9,8092163636125;-12,4411986438902;-5,52180832075962;-13,2792363051043;-11,5843475719452;-18,3650380350894;-25,6680975326532;-25,1712093050069;-26,5444579296166;-15,5048909875234;-16,7391415748164;-20,2654847460006;-14,0704407964278;-18,8612253266302;2,68199219822906;1,52838389719892;1,55555567096163;0,906735395569924;0,505569093294629;0,505568510213577;0,542423295383888;0,645128743653648;0,999999654320567;0,839312184375599;0,686365732674007;0,484882772849465;0,338111817657018;-2,15412013791303;-2,42226812127019;-2,55906686800296;-3,10311669832069;-3,99474654545801;-3,97671217514574;-3,35263255597489;-2,70563138978424;-2,14672192447882;-1,19499808741355;-1,84815310840112;-2,22452115757888;-2,90058670842152;-5,11453698104553;-5,02170503837136;-4,05149685492326;-3,42456171028843;-2,69556160947629;0,0719810978515742;0,0157773726842686;0,0505370955583641;0,0170367760222954;0,0271365841219972;0,00815598019131003;0,0102300072942366;0,0079209892374245;-1,7146385796315391;-3;1;1;1;-3;-3;1;1;0,46192136267928818;-11215,1106385851;NA;All
870;1,89389554888044;2,77668417838003;2,33533711420516;2,68774121246616;2,72309010659783;2,29408906685468;2,47326676471914;2,24097751517347;2,55320778110794;2,07780597554461;1,87229485914894;1,63386438152965;1,4456112889373;1,22448001849554;1,57391116751393;1,72268738934523;1,88268488418809;1,51541495520003;2,0105765664805;1,66769611430012;-21,1792549398174;-4,18947293818984;-6,65286241433163;-7,1809515973989;-5,54687814313434;-5,65488769770684;-9,8092163636125;-12,4411986438902;-5,52180832075962;-13,2792363051043;-11,5843475719452;-18,3650380350894;-25,6680975326532;-25,1712093050069;-26,5444579296166;-15,5048909875234;-16,7391415748164;-20,2654847460006;-14,0704407964278;-18,8612253266302;2,68199219822906;1,52838389719892;1,55555567096163;0,906735395569924;0,505569093294629;0,505568510213577;0,542423295383888;0,645128743653648;0,999999654320567;0,839312184375599;0,686365732674007;0,484882772849465;0,338111817657018;-2,15412013791303;-2,42226812127019;-2,55906686800296;-3,10311669832069;-3,99474654545801;-3,97671217514574;-3,35263255597489;-2,70563138978424;-2,14672192447882;-1,19499808741355;-1,84815310840112;-2,22452115757888;-2,90058670842152;-5,11453698104553;-5,02170503837136;-4,05149685492326;-3,42456171028843;-2,69556160947629;0,0719810978515742;0,0157773726842686;0,0505370955583641;0,0170367760222954;0,0271365841219972;0,00815598019131003;0,0102300072942366;0,0079209892374245;-1,5054475601870665;-3;1;1;1;-3;-3;1;1;0,60807792141969386;-11215,1647511225;NA;All
880;1,89389554888044;2,77668417838003;2,33533711420516;2,68774121246616;2,72309010659783;2,29408906685468;2,47326676471914;2,24097751517347;2,55320778110794;2,07780597554461;1,87229485914894;1,63386438152965;1,4456112889373;1,22448001849554;1,57391116751393;1,72268738934523;1,88268488418809;1,51541495520003;2,0105765664805;1,66769611430012;-21,1792549398174;-4,18947293818984;-6,65286241433163;-7,1809515973989;-5,54687814313434;-5,65488769770684;-9,8092163636125;-12,4411986438902;-5,52180832075962;-13,2792363051043;-11,5843475719452;-18,3650380350894;-25,6680975326532;-25,1712093050069;-26,5444579296166;-15,5048909875234;-16,7391415748164;-20,2654847460006;-14,0704407964278;-18,8612253266302;2,68199219822906;1,52838389719892;1,55555567096163;0,906735395569924;0,505569093294629;0,505568510213577;0,542423295383888;0,645128743653648;0,999999654320567;0,839312184375599;0,686365732674007;0,484882772849465;0,338111817657018;-2,15412013791303;-2,42226812127019;-2,55906686800296;-3,10311669832069;-3,99474654545801;-3,97671217514574;-3,35263255597489;-2,70563138978424;-2,14672192447882;-1,19499808741355;-1,84815310840112;-2,22452115757888;-2,90058670842152;-5,11453698104553;-5,02170503837136;-4,05149685492326;-3,42456171028843;-2,69556160947629;0,0719810978515742;0,0157773726842686;0,0505370955583641;0,0170367760222954;0,0271365841219972;0,00815598019131003;0,0102300072942366;0,0079209892374245;-3,2721064326026781;-3;1;1;1;-3;-3;1;1;0,52920524517722012;-11215,1067929075;NA;All
890;1,89389554888044;2,77668417838003;2,33533711420516;2,68774121246616;2,72309010659783;2,29408906685468;2,47326676471914;2,24097751517347;2,55320778110794;2,07780597554461;1,87229485914894;1,63386438152965;1,4456112889373;1,22448001849554;1,57391116751393;1,72268738934523;1,88268488418809;1,51541495520003;2,0105765664805;1,66769611430012;-21,1792549398174;-4,18947293818984;-6,65286241433163;-7,1809515973989;-5,54687814313434;-5,65488769770684;-9,8092163636125;-12,4411986438902;-5,52180832075962;-13,2792363051043;-11,5843475719452;-18,3650380350894;-25,6680975326532;-25,1712093050069;-26,5444579296166;-15,5048909875234;-16,7391415748164;-20,2654847460006;-14,0704407964278;-18,8612253266302;2,68199219822906;1,52838389719892;1,55555567096163;0,906735395569924;0,505569093294629;0,505568510213577;0,542423295383888;0,645128743653648;0,999999654320567;0,839312184375599;0,686365732674007;0,484882772849465;0,338111817657018;-2,15412013791303;-2,42226812127019;-2,55906686800296;-3,10311669832069;-3,99474654545801;-3,97671217514574;-3,35263255597489;-2,70563138978424;-2,14672192447882;-1,19499808741355;-1,84815310840112;-2,22452115757888;-2,90058670842152;-5,11453698104553;-5,02170503837136;-4,05149685492326;-3,42456171028843;-2,69556160947629;0,0719810978515742;0,0157773726842686;0,0505370955583641;0,0170367760222954;0,0271365841219972;0,00815598019131003;0,0102300072942366;0,0079209892374245;-1,5763436409959868;-3;1;1;1;-3;-3;1;1;0,50959348599261167;-11215,0629727925;NA;All
900;1,89389554888044;2,77668417838003;2,33533711420516;2,68774121246616;2,72309010659783;2,29408906685468;2,47326676471914;2,24097751517347;2,55320778110794;2,07780597554461;1,87229485914894;1,63386438152965;1,4456112889373;1,22448001849554;1,57391116751393;1,72268738934523;1,88268488418809;1,51541495520003;2,0105765664805;1,66769611430012;-21,1792549398174;-4,18947293818984;-6,65286241433163;-7,1809515973989;-5,54687814313434;-5,65488769770684;-9,8092163636125;-12,4411986438902;-5,52180832075962;-13,2792363051043;-11,5843475719452;-18,3650380350894;-25,6680975326532;-25,1712093050069;-26,5444579296166;-15,5048909875234;-16,7391415748164;-20,2654847460006;-14,0704407964278;-18,8612253266302;2,68199219822906;1,52838389719892;1,55555567096163;0,906735395569924;0,505569093294629;0,505568510213577;0,542423295383888;0,645128743653648;0,999999654320567;0,839312184375599;0,686365732674007;0,484882772849465;0,338111817657018;-2,15412013791303;-2,42226812127019;-2,55906686800296;-3,10311669832069;-3,99474654545801;-3,97671217514574;-3,35263255597489;-2,70563138978424;-2,14672192447882;-1,19499808741355;-1,84815310840112;-2,22452115757888;-2,90058670842152;-5,11453698104553;-5,02170503837136;-4,05149685492326;-3,42456171028843;-2,69556160947629;0,0719810978515742;0,0157773726842686;0,0505370955583641;0,0170367760222954;0,0271365841219972;0,00815598019131003;0,0102300072942366;0,0079209892374245;-3,4277840863097921;-3;1;1;1;-3;-3;1;1;0,21988099082873655;-11216,6534141405;NA;All
910;1,89389554888044;2,77668417838003;2,33533711420516;2,68774121246616;2,72309010659783;2,29408906685468;2,47326676471914;2,24097751517347;2,55320778110794;2,07780597554461;1,87229485914894;1,63386438152965;1,4456112889373;1,22448001849554;1,57391116751393;1,72268738934523;1,88268488418809;1,51541495520003;2,0105765664805;1,66769611430012;-21,1792549398174;-4,18947293818984;-6,65286241433163;-7,1809515973989;-5,54687814313434;-5,65488769770684;-9,8092163636125;-12,4411986438902;-5,52180832075962;-13,2792363051043;-11,5843475719452;-18,3650380350894;-25,6680975326532;-25,1712093050069;-26,5444579296166;-15,5048909875234;-16,7391415748164;-20,2654847460006;-14,0704407964278;-18,8612253266302;2,68199219822906;1,52838389719892;1,55555567096163;0,906735395569924;0,505569093294629;0,505568510213577;0,542423295383888;0,645128743653648;0,999999654320567;0,839312184375599;0,686365732674007;0,484882772849465;0,338111817657018;-2,15412013791303;-2,42226812127019;-2,55906686800296;-3,10311669832069;-3,99474654545801;-3,97671217514574;-3,35263255597489;-2,70563138978424;-2,14672192447882;-1,19499808741355;-1,84815310840112;-2,22452115757888;-2,90058670842152;-5,11453698104553;-5,02170503837136;-4,05149685492326;-3,42456171028843;-2,69556160947629;0,0719810978515742;0,0157773726842686;0,0505370955583641;0,0170367760222954;0,0271365841219972;0,00815598019131003;0,0102300072942366;0,0079209892374245;-2,6943448717795735;-3;1;1;1;-3;-3;1;1;0,39137406533257407;-11215,3872150218;NA;All
920;1,89389554888044;2,77668417838003;2,33533711420516;2,68774121246616;2,72309010659783;2,29408906685468;2,47326676471914;2,24097751517347;2,55320778110794;2,07780597554461;1,87229485914894;1,63386438152965;1,4456112889373;1,22448001849554;1,57391116751393;1,72268738934523;1,88268488418809;1,51541495520003;2,0105765664805;1,66769611430012;-21,1792549398174;-4,18947293818984;-6,65286241433163;-7,1809515973989;-5,54687814313434;-5,65488769770684;-9,8092163636125;-12,4411986438902;-5,52180832075962;-13,2792363051043;-11,5843475719452;-18,3650380350894;-25,6680975326532;-25,1712093050069;-26,5444579296166;-15,5048909875234;-16,7391415748164;-20,2654847460006;-14,0704407964278;-18,8612253266302;2,68199219822906;1,52838389719892;1,55555567096163;0,906735395569924;0,505569093294629;0,505568510213577;0,542423295383888;0,645128743653648;0,999999654320567;0,839312184375599;0,686365732674007;0,484882772849465;0,338111817657018;-2,15412013791303;-2,42226812127019;-2,55906686800296;-3,10311669832069;-3,99474654545801;-3,97671217514574;-3,35263255597489;-2,70563138978424;-2,14672192447882;-1,19499808741355;-1,84815310840112;-2,22452115757888;-2,90058670842152;-5,11453698104553;-5,02170503837136;-4,05149685492326;-3,42456171028843;-2,69556160947629;0,0719810978515742;0,0157773726842686;0,0505370955583641;0,0170367760222954;0,0271365841219972;0,00815598019131003;0,0102300072942366;0,0079209892374245;-3,0126484071203214;-3;1;1;1;-3;-3;1;1;1,03270376420033472;-11216,9177889308;NA;All
930;1,89389554888044;2,77668417838003;2,33533711420516;2,68774121246616;2,72309010659783;2,29408906685468;2,47326676471914;2,24097751517347;2,55320778110794;2,07780597554461;1,87229485914894;1,63386438152965;1,4456112889373;1,22448001849554;1,57391116751393;1,72268738934523;1,88268488418809;1,51541495520003;2,0105765664805;1,66769611430012;-21,1792549398174;-4,18947293818984;-6,65286241433163;-7,1809515973989;-5,54687814313434;-5,65488769770684;-9,8092163636125;-12,4411986438902;-5,52180832075962;-13,2792363051043;-11,5843475719452;-18,3650380350894;-25,6680975326532;-25,1712093050069;-26,5444579296166;-15,5048909875234;-16,7391415748164;-20,2654847460006;-14,0704407964278;-18,8612253266302;2,68199219822906;1,52838389719892;1,55555567096163;0,906735395569924;0,505569093294629;0,505568510213577;0,542423295383888;0,645128743653648;0,999999654320567;0,839312184375599;0,686365732674007;0,484882772849465;0,338111817657018;-2,15412013791303;-2,42226812127019;-2,55906686800296;-3,10311669832069;-3,99474654545801;-3,97671217514574;-3,35263255597489;-2,70563138978424;-2,14672192447882;-1,19499808741355;-1,84815310840112;-2,22452115757888;-2,90058670842152;-5,11453698104553;-5,02170503837136;-4,05149685492326;-3,42456171028843;-2,69556160947629;0,0719810978515742;0,0157773726842686;0,0505370955583641;0,0170367760222954;0,0271365841219972;0,00815598019131003;0,0102300072942366;0,0079209892374245;-2,6130076353864093;-3;1;1;1;-3;-3;1;1;0,87858821245105212;-11216,0298175221;NA;All
940;1,89389554888044;2,77668417838003;2,33533711420516;2,68774121246616;2,72309010659783;2,29408906685468;2,47326676471914;2,24097751517347;2,55320778110794;2,07780597554461;1,87229485914894;1,63386438152965;1,4456112889373;1,22448001849554;1,57391116751393;1,72268738934523;1,88268488418809;1,51541495520003;2,0105765664805;1,66769611430012;-21,1792549398174;-4,18947293818984;-6,65286241433163;-7,1809515973989;-5,54687814313434;-5,65488769770684;-9,8092163636125;-12,4411986438902;-5,52180832075962;-13,2792363051043;-11,5843475719452;-18,3650380350894;-25,6680975326532;-25,1712093050069;-26,5444579296166;-15,5048909875234;-16,7391415748164;-20,2654847460006;-14,0704407964278;-18,8612253266302;2,68199219822906;1,52838389719892;1,55555567096163;0,906735395569924;0,505569093294629;0,505568510213577;0,542423295383888;0,645128743653648;0,999999654320567;0,839312184375599;0,686365732674007;0,484882772849465;0,338111817657018;-2,15412013791303;-2,42226812127019;-2,55906686800296;-3,10311669832069;-3,99474654545801;-3,97671217514574;-3,35263255597489;-2,70563138978424;-2,14672192447882;-1,19499808741355;-1,84815310840112;-2,22452115757888;-2,90058670842152;-5,11453698104553;-5,02170503837136;-4,05149685492326;-3,42456171028843;-2,69556160947629;0,0719810978515742;0,0157773726842686;0,0505370955583641;0,0170367760222954;0,0271365841219972;0,00815598019131003;0,0102300072942366;0,0079209892374245;-3,4690050159976855;-3;1;1;1;-3;-3;1;1;1,29080594526802250;-11218,8609508088;NA;All
950;1,89389554888044;2,77668417838003;2,33533711420516;2,68774121246616;2,72309010659783;2,29408906685468;2,47326676471914;2,24097751517347;2,55320778110794;2,07780597554461;1,87229485914894;1,63386438152965;1,4456112889373;1,22448001849554;1,57391116751393;1,72268738934523;1,88268488418809;1,51541495520003;2,0105765664805;1,66769611430012;-21,1792549398174;-4,18947293818984;-6,65286241433163;-7,1809515973989;-5,54687814313434;-5,65488769770684;-9,8092163636125;-12,4411986438902;-5,52180832075962;-13,2792363051043;-11,5843475719452;-18,3650380350894;-25,6680975326532;-25,1712093050069;-26,5444579296166;-15,5048909875234;-16,7391415748164;-20,2654847460006;-14,0704407964278;-18,8612253266302;2,68199219822906;1,52838389719892;1,55555567096163;0,906735395569924;0,505569093294629;0,505568510213577;0,542423295383888;0,645128743653648;0,999999654320567;0,839312184375599;0,686365732674007;0,484882772849465;0,338111817657018;-2,15412013791303;-2,42226812127019;-2,55906686800296;-3,10311669832069;-3,99474654545801;-3,97671217514574;-3,35263255597489;-2,70563138978424;-2,14672192447882;-1,19499808741355;-1,84815310840112;-2,22452115757888;-2,90058670842152;-5,11453698104553;-5,02170503837136;-4,05149685492326;-3,42456171028843;-2,69556160947629;0,0719810978515742;0,0157773726842686;0,0505370955583641;0,0170367760222954;0,0271365841219972;0,00815598019131003;0,0102300072942366;0,0079209892374245;-2,9523327266064898;-3;1;1;1;-3;-3;1;1;0,74804118341046555;-11215,4674636399;NA;All
960;1,89389554888044;2,77668417838003;2,33533711420516;2,68774121246616;2,72309010659783;2,29408906685468;2,47326676471914;2,24097751517347;2,55320778110794;2,07780597554461;1,87229485914894;1,63386438152965;1,4456112889373;1,22448001849554;1,57391116751393;1,72268738934523;1,88268488418809;1,51541495520003;2,0105765664805;1,66769611430012;-21,1792549398174;-4,18947293818984;-6,65286241433163;-7,1809515973989;-5,54687814313434;-5,65488769770684;-9,8092163636125;-12,4411986438902;-5,52180832075962;-13,2792363051043;-11,5843475719452;-18,3650380350894;-25,6680975326532;-25,1712093050069;-26,5444579296166;-15,5048909875234;-16,7391415748164;-20,2654847460006;-14,0704407964278;-18,8612253266302;2,68199219822906;1,52838389719892;1,55555567096163;0,906735395569924;0,505569093294629;0,505568510213577;0,542423295383888;0,645128743653648;0,999999654320567;0,839312184375599;0,686365732674007;0,484882772849465;0,338111817657018;-2,15412013791303;-2,42226812127019;-2,55906686800296;-3,10311669832069;-3,99474654545801;-3,97671217514574;-3,35263255597489;-2,70563138978424;-2,14672192447882;-1,19499808741355;-1,84815310840112;-2,22452115757888;-2,90058670842152;-5,11453698104553;-5,02170503837136;-4,05149685492326;-3,42456171028843;-2,69556160947629;0,0719810978515742;0,0157773726842686;0,0505370955583641;0,0170367760222954;0,0271365841219972;0,00815598019131003;0,0102300072942366;0,0079209892374245;-1,0086451946263535;-3;1;1;1;-3;-3;1;1;0,30938412953020006;-11215,0748020573;NA;All
970;1,89389554888044;2,77668417838003;2,33533711420516;2,68774121246616;2,72309010659783;2,29408906685468;2,47326676471914;2,24097751517347;2,55320778110794;2,07780597554461;1,87229485914894;1,63386438152965;1,4456112889373;1,22448001849554;1,57391116751393;1,72268738934523;1,88268488418809;1,51541495520003;2,0105765664805;1,66769611430012;-21,1792549398174;-4,18947293818984;-6,65286241433163;-7,1809515973989;-5,54687814313434;-5,65488769770684;-9,8092163636125;-12,4411986438902;-5,52180832075962;-13,2792363051043;-11,5843475719452;-18,3650380350894;-25,6680975326532;-25,1712093050069;-26,5444579296166;-15,5048909875234;-16,7391415748164;-20,2654847460006;-14,0704407964278;-18,8612253266302;2,68199219822906;1,52838389719892;1,55555567096163;0,906735395569924;0,505569093294629;0,505568510213577;0,542423295383888;0,645128743653648;0,999999654320567;0,839312184375599;0,686365732674007;0,484882772849465;0,338111817657018;-2,15412013791303;-2,42226812127019;-2,55906686800296;-3,10311669832069;-3,99474654545801;-3,97671217514574;-3,35263255597489;-2,70563138978424;-2,14672192447882;-1,19499808741355;-1,84815310840112;-2,22452115757888;-2,90058670842152;-5,11453698104553;-5,02170503837136;-4,05149685492326;-3,42456171028843;-2,69556160947629;0,0719810978515742;0,0157773726842686;0,0505370955583641;0,0170367760222954;0,0271365841219972;0,00815598019131003;0,0102300072942366;0,0079209892374245;-2,9974871501802123;-3;1;1;1;-3;-3;1;1;0,11898919985267686;-11218,1111374432;NA;All
980;1,89389554888044;2,77668417838003;2,33533711420516;2,68774121246616;2,72309010659783;2,29408906685468;2,47326676471914;2,24097751517347;2,55320778110794;2,07780597554461;1,87229485914894;1,63386438152965;1,4456112889373;1,22448001849554;1,57391116751393;1,72268738934523;1,88268488418809;1,51541495520003;2,0105765664805;1,66769611430012;-21,1792549398174;-4,18947293818984;-6,65286241433163;-7,1809515973989;-5,54687814313434;-5,65488769770684;-9,8092163636125;-12,4411986438902;-5,52180832075962;-13,2792363051043;-11,5843475719452;-18,3650380350894;-25,6680975326532;-25,1712093050069;-26,5444579296166;-15,5048909875234;-16,7391415748164;-20,2654847460006;-14,0704407964278;-18,8612253266302;2,68199219822906;1,52838389719892;1,55555567096163;0,906735395569924;0,505569093294629;0,505568510213577;0,542423295383888;0,645128743653648;0,999999654320567;0,839312184375599;0,686365732674007;0,484882772849465;0,338111817657018;-2,15412013791303;-2,42226812127019;-2,55906686800296;-3,10311669832069;-3,99474654545801;-3,97671217514574;-3,35263255597489;-2,70563138978424;-2,14672192447882;-1,19499808741355;-1,84815310840112;-2,22452115757888;-2,90058670842152;-5,11453698104553;-5,02170503837136;-4,05149685492326;-3,42456171028843;-2,69556160947629;0,0719810978515742;0,0157773726842686;0,0505370955583641;0,0170367760222954;0,0271365841219972;0,00815598019131003;0,0102300072942366;0,0079209892374245;-1,7915353700904286;-3;1;1;1;-3;-3;1;1;0,95553590882414530;-11216,5530695893;NA;All
990;1,89389554888044;2,77668417838003;2,33533711420516;2,68774121246616;2,72309010659783;2,29408906685468;2,47326676471914;2,24097751517347;2,55320778110794;2,07780597554461;1,87229485914894;1,63386438152965;1,4456112889373;1,22448001849554;1,57391116751393;1,72268738934523;1,88268488418809;1,51541495520003;2,0105765664805;1,66769611430012;-21,1792549398174;-4,18947293818984;-6,65286241433163;-7,1809515973989;-5,54687814313434;-5,65488769770684;-9,8092163636125;-12,4411986438902;-5,52180832075962;-13,2792363051043;-11,5843475719452;-18,3650380350894;-25,6680975326532;-25,1712093050069;-26,5444579296166;-15,5048909875234;-16,7391415748164;-20,2654847460006;-14,0704407964278;-18,8612253266302;2,68199219822906;1,52838389719892;1,55555567096163;0,906735395569924;0,505569093294629;0,505568510213577;0,542423295383888;0,645128743653648;0,999999654320567;0,839312184375599;0,686365732674007;0,484882772849465;0,338111817657018;-2,15412013791303;-2,42226812127019;-2,55906686800296;-3,10311669832069;-3,99474654545801;-3,97671217514574;-3,35263255597489;-2,70563138978424;-2,14672192447882;-1,19499808741355;-1,84815310840112;-2,22452115757888;-2,90058670842152;-5,11453698104553;-5,02170503837136;-4,05149685492326;-3,42456171028843;-2,69556160947629;0,0719810978515742;0,0157773726842686;0,0505370955583641;0,0170367760222954;0,0271365841219972;0,00815598019131003;0,0102300072942366;0,0079209892374245;-2,5259093729856299;-3;1;1;1;-3;-3;1;1;0,37658276408419150;-11215,4411640627;NA;All
1000;1,89389554888044;2,77668417838003;2,33533711420516;2,68774121246616;2,72309010659783;2,29408906685468;2,47326676471914;2,24097751517347;2,55320778110794;2,07780597554461;1,87229485914894;1,63386438152965;1,4456112889373;1,22448001849554;1,57391116751393;1,72268738934523;1,88268488418809;1,51541495520003;2,0105765664805;1,66769611430012;-21,1792549398174;-4,18947293818984;-6,65286241433163;-7,1809515973989;-5,54687814313434;-5,65488769770684;-9,8092163636125;-12,4411986438902;-5,52180832075962;-13,2792363051043;-11,5843475719452;-18,3650380350894;-25,6680975326532;-25,1712093050069;-26,5444579296166;-15,5048909875234;-16,7391415748164;-20,2654847460006;-14,0704407964278;-18,8612253266302;2,68199219822906;1,52838389719892;1,55555567096163;0,906735395569924;0,505569093294629;0,505568510213577;0,542423295383888;0,645128743653648;0,999999654320567;0,839312184375599;0,686365732674007;0,484882772849465;0,338111817657018;-2,15412013791303;-2,42226812127019;-2,55906686800296;-3,10311669832069;-3,99474654545801;-3,97671217514574;-3,35263255597489;-2,70563138978424;-2,14672192447882;-1,19499808741355;-1,84815310840112;-2,22452115757888;-2,90058670842152;-5,11453698104553;-5,02170503837136;-4,05149685492326;-3,42456171028843;-2,69556160947629;0,0719810978515742;0,0157773726842686;0,0505370955583641;0,0170367760222954;0,0271365841219972;0,00815598019131003;0,0102300072942366;0,0079209892374245;-3,6810427698600305;-3;1;1;1;-3;-3;1;1;0,20153231233315025;-11216,8743709948;NA;All
1010;1,89389554888044;2,77668417838003;2,33533711420516;2,68774121246616;2,72309010659783;2,29408906685468;2,47326676471914;2,24097751517347;2,55320778110794;2,07780597554461;1,87229485914894;1,63386438152965;1,4456112889373;1,22448001849554;1,57391116751393;1,72268738934523;1,88268488418809;1,51541495520003;2,0105765664805;1,66769611430012;-21,1792549398174;-4,18947293818984;-6,65286241433163;-7,1809515973989;-5,54687814313434;-5,65488769770684;-9,8092163636125;-12,4411986438902;-5,52180832075962;-13,2792363051043;-11,5843475719452;-18,3650380350894;-25,6680975326532;-25,1712093050069;-26,5444579296166;-15,5048909875234;-16,7391415748164;-20,2654847460006;-14,0704407964278;-18,8612253266302;2,68199219822906;1,52838389719892;1,55555567096163;0,906735395569924;0,505569093294629;0,505568510213577;0,542423295383888;0,645128743653648;0,999999654320567;0,839312184375599;0,686365732674007;0,484882772849465;0,338111817657018;-2,15412013791303;-2,42226812127019;-2,55906686800296;-3,10311669832069;-3,99474654545801;-3,97671217514574;-3,35263255597489;-2,70563138978424;-2,14672192447882;-1,19499808741355;-1,84815310840112;-2,22452115757888;-2,90058670842152;-5,11453698104553;-5,02170503837136;-4,05149685492326;-3,42456171028843;-2,69556160947629;0,0719810978515742;0,0157773726842686;0,0505370955583641;0,0170367760222954;0,0271365841219972;0,00815598019131003;0,0102300072942366;0,0079209892374245;-3,7485676623010575;-3;1;1;1;-3;-3;1;1;0,36945460453910306;-11215,4984063828;NA;All
1020;1,89389554888044;2,77668417838003;2,33533711420516;2,68774121246616;2,72309010659783;2,29408906685468;2,47326676471914;2,24097751517347;2,55320778110794;2,07780597554461;1,87229485914894;1,63386438152965;1,4456112889373;1,22448001849554;1,57391116751393;1,72268738934523;1,88268488418809;1,51541495520003;2,0105765664805;1,66769611430012;-21,1792549398174;-4,18947293818984;-6,65286241433163;-7,1809515973989;-5,54687814313434;-5,65488769770684;-9,8092163636125;-12,4411986438902;-5,52180832075962;-13,2792363051043;-11,5843475719452;-18,3650380350894;-25,6680975326532;-25,1712093050069;-26,5444579296166;-15,5048909875234;-16,7391415748164;-20,2654847460006;-14,0704407964278;-18,8612253266302;2,68199219822906;1,52838389719892;1,55555567096163;0,906735395569924;0,505569093294629;0,505568510213577;0,542423295383888;0,645128743653648;0,999999654320567;0,839312184375599;0,686365732674007;0,484882772849465;0,338111817657018;-2,15412013791303;-2,42226812127019;-2,55906686800296;-3,10311669832069;-3,99474654545801;-3,97671217514574;-3,35263255597489;-2,70563138978424;-2,14672192447882;-1,19499808741355;-1,84815310840112;-2,22452115757888;-2,90058670842152;-5,11453698104553;-5,02170503837136;-4,05149685492326;-3,42456171028843;-2,69556160947629;0,0719810978515742;0,0157773726842686;0,0505370955583641;0,0170367760222954;0,0271365841219972;0,00815598019131003;0,0102300072942366;0,0079209892374245;-3,9795808276372857;-3;1;1;1;-3;-3;1;1;0,72352536159625125;-11215,3852099246;NA;All
1030;1,89389554888044;2,77668417838003;2,33533711420516;2,68774121246616;2,72309010659783;2,29408906685468;2,47326676471914;2,24097751517347;2,55320778110794;2,07780597554461;1,87229485914894;1,63386438152965;1,4456112889373;1,22448001849554;1,57391116751393;1,72268738934523;1,88268488418809;1,51541495520003;2,0105765664805;1,66769611430012;-21,1792549398174;-4,18947293818984;-6,65286241433163;-7,1809515973989;-5,54687814313434;-5,65488769770684;-9,8092163636125;-12,4411986438902;-5,52180832075962;-13,2792363051043;-11,5843475719452;-18,3650380350894;-25,6680975326532;-25,1712093050069;-26,5444579296166;-15,5048909875234;-16,7391415748164;-20,2654847460006;-14,0704407964278;-18,8612253266302;2,68199219822906;1,52838389719892;1,55555567096163;0,906735395569924;0,505569093294629;0,505568510213577;0,542423295383888;0,645128743653648;0,999999654320567;0,839312184375599;0,686365732674007;0,484882772849465;0,338111817657018;-2,15412013791303;-2,42226812127019;-2,55906686800296;-3,10311669832069;-3,99474654545801;-3,97671217514574;-3,35263255597489;-2,70563138978424;-2,14672192447882;-1,19499808741355;-1,84815310840112;-2,22452115757888;-2,90058670842152;-5,11453698104553;-5,02170503837136;-4,05149685492326;-3,42456171028843;-2,69556160947629;0,0719810978515742;0,0157773726842686;0,0505370955583641;0,0170367760222954;0,0271365841219972;0,00815598019131003;0,0102300072942366;0,0079209892374245;-3,7626945326557295;-3;1;1;1;-3;-3;1;1;0,60593833077188852;-11215,1363112536;NA;All
1040;1,89389554888044;2,77668417838003;2,33533711420516;2,68774121246616;2,72309010659783;2,29408906685468;2,47326676471914;2,24097751517347;2,55320778110794;2,07780597554461;1,87229485914894;1,63386438152965;1,4456112889373;1,22448001849554;1,57391116751393;1,72268738934523;1,88268488418809;1,51541495520003;2,0105765664805;1,66769611430012;-21,1792549398174;-4,18947293818984;-6,65286241433163;-7,1809515973989;-5,54687814313434;-5,65488769770684;-9,8092163636125;-12,4411986438902;-5,52180832075962;-13,2792363051043;-11,5843475719452;-18,3650380350894;-25,6680975326532;-25,1712093050069;-26,5444579296166;-15,5048909875234;-16,7391415748164;-20,2654847460006;-14,0704407964278;-18,8612253266302;2,68199219822906;1,52838389719892;1,55555567096163;0,906735395569924;0,505569093294629;0,505568510213577;0,542423295383888;0,645128743653648;0,999999654320567;0,839312184375599;0,686365732674007;0,484882772849465;0,338111817657018;-2,15412013791303;-2,42226812127019;-2,55906686800296;-3,10311669832069;-3,99474654545801;-3,97671217514574;-3,35263255597489;-2,70563138978424;-2,14672192447882;-1,19499808741355;-1,84815310840112;-2,22452115757888;-2,90058670842152;-5,11453698104553;-5,02170503837136;-4,05149685492326;-3,42456171028843;-2,69556160947629;0,0719810978515742;0,0157773726842686;0,0505370955583641;0,0170367760222954;0,0271365841219972;0,00815598019131003;0,0102300072942366;0,0079209892374245;-3,7417620056796457;-3;1;1;1;-3;-3;1;1;0,23184321590971829;-11216,5262766611;NA;All
1050;1,89389554888044;2,77668417838003;2,33533711420516;2,68774121246616;2,72309010659783;2,29408906685468;2,47326676471914;2,24097751517347;2,55320778110794;2,07780597554461;1,87229485914894;1,63386438152965;1,4456112889373;1,22448001849554;1,57391116751393;1,72268738934523;1,88268488418809;1,51541495520003;2,0105765664805;1,66769611430012;-21,1792549398174;-4,18947293818984;-6,65286241433163;-7,1809515973989;-5,54687814313434;-5,65488769770684;-9,8092163636125;-12,4411986438902;-5,52180832075962;-13,2792363051043;-11,5843475719452;-18,3650380350894;-25,6680975326532;-25,1712093050069;-26,5444579296166;-15,5048909875234;-16,7391415748164;-20,2654847460006;-14,0704407964278;-18,8612253266302;2,68199219822906;1,52838389719892;1,55555567096163;0,906735395569924;0,505569093294629;0,505568510213577;0,542423295383888;0,645128743653648;0,999999654320567;0,839312184375599;0,686365732674007;0,484882772849465;0,338111817657018;-2,15412013791303;-2,42226812127019;-2,55906686800296;-3,10311669832069;-3,99474654545801;-3,97671217514574;-3,35263255597489;-2,70563138978424;-2,14672192447882;-1,19499808741355;-1,84815310840112;-2,22452115757888;-2,90058670842152;-5,11453698104553;-5,02170503837136;-4,05149685492326;-3,42456171028843;-2,69556160947629;0,0719810978515742;0,0157773726842686;0,0505370955583641;0,0170367760222954;0,0271365841219972;0,00815598019131003;0,0102300072942366;0,0079209892374245;-3,7683085453269585;-3;1;1;1;-3;-3;1;1;0,22462721071425293;-11216,6053557329;NA;All
1060;1,89389554888044;2,77668417838003;2,33533711420516;2,68774121246616;2,72309010659783;2,29408906685468;2,47326676471914;2,24097751517347;2,55320778110794;2,07780597554461;1,87229485914894;1,63386438152965;1,4456112889373;1,22448001849554;1,57391116751393;1,72268738934523;1,88268488418809;1,51541495520003;2,0105765664805;1,66769611430012;-21,1792549398174;-4,18947293818984;-6,65286241433163;-7,1809515973989;-5,54687814313434;-5,65488769770684;-9,8092163636125;-12,4411986438902;-5,52180832075962;-13,2792363051043;-11,5843475719452;-18,3650380350894;-25,6680975326532;-25,1712093050069;-26,5444579296166;-15,5048909875234;-16,7391415748164;-20,2654847460006;-14,0704407964278;-18,8612253266302;2,68199219822906;1,52838389719892;1,55555567096163;0,906735395569924;0,505569093294629;0,505568510213577;0,542423295383888;0,645128743653648;0,999999654320567;0,839312184375599;0,686365732674007;0,484882772849465;0,338111817657018;-2,15412013791303;-2,42226812127019;-2,55906686800296;-3,10311669832069;-3,99474654545801;-3,97671217514574;-3,35263255597489;-2,70563138978424;-2,14672192447882;-1,19499808741355;-1,84815310840112;-2,22452115757888;-2,90058670842152;-5,11453698104553;-5,02170503837136;-4,05149685492326;-3,42456171028843;-2,69556160947629;0,0719810978515742;0,0157773726842686;0,0505370955583641;0,0170367760222954;0,0271365841219972;0,00815598019131003;0,0102300072942366;0,0079209892374245;-3,3695606972420475;-3;1;1;1;-3;-3;1;1;0,45865457493500944;-11215,1941977502;NA;All
1070;1,89389554888044;2,77668417838003;2,33533711420516;2,68774121246616;2,72309010659783;2,29408906685468;2,47326676471914;2,24097751517347;2,55320778110794;2,07780597554461;1,87229485914894;1,63386438152965;1,4456112889373;1,22448001849554;1,57391116751393;1,72268738934523;1,88268488418809;1,51541495520003;2,0105765664805;1,66769611430012;-21,1792549398174;-4,18947293818984;-6,65286241433163;-7,1809515973989;-5,54687814313434;-5,65488769770684;-9,8092163636125;-12,4411986438902;-5,52180832075962;-13,2792363051043;-11,5843475719452;-18,3650380350894;-25,6680975326532;-25,1712093050069;-26,5444579296166;-15,5048909875234;-16,7391415748164;-20,2654847460006;-14,0704407964278;-18,8612253266302;2,68199219822906;1,52838389719892;1,55555567096163;0,906735395569924;0,505569093294629;0,505568510213577;0,542423295383888;0,645128743653648;0,999999654320567;0,839312184375599;0,686365732674007;0,484882772849465;0,338111817657018;-2,15412013791303;-2,42226812127019;-2,55906686800296;-3,10311669832069;-3,99474654545801;-3,97671217514574;-3,35263255597489;-2,70563138978424;-2,14672192447882;-1,19499808741355;-1,84815310840112;-2,22452115757888;-2,90058670842152;-5,11453698104553;-5,02170503837136;-4,05149685492326;-3,42456171028843;-2,69556160947629;0,0719810978515742;0,0157773726842686;0,0505370955583641;0,0170367760222954;0,0271365841219972;0,00815598019131003;0,0102300072942366;0,0079209892374245;-2,1414157210130220;-3;1;1;1;-3;-3;1;1;0,57109007982804538;-11215,1024700394;NA;All
1080;1,89389554888044;2,77668417838003;2,33533711420516;2,68774121246616;2,72309010659783;2,29408906685468;2,47326676471914;2,24097751517347;2,55320778110794;2,07780597554461;1,87229485914894;1,63386438152965;1,4456112889373;1,22448001849554;1,57391116751393;1,72268738934523;1,88268488418809;1,51541495520003;2,0105765664805;1,66769611430012;-21,1792549398174;-4,18947293818984;-6,65286241433163;-7,1809515973989;-5,54687814313434;-5,65488769770684;-9,8092163636125;-12,4411986438902;-5,52180832075962;-13,2792363051043;-11,5843475719452;-18,3650380350894;-25,6680975326532;-25,1712093050069;-26,5444579296166;-15,5048909875234;-16,7391415748164;-20,2654847460006;-14,0704407964278;-18,8612253266302;2,68199219822906;1,52838389719892;1,55555567096163;0,906735395569924;0,505569093294629;0,505568510213577;0,542423295383888;0,645128743653648;0,999999654320567;0,839312184375599;0,686365732674007;0,484882772849465;0,338111817657018;-2,15412013791303;-2,42226812127019;-2,55906686800296;-3,10311669832069;-3,99474654545801;-3,97671217514574;-3,35263255597489;-2,70563138978424;-2,14672192447882;-1,19499808741355;-1,84815310840112;-2,22452115757888;-2,90058670842152;-5,11453698104553;-5,02170503837136;-4,05149685492326;-3,42456171028843;-2,69556160947629;0,0719810978515742;0,0157773726842686;0,0505370955583641;0,0170367760222954;0,0271365841219972;0,00815598019131003;0,0102300072942366;0,0079209892374245;-2,2777880274980866;-3;1;1;1;-3;-3;1;1;0,59426091803275005;-11215,1226535522;NA;All
1090;1,89389554888044;2,77668417838003;2,33533711420516;2,68774121246616;2,72309010659783;2,29408906685468;2,47326676471914;2,24097751517347;2,55320778110794;2,07780597554461;1,87229485914894;1,63386438152965;1,4456112889373;1,22448001849554;1,57391116751393;1,72268738934523;1,88268488418809;1,51541495520003;2,0105765664805;1,66769611430012;-21,1792549398174;-4,18947293818984;-6,65286241433163;-7,1809515973989;-5,54687814313434;-5,65488769770684;-9,8092163636125;-12,4411986438902;-5,52180832075962;-13,2792363051043;-11,5843475719452;-18,3650380350894;-25,6680975326532;-25,1712093050069;-26,5444579296166;-15,5048909875234;-16,7391415748164;-20,2654847460006;-14,0704407964278;-18,8612253266302;2,68199219822906;1,52838389719892;1,55555567096163;0,906735395569924;0,505569093294629;0,505568510213577;0,542423295383888;0,645128743653648;0,999999654320567;0,839312184375599;0,686365732674007;0,484882772849465;0,338111817657018;-2,15412013791303;-2,42226812127019;-2,55906686800296;-3,10311669832069;-3,99474654545801;-3,97671217514574;-3,35263255597489;-2,70563138978424;-2,14672192447882;-1,19499808741355;-1,84815310840112;-2,22452115757888;-2,90058670842152;-5,11453698104553;-5,02170503837136;-4,05149685492326;-3,42456171028843;-2,69556160947629;0,0719810978515742;0,0157773726842686;0,0505370955583641;0,0170367760222954;0,0271365841219972;0,00815598019131003;0,0102300072942366;0,0079209892374245;-2,3591730244630256;-3;1;1;1;-3;-3;1;1;0,34005427883692352;-11215,6100619919;NA;All
1100;1,89389554888044;2,77668417838003;2,33533711420516;2,68774121246616;2,72309010659783;2,29408906685468;2,47326676471914;2,24097751517347;2,55320778110794;2,07780597554461;1,87229485914894;1,63386438152965;1,4456112889373;1,22448001849554;1,57391116751393;1,72268738934523;1,88268488418809;1,51541495520003;2,0105765664805;1,66769611430012;-21,1792549398174;-4,18947293818984;-6,65286241433163;-7,1809515973989;-5,54687814313434;-5,65488769770684;-9,8092163636125;-12,4411986438902;-5,52180832075962;-13,2792363051043;-11,5843475719452;-18,3650380350894;-25,6680975326532;-25,1712093050069;-26,5444579296166;-15,5048909875234;-16,7391415748164;-20,2654847460006;-14,0704407964278;-18,8612253266302;2,68199219822906;1,52838389719892;1,55555567096163;0,906735395569924;0,505569093294629;0,505568510213577;0,542423295383888;0,645128743653648;0,999999654320567;0,839312184375599;0,686365732674007;0,484882772849465;0,338111817657018;-2,15412013791303;-2,42226812127019;-2,55906686800296;-3,10311669832069;-3,99474654545801;-3,97671217514574;-3,35263255597489;-2,70563138978424;-2,14672192447882;-1,19499808741355;-1,84815310840112;-2,22452115757888;-2,90058670842152;-5,11453698104553;-5,02170503837136;-4,05149685492326;-3,42456171028843;-2,69556160947629;0,0719810978515742;0,0157773726842686;0,0505370955583641;0,0170367760222954;0,0271365841219972;0,00815598019131003;0,0102300072942366;0,0079209892374245;-1,6880064763762410;-3;1;1;1;-3;-3;1;1;0,68866154903472143;-11215,3414134347;NA;All
1110;1,89389554888044;2,77668417838003;2,33533711420516;2,68774121246616;2,72309010659783;2,29408906685468;2,47326676471914;2,24097751517347;2,55320778110794;2,07780597554461;1,87229485914894;1,63386438152965;1,4456112889373;1,22448001849554;1,57391116751393;1,72268738934523;1,88268488418809;1,51541495520003;2,0105765664805;1,66769611430012;-21,1792549398174;-4,18947293818984;-6,65286241433163;-7,1809515973989;-5,54687814313434;-5,65488769770684;-9,8092163636125;-12,4411986438902;-5,52180832075962;-13,2792363051043;-11,5843475719452;-18,3650380350894;-25,6680975326532;-25,1712093050069;-26,5444579296166;-15,5048909875234;-16,7391415748164;-20,2654847460006;-14,0704407964278;-18,8612253266302;2,68199219822906;1,52838389719892;1,55555567096163;0,906735395569924;0,505569093294629;0,505568510213577;0,542423295383888;0,645128743653648;0,999999654320567;0,839312184375599;0,686365732674007;0,484882772849465;0,338111817657018;-2,15412013791303;-2,42226812127019;-2,55906686800296;-3,10311669832069;-3,99474654545801;-3,97671217514574;-3,35263255597489;-2,70563138978424;-2,14672192447882;-1,19499808741355;-1,84815310840112;-2,22452115757888;-2,90058670842152;-5,11453698104553;-5,02170503837136;-4,05149685492326;-3,42456171028843;-2,69556160947629;0,0719810978515742;0,0157773726842686;0,0505370955583641;0,0170367760222954;0,0271365841219972;0,00815598019131003;0,0102300072942366;0,0079209892374245;-1,0552962240044581;-3;1;1;1;-3;-3;1;1;0,27931336365284670;-11215,2111862854;NA;All
1120;1,89389554888044;2,77668417838003;2,33533711420516;2,68774121246616;2,72309010659783;2,29408906685468;2,47326676471914;2,24097751517347;2,55320778110794;2,07780597554461;1,87229485914894;1,63386438152965;1,4456112889373;1,22448001849554;1,57391116751393;1,72268738934523;1,88268488418809;1,51541495520003;2,0105765664805;1,66769611430012;-21,1792549398174;-4,18947293818984;-6,65286241433163;-7,1809515973989;-5,54687814313434;-5,65488769770684;-9,8092163636125;-12,4411986438902;-5,52180832075962;-13,2792363051043;-11,5843475719452;-18,3650380350894;-25,6680975326532;-25,1712093050069;-26,5444579296166;-15,5048909875234;-16,7391415748164;-20,2654847460006;-14,0704407964278;-18,8612253266302;2,68199219822906;1,52838389719892;1,55555567096163;0,906735395569924;0,505569093294629;0,505568510213577;0,542423295383888;0,645128743653648;0,999999654320567;0,839312184375599;0,686365732674007;0,484882772849465;0,338111817657018;-2,15412013791303;-2,42226812127019;-2,55906686800296;-3,10311669832069;-3,99474654545801;-3,97671217514574;-3,35263255597489;-2,70563138978424;-2,14672192447882;-1,19499808741355;-1,84815310840112;-2,22452115757888;-2,90058670842152;-5,11453698104553;-5,02170503837136;-4,05149685492326;-3,42456171028843;-2,69556160947629;0,0719810978515742;0,0157773726842686;0,0505370955583641;0,0170367760222954;0,0271365841219972;0,00815598019131003;0,0102300072942366;0,0079209892374245;-0,9097559595980510;-3;1;1;1;-3;-3;1;1;0,62758836119011119;-11215,5420662504;NA;All
1130;1,89389554888044;2,77668417838003;2,33533711420516;2,68774121246616;2,72309010659783;2,29408906685468;2,47326676471914;2,24097751517347;2,55320778110794;2,07780597554461;1,87229485914894;1,63386438152965;1,4456112889373;1,22448001849554;1,57391116751393;1,72268738934523;1,88268488418809;1,51541495520003;2,0105765664805;1,66769611430012;-21,1792549398174;-4,18947293818984;-6,65286241433163;-7,1809515973989;-5,54687814313434;-5,65488769770684;-9,8092163636125;-12,4411986438902;-5,52180832075962;-13,2792363051043;-11,5843475719452;-18,3650380350894;-25,6680975326532;-25,1712093050069;-26,5444579296166;-15,5048909875234;-16,7391415748164;-20,2654847460006;-14,0704407964278;-18,8612253266302;2,68199219822906;1,52838389719892;1,55555567096163;0,906735395569924;0,505569093294629;0,505568510213577;0,542423295383888;0,645128743653648;0,999999654320567;0,839312184375599;0,686365732674007;0,484882772849465;0,338111817657018;-2,15412013791303;-2,42226812127019;-2,55906686800296;-3,10311669832069;-3,99474654545801;-3,97671217514574;-3,35263255597489;-2,70563138978424;-2,14672192447882;-1,19499808741355;-1,84815310840112;-2,22452115757888;-2,90058670842152;-5,11453698104553;-5,02170503837136;-4,05149685492326;-3,42456171028843;-2,69556160947629;0,0719810978515742;0,0157773726842686;0,0505370955583641;0,0170367760222954;0,0271365841219972;0,00815598019131003;0,0102300072942366;0,0079209892374245;-1,5207988853116561;-3;1;1;1;-3;-3;1;1;0,75455875842026432;-11215,6123278795;NA;All
1140;1,89389554888044;2,77668417838003;2,33533711420516;2,68774121246616;2,72309010659783;2,29408906685468;2,47326676471914;2,24097751517347;2,55320778110794;2,07780597554461;1,87229485914894;1,63386438152965;1,4456112889373;1,22448001849554;1,57391116751393;1,72268738934523;1,88268488418809;1,51541495520003;2,0105765664805;1,66769611430012;-21,1792549398174;-4,18947293818984;-6,65286241433163;-7,1809515973989;-5,54687814313434;-5,65488769770684;-9,8092163636125;-12,4411986438902;-5,52180832075962;-13,2792363051043;-11,5843475719452;-18,3650380350894;-25,6680975326532;-25,1712093050069;-26,5444579296166;-15,5048909875234;-16,7391415748164;-20,2654847460006;-14,0704407964278;-18,8612253266302;2,68199219822906;1,52838389719892;1,55555567096163;0,906735395569924;0,505569093294629;0,505568510213577;0,542423295383888;0,645128743653648;0,999999654320567;0,839312184375599;0,686365732674007;0,484882772849465;0,338111817657018;-2,15412013791303;-2,42226812127019;-2,55906686800296;-3,10311669832069;-3,99474654545801;-3,97671217514574;-3,35263255597489;-2,70563138978424;-2,14672192447882;-1,19499808741355;-1,84815310840112;-2,22452115757888;-2,90058670842152;-5,11453698104553;-5,02170503837136;-4,05149685492326;-3,42456171028843;-2,69556160947629;0,0719810978515742;0,0157773726842686;0,0505370955583641;0,0170367760222954;0,0271365841219972;0,00815598019131003;0,0102300072942366;0,0079209892374245;-1,0858274630220714;-3;1;1;1;-3;-3;1;1;0,31984239522725239;-11215,1218375758;NA;All
1150;1,89389554888044;2,77668417838003;2,33533711420516;2,68774121246616;2,72309010659783;2,29408906685468;2,47326676471914;2,24097751517347;2,55320778110794;2,07780597554461;1,87229485914894;1,63386438152965;1,4456112889373;1,22448001849554;1,57391116751393;1,72268738934523;1,88268488418809;1,51541495520003;2,0105765664805;1,66769611430012;-21,1792549398174;-4,18947293818984;-6,65286241433163;-7,1809515973989;-5,54687814313434;-5,65488769770684;-9,8092163636125;-12,4411986438902;-5,52180832075962;-13,2792363051043;-11,5843475719452;-18,3650380350894;-25,6680975326532;-25,1712093050069;-26,5444579296166;-15,5048909875234;-16,7391415748164;-20,2654847460006;-14,0704407964278;-18,8612253266302;2,68199219822906;1,52838389719892;1,55555567096163;0,906735395569924;0,505569093294629;0,505568510213577;0,542423295383888;0,645128743653648;0,999999654320567;0,839312184375599;0,686365732674007;0,484882772849465;0,338111817657018;-2,15412013791303;-2,42226812127019;-2,55906686800296;-3,10311669832069;-3,99474654545801;-3,97671217514574;-3,35263255597489;-2,70563138978424;-2,14672192447882;-1,19499808741355;-1,84815310840112;-2,22452115757888;-2,90058670842152;-5,11453698104553;-5,02170503837136;-4,05149685492326;-3,42456171028843;-2,69556160947629;0,0719810978515742;0,0157773726842686;0,0505370955583641;0,0170367760222954;0,0271365841219972;0,00815598019131003;0,0102300072942366;0,0079209892374245;-1,2002381474905477;-3;1;1;1;-3;-3;1;1;0,40201518548697407;-11215,0435434777;NA;All
1160;1,89389554888044;2,77668417838003;2,33533711420516;2,68774121246616;2,72309010659783;2,29408906685468;2,47326676471914;2,24097751517347;2,55320778110794;2,07780597554461;1,87229485914894;1,63386438152965;1,4456112889373;1,22448001849554;1,57391116751393;1,72268738934523;1,88268488418809;1,51541495520003;2,0105765664805;1,66769611430012;-21,1792549398174;-4,18947293818984;-6,65286241433163;-7,1809515973989;-5,54687814313434;-5,65488769770684;-9,8092163636125;-12,4411986438902;-5,52180832075962;-13,2792363051043;-11,5843475719452;-18,3650380350894;-25,6680975326532;-25,1712093050069;-26,5444579296166;-15,5048909875234;-16,7391415748164;-20,2654847460006;-14,0704407964278;-18,8612253266302;2,68199219822906;1,52838389719892;1,55555567096163;0,906735395569924;0,505569093294629;0,505568510213577;0,542423295383888;0,645128743653648;0,999999654320567;0,839312184375599;0,686365732674007;0,484882772849465;0,338111817657018;-2,15412013791303;-2,42226812127019;-2,55906686800296;-3,10311669832069;-3,99474654545801;-3,97671217514574;-3,35263255597489;-2,70563138978424;-2,14672192447882;-1,19499808741355;-1,84815310840112;-2,22452115757888;-2,90058670842152;-5,11453698104553;-5,02170503837136;-4,05149685492326;-3,42456171028843;-2,69556160947629;0,0719810978515742;0,0157773726842686;0,0505370955583641;0,0170367760222954;0,0271365841219972;0,00815598019131003;0,0102300072942366;0,0079209892374245;-2,7428916708232158;-3;1;1;1;-3;-3;1;1;0,25033840052706169;-11216,3111876707;NA;All
1170;1,89389554888044;2,77668417838003;2,33533711420516;2,68774121246616;2,72309010659783;2,29408906685468;2,47326676471914;2,24097751517347;2,55320778110794;2,07780597554461;1,87229485914894;1,63386438152965;1,4456112889373;1,22448001849554;1,57391116751393;1,72268738934523;1,88268488418809;1,51541495520003;2,0105765664805;1,66769611430012;-21,1792549398174;-4,18947293818984;-6,65286241433163;-7,1809515973989;-5,54687814313434;-5,65488769770684;-9,8092163636125;-12,4411986438902;-5,52180832075962;-13,2792363051043;-11,5843475719452;-18,3650380350894;-25,6680975326532;-25,1712093050069;-26,5444579296166;-15,5048909875234;-16,7391415748164;-20,2654847460006;-14,0704407964278;-18,8612253266302;2,68199219822906;1,52838389719892;1,55555567096163;0,906735395569924;0,505569093294629;0,505568510213577;0,542423295383888;0,645128743653648;0,999999654320567;0,839312184375599;0,686365732674007;0,484882772849465;0,338111817657018;-2,15412013791303;-2,42226812127019;-2,55906686800296;-3,10311669832069;-3,99474654545801;-3,97671217514574;-3,35263255597489;-2,70563138978424;-2,14672192447882;-1,19499808741355;-1,84815310840112;-2,22452115757888;-2,90058670842152;-5,11453698104553;-5,02170503837136;-4,05149685492326;-3,42456171028843;-2,69556160947629;0,0719810978515742;0,0157773726842686;0,0505370955583641;0,0170367760222954;0,0271365841219972;0,00815598019131003;0,0102300072942366;0,0079209892374245;-0,7437288846515488;-3;1;1;1;-3;-3;1;1;0,19444212187678103;-11215,0089740674;NA;All
1180;1,89389554888044;2,77668417838003;2,33533711420516;2,68774121246616;2,72309010659783;2,29408906685468;2,47326676471914;2,24097751517347;2,55320778110794;2,07780597554461;1,87229485914894;1,63386438152965;1,4456112889373;1,22448001849554;1,57391116751393;1,72268738934523;1,88268488418809;1,51541495520003;2,0105765664805;1,66769611430012;-21,1792549398174;-4,18947293818984;-6,65286241433163;-7,1809515973989;-5,54687814313434;-5,65488769770684;-9,8092163636125;-12,4411986438902;-5,52180832075962;-13,2792363051043;-11,5843475719452;-18,3650380350894;-25,6680975326532;-25,1712093050069;-26,5444579296166;-15,5048909875234;-16,7391415748164;-20,2654847460006;-14,0704407964278;-18,8612253266302;2,68199219822906;1,52838389719892;1,55555567096163;0,906735395569924;0,505569093294629;0,505568510213577;0,542423295383888;0,645128743653648;0,999999654320567;0,839312184375599;0,686365732674007;0,484882772849465;0,338111817657018;-2,15412013791303;-2,42226812127019;-2,55906686800296;-3,10311669832069;-3,99474654545801;-3,97671217514574;-3,35263255597489;-2,70563138978424;-2,14672192447882;-1,19499808741355;-1,84815310840112;-2,22452115757888;-2,90058670842152;-5,11453698104553;-5,02170503837136;-4,05149685492326;-3,42456171028843;-2,69556160947629;0,0719810978515742;0,0157773726842686;0,0505370955583641;0,0170367760222954;0,0271365841219972;0,00815598019131003;0,0102300072942366;0,0079209892374245;-0,7004854671104848;-3;1;1;1;-3;-3;1;1;0,13173534016417887;-11215,0989655000;NA;All
1190;1,89389554888044;2,77668417838003;2,33533711420516;2,68774121246616;2,72309010659783;2,29408906685468;2,47326676471914;2,24097751517347;2,55320778110794;2,07780597554461;1,87229485914894;1,63386438152965;1,4456112889373;1,22448001849554;1,57391116751393;1,72268738934523;1,88268488418809;1,51541495520003;2,0105765664805;1,66769611430012;-21,1792549398174;-4,18947293818984;-6,65286241433163;-7,1809515973989;-5,54687814313434;-5,65488769770684;-9,8092163636125;-12,4411986438902;-5,52180832075962;-13,2792363051043;-11,5843475719452;-18,3650380350894;-25,6680975326532;-25,1712093050069;-26,5444579296166;-15,5048909875234;-16,7391415748164;-20,2654847460006;-14,0704407964278;-18,8612253266302;2,68199219822906;1,52838389719892;1,55555567096163;0,906735395569924;0,505569093294629;0,505568510213577;0,542423295383888;0,645128743653648;0,999999654320567;0,839312184375599;0,686365732674007;0,484882772849465;0,338111817657018;-2,15412013791303;-2,42226812127019;-2,55906686800296;-3,10311669832069;-3,99474654545801;-3,97671217514574;-3,35263255597489;-2,70563138978424;-2,14672192447882;-1,19499808741355;-1,84815310840112;-2,22452115757888;-2,90058670842152;-5,11453698104553;-5,02170503837136;-4,05149685492326;-3,42456171028843;-2,69556160947629;0,0719810978515742;0,0157773726842686;0,0505370955583641;0,0170367760222954;0,0271365841219972;0,00815598019131003;0,0102300072942366;0,0079209892374245;-0,3848940197588188;-3;1;1;1;-3;-3;1;1;0,27821884290689836;-11215,6470362012;NA;All
1200;1,89389554888044;2,77668417838003;2,33533711420516;2,68774121246616;2,72309010659783;2,29408906685468;2,47326676471914;2,24097751517347;2,55320778110794;2,07780597554461;1,87229485914894;1,63386438152965;1,4456112889373;1,22448001849554;1,57391116751393;1,72268738934523;1,88268488418809;1,51541495520003;2,0105765664805;1,66769611430012;-21,1792549398174;-4,18947293818984;-6,65286241433163;-7,1809515973989;-5,54687814313434;-5,65488769770684;-9,8092163636125;-12,4411986438902;-5,52180832075962;-13,2792363051043;-11,5843475719452;-18,3650380350894;-25,6680975326532;-25,1712093050069;-26,5444579296166;-15,5048909875234;-16,7391415748164;-20,2654847460006;-14,0704407964278;-18,8612253266302;2,68199219822906;1,52838389719892;1,55555567096163;0,906735395569924;0,505569093294629;0,505568510213577;0,542423295383888;0,645128743653648;0,999999654320567;0,839312184375599;0,686365732674007;0,484882772849465;0,338111817657018;-2,15412013791303;-2,42226812127019;-2,55906686800296;-3,10311669832069;-3,99474654545801;-3,97671217514574;-3,35263255597489;-2,70563138978424;-2,14672192447882;-1,19499808741355;-1,84815310840112;-2,22452115757888;-2,90058670842152;-5,11453698104553;-5,02170503837136;-4,05149685492326;-3,42456171028843;-2,69556160947629;0,0719810978515742;0,0157773726842686;0,0505370955583641;0,0170367760222954;0,0271365841219972;0,00815598019131003;0,0102300072942366;0,0079209892374245;-3,5083495357697330;-3;1;1;1;-3;-3;1;1;0,29754519584885020;-11215,9323465634;NA;All
1210;1,89389554888044;2,77668417838003;2,33533711420516;2,68774121246616;2,72309010659783;2,29408906685468;2,47326676471914;2,24097751517347;2,55320778110794;2,07780597554461;1,87229485914894;1,63386438152965;1,4456112889373;1,22448001849554;1,57391116751393;1,72268738934523;1,88268488418809;1,51541495520003;2,0105765664805;1,66769611430012;-21,1792549398174;-4,18947293818984;-6,65286241433163;-7,1809515973989;-5,54687814313434;-5,65488769770684;-9,8092163636125;-12,4411986438902;-5,52180832075962;-13,2792363051043;-11,5843475719452;-18,3650380350894;-25,6680975326532;-25,1712093050069;-26,5444579296166;-15,5048909875234;-16,7391415748164;-20,2654847460006;-14,0704407964278;-18,8612253266302;2,68199219822906;1,52838389719892;1,55555567096163;0,906735395569924;0,505569093294629;0,505568510213577;0,542423295383888;0,645128743653648;0,999999654320567;0,839312184375599;0,686365732674007;0,484882772849465;0,338111817657018;-2,15412013791303;-2,42226812127019;-2,55906686800296;-3,10311669832069;-3,99474654545801;-3,97671217514574;-3,35263255597489;-2,70563138978424;-2,14672192447882;-1,19499808741355;-1,84815310840112;-2,22452115757888;-2,90058670842152;-5,11453698104553;-5,02170503837136;-4,05149685492326;-3,42456171028843;-2,69556160947629;0,0719810978515742;0,0157773726842686;0,0505370955583641;0,0170367760222954;0,0271365841219972;0,00815598019131003;0,0102300072942366;0,0079209892374245;-0,4899738520581881;-3;1;1;1;-3;-3;1;1;0,22880803573677719;-11215,0513887463;NA;All
1220;1,89389554888044;2,77668417838003;2,33533711420516;2,68774121246616;2,72309010659783;2,29408906685468;2,47326676471914;2,24097751517347;2,55320778110794;2,07780597554461;1,87229485914894;1,63386438152965;1,4456112889373;1,22448001849554;1,57391116751393;1,72268738934523;1,88268488418809;1,51541495520003;2,0105765664805;1,66769611430012;-21,1792549398174;-4,18947293818984;-6,65286241433163;-7,1809515973989;-5,54687814313434;-5,65488769770684;-9,8092163636125;-12,4411986438902;-5,52180832075962;-13,2792363051043;-11,5843475719452;-18,3650380350894;-25,6680975326532;-25,1712093050069;-26,5444579296166;-15,5048909875234;-16,7391415748164;-20,2654847460006;-14,0704407964278;-18,8612253266302;2,68199219822906;1,52838389719892;1,55555567096163;0,906735395569924;0,505569093294629;0,505568510213577;0,542423295383888;0,645128743653648;0,999999654320567;0,839312184375599;0,686365732674007;0,484882772849465;0,338111817657018;-2,15412013791303;-2,42226812127019;-2,55906686800296;-3,10311669832069;-3,99474654545801;-3,97671217514574;-3,35263255597489;-2,70563138978424;-2,14672192447882;-1,19499808741355;-1,84815310840112;-2,22452115757888;-2,90058670842152;-5,11453698104553;-5,02170503837136;-4,05149685492326;-3,42456171028843;-2,69556160947629;0,0719810978515742;0,0157773726842686;0,0505370955583641;0,0170367760222954;0,0271365841219972;0,00815598019131003;0,0102300072942366;0,0079209892374245;-0,4899738520581881;-3;1;1;1;-3;-3;1;1;0,22880803573677719;-11215,0513887463;NA;All
1230;1,89389554888044;2,77668417838003;2,33533711420516;2,68774121246616;2,72309010659783;2,29408906685468;2,47326676471914;2,24097751517347;2,55320778110794;2,07780597554461;1,87229485914894;1,63386438152965;1,4456112889373;1,22448001849554;1,57391116751393;1,72268738934523;1,88268488418809;1,51541495520003;2,0105765664805;1,66769611430012;-21,1792549398174;-4,18947293818984;-6,65286241433163;-7,1809515973989;-5,54687814313434;-5,65488769770684;-9,8092163636125;-12,4411986438902;-5,52180832075962;-13,2792363051043;-11,5843475719452;-18,3650380350894;-25,6680975326532;-25,1712093050069;-26,5444579296166;-15,5048909875234;-16,7391415748164;-20,2654847460006;-14,0704407964278;-18,8612253266302;2,68199219822906;1,52838389719892;1,55555567096163;0,906735395569924;0,505569093294629;0,505568510213577;0,542423295383888;0,645128743653648;0,999999654320567;0,839312184375599;0,686365732674007;0,484882772849465;0,338111817657018;-2,15412013791303;-2,42226812127019;-2,55906686800296;-3,10311669832069;-3,99474654545801;-3,97671217514574;-3,35263255597489;-2,70563138978424;-2,14672192447882;-1,19499808741355;-1,84815310840112;-2,22452115757888;-2,90058670842152;-5,11453698104553;-5,02170503837136;-4,05149685492326;-3,42456171028843;-2,69556160947629;0,0719810978515742;0,0157773726842686;0,0505370955583641;0,0170367760222954;0,0271365841219972;0,00815598019131003;0,0102300072942366;0,0079209892374245;-1,3253167539646080;-3;1;1;1;-3;-3;1;1;0,33631779759200459;-11215,2714533609;NA;All
1240;1,89389554888044;2,77668417838003;2,33533711420516;2,68774121246616;2,72309010659783;2,29408906685468;2,47326676471914;2,24097751517347;2,55320778110794;2,07780597554461;1,87229485914894;1,63386438152965;1,4456112889373;1,22448001849554;1,57391116751393;1,72268738934523;1,88268488418809;1,51541495520003;2,0105765664805;1,66769611430012;-21,1792549398174;-4,18947293818984;-6,65286241433163;-7,1809515973989;-5,54687814313434;-5,65488769770684;-9,8092163636125;-12,4411986438902;-5,52180832075962;-13,2792363051043;-11,5843475719452;-18,3650380350894;-25,6680975326532;-25,1712093050069;-26,5444579296166;-15,5048909875234;-16,7391415748164;-20,2654847460006;-14,0704407964278;-18,8612253266302;2,68199219822906;1,52838389719892;1,55555567096163;0,906735395569924;0,505569093294629;0,505568510213577;0,542423295383888;0,645128743653648;0,999999654320567;0,839312184375599;0,686365732674007;0,484882772849465;0,338111817657018;-2,15412013791303;-2,42226812127019;-2,55906686800296;-3,10311669832069;-3,99474654545801;-3,97671217514574;-3,35263255597489;-2,70563138978424;-2,14672192447882;-1,19499808741355;-1,84815310840112;-2,22452115757888;-2,90058670842152;-5,11453698104553;-5,02170503837136;-4,05149685492326;-3,42456171028843;-2,69556160947629;0,0719810978515742;0,0157773726842686;0,0505370955583641;0,0170367760222954;0,0271365841219972;0,00815598019131003;0,0102300072942366;0,0079209892374245;-3,0561029384150857;-3;1;1;1;-3;-3;1;1;0,73254288248647259;-11215,4149260167;NA;All
1250;1,89389554888044;2,77668417838003;2,33533711420516;2,68774121246616;2,72309010659783;2,29408906685468;2,47326676471914;2,24097751517347;2,55320778110794;2,07780597554461;1,87229485914894;1,63386438152965;1,4456112889373;1,22448001849554;1,57391116751393;1,72268738934523;1,88268488418809;1,51541495520003;2,0105765664805;1,66769611430012;-21,1792549398174;-4,18947293818984;-6,65286241433163;-7,1809515973989;-5,54687814313434;-5,65488769770684;-9,8092163636125;-12,4411986438902;-5,52180832075962;-13,2792363051043;-11,5843475719452;-18,3650380350894;-25,6680975326532;-25,1712093050069;-26,5444579296166;-15,5048909875234;-16,7391415748164;-20,2654847460006;-14,0704407964278;-18,8612253266302;2,68199219822906;1,52838389719892;1,55555567096163;0,906735395569924;0,505569093294629;0,505568510213577;0,542423295383888;0,645128743653648;0,999999654320567;0,839312184375599;0,686365732674007;0,484882772849465;0,338111817657018;-2,15412013791303;-2,42226812127019;-2,55906686800296;-3,10311669832069;-3,99474654545801;-3,97671217514574;-3,35263255597489;-2,70563138978424;-2,14672192447882;-1,19499808741355;-1,84815310840112;-2,22452115757888;-2,90058670842152;-5,11453698104553;-5,02170503837136;-4,05149685492326;-3,42456171028843;-2,69556160947629;0,0719810978515742;0,0157773726842686;0,0505370955583641;0,0170367760222954;0,0271365841219972;0,00815598019131003;0,0102300072942366;0,0079209892374245;-3,5505139944224058;-3;1;1;1;-3;-3;1;1;1,06339320209546995;-11217,1164376293;NA;All
1260;1,89389554888044;2,77668417838003;2,33533711420516;2,68774121246616;2,72309010659783;2,29408906685468;2,47326676471914;2,24097751517347;2,55320778110794;2,07780597554461;1,87229485914894;1,63386438152965;1,4456112889373;1,22448001849554;1,57391116751393;1,72268738934523;1,88268488418809;1,51541495520003;2,0105765664805;1,66769611430012;-21,1792549398174;-4,18947293818984;-6,65286241433163;-7,1809515973989;-5,54687814313434;-5,65488769770684;-9,8092163636125;-12,4411986438902;-5,52180832075962;-13,2792363051043;-11,5843475719452;-18,3650380350894;-25,6680975326532;-25,1712093050069;-26,5444579296166;-15,5048909875234;-16,7391415748164;-20,2654847460006;-14,0704407964278;-18,8612253266302;2,68199219822906;1,52838389719892;1,55555567096163;0,906735395569924;0,505569093294629;0,505568510213577;0,542423295383888;0,645128743653648;0,999999654320567;0,839312184375599;0,686365732674007;0,484882772849465;0,338111817657018;-2,15412013791303;-2,42226812127019;-2,55906686800296;-3,10311669832069;-3,99474654545801;-3,97671217514574;-3,35263255597489;-2,70563138978424;-2,14672192447882;-1,19499808741355;-1,84815310840112;-2,22452115757888;-2,90058670842152;-5,11453698104553;-5,02170503837136;-4,05149685492326;-3,42456171028843;-2,69556160947629;0,0719810978515742;0,0157773726842686;0,0505370955583641;0,0170367760222954;0,0271365841219972;0,00815598019131003;0,0102300072942366;0,0079209892374245;-0,6801578931266126;-3;1;1;1;-3;-3;1;1;0,56316331828539068;-11215,7344546696;NA;All
1270;1,89389554888044;2,77668417838003;2,33533711420516;2,68774121246616;2,72309010659783;2,29408906685468;2,47326676471914;2,24097751517347;2,55320778110794;2,07780597554461;1,87229485914894;1,63386438152965;1,4456112889373;1,22448001849554;1,57391116751393;1,72268738934523;1,88268488418809;1,51541495520003;2,0105765664805;1,66769611430012;-21,1792549398174;-4,18947293818984;-6,65286241433163;-7,1809515973989;-5,54687814313434;-5,65488769770684;-9,8092163636125;-12,4411986438902;-5,52180832075962;-13,2792363051043;-11,5843475719452;-18,3650380350894;-25,6680975326532;-25,1712093050069;-26,5444579296166;-15,5048909875234;-16,7391415748164;-20,2654847460006;-14,0704407964278;-18,8612253266302;2,68199219822906;1,52838389719892;1,55555567096163;0,906735395569924;0,505569093294629;0,505568510213577;0,542423295383888;0,645128743653648;0,999999654320567;0,839312184375599;0,686365732674007;0,484882772849465;0,338111817657018;-2,15412013791303;-2,42226812127019;-2,55906686800296;-3,10311669832069;-3,99474654545801;-3,97671217514574;-3,35263255597489;-2,70563138978424;-2,14672192447882;-1,19499808741355;-1,84815310840112;-2,22452115757888;-2,90058670842152;-5,11453698104553;-5,02170503837136;-4,05149685492326;-3,42456171028843;-2,69556160947629;0,0719810978515742;0,0157773726842686;0,0505370955583641;0,0170367760222954;0,0271365841219972;0,00815598019131003;0,0102300072942366;0,0079209892374245;-0,9707694832374064;-3;1;1;1;-3;-3;1;1;0,66477814752316067;-11215,6181002506;NA;All
1280;1,89389554888044;2,77668417838003;2,33533711420516;2,68774121246616;2,72309010659783;2,29408906685468;2,47326676471914;2,24097751517347;2,55320778110794;2,07780597554461;1,87229485914894;1,63386438152965;1,4456112889373;1,22448001849554;1,57391116751393;1,72268738934523;1,88268488418809;1,51541495520003;2,0105765664805;1,66769611430012;-21,1792549398174;-4,18947293818984;-6,65286241433163;-7,1809515973989;-5,54687814313434;-5,65488769770684;-9,8092163636125;-12,4411986438902;-5,52180832075962;-13,2792363051043;-11,5843475719452;-18,3650380350894;-25,6680975326532;-25,1712093050069;-26,5444579296166;-15,5048909875234;-16,7391415748164;-20,2654847460006;-14,0704407964278;-18,8612253266302;2,68199219822906;1,52838389719892;1,55555567096163;0,906735395569924;0,505569093294629;0,505568510213577;0,542423295383888;0,645128743653648;0,999999654320567;0,839312184375599;0,686365732674007;0,484882772849465;0,338111817657018;-2,15412013791303;-2,42226812127019;-2,55906686800296;-3,10311669832069;-3,99474654545801;-3,97671217514574;-3,35263255597489;-2,70563138978424;-2,14672192447882;-1,19499808741355;-1,84815310840112;-2,22452115757888;-2,90058670842152;-5,11453698104553;-5,02170503837136;-4,05149685492326;-3,42456171028843;-2,69556160947629;0,0719810978515742;0,0157773726842686;0,0505370955583641;0,0170367760222954;0,0271365841219972;0,00815598019131003;0,0102300072942366;0,0079209892374245;-1,5428476690643402;-3;1;1;1;-3;-3;1;1;0,53488624747608027;-11215,0684088118;NA;All
1290;1,89389554888044;2,77668417838003;2,33533711420516;2,68774121246616;2,72309010659783;2,29408906685468;2,47326676471914;2,24097751517347;2,55320778110794;2,07780597554461;1,87229485914894;1,63386438152965;1,4456112889373;1,22448001849554;1,57391116751393;1,72268738934523;1,88268488418809;1,51541495520003;2,0105765664805;1,66769611430012;-21,1792549398174;-4,18947293818984;-6,65286241433163;-7,1809515973989;-5,54687814313434;-5,65488769770684;-9,8092163636125;-12,4411986438902;-5,52180832075962;-13,2792363051043;-11,5843475719452;-18,3650380350894;-25,6680975326532;-25,1712093050069;-26,5444579296166;-15,5048909875234;-16,7391415748164;-20,2654847460006;-14,0704407964278;-18,8612253266302;2,68199219822906;1,52838389719892;1,55555567096163;0,906735395569924;0,505569093294629;0,505568510213577;0,542423295383888;0,645128743653648;0,999999654320567;0,839312184375599;0,686365732674007;0,484882772849465;0,338111817657018;-2,15412013791303;-2,42226812127019;-2,55906686800296;-3,10311669832069;-3,99474654545801;-3,97671217514574;-3,35263255597489;-2,70563138978424;-2,14672192447882;-1,19499808741355;-1,84815310840112;-2,22452115757888;-2,90058670842152;-5,11453698104553;-5,02170503837136;-4,05149685492326;-3,42456171028843;-2,69556160947629;0,0719810978515742;0,0157773726842686;0,0505370955583641;0,0170367760222954;0,0271365841219972;0,00815598019131003;0,0102300072942366;0,0079209892374245;-3,8198775165157217;-3;1;1;1;-3;-3;1;1;0,44881825989545687;-11215,2172174785;NA;All
1300;1,89389554888044;2,77668417838003;2,33533711420516;2,68774121246616;2,72309010659783;2,29408906685468;2,47326676471914;2,24097751517347;2,55320778110794;2,07780597554461;1,87229485914894;1,63386438152965;1,4456112889373;1,22448001849554;1,57391116751393;1,72268738934523;1,88268488418809;1,51541495520003;2,0105765664805;1,66769611430012;-21,1792549398174;-4,18947293818984;-6,65286241433163;-7,1809515973989;-5,54687814313434;-5,65488769770684;-9,8092163636125;-12,4411986438902;-5,52180832075962;-13,2792363051043;-11,5843475719452;-18,3650380350894;-25,6680975326532;-25,1712093050069;-26,5444579296166;-15,5048909875234;-16,7391415748164;-20,2654847460006;-14,0704407964278;-18,8612253266302;2,68199219822906;1,52838389719892;1,55555567096163;0,906735395569924;0,505569093294629;0,505568510213577;0,542423295383888;0,645128743653648;0,999999654320567;0,839312184375599;0,686365732674007;0,484882772849465;0,338111817657018;-2,15412013791303;-2,42226812127019;-2,55906686800296;-3,10311669832069;-3,99474654545801;-3,97671217514574;-3,35263255597489;-2,70563138978424;-2,14672192447882;-1,19499808741355;-1,84815310840112;-2,22452115757888;-2,90058670842152;-5,11453698104553;-5,02170503837136;-4,05149685492326;-3,42456171028843;-2,69556160947629;0,0719810978515742;0,0157773726842686;0,0505370955583641;0,0170367760222954;0,0271365841219972;0,00815598019131003;0,0102300072942366;0,0079209892374245;-0,9361714796095792;-3;1;1;1;-3;-3;1;1;0,48118233078846651;-11215,0595063760;NA;All
1310;1,89389554888044;2,77668417838003;2,33533711420516;2,68774121246616;2,72309010659783;2,29408906685468;2,47326676471914;2,24097751517347;2,55320778110794;2,07780597554461;1,87229485914894;1,63386438152965;1,4456112889373;1,22448001849554;1,57391116751393;1,72268738934523;1,88268488418809;1,51541495520003;2,0105765664805;1,66769611430012;-21,1792549398174;-4,18947293818984;-6,65286241433163;-7,1809515973989;-5,54687814313434;-5,65488769770684;-9,8092163636125;-12,4411986438902;-5,52180832075962;-13,2792363051043;-11,5843475719452;-18,3650380350894;-25,6680975326532;-25,1712093050069;-26,5444579296166;-15,5048909875234;-16,7391415748164;-20,2654847460006;-14,0704407964278;-18,8612253266302;2,68199219822906;1,52838389719892;1,55555567096163;0,906735395569924;0,505569093294629;0,505568510213577;0,542423295383888;0,645128743653648;0,999999654320567;0,839312184375599;0,686365732674007;0,484882772849465;0,338111817657018;-2,15412013791303;-2,42226812127019;-2,55906686800296;-3,10311669832069;-3,99474654545801;-3,97671217514574;-3,35263255597489;-2,70563138978424;-2,14672192447882;-1,19499808741355;-1,84815310840112;-2,22452115757888;-2,90058670842152;-5,11453698104553;-5,02170503837136;-4,05149685492326;-3,42456171028843;-2,69556160947629;0,0719810978515742;0,0157773726842686;0,0505370955583641;0,0170367760222954;0,0271365841219972;0,00815598019131003;0,0102300072942366;0,0079209892374245;-0,8415810881837251;-3;1;1;1;-3;-3;1;1;0,36342328555076231;-11214,9405995164;NA;All
1320;1,89389554888044;2,77668417838003;2,33533711420516;2,68774121246616;2,72309010659783;2,29408906685468;2,47326676471914;2,24097751517347;2,55320778110794;2,07780597554461;1,87229485914894;1,63386438152965;1,4456112889373;1,22448001849554;1,57391116751393;1,72268738934523;1,88268488418809;1,51541495520003;2,0105765664805;1,66769611430012;-21,1792549398174;-4,18947293818984;-6,65286241433163;-7,1809515973989;-5,54687814313434;-5,65488769770684;-9,8092163636125;-12,4411986438902;-5,52180832075962;-13,2792363051043;-11,5843475719452;-18,3650380350894;-25,6680975326532;-25,1712093050069;-26,5444579296166;-15,5048909875234;-16,7391415748164;-20,2654847460006;-14,0704407964278;-18,8612253266302;2,68199219822906;1,52838389719892;1,55555567096163;0,906735395569924;0,505569093294629;0,505568510213577;0,542423295383888;0,645128743653648;0,999999654320567;0,839312184375599;0,686365732674007;0,484882772849465;0,338111817657018;-2,15412013791303;-2,42226812127019;-2,55906686800296;-3,10311669832069;-3,99474654545801;-3,97671217514574;-3,35263255597489;-2,70563138978424;-2,14672192447882;-1,19499808741355;-1,84815310840112;-2,22452115757888;-2,90058670842152;-5,11453698104553;-5,02170503837136;-4,05149685492326;-3,42456171028843;-2,69556160947629;0,0719810978515742;0,0157773726842686;0,0505370955583641;0,0170367760222954;0,0271365841219972;0,00815598019131003;0,0102300072942366;0,0079209892374245;-1,8024236583351232;-3;1;1;1;-3;-3;1;1;0,47370378132650942;-11215,1077653564;NA;All
1330;1,89389554888044;2,77668417838003;2,33533711420516;2,68774121246616;2,72309010659783;2,29408906685468;2,47326676471914;2,24097751517347;2,55320778110794;2,07780597554461;1,87229485914894;1,63386438152965;1,4456112889373;1,22448001849554;1,57391116751393;1,72268738934523;1,88268488418809;1,51541495520003;2,0105765664805;1,66769611430012;-21,1792549398174;-4,18947293818984;-6,65286241433163;-7,1809515973989;-5,54687814313434;-5,65488769770684;-9,8092163636125;-12,4411986438902;-5,52180832075962;-13,2792363051043;-11,5843475719452;-18,3650380350894;-25,6680975326532;-25,1712093050069;-26,5444579296166;-15,5048909875234;-16,7391415748164;-20,2654847460006;-14,0704407964278;-18,8612253266302;2,68199219822906;1,52838389719892;1,55555567096163;0,906735395569924;0,505569093294629;0,505568510213577;0,542423295383888;0,645128743653648;0,999999654320567;0,839312184375599;0,686365732674007;0,484882772849465;0,338111817657018;-2,15412013791303;-2,42226812127019;-2,55906686800296;-3,10311669832069;-3,99474654545801;-3,97671217514574;-3,35263255597489;-2,70563138978424;-2,14672192447882;-1,19499808741355;-1,84815310840112;-2,22452115757888;-2,90058670842152;-5,11453698104553;-5,02170503837136;-4,05149685492326;-3,42456171028843;-2,69556160947629;0,0719810978515742;0,0157773726842686;0,0505370955583641;0,0170367760222954;0,0271365841219972;0,00815598019131003;0,0102300072942366;0,0079209892374245;-1,3870747248424085;-3;1;1;1;-3;-3;1;1;0,69411926282493808;-11215,4294456244;NA;All
1340;1,89389554888044;2,77668417838003;2,33533711420516;2,68774121246616;2,72309010659783;2,29408906685468;2,47326676471914;2,24097751517347;2,55320778110794;2,07780597554461;1,87229485914894;1,63386438152965;1,4456112889373;1,22448001849554;1,57391116751393;1,72268738934523;1,88268488418809;1,51541495520003;2,0105765664805;1,66769611430012;-21,1792549398174;-4,18947293818984;-6,65286241433163;-7,1809515973989;-5,54687814313434;-5,65488769770684;-9,8092163636125;-12,4411986438902;-5,52180832075962;-13,2792363051043;-11,5843475719452;-18,3650380350894;-25,6680975326532;-25,1712093050069;-26,5444579296166;-15,5048909875234;-16,7391415748164;-20,2654847460006;-14,0704407964278;-18,8612253266302;2,68199219822906;1,52838389719892;1,55555567096163;0,906735395569924;0,505569093294629;0,505568510213577;0,542423295383888;0,645128743653648;0,999999654320567;0,839312184375599;0,686365732674007;0,484882772849465;0,338111817657018;-2,15412013791303;-2,42226812127019;-2,55906686800296;-3,10311669832069;-3,99474654545801;-3,97671217514574;-3,35263255597489;-2,70563138978424;-2,14672192447882;-1,19499808741355;-1,84815310840112;-2,22452115757888;-2,90058670842152;-5,11453698104553;-5,02170503837136;-4,05149685492326;-3,42456171028843;-2,69556160947629;0,0719810978515742;0,0157773726842686;0,0505370955583641;0,0170367760222954;0,0271365841219972;0,00815598019131003;0,0102300072942366;0,0079209892374245;-1,9023423565766988;-3;1;1;1;-3;-3;1;1;0,58554856874337025;-11215,1138603989;NA;All
1350;1,89389554888044;2,77668417838003;2,33533711420516;2,68774121246616;2,72309010659783;2,29408906685468;2,47326676471914;2,24097751517347;2,55320778110794;2,07780597554461;1,87229485914894;1,63386438152965;1,4456112889373;1,22448001849554;1,57391116751393;1,72268738934523;1,88268488418809;1,51541495520003;2,0105765664805;1,66769611430012;-21,1792549398174;-4,18947293818984;-6,65286241433163;-7,1809515973989;-5,54687814313434;-5,65488769770684;-9,8092163636125;-12,4411986438902;-5,52180832075962;-13,2792363051043;-11,5843475719452;-18,3650380350894;-25,6680975326532;-25,1712093050069;-26,5444579296166;-15,5048909875234;-16,7391415748164;-20,2654847460006;-14,0704407964278;-18,8612253266302;2,68199219822906;1,52838389719892;1,55555567096163;0,906735395569924;0,505569093294629;0,505568510213577;0,542423295383888;0,645128743653648;0,999999654320567;0,839312184375599;0,686365732674007;0,484882772849465;0,338111817657018;-2,15412013791303;-2,42226812127019;-2,55906686800296;-3,10311669832069;-3,99474654545801;-3,97671217514574;-3,35263255597489;-2,70563138978424;-2,14672192447882;-1,19499808741355;-1,84815310840112;-2,22452115757888;-2,90058670842152;-5,11453698104553;-5,02170503837136;-4,05149685492326;-3,42456171028843;-2,69556160947629;0,0719810978515742;0,0157773726842686;0,0505370955583641;0,0170367760222954;0,0271365841219972;0,00815598019131003;0,0102300072942366;0,0079209892374245;-3,4770801035902457;-3;1;1;1;-3;-3;1;1;0,56410413379109126;-11215,1055616060;NA;All
1360;1,89389554888044;2,77668417838003;2,33533711420516;2,68774121246616;2,72309010659783;2,29408906685468;2,47326676471914;2,24097751517347;2,55320778110794;2,07780597554461;1,87229485914894;1,63386438152965;1,4456112889373;1,22448001849554;1,57391116751393;1,72268738934523;1,88268488418809;1,51541495520003;2,0105765664805;1,66769611430012;-21,1792549398174;-4,18947293818984;-6,65286241433163;-7,1809515973989;-5,54687814313434;-5,65488769770684;-9,8092163636125;-12,4411986438902;-5,52180832075962;-13,2792363051043;-11,5843475719452;-18,3650380350894;-25,6680975326532;-25,1712093050069;-26,5444579296166;-15,5048909875234;-16,7391415748164;-20,2654847460006;-14,0704407964278;-18,8612253266302;2,68199219822906;1,52838389719892;1,55555567096163;0,906735395569924;0,505569093294629;0,505568510213577;0,542423295383888;0,645128743653648;0,999999654320567;0,839312184375599;0,686365732674007;0,484882772849465;0,338111817657018;-2,15412013791303;-2,42226812127019;-2,55906686800296;-3,10311669832069;-3,99474654545801;-3,97671217514574;-3,35263255597489;-2,70563138978424;-2,14672192447882;-1,19499808741355;-1,84815310840112;-2,22452115757888;-2,90058670842152;-5,11453698104553;-5,02170503837136;-4,05149685492326;-3,42456171028843;-2,69556160947629;0,0719810978515742;0,0157773726842686;0,0505370955583641;0,0170367760222954;0,0271365841219972;0,00815598019131003;0,0102300072942366;0,0079209892374245;-1,7359950369590993;-3;1;1;1;-3;-3;1;1;0,58595093190483172;-11215,1163328684;NA;All
1370;1,89389554888044;2,77668417838003;2,33533711420516;2,68774121246616;2,72309010659783;2,29408906685468;2,47326676471914;2,24097751517347;2,55320778110794;2,07780597554461;1,87229485914894;1,63386438152965;1,4456112889373;1,22448001849554;1,57391116751393;1,72268738934523;1,88268488418809;1,51541495520003;2,0105765664805;1,66769611430012;-21,1792549398174;-4,18947293818984;-6,65286241433163;-7,1809515973989;-5,54687814313434;-5,65488769770684;-9,8092163636125;-12,4411986438902;-5,52180832075962;-13,2792363051043;-11,5843475719452;-18,3650380350894;-25,6680975326532;-25,1712093050069;-26,5444579296166;-15,5048909875234;-16,7391415748164;-20,2654847460006;-14,0704407964278;-18,8612253266302;2,68199219822906;1,52838389719892;1,55555567096163;0,906735395569924;0,505569093294629;0,505568510213577;0,542423295383888;0,645128743653648;0,999999654320567;0,839312184375599;0,686365732674007;0,484882772849465;0,338111817657018;-2,15412013791303;-2,42226812127019;-2,55906686800296;-3,10311669832069;-3,99474654545801;-3,97671217514574;-3,35263255597489;-2,70563138978424;-2,14672192447882;-1,19499808741355;-1,84815310840112;-2,22452115757888;-2,90058670842152;-5,11453698104553;-5,02170503837136;-4,05149685492326;-3,42456171028843;-2,69556160947629;0,0719810978515742;0,0157773726842686;0,0505370955583641;0,0170367760222954;0,0271365841219972;0,00815598019131003;0,0102300072942366;0,0079209892374245;-1,0390285263604375;-3;1;1;1;-3;-3;1;1;0,54265844965160426;-11215,1408918768;NA;All
1380;1,89389554888044;2,77668417838003;2,33533711420516;2,68774121246616;2,72309010659783;2,29408906685468;2,47326676471914;2,24097751517347;2,55320778110794;2,07780597554461;1,87229485914894;1,63386438152965;1,4456112889373;1,22448001849554;1,57391116751393;1,72268738934523;1,88268488418809;1,51541495520003;2,0105765664805;1,66769611430012;-21,1792549398174;-4,18947293818984;-6,65286241433163;-7,1809515973989;-5,54687814313434;-5,65488769770684;-9,8092163636125;-12,4411986438902;-5,52180832075962;-13,2792363051043;-11,5843475719452;-18,3650380350894;-25,6680975326532;-25,1712093050069;-26,5444579296166;-15,5048909875234;-16,7391415748164;-20,2654847460006;-14,0704407964278;-18,8612253266302;2,68199219822906;1,52838389719892;1,55555567096163;0,906735395569924;0,505569093294629;0,505568510213577;0,542423295383888;0,645128743653648;0,999999654320567;0,839312184375599;0,686365732674007;0,484882772849465;0,338111817657018;-2,15412013791303;-2,42226812127019;-2,55906686800296;-3,10311669832069;-3,99474654545801;-3,97671217514574;-3,35263255597489;-2,70563138978424;-2,14672192447882;-1,19499808741355;-1,84815310840112;-2,22452115757888;-2,90058670842152;-5,11453698104553;-5,02170503837136;-4,05149685492326;-3,42456171028843;-2,69556160947629;0,0719810978515742;0,0157773726842686;0,0505370955583641;0,0170367760222954;0,0271365841219972;0,00815598019131003;0,0102300072942366;0,0079209892374245;-2,2945032917295816;-3;1;1;1;-3;-3;1;1;1,07604679215619137;-11217,2463380180;NA;All
1390;1,89389554888044;2,77668417838003;2,33533711420516;2,68774121246616;2,72309010659783;2,29408906685468;2,47326676471914;2,24097751517347;2,55320778110794;2,07780597554461;1,87229485914894;1,63386438152965;1,4456112889373;1,22448001849554;1,57391116751393;1,72268738934523;1,88268488418809;1,51541495520003;2,0105765664805;1,66769611430012;-21,1792549398174;-4,18947293818984;-6,65286241433163;-7,1809515973989;-5,54687814313434;-5,65488769770684;-9,8092163636125;-12,4411986438902;-5,52180832075962;-13,2792363051043;-11,5843475719452;-18,3650380350894;-25,6680975326532;-25,1712093050069;-26,5444579296166;-15,5048909875234;-16,7391415748164;-20,2654847460006;-14,0704407964278;-18,8612253266302;2,68199219822906;1,52838389719892;1,55555567096163;0,906735395569924;0,505569093294629;0,505568510213577;0,542423295383888;0,645128743653648;0,999999654320567;0,839312184375599;0,686365732674007;0,484882772849465;0,338111817657018;-2,15412013791303;-2,42226812127019;-2,55906686800296;-3,10311669832069;-3,99474654545801;-3,97671217514574;-3,35263255597489;-2,70563138978424;-2,14672192447882;-1,19499808741355;-1,84815310840112;-2,22452115757888;-2,90058670842152;-5,11453698104553;-5,02170503837136;-4,05149685492326;-3,42456171028843;-2,69556160947629;0,0719810978515742;0,0157773726842686;0,0505370955583641;0,0170367760222954;0,0271365841219972;0,00815598019131003;0,0102300072942366;0,0079209892374245;-3,6125931874526689;-3;1;1;1;-3;-3;1;1;0,87744459961769861;-11216,0114906436;NA;All
1400;1,89389554888044;2,77668417838003;2,33533711420516;2,68774121246616;2,72309010659783;2,29408906685468;2,47326676471914;2,24097751517347;2,55320778110794;2,07780597554461;1,87229485914894;1,63386438152965;1,4456112889373;1,22448001849554;1,57391116751393;1,72268738934523;1,88268488418809;1,51541495520003;2,0105765664805;1,66769611430012;-21,1792549398174;-4,18947293818984;-6,65286241433163;-7,1809515973989;-5,54687814313434;-5,65488769770684;-9,8092163636125;-12,4411986438902;-5,52180832075962;-13,2792363051043;-11,5843475719452;-18,3650380350894;-25,6680975326532;-25,1712093050069;-26,5444579296166;-15,5048909875234;-16,7391415748164;-20,2654847460006;-14,0704407964278;-18,8612253266302;2,68199219822906;1,52838389719892;1,55555567096163;0,906735395569924;0,505569093294629;0,505568510213577;0,542423295383888;0,645128743653648;0,999999654320567;0,839312184375599;0,686365732674007;0,484882772849465;0,338111817657018;-2,15412013791303;-2,42226812127019;-2,55906686800296;-3,10311669832069;-3,99474654545801;-3,97671217514574;-3,35263255597489;-2,70563138978424;-2,14672192447882;-1,19499808741355;-1,84815310840112;-2,22452115757888;-2,90058670842152;-5,11453698104553;-5,02170503837136;-4,05149685492326;-3,42456171028843;-2,69556160947629;0,0719810978515742;0,0157773726842686;0,0505370955583641;0,0170367760222954;0,0271365841219972;0,00815598019131003;0,0102300072942366;0,0079209892374245;-3,4534952335093290;-3;1;1;1;-3;-3;1;1;0,93830666954865438;-11216,3364459516;NA;All
1410;1,89389554888044;2,77668417838003;2,33533711420516;2,68774121246616;2,72309010659783;2,29408906685468;2,47326676471914;2,24097751517347;2,55320778110794;2,07780597554461;1,87229485914894;1,63386438152965;1,4456112889373;1,22448001849554;1,57391116751393;1,72268738934523;1,88268488418809;1,51541495520003;2,0105765664805;1,66769611430012;-21,1792549398174;-4,18947293818984;-6,65286241433163;-7,1809515973989;-5,54687814313434;-5,65488769770684;-9,8092163636125;-12,4411986438902;-5,52180832075962;-13,2792363051043;-11,5843475719452;-18,3650380350894;-25,6680975326532;-25,1712093050069;-26,5444579296166;-15,5048909875234;-16,7391415748164;-20,2654847460006;-14,0704407964278;-18,8612253266302;2,68199219822906;1,52838389719892;1,55555567096163;0,906735395569924;0,505569093294629;0,505568510213577;0,542423295383888;0,645128743653648;0,999999654320567;0,839312184375599;0,686365732674007;0,484882772849465;0,338111817657018;-2,15412013791303;-2,42226812127019;-2,55906686800296;-3,10311669832069;-3,99474654545801;-3,97671217514574;-3,35263255597489;-2,70563138978424;-2,14672192447882;-1,19499808741355;-1,84815310840112;-2,22452115757888;-2,90058670842152;-5,11453698104553;-5,02170503837136;-4,05149685492326;-3,42456171028843;-2,69556160947629;0,0719810978515742;0,0157773726842686;0,0505370955583641;0,0170367760222954;0,0271365841219972;0,00815598019131003;0,0102300072942366;0,0079209892374245;-0,6555035776528997;-3;1;1;1;-3;-3;1;1;0,32408243966541794;-11214,9751880023;NA;All
1420;1,89389554888044;2,77668417838003;2,33533711420516;2,68774121246616;2,72309010659783;2,29408906685468;2,47326676471914;2,24097751517347;2,55320778110794;2,07780597554461;1,87229485914894;1,63386438152965;1,4456112889373;1,22448001849554;1,57391116751393;1,72268738934523;1,88268488418809;1,51541495520003;2,0105765664805;1,66769611430012;-21,1792549398174;-4,18947293818984;-6,65286241433163;-7,1809515973989;-5,54687814313434;-5,65488769770684;-9,8092163636125;-12,4411986438902;-5,52180832075962;-13,2792363051043;-11,5843475719452;-18,3650380350894;-25,6680975326532;-25,1712093050069;-26,5444579296166;-15,5048909875234;-16,7391415748164;-20,2654847460006;-14,0704407964278;-18,8612253266302;2,68199219822906;1,52838389719892;1,55555567096163;0,906735395569924;0,505569093294629;0,505568510213577;0,542423295383888;0,645128743653648;0,999999654320567;0,839312184375599;0,686365732674007;0,484882772849465;0,338111817657018;-2,15412013791303;-2,42226812127019;-2,55906686800296;-3,10311669832069;-3,99474654545801;-3,97671217514574;-3,35263255597489;-2,70563138978424;-2,14672192447882;-1,19499808741355;-1,84815310840112;-2,22452115757888;-2,90058670842152;-5,11453698104553;-5,02170503837136;-4,05149685492326;-3,42456171028843;-2,69556160947629;0,0719810978515742;0,0157773726842686;0,0505370955583641;0,0170367760222954;0,0271365841219972;0,00815598019131003;0,0102300072942366;0,0079209892374245;-0,6359719820192083;-3;1;1;1;-3;-3;1;1;0,04382255142816976;-11215,2634627851;NA;All
1430;1,89389554888044;2,77668417838003;2,33533711420516;2,68774121246616;2,72309010659783;2,29408906685468;2,47326676471914;2,24097751517347;2,55320778110794;2,07780597554461;1,87229485914894;1,63386438152965;1,4456112889373;1,22448001849554;1,57391116751393;1,72268738934523;1,88268488418809;1,51541495520003;2,0105765664805;1,66769611430012;-21,1792549398174;-4,18947293818984;-6,65286241433163;-7,1809515973989;-5,54687814313434;-5,65488769770684;-9,8092163636125;-12,4411986438902;-5,52180832075962;-13,2792363051043;-11,5843475719452;-18,3650380350894;-25,6680975326532;-25,1712093050069;-26,5444579296166;-15,5048909875234;-16,7391415748164;-20,2654847460006;-14,0704407964278;-18,8612253266302;2,68199219822906;1,52838389719892;1,55555567096163;0,906735395569924;0,505569093294629;0,505568510213577;0,542423295383888;0,645128743653648;0,999999654320567;0,839312184375599;0,686365732674007;0,484882772849465;0,338111817657018;-2,15412013791303;-2,42226812127019;-2,55906686800296;-3,10311669832069;-3,99474654545801;-3,97671217514574;-3,35263255597489;-2,70563138978424;-2,14672192447882;-1,19499808741355;-1,84815310840112;-2,22452115757888;-2,90058670842152;-5,11453698104553;-5,02170503837136;-4,05149685492326;-3,42456171028843;-2,69556160947629;0,0719810978515742;0,0157773726842686;0,0505370955583641;0,0170367760222954;0,0271365841219972;0,00815598019131003;0,0102300072942366;0,0079209892374245;-1,9352493317336967;-3;1;1;1;-3;-3;1;1;0,90632818578850627;-11216,2355472119;NA;All
1440;1,89389554888044;2,77668417838003;2,33533711420516;2,68774121246616;2,72309010659783;2,29408906685468;2,47326676471914;2,24097751517347;2,55320778110794;2,07780597554461;1,87229485914894;1,63386438152965;1,4456112889373;1,22448001849554;1,57391116751393;1,72268738934523;1,88268488418809;1,51541495520003;2,0105765664805;1,66769611430012;-21,1792549398174;-4,18947293818984;-6,65286241433163;-7,1809515973989;-5,54687814313434;-5,65488769770684;-9,8092163636125;-12,4411986438902;-5,52180832075962;-13,2792363051043;-11,5843475719452;-18,3650380350894;-25,6680975326532;-25,1712093050069;-26,5444579296166;-15,5048909875234;-16,7391415748164;-20,2654847460006;-14,0704407964278;-18,8612253266302;2,68199219822906;1,52838389719892;1,55555567096163;0,906735395569924;0,505569093294629;0,505568510213577;0,542423295383888;0,645128743653648;0,999999654320567;0,839312184375599;0,686365732674007;0,484882772849465;0,338111817657018;-2,15412013791303;-2,42226812127019;-2,55906686800296;-3,10311669832069;-3,99474654545801;-3,97671217514574;-3,35263255597489;-2,70563138978424;-2,14672192447882;-1,19499808741355;-1,84815310840112;-2,22452115757888;-2,90058670842152;-5,11453698104553;-5,02170503837136;-4,05149685492326;-3,42456171028843;-2,69556160947629;0,0719810978515742;0,0157773726842686;0,0505370955583641;0,0170367760222954;0,0271365841219972;0,00815598019131003;0,0102300072942366;0,0079209892374245;-3,9032413797983025;-3;1;1;1;-3;-3;1;1;0,92271932431096837;-11216,2472743843;NA;All
1450;1,89389554888044;2,77668417838003;2,33533711420516;2,68774121246616;2,72309010659783;2,29408906685468;2,47326676471914;2,24097751517347;2,55320778110794;2,07780597554461;1,87229485914894;1,63386438152965;1,4456112889373;1,22448001849554;1,57391116751393;1,72268738934523;1,88268488418809;1,51541495520003;2,0105765664805;1,66769611430012;-21,1792549398174;-4,18947293818984;-6,65286241433163;-7,1809515973989;-5,54687814313434;-5,65488769770684;-9,8092163636125;-12,4411986438902;-5,52180832075962;-13,2792363051043;-11,5843475719452;-18,3650380350894;-25,6680975326532;-25,1712093050069;-26,5444579296166;-15,5048909875234;-16,7391415748164;-20,2654847460006;-14,0704407964278;-18,8612253266302;2,68199219822906;1,52838389719892;1,55555567096163;0,906735395569924;0,505569093294629;0,505568510213577;0,542423295383888;0,645128743653648;0,999999654320567;0,839312184375599;0,686365732674007;0,484882772849465;0,338111817657018;-2,15412013791303;-2,42226812127019;-2,55906686800296;-3,10311669832069;-3,99474654545801;-3,97671217514574;-3,35263255597489;-2,70563138978424;-2,14672192447882;-1,19499808741355;-1,84815310840112;-2,22452115757888;-2,90058670842152;-5,11453698104553;-5,02170503837136;-4,05149685492326;-3,42456171028843;-2,69556160947629;0,0719810978515742;0,0157773726842686;0,0505370955583641;0,0170367760222954;0,0271365841219972;0,00815598019131003;0,0102300072942366;0,0079209892374245;-1,9799802336764192;-3;1;1;1;-3;-3;1;1;0,61145931102153050;-11215,1473431283;NA;All
1460;1,89389554888044;2,77668417838003;2,33533711420516;2,68774121246616;2,72309010659783;2,29408906685468;2,47326676471914;2,24097751517347;2,55320778110794;2,07780597554461;1,87229485914894;1,63386438152965;1,4456112889373;1,22448001849554;1,57391116751393;1,72268738934523;1,88268488418809;1,51541495520003;2,0105765664805;1,66769611430012;-21,1792549398174;-4,18947293818984;-6,65286241433163;-7,1809515973989;-5,54687814313434;-5,65488769770684;-9,8092163636125;-12,4411986438902;-5,52180832075962;-13,2792363051043;-11,5843475719452;-18,3650380350894;-25,6680975326532;-25,1712093050069;-26,5444579296166;-15,5048909875234;-16,7391415748164;-20,2654847460006;-14,0704407964278;-18,8612253266302;2,68199219822906;1,52838389719892;1,55555567096163;0,906735395569924;0,505569093294629;0,505568510213577;0,542423295383888;0,645128743653648;0,999999654320567;0,839312184375599;0,686365732674007;0,484882772849465;0,338111817657018;-2,15412013791303;-2,42226812127019;-2,55906686800296;-3,10311669832069;-3,99474654545801;-3,97671217514574;-3,35263255597489;-2,70563138978424;-2,14672192447882;-1,19499808741355;-1,84815310840112;-2,22452115757888;-2,90058670842152;-5,11453698104553;-5,02170503837136;-4,05149685492326;-3,42456171028843;-2,69556160947629;0,0719810978515742;0,0157773726842686;0,0505370955583641;0,0170367760222954;0,0271365841219972;0,00815598019131003;0,0102300072942366;0,0079209892374245;-2,0307117685140890;-3;1;1;1;-3;-3;1;1;0,65923866862202818;-11215,2361404906;NA;All
1470;1,89389554888044;2,77668417838003;2,33533711420516;2,68774121246616;2,72309010659783;2,29408906685468;2,47326676471914;2,24097751517347;2,55320778110794;2,07780597554461;1,87229485914894;1,63386438152965;1,4456112889373;1,22448001849554;1,57391116751393;1,72268738934523;1,88268488418809;1,51541495520003;2,0105765664805;1,66769611430012;-21,1792549398174;-4,18947293818984;-6,65286241433163;-7,1809515973989;-5,54687814313434;-5,65488769770684;-9,8092163636125;-12,4411986438902;-5,52180832075962;-13,2792363051043;-11,5843475719452;-18,3650380350894;-25,6680975326532;-25,1712093050069;-26,5444579296166;-15,5048909875234;-16,7391415748164;-20,2654847460006;-14,0704407964278;-18,8612253266302;2,68199219822906;1,52838389719892;1,55555567096163;0,906735395569924;0,505569093294629;0,505568510213577;0,542423295383888;0,645128743653648;0,999999654320567;0,839312184375599;0,686365732674007;0,484882772849465;0,338111817657018;-2,15412013791303;-2,42226812127019;-2,55906686800296;-3,10311669832069;-3,99474654545801;-3,97671217514574;-3,35263255597489;-2,70563138978424;-2,14672192447882;-1,19499808741355;-1,84815310840112;-2,22452115757888;-2,90058670842152;-5,11453698104553;-5,02170503837136;-4,05149685492326;-3,42456171028843;-2,69556160947629;0,0719810978515742;0,0157773726842686;0,0505370955583641;0,0170367760222954;0,0271365841219972;0,00815598019131003;0,0102300072942366;0,0079209892374245;-1,2610448954581717;-3;1;1;1;-3;-3;1;1;0,46268986140152679;-11215,0247471445;NA;All
1480;1,89389554888044;2,77668417838003;2,33533711420516;2,68774121246616;2,72309010659783;2,29408906685468;2,47326676471914;2,24097751517347;2,55320778110794;2,07780597554461;1,87229485914894;1,63386438152965;1,4456112889373;1,22448001849554;1,57391116751393;1,72268738934523;1,88268488418809;1,51541495520003;2,0105765664805;1,66769611430012;-21,1792549398174;-4,18947293818984;-6,65286241433163;-7,1809515973989;-5,54687814313434;-5,65488769770684;-9,8092163636125;-12,4411986438902;-5,52180832075962;-13,2792363051043;-11,5843475719452;-18,3650380350894;-25,6680975326532;-25,1712093050069;-26,5444579296166;-15,5048909875234;-16,7391415748164;-20,2654847460006;-14,0704407964278;-18,8612253266302;2,68199219822906;1,52838389719892;1,55555567096163;0,906735395569924;0,505569093294629;0,505568510213577;0,542423295383888;0,645128743653648;0,999999654320567;0,839312184375599;0,686365732674007;0,484882772849465;0,338111817657018;-2,15412013791303;-2,42226812127019;-2,55906686800296;-3,10311669832069;-3,99474654545801;-3,97671217514574;-3,35263255597489;-2,70563138978424;-2,14672192447882;-1,19499808741355;-1,84815310840112;-2,22452115757888;-2,90058670842152;-5,11453698104553;-5,02170503837136;-4,05149685492326;-3,42456171028843;-2,69556160947629;0,0719810978515742;0,0157773726842686;0,0505370955583641;0,0170367760222954;0,0271365841219972;0,00815598019131003;0,0102300072942366;0,0079209892374245;-3,2557260951535785;-3;1;1;1;-3;-3;1;1;0,40305442543822417;-11215,3534934943;NA;All
1490;1,89389554888044;2,77668417838003;2,33533711420516;2,68774121246616;2,72309010659783;2,29408906685468;2,47326676471914;2,24097751517347;2,55320778110794;2,07780597554461;1,87229485914894;1,63386438152965;1,4456112889373;1,22448001849554;1,57391116751393;1,72268738934523;1,88268488418809;1,51541495520003;2,0105765664805;1,66769611430012;-21,1792549398174;-4,18947293818984;-6,65286241433163;-7,1809515973989;-5,54687814313434;-5,65488769770684;-9,8092163636125;-12,4411986438902;-5,52180832075962;-13,2792363051043;-11,5843475719452;-18,3650380350894;-25,6680975326532;-25,1712093050069;-26,5444579296166;-15,5048909875234;-16,7391415748164;-20,2654847460006;-14,0704407964278;-18,8612253266302;2,68199219822906;1,52838389719892;1,55555567096163;0,906735395569924;0,505569093294629;0,505568510213577;0,542423295383888;0,645128743653648;0,999999654320567;0,839312184375599;0,686365732674007;0,484882772849465;0,338111817657018;-2,15412013791303;-2,42226812127019;-2,55906686800296;-3,10311669832069;-3,99474654545801;-3,97671217514574;-3,35263255597489;-2,70563138978424;-2,14672192447882;-1,19499808741355;-1,84815310840112;-2,22452115757888;-2,90058670842152;-5,11453698104553;-5,02170503837136;-4,05149685492326;-3,42456171028843;-2,69556160947629;0,0719810978515742;0,0157773726842686;0,0505370955583641;0,0170367760222954;0,0271365841219972;0,00815598019131003;0,0102300072942366;0,0079209892374245;-1,8927533162199297;-3;1;1;1;-3;-3;1;1;0,50173810036785371;-11215,0912346992;NA;All
1500;1,89389554888044;2,77668417838003;2,33533711420516;2,68774121246616;2,72309010659783;2,29408906685468;2,47326676471914;2,24097751517347;2,55320778110794;2,07780597554461;1,87229485914894;1,63386438152965;1,4456112889373;1,22448001849554;1,57391116751393;1,72268738934523;1,88268488418809;1,51541495520003;2,0105765664805;1,66769611430012;-21,1792549398174;-4,18947293818984;-6,65286241433163;-7,1809515973989;-5,54687814313434;-5,65488769770684;-9,8092163636125;-12,4411986438902;-5,52180832075962;-13,2792363051043;-11,5843475719452;-18,3650380350894;-25,6680975326532;-25,1712093050069;-26,5444579296166;-15,5048909875234;-16,7391415748164;-20,2654847460006;-14,0704407964278;-18,8612253266302;2,68199219822906;1,52838389719892;1,55555567096163;0,906735395569924;0,505569093294629;0,505568510213577;0,542423295383888;0,645128743653648;0,999999654320567;0,839312184375599;0,686365732674007;0,484882772849465;0,338111817657018;-2,15412013791303;-2,42226812127019;-2,55906686800296;-3,10311669832069;-3,99474654545801;-3,97671217514574;-3,35263255597489;-2,70563138978424;-2,14672192447882;-1,19499808741355;-1,84815310840112;-2,22452115757888;-2,90058670842152;-5,11453698104553;-5,02170503837136;-4,05149685492326;-3,42456171028843;-2,69556160947629;0,0719810978515742;0,0157773726842686;0,0505370955583641;0,0170367760222954;0,0271365841219972;0,00815598019131003;0,0102300072942366;0,0079209892374245;-2,9244202375134245;-3;1;1;1;-3;-3;1;1;0,38367888817175466;-11215,4254282863;NA;All
1510;1,89389554888044;2,77668417838003;2,33533711420516;2,68774121246616;2,72309010659783;2,29408906685468;2,47326676471914;2,24097751517347;2,55320778110794;2,07780597554461;1,87229485914894;1,63386438152965;1,4456112889373;1,22448001849554;1,57391116751393;1,72268738934523;1,88268488418809;1,51541495520003;2,0105765664805;1,66769611430012;-21,1792549398174;-4,18947293818984;-6,65286241433163;-7,1809515973989;-5,54687814313434;-5,65488769770684;-9,8092163636125;-12,4411986438902;-5,52180832075962;-13,2792363051043;-11,5843475719452;-18,3650380350894;-25,6680975326532;-25,1712093050069;-26,5444579296166;-15,5048909875234;-16,7391415748164;-20,2654847460006;-14,0704407964278;-18,8612253266302;2,68199219822906;1,52838389719892;1,55555567096163;0,906735395569924;0,505569093294629;0,505568510213577;0,542423295383888;0,645128743653648;0,999999654320567;0,839312184375599;0,686365732674007;0,484882772849465;0,338111817657018;-2,15412013791303;-2,42226812127019;-2,55906686800296;-3,10311669832069;-3,99474654545801;-3,97671217514574;-3,35263255597489;-2,70563138978424;-2,14672192447882;-1,19499808741355;-1,84815310840112;-2,22452115757888;-2,90058670842152;-5,11453698104553;-5,02170503837136;-4,05149685492326;-3,42456171028843;-2,69556160947629;0,0719810978515742;0,0157773726842686;0,0505370955583641;0,0170367760222954;0,0271365841219972;0,00815598019131003;0,0102300072942366;0,0079209892374245;-3,8192932506970809;-3;1;1;1;-3;-3;1;1;0,60032213488241659;-11215,1295884241;NA;All
1520;1,89389554888044;2,77668417838003;2,33533711420516;2,68774121246616;2,72309010659783;2,29408906685468;2,47326676471914;2,24097751517347;2,55320778110794;2,07780597554461;1,87229485914894;1,63386438152965;1,4456112889373;1,22448001849554;1,57391116751393;1,72268738934523;1,88268488418809;1,51541495520003;2,0105765664805;1,66769611430012;-21,1792549398174;-4,18947293818984;-6,65286241433163;-7,1809515973989;-5,54687814313434;-5,65488769770684;-9,8092163636125;-12,4411986438902;-5,52180832075962;-13,2792363051043;-11,5843475719452;-18,3650380350894;-25,6680975326532;-25,1712093050069;-26,5444579296166;-15,5048909875234;-16,7391415748164;-20,2654847460006;-14,0704407964278;-18,8612253266302;2,68199219822906;1,52838389719892;1,55555567096163;0,906735395569924;0,505569093294629;0,505568510213577;0,542423295383888;0,645128743653648;0,999999654320567;0,839312184375599;0,686365732674007;0,484882772849465;0,338111817657018;-2,15412013791303;-2,42226812127019;-2,55906686800296;-3,10311669832069;-3,99474654545801;-3,97671217514574;-3,35263255597489;-2,70563138978424;-2,14672192447882;-1,19499808741355;-1,84815310840112;-2,22452115757888;-2,90058670842152;-5,11453698104553;-5,02170503837136;-4,05149685492326;-3,42456171028843;-2,69556160947629;0,0719810978515742;0,0157773726842686;0,0505370955583641;0,0170367760222954;0,0271365841219972;0,00815598019131003;0,0102300072942366;0,0079209892374245;-1,7390661729796508;-3;1;1;1;-3;-3;1;1;0,31570806311517963;-11215,6067988374;NA;All
1530;1,89389554888044;2,77668417838003;2,33533711420516;2,68774121246616;2,72309010659783;2,29408906685468;2,47326676471914;2,24097751517347;2,55320778110794;2,07780597554461;1,87229485914894;1,63386438152965;1,4456112889373;1,22448001849554;1,57391116751393;1,72268738934523;1,88268488418809;1,51541495520003;2,0105765664805;1,66769611430012;-21,1792549398174;-4,18947293818984;-6,65286241433163;-7,1809515973989;-5,54687814313434;-5,65488769770684;-9,8092163636125;-12,4411986438902;-5,52180832075962;-13,2792363051043;-11,5843475719452;-18,3650380350894;-25,6680975326532;-25,1712093050069;-26,5444579296166;-15,5048909875234;-16,7391415748164;-20,2654847460006;-14,0704407964278;-18,8612253266302;2,68199219822906;1,52838389719892;1,55555567096163;0,906735395569924;0,505569093294629;0,505568510213577;0,542423295383888;0,645128743653648;0,999999654320567;0,839312184375599;0,686365732674007;0,484882772849465;0,338111817657018;-2,15412013791303;-2,42226812127019;-2,55906686800296;-3,10311669832069;-3,99474654545801;-3,97671217514574;-3,35263255597489;-2,70563138978424;-2,14672192447882;-1,19499808741355;-1,84815310840112;-2,22452115757888;-2,90058670842152;-5,11453698104553;-5,02170503837136;-4,05149685492326;-3,42456171028843;-2,69556160947629;0,0719810978515742;0,0157773726842686;0,0505370955583641;0,0170367760222954;0,0271365841219972;0,00815598019131003;0,0102300072942366;0,0079209892374245;-2,1507972831079702;-3;1;1;1;-3;-3;1;1;0,46775420276414958;-11215,1479545554;NA;All
1540;1,89389554888044;2,77668417838003;2,33533711420516;2,68774121246616;2,72309010659783;2,29408906685468;2,47326676471914;2,24097751517347;2,55320778110794;2,07780597554461;1,87229485914894;1,63386438152965;1,4456112889373;1,22448001849554;1,57391116751393;1,72268738934523;1,88268488418809;1,51541495520003;2,0105765664805;1,66769611430012;-21,1792549398174;-4,18947293818984;-6,65286241433163;-7,1809515973989;-5,54687814313434;-5,65488769770684;-9,8092163636125;-12,4411986438902;-5,52180832075962;-13,2792363051043;-11,5843475719452;-18,3650380350894;-25,6680975326532;-25,1712093050069;-26,5444579296166;-15,5048909875234;-16,7391415748164;-20,2654847460006;-14,0704407964278;-18,8612253266302;2,68199219822906;1,52838389719892;1,55555567096163;0,906735395569924;0,505569093294629;0,505568510213577;0,542423295383888;0,645128743653648;0,999999654320567;0,839312184375599;0,686365732674007;0,484882772849465;0,338111817657018;-2,15412013791303;-2,42226812127019;-2,55906686800296;-3,10311669832069;-3,99474654545801;-3,97671217514574;-3,35263255597489;-2,70563138978424;-2,14672192447882;-1,19499808741355;-1,84815310840112;-2,22452115757888;-2,90058670842152;-5,11453698104553;-5,02170503837136;-4,05149685492326;-3,42456171028843;-2,69556160947629;0,0719810978515742;0,0157773726842686;0,0505370955583641;0,0170367760222954;0,0271365841219972;0,00815598019131003;0,0102300072942366;0,0079209892374245;-0,6281849764170078;-3;1;1;1;-3;-3;1;1;0,16887588053426045;-11214,9104515391;NA;All
1550;1,89389554888044;2,77668417838003;2,33533711420516;2,68774121246616;2,72309010659783;2,29408906685468;2,47326676471914;2,24097751517347;2,55320778110794;2,07780597554461;1,87229485914894;1,63386438152965;1,4456112889373;1,22448001849554;1,57391116751393;1,72268738934523;1,88268488418809;1,51541495520003;2,0105765664805;1,66769611430012;-21,1792549398174;-4,18947293818984;-6,65286241433163;-7,1809515973989;-5,54687814313434;-5,65488769770684;-9,8092163636125;-12,4411986438902;-5,52180832075962;-13,2792363051043;-11,5843475719452;-18,3650380350894;-25,6680975326532;-25,1712093050069;-26,5444579296166;-15,5048909875234;-16,7391415748164;-20,2654847460006;-14,0704407964278;-18,8612253266302;2,68199219822906;1,52838389719892;1,55555567096163;0,906735395569924;0,505569093294629;0,505568510213577;0,542423295383888;0,645128743653648;0,999999654320567;0,839312184375599;0,686365732674007;0,484882772849465;0,338111817657018;-2,15412013791303;-2,42226812127019;-2,55906686800296;-3,10311669832069;-3,99474654545801;-3,97671217514574;-3,35263255597489;-2,70563138978424;-2,14672192447882;-1,19499808741355;-1,84815310840112;-2,22452115757888;-2,90058670842152;-5,11453698104553;-5,02170503837136;-4,05149685492326;-3,42456171028843;-2,69556160947629;0,0719810978515742;0,0157773726842686;0,0505370955583641;0,0170367760222954;0,0271365841219972;0,00815598019131003;0,0102300072942366;0,0079209892374245;-2,4828783720059175;-3;1;1;1;-3;-3;1;1;0,98377862921704851;-11216,6258371356;NA;All
1560;1,89389554888044;2,77668417838003;2,33533711420516;2,68774121246616;2,72309010659783;2,29408906685468;2,47326676471914;2,24097751517347;2,55320778110794;2,07780597554461;1,87229485914894;1,63386438152965;1,4456112889373;1,22448001849554;1,57391116751393;1,72268738934523;1,88268488418809;1,51541495520003;2,0105765664805;1,66769611430012;-21,1792549398174;-4,18947293818984;-6,65286241433163;-7,1809515973989;-5,54687814313434;-5,65488769770684;-9,8092163636125;-12,4411986438902;-5,52180832075962;-13,2792363051043;-11,5843475719452;-18,3650380350894;-25,6680975326532;-25,1712093050069;-26,5444579296166;-15,5048909875234;-16,7391415748164;-20,2654847460006;-14,0704407964278;-18,8612253266302;2,68199219822906;1,52838389719892;1,55555567096163;0,906735395569924;0,505569093294629;0,505568510213577;0,542423295383888;0,645128743653648;0,999999654320567;0,839312184375599;0,686365732674007;0,484882772849465;0,338111817657018;-2,15412013791303;-2,42226812127019;-2,55906686800296;-3,10311669832069;-3,99474654545801;-3,97671217514574;-3,35263255597489;-2,70563138978424;-2,14672192447882;-1,19499808741355;-1,84815310840112;-2,22452115757888;-2,90058670842152;-5,11453698104553;-5,02170503837136;-4,05149685492326;-3,42456171028843;-2,69556160947629;0,0719810978515742;0,0157773726842686;0,0505370955583641;0,0170367760222954;0,0271365841219972;0,00815598019131003;0,0102300072942366;0,0079209892374245;-2,8529027680427994;-3;1;1;1;-3;-3;1;1;0,35735342949624171;-11215,5463145605;NA;All
1570;1,89389554888044;2,77668417838003;2,33533711420516;2,68774121246616;2,72309010659783;2,29408906685468;2,47326676471914;2,24097751517347;2,55320778110794;2,07780597554461;1,87229485914894;1,63386438152965;1,4456112889373;1,22448001849554;1,57391116751393;1,72268738934523;1,88268488418809;1,51541495520003;2,0105765664805;1,66769611430012;-21,1792549398174;-4,18947293818984;-6,65286241433163;-7,1809515973989;-5,54687814313434;-5,65488769770684;-9,8092163636125;-12,4411986438902;-5,52180832075962;-13,2792363051043;-11,5843475719452;-18,3650380350894;-25,6680975326532;-25,1712093050069;-26,5444579296166;-15,5048909875234;-16,7391415748164;-20,2654847460006;-14,0704407964278;-18,8612253266302;2,68199219822906;1,52838389719892;1,55555567096163;0,906735395569924;0,505569093294629;0,505568510213577;0,542423295383888;0,645128743653648;0,999999654320567;0,839312184375599;0,686365732674007;0,484882772849465;0,338111817657018;-2,15412013791303;-2,42226812127019;-2,55906686800296;-3,10311669832069;-3,99474654545801;-3,97671217514574;-3,35263255597489;-2,70563138978424;-2,14672192447882;-1,19499808741355;-1,84815310840112;-2,22452115757888;-2,90058670842152;-5,11453698104553;-5,02170503837136;-4,05149685492326;-3,42456171028843;-2,69556160947629;0,0719810978515742;0,0157773726842686;0,0505370955583641;0,0170367760222954;0,0271365841219972;0,00815598019131003;0,0102300072942366;0,0079209892374245;-2,8449102172395788;-3;1;1;1;-3;-3;1;1;0,52232434824279017;-11215,1078030743;NA;All
1580;1,89389554888044;2,77668417838003;2,33533711420516;2,68774121246616;2,72309010659783;2,29408906685468;2,47326676471914;2,24097751517347;2,55320778110794;2,07780597554461;1,87229485914894;1,63386438152965;1,4456112889373;1,22448001849554;1,57391116751393;1,72268738934523;1,88268488418809;1,51541495520003;2,0105765664805;1,66769611430012;-21,1792549398174;-4,18947293818984;-6,65286241433163;-7,1809515973989;-5,54687814313434;-5,65488769770684;-9,8092163636125;-12,4411986438902;-5,52180832075962;-13,2792363051043;-11,5843475719452;-18,3650380350894;-25,6680975326532;-25,1712093050069;-26,5444579296166;-15,5048909875234;-16,7391415748164;-20,2654847460006;-14,0704407964278;-18,8612253266302;2,68199219822906;1,52838389719892;1,55555567096163;0,906735395569924;0,505569093294629;0,505568510213577;0,542423295383888;0,645128743653648;0,999999654320567;0,839312184375599;0,686365732674007;0,484882772849465;0,338111817657018;-2,15412013791303;-2,42226812127019;-2,55906686800296;-3,10311669832069;-3,99474654545801;-3,97671217514574;-3,35263255597489;-2,70563138978424;-2,14672192447882;-1,19499808741355;-1,84815310840112;-2,22452115757888;-2,90058670842152;-5,11453698104553;-5,02170503837136;-4,05149685492326;-3,42456171028843;-2,69556160947629;0,0719810978515742;0,0157773726842686;0,0505370955583641;0,0170367760222954;0,0271365841219972;0,00815598019131003;0,0102300072942366;0,0079209892374245;-1,7493994803720978;-3;1;1;1;-3;-3;1;1;0,42734583658494835;-11215,1772707614;NA;All
1590;1,89389554888044;2,77668417838003;2,33533711420516;2,68774121246616;2,72309010659783;2,29408906685468;2,47326676471914;2,24097751517347;2,55320778110794;2,07780597554461;1,87229485914894;1,63386438152965;1,4456112889373;1,22448001849554;1,57391116751393;1,72268738934523;1,88268488418809;1,51541495520003;2,0105765664805;1,66769611430012;-21,1792549398174;-4,18947293818984;-6,65286241433163;-7,1809515973989;-5,54687814313434;-5,65488769770684;-9,8092163636125;-12,4411986438902;-5,52180832075962;-13,2792363051043;-11,5843475719452;-18,3650380350894;-25,6680975326532;-25,1712093050069;-26,5444579296166;-15,5048909875234;-16,7391415748164;-20,2654847460006;-14,0704407964278;-18,8612253266302;2,68199219822906;1,52838389719892;1,55555567096163;0,906735395569924;0,505569093294629;0,505568510213577;0,542423295383888;0,645128743653648;0,999999654320567;0,839312184375599;0,686365732674007;0,484882772849465;0,338111817657018;-2,15412013791303;-2,42226812127019;-2,55906686800296;-3,10311669832069;-3,99474654545801;-3,97671217514574;-3,35263255597489;-2,70563138978424;-2,14672192447882;-1,19499808741355;-1,84815310840112;-2,22452115757888;-2,90058670842152;-5,11453698104553;-5,02170503837136;-4,05149685492326;-3,42456171028843;-2,69556160947629;0,0719810978515742;0,0157773726842686;0,0505370955583641;0,0170367760222954;0,0271365841219972;0,00815598019131003;0,0102300072942366;0,0079209892374245;-3,9116671598374602;-3;1;1;1;-3;-3;1;1;0,26553686209415250;-11216,1976155107;NA;All
1600;1,89389554888044;2,77668417838003;2,33533711420516;2,68774121246616;2,72309010659783;2,29408906685468;2,47326676471914;2,24097751517347;2,55320778110794;2,07780597554461;1,87229485914894;1,63386438152965;1,4456112889373;1,22448001849554;1,57391116751393;1,72268738934523;1,88268488418809;1,51541495520003;2,0105765664805;1,66769611430012;-21,1792549398174;-4,18947293818984;-6,65286241433163;-7,1809515973989;-5,54687814313434;-5,65488769770684;-9,8092163636125;-12,4411986438902;-5,52180832075962;-13,2792363051043;-11,5843475719452;-18,3650380350894;-25,6680975326532;-25,1712093050069;-26,5444579296166;-15,5048909875234;-16,7391415748164;-20,2654847460006;-14,0704407964278;-18,8612253266302;2,68199219822906;1,52838389719892;1,55555567096163;0,906735395569924;0,505569093294629;0,505568510213577;0,542423295383888;0,645128743653648;0,999999654320567;0,839312184375599;0,686365732674007;0,484882772849465;0,338111817657018;-2,15412013791303;-2,42226812127019;-2,55906686800296;-3,10311669832069;-3,99474654545801;-3,97671217514574;-3,35263255597489;-2,70563138978424;-2,14672192447882;-1,19499808741355;-1,84815310840112;-2,22452115757888;-2,90058670842152;-5,11453698104553;-5,02170503837136;-4,05149685492326;-3,42456171028843;-2,69556160947629;0,0719810978515742;0,0157773726842686;0,0505370955583641;0,0170367760222954;0,0271365841219972;0,00815598019131003;0,0102300072942366;0,0079209892374245;-1,8065208385882541;-3;1;1;1;-3;-3;1;1;0,73266135077237915;-11215,4670370969;NA;All
1610;1,89389554888044;2,77668417838003;2,33533711420516;2,68774121246616;2,72309010659783;2,29408906685468;2,47326676471914;2,24097751517347;2,55320778110794;2,07780597554461;1,87229485914894;1,63386438152965;1,4456112889373;1,22448001849554;1,57391116751393;1,72268738934523;1,88268488418809;1,51541495520003;2,0105765664805;1,66769611430012;-21,1792549398174;-4,18947293818984;-6,65286241433163;-7,1809515973989;-5,54687814313434;-5,65488769770684;-9,8092163636125;-12,4411986438902;-5,52180832075962;-13,2792363051043;-11,5843475719452;-18,3650380350894;-25,6680975326532;-25,1712093050069;-26,5444579296166;-15,5048909875234;-16,7391415748164;-20,2654847460006;-14,0704407964278;-18,8612253266302;2,68199219822906;1,52838389719892;1,55555567096163;0,906735395569924;0,505569093294629;0,505568510213577;0,542423295383888;0,645128743653648;0,999999654320567;0,839312184375599;0,686365732674007;0,484882772849465;0,338111817657018;-2,15412013791303;-2,42226812127019;-2,55906686800296;-3,10311669832069;-3,99474654545801;-3,97671217514574;-3,35263255597489;-2,70563138978424;-2,14672192447882;-1,19499808741355;-1,84815310840112;-2,22452115757888;-2,90058670842152;-5,11453698104553;-5,02170503837136;-4,05149685492326;-3,42456171028843;-2,69556160947629;0,0719810978515742;0,0157773726842686;0,0505370955583641;0,0170367760222954;0,0271365841219972;0,00815598019131003;0,0102300072942366;0,0079209892374245;-2,3462941921574294;-3;1;1;1;-3;-3;1;1;0,66940757745370338;-11215,2503960866;NA;All
1620;1,89389554888044;2,77668417838003;2,33533711420516;2,68774121246616;2,72309010659783;2,29408906685468;2,47326676471914;2,24097751517347;2,55320778110794;2,07780597554461;1,87229485914894;1,63386438152965;1,4456112889373;1,22448001849554;1,57391116751393;1,72268738934523;1,88268488418809;1,51541495520003;2,0105765664805;1,66769611430012;-21,1792549398174;-4,18947293818984;-6,65286241433163;-7,1809515973989;-5,54687814313434;-5,65488769770684;-9,8092163636125;-12,4411986438902;-5,52180832075962;-13,2792363051043;-11,5843475719452;-18,3650380350894;-25,6680975326532;-25,1712093050069;-26,5444579296166;-15,5048909875234;-16,7391415748164;-20,2654847460006;-14,0704407964278;-18,8612253266302;2,68199219822906;1,52838389719892;1,55555567096163;0,906735395569924;0,505569093294629;0,505568510213577;0,542423295383888;0,645128743653648;0,999999654320567;0,839312184375599;0,686365732674007;0,484882772849465;0,338111817657018;-2,15412013791303;-2,42226812127019;-2,55906686800296;-3,10311669832069;-3,99474654545801;-3,97671217514574;-3,35263255597489;-2,70563138978424;-2,14672192447882;-1,19499808741355;-1,84815310840112;-2,22452115757888;-2,90058670842152;-5,11453698104553;-5,02170503837136;-4,05149685492326;-3,42456171028843;-2,69556160947629;0,0719810978515742;0,0157773726842686;0,0505370955583641;0,0170367760222954;0,0271365841219972;0,00815598019131003;0,0102300072942366;0,0079209892374245;-1,8810201330658964;-3;1;1;1;-3;-3;1;1;0,47981543027630935;-11215,1094518992;NA;All
1630;1,89389554888044;2,77668417838003;2,33533711420516;2,68774121246616;2,72309010659783;2,29408906685468;2,47326676471914;2,24097751517347;2,55320778110794;2,07780597554461;1,87229485914894;1,63386438152965;1,4456112889373;1,22448001849554;1,57391116751393;1,72268738934523;1,88268488418809;1,51541495520003;2,0105765664805;1,66769611430012;-21,1792549398174;-4,18947293818984;-6,65286241433163;-7,1809515973989;-5,54687814313434;-5,65488769770684;-9,8092163636125;-12,4411986438902;-5,52180832075962;-13,2792363051043;-11,5843475719452;-18,3650380350894;-25,6680975326532;-25,1712093050069;-26,5444579296166;-15,5048909875234;-16,7391415748164;-20,2654847460006;-14,0704407964278;-18,8612253266302;2,68199219822906;1,52838389719892;1,55555567096163;0,906735395569924;0,505569093294629;0,505568510213577;0,542423295383888;0,645128743653648;0,999999654320567;0,839312184375599;0,686365732674007;0,484882772849465;0,338111817657018;-2,15412013791303;-2,42226812127019;-2,55906686800296;-3,10311669832069;-3,99474654545801;-3,97671217514574;-3,35263255597489;-2,70563138978424;-2,14672192447882;-1,19499808741355;-1,84815310840112;-2,22452115757888;-2,90058670842152;-5,11453698104553;-5,02170503837136;-4,05149685492326;-3,42456171028843;-2,69556160947629;0,0719810978515742;0,0157773726842686;0,0505370955583641;0,0170367760222954;0,0271365841219972;0,00815598019131003;0,0102300072942366;0,0079209892374245;-3,5559928927298317;-3;1;1;1;-3;-3;1;1;0,61577453634406498;-11215,1475418399;NA;All
1640;1,89389554888044;2,77668417838003;2,33533711420516;2,68774121246616;2,72309010659783;2,29408906685468;2,47326676471914;2,24097751517347;2,55320778110794;2,07780597554461;1,87229485914894;1,63386438152965;1,4456112889373;1,22448001849554;1,57391116751393;1,72268738934523;1,88268488418809;1,51541495520003;2,0105765664805;1,66769611430012;-21,1792549398174;-4,18947293818984;-6,65286241433163;-7,1809515973989;-5,54687814313434;-5,65488769770684;-9,8092163636125;-12,4411986438902;-5,52180832075962;-13,2792363051043;-11,5843475719452;-18,3650380350894;-25,6680975326532;-25,1712093050069;-26,5444579296166;-15,5048909875234;-16,7391415748164;-20,2654847460006;-14,0704407964278;-18,8612253266302;2,68199219822906;1,52838389719892;1,55555567096163;0,906735395569924;0,505569093294629;0,505568510213577;0,542423295383888;0,645128743653648;0,999999654320567;0,839312184375599;0,686365732674007;0,484882772849465;0,338111817657018;-2,15412013791303;-2,42226812127019;-2,55906686800296;-3,10311669832069;-3,99474654545801;-3,97671217514574;-3,35263255597489;-2,70563138978424;-2,14672192447882;-1,19499808741355;-1,84815310840112;-2,22452115757888;-2,90058670842152;-5,11453698104553;-5,02170503837136;-4,05149685492326;-3,42456171028843;-2,69556160947629;0,0719810978515742;0,0157773726842686;0,0505370955583641;0,0170367760222954;0,0271365841219972;0,00815598019131003;0,0102300072942366;0,0079209892374245;-1,1944725292017038;-3;1;1;1;-3;-3;1;1;1,27919894888524732;-11219,5000667526;NA;All
1650;1,89389554888044;2,77668417838003;2,33533711420516;2,68774121246616;2,72309010659783;2,29408906685468;2,47326676471914;2,24097751517347;2,55320778110794;2,07780597554461;1,87229485914894;1,63386438152965;1,4456112889373;1,22448001849554;1,57391116751393;1,72268738934523;1,88268488418809;1,51541495520003;2,0105765664805;1,66769611430012;-21,1792549398174;-4,18947293818984;-6,65286241433163;-7,1809515973989;-5,54687814313434;-5,65488769770684;-9,8092163636125;-12,4411986438902;-5,52180832075962;-13,2792363051043;-11,5843475719452;-18,3650380350894;-25,6680975326532;-25,1712093050069;-26,5444579296166;-15,5048909875234;-16,7391415748164;-20,2654847460006;-14,0704407964278;-18,8612253266302;2,68199219822906;1,52838389719892;1,55555567096163;0,906735395569924;0,505569093294629;0,505568510213577;0,542423295383888;0,645128743653648;0,999999654320567;0,839312184375599;0,686365732674007;0,484882772849465;0,338111817657018;-2,15412013791303;-2,42226812127019;-2,55906686800296;-3,10311669832069;-3,99474654545801;-3,97671217514574;-3,35263255597489;-2,70563138978424;-2,14672192447882;-1,19499808741355;-1,84815310840112;-2,22452115757888;-2,90058670842152;-5,11453698104553;-5,02170503837136;-4,05149685492326;-3,42456171028843;-2,69556160947629;0,0719810978515742;0,0157773726842686;0,0505370955583641;0,0170367760222954;0,0271365841219972;0,00815598019131003;0,0102300072942366;0,0079209892374245;-3,9553333353684672;-3;1;1;1;-3;-3;1;1;1,13368617780578296;-11217,6128857361;NA;All
1660;1,89389554888044;2,77668417838003;2,33533711420516;2,68774121246616;2,72309010659783;2,29408906685468;2,47326676471914;2,24097751517347;2,55320778110794;2,07780597554461;1,87229485914894;1,63386438152965;1,4456112889373;1,22448001849554;1,57391116751393;1,72268738934523;1,88268488418809;1,51541495520003;2,0105765664805;1,66769611430012;-21,1792549398174;-4,18947293818984;-6,65286241433163;-7,1809515973989;-5,54687814313434;-5,65488769770684;-9,8092163636125;-12,4411986438902;-5,52180832075962;-13,2792363051043;-11,5843475719452;-18,3650380350894;-25,6680975326532;-25,1712093050069;-26,5444579296166;-15,5048909875234;-16,7391415748164;-20,2654847460006;-14,0704407964278;-18,8612253266302;2,68199219822906;1,52838389719892;1,55555567096163;0,906735395569924;0,505569093294629;0,505568510213577;0,542423295383888;0,645128743653648;0,999999654320567;0,839312184375599;0,686365732674007;0,484882772849465;0,338111817657018;-2,15412013791303;-2,42226812127019;-2,55906686800296;-3,10311669832069;-3,99474654545801;-3,97671217514574;-3,35263255597489;-2,70563138978424;-2,14672192447882;-1,19499808741355;-1,84815310840112;-2,22452115757888;-2,90058670842152;-5,11453698104553;-5,02170503837136;-4,05149685492326;-3,42456171028843;-2,69556160947629;0,0719810978515742;0,0157773726842686;0,0505370955583641;0,0170367760222954;0,0271365841219972;0,00815598019131003;0,0102300072942366;0,0079209892374245;-3,6839205776561097;-3;1;1;1;-3;-3;1;1;0,28382883359375710;-11216,0406866240;NA;All
1670;1,89389554888044;2,77668417838003;2,33533711420516;2,68774121246616;2,72309010659783;2,29408906685468;2,47326676471914;2,24097751517347;2,55320778110794;2,07780597554461;1,87229485914894;1,63386438152965;1,4456112889373;1,22448001849554;1,57391116751393;1,72268738934523;1,88268488418809;1,51541495520003;2,0105765664805;1,66769611430012;-21,1792549398174;-4,18947293818984;-6,65286241433163;-7,1809515973989;-5,54687814313434;-5,65488769770684;-9,8092163636125;-12,4411986438902;-5,52180832075962;-13,2792363051043;-11,5843475719452;-18,3650380350894;-25,6680975326532;-25,1712093050069;-26,5444579296166;-15,5048909875234;-16,7391415748164;-20,2654847460006;-14,0704407964278;-18,8612253266302;2,68199219822906;1,52838389719892;1,55555567096163;0,906735395569924;0,505569093294629;0,505568510213577;0,542423295383888;0,645128743653648;0,999999654320567;0,839312184375599;0,686365732674007;0,484882772849465;0,338111817657018;-2,15412013791303;-2,42226812127019;-2,55906686800296;-3,10311669832069;-3,99474654545801;-3,97671217514574;-3,35263255597489;-2,70563138978424;-2,14672192447882;-1,19499808741355;-1,84815310840112;-2,22452115757888;-2,90058670842152;-5,11453698104553;-5,02170503837136;-4,05149685492326;-3,42456171028843;-2,69556160947629;0,0719810978515742;0,0157773726842686;0,0505370955583641;0,0170367760222954;0,0271365841219972;0,00815598019131003;0,0102300072942366;0,0079209892374245;-2,9244913073253302;-3;1;1;1;-3;-3;1;1;0,43401239535032210;-11215,2501985117;NA;All
1680;1,89389554888044;2,77668417838003;2,33533711420516;2,68774121246616;2,72309010659783;2,29408906685468;2,47326676471914;2,24097751517347;2,55320778110794;2,07780597554461;1,87229485914894;1,63386438152965;1,4456112889373;1,22448001849554;1,57391116751393;1,72268738934523;1,88268488418809;1,51541495520003;2,0105765664805;1,66769611430012;-21,1792549398174;-4,18947293818984;-6,65286241433163;-7,1809515973989;-5,54687814313434;-5,65488769770684;-9,8092163636125;-12,4411986438902;-5,52180832075962;-13,2792363051043;-11,5843475719452;-18,3650380350894;-25,6680975326532;-25,1712093050069;-26,5444579296166;-15,5048909875234;-16,7391415748164;-20,2654847460006;-14,0704407964278;-18,8612253266302;2,68199219822906;1,52838389719892;1,55555567096163;0,906735395569924;0,505569093294629;0,505568510213577;0,542423295383888;0,645128743653648;0,999999654320567;0,839312184375599;0,686365732674007;0,484882772849465;0,338111817657018;-2,15412013791303;-2,42226812127019;-2,55906686800296;-3,10311669832069;-3,99474654545801;-3,97671217514574;-3,35263255597489;-2,70563138978424;-2,14672192447882;-1,19499808741355;-1,84815310840112;-2,22452115757888;-2,90058670842152;-5,11453698104553;-5,02170503837136;-4,05149685492326;-3,42456171028843;-2,69556160947629;0,0719810978515742;0,0157773726842686;0,0505370955583641;0,0170367760222954;0,0271365841219972;0,00815598019131003;0,0102300072942366;0,0079209892374245;-0,3206954068022427;-3;1;1;1;-3;-3;1;1;0,26502103408291294;-11216,0163571152;NA;All
1690;1,89389554888044;2,77668417838003;2,33533711420516;2,68774121246616;2,72309010659783;2,29408906685468;2,47326676471914;2,24097751517347;2,55320778110794;2,07780597554461;1,87229485914894;1,63386438152965;1,4456112889373;1,22448001849554;1,57391116751393;1,72268738934523;1,88268488418809;1,51541495520003;2,0105765664805;1,66769611430012;-21,1792549398174;-4,18947293818984;-6,65286241433163;-7,1809515973989;-5,54687814313434;-5,65488769770684;-9,8092163636125;-12,4411986438902;-5,52180832075962;-13,2792363051043;-11,5843475719452;-18,3650380350894;-25,6680975326532;-25,1712093050069;-26,5444579296166;-15,5048909875234;-16,7391415748164;-20,2654847460006;-14,0704407964278;-18,8612253266302;2,68199219822906;1,52838389719892;1,55555567096163;0,906735395569924;0,505569093294629;0,505568510213577;0,542423295383888;0,645128743653648;0,999999654320567;0,839312184375599;0,686365732674007;0,484882772849465;0,338111817657018;-2,15412013791303;-2,42226812127019;-2,55906686800296;-3,10311669832069;-3,99474654545801;-3,97671217514574;-3,35263255597489;-2,70563138978424;-2,14672192447882;-1,19499808741355;-1,84815310840112;-2,22452115757888;-2,90058670842152;-5,11453698104553;-5,02170503837136;-4,05149685492326;-3,42456171028843;-2,69556160947629;0,0719810978515742;0,0157773726842686;0,0505370955583641;0,0170367760222954;0,0271365841219972;0,00815598019131003;0,0102300072942366;0,0079209892374245;-0,6992187817132407;-3;1;1;1;-3;-3;1;1;0,14769898633750675;-11215,0488251473;NA;All
1700;1,89389554888044;2,77668417838003;2,33533711420516;2,68774121246616;2,72309010659783;2,29408906685468;2,47326676471914;2,24097751517347;2,55320778110794;2,07780597554461;1,87229485914894;1,63386438152965;1,4456112889373;1,22448001849554;1,57391116751393;1,72268738934523;1,88268488418809;1,51541495520003;2,0105765664805;1,66769611430012;-21,1792549398174;-4,18947293818984;-6,65286241433163;-7,1809515973989;-5,54687814313434;-5,65488769770684;-9,8092163636125;-12,4411986438902;-5,52180832075962;-13,2792363051043;-11,5843475719452;-18,3650380350894;-25,6680975326532;-25,1712093050069;-26,5444579296166;-15,5048909875234;-16,7391415748164;-20,2654847460006;-14,0704407964278;-18,8612253266302;2,68199219822906;1,52838389719892;1,55555567096163;0,906735395569924;0,505569093294629;0,505568510213577;0,542423295383888;0,645128743653648;0,999999654320567;0,839312184375599;0,686365732674007;0,484882772849465;0,338111817657018;-2,15412013791303;-2,42226812127019;-2,55906686800296;-3,10311669832069;-3,99474654545801;-3,97671217514574;-3,35263255597489;-2,70563138978424;-2,14672192447882;-1,19499808741355;-1,84815310840112;-2,22452115757888;-2,90058670842152;-5,11453698104553;-5,02170503837136;-4,05149685492326;-3,42456171028843;-2,69556160947629;0,0719810978515742;0,0157773726842686;0,0505370955583641;0,0170367760222954;0,0271365841219972;0,00815598019131003;0,0102300072942366;0,0079209892374245;-3,2647124226880928;-3;1;1;1;-3;-3;1;1;0,59140581237751044;-11215,1213862909;NA;All
1710;1,89389554888044;2,77668417838003;2,33533711420516;2,68774121246616;2,72309010659783;2,29408906685468;2,47326676471914;2,24097751517347;2,55320778110794;2,07780597554461;1,87229485914894;1,63386438152965;1,4456112889373;1,22448001849554;1,57391116751393;1,72268738934523;1,88268488418809;1,51541495520003;2,0105765664805;1,66769611430012;-21,1792549398174;-4,18947293818984;-6,65286241433163;-7,1809515973989;-5,54687814313434;-5,65488769770684;-9,8092163636125;-12,4411986438902;-5,52180832075962;-13,2792363051043;-11,5843475719452;-18,3650380350894;-25,6680975326532;-25,1712093050069;-26,5444579296166;-15,5048909875234;-16,7391415748164;-20,2654847460006;-14,0704407964278;-18,8612253266302;2,68199219822906;1,52838389719892;1,55555567096163;0,906735395569924;0,505569093294629;0,505568510213577;0,542423295383888;0,645128743653648;0,999999654320567;0,839312184375599;0,686365732674007;0,484882772849465;0,338111817657018;-2,15412013791303;-2,42226812127019;-2,55906686800296;-3,10311669832069;-3,99474654545801;-3,97671217514574;-3,35263255597489;-2,70563138978424;-2,14672192447882;-1,19499808741355;-1,84815310840112;-2,22452115757888;-2,90058670842152;-5,11453698104553;-5,02170503837136;-4,05149685492326;-3,42456171028843;-2,69556160947629;0,0719810978515742;0,0157773726842686;0,0505370955583641;0,0170367760222954;0,0271365841219972;0,00815598019131003;0,0102300072942366;0,0079209892374245;-2,7670414632852078;-3;1;1;1;-3;-3;1;1;0,39790221975073153;-11215,3645706268;NA;All
1720;1,89389554888044;2,77668417838003;2,33533711420516;2,68774121246616;2,72309010659783;2,29408906685468;2,47326676471914;2,24097751517347;2,55320778110794;2,07780597554461;1,87229485914894;1,63386438152965;1,4456112889373;1,22448001849554;1,57391116751393;1,72268738934523;1,88268488418809;1,51541495520003;2,0105765664805;1,66769611430012;-21,1792549398174;-4,18947293818984;-6,65286241433163;-7,1809515973989;-5,54687814313434;-5,65488769770684;-9,8092163636125;-12,4411986438902;-5,52180832075962;-13,2792363051043;-11,5843475719452;-18,3650380350894;-25,6680975326532;-25,1712093050069;-26,5444579296166;-15,5048909875234;-16,7391415748164;-20,2654847460006;-14,0704407964278;-18,8612253266302;2,68199219822906;1,52838389719892;1,55555567096163;0,906735395569924;0,505569093294629;0,505568510213577;0,542423295383888;0,645128743653648;0,999999654320567;0,839312184375599;0,686365732674007;0,484882772849465;0,338111817657018;-2,15412013791303;-2,42226812127019;-2,55906686800296;-3,10311669832069;-3,99474654545801;-3,97671217514574;-3,35263255597489;-2,70563138978424;-2,14672192447882;-1,19499808741355;-1,84815310840112;-2,22452115757888;-2,90058670842152;-5,11453698104553;-5,02170503837136;-4,05149685492326;-3,42456171028843;-2,69556160947629;0,0719810978515742;0,0157773726842686;0,0505370955583641;0,0170367760222954;0,0271365841219972;0,00815598019131003;0,0102300072942366;0,0079209892374245;-1,3079405301459142;-3;1;1;1;-3;-3;1;1;0,37536909444119498;-11215,1443713120;NA;All
1730;1,89389554888044;2,77668417838003;2,33533711420516;2,68774121246616;2,72309010659783;2,29408906685468;2,47326676471914;2,24097751517347;2,55320778110794;2,07780597554461;1,87229485914894;1,63386438152965;1,4456112889373;1,22448001849554;1,57391116751393;1,72268738934523;1,88268488418809;1,51541495520003;2,0105765664805;1,66769611430012;-21,1792549398174;-4,18947293818984;-6,65286241433163;-7,1809515973989;-5,54687814313434;-5,65488769770684;-9,8092163636125;-12,4411986438902;-5,52180832075962;-13,2792363051043;-11,5843475719452;-18,3650380350894;-25,6680975326532;-25,1712093050069;-26,5444579296166;-15,5048909875234;-16,7391415748164;-20,2654847460006;-14,0704407964278;-18,8612253266302;2,68199219822906;1,52838389719892;1,55555567096163;0,906735395569924;0,505569093294629;0,505568510213577;0,542423295383888;0,645128743653648;0,999999654320567;0,839312184375599;0,686365732674007;0,484882772849465;0,338111817657018;-2,15412013791303;-2,42226812127019;-2,55906686800296;-3,10311669832069;-3,99474654545801;-3,97671217514574;-3,35263255597489;-2,70563138978424;-2,14672192447882;-1,19499808741355;-1,84815310840112;-2,22452115757888;-2,90058670842152;-5,11453698104553;-5,02170503837136;-4,05149685492326;-3,42456171028843;-2,69556160947629;0,0719810978515742;0,0157773726842686;0,0505370955583641;0,0170367760222954;0,0271365841219972;0,00815598019131003;0,0102300072942366;0,0079209892374245;-3,1224276167829652;-3;1;1;1;-3;-3;1;1;0,96004942138309313;-11216,4647509510;NA;All
1740;1,89389554888044;2,77668417838003;2,33533711420516;2,68774121246616;2,72309010659783;2,29408906685468;2,47326676471914;2,24097751517347;2,55320778110794;2,07780597554461;1,87229485914894;1,63386438152965;1,4456112889373;1,22448001849554;1,57391116751393;1,72268738934523;1,88268488418809;1,51541495520003;2,0105765664805;1,66769611430012;-21,1792549398174;-4,18947293818984;-6,65286241433163;-7,1809515973989;-5,54687814313434;-5,65488769770684;-9,8092163636125;-12,4411986438902;-5,52180832075962;-13,2792363051043;-11,5843475719452;-18,3650380350894;-25,6680975326532;-25,1712093050069;-26,5444579296166;-15,5048909875234;-16,7391415748164;-20,2654847460006;-14,0704407964278;-18,8612253266302;2,68199219822906;1,52838389719892;1,55555567096163;0,906735395569924;0,505569093294629;0,505568510213577;0,542423295383888;0,645128743653648;0,999999654320567;0,839312184375599;0,686365732674007;0,484882772849465;0,338111817657018;-2,15412013791303;-2,42226812127019;-2,55906686800296;-3,10311669832069;-3,99474654545801;-3,97671217514574;-3,35263255597489;-2,70563138978424;-2,14672192447882;-1,19499808741355;-1,84815310840112;-2,22452115757888;-2,90058670842152;-5,11453698104553;-5,02170503837136;-4,05149685492326;-3,42456171028843;-2,69556160947629;0,0719810978515742;0,0157773726842686;0,0505370955583641;0,0170367760222954;0,0271365841219972;0,00815598019131003;0,0102300072942366;0,0079209892374245;-3,5841053046118749;-3;1;1;1;-3;-3;1;1;0,31646886315154477;-11215,7995812600;NA;All
1750;1,89389554888044;2,77668417838003;2,33533711420516;2,68774121246616;2,72309010659783;2,29408906685468;2,47326676471914;2,24097751517347;2,55320778110794;2,07780597554461;1,87229485914894;1,63386438152965;1,4456112889373;1,22448001849554;1,57391116751393;1,72268738934523;1,88268488418809;1,51541495520003;2,0105765664805;1,66769611430012;-21,1792549398174;-4,18947293818984;-6,65286241433163;-7,1809515973989;-5,54687814313434;-5,65488769770684;-9,8092163636125;-12,4411986438902;-5,52180832075962;-13,2792363051043;-11,5843475719452;-18,3650380350894;-25,6680975326532;-25,1712093050069;-26,5444579296166;-15,5048909875234;-16,7391415748164;-20,2654847460006;-14,0704407964278;-18,8612253266302;2,68199219822906;1,52838389719892;1,55555567096163;0,906735395569924;0,505569093294629;0,505568510213577;0,542423295383888;0,645128743653648;0,999999654320567;0,839312184375599;0,686365732674007;0,484882772849465;0,338111817657018;-2,15412013791303;-2,42226812127019;-2,55906686800296;-3,10311669832069;-3,99474654545801;-3,97671217514574;-3,35263255597489;-2,70563138978424;-2,14672192447882;-1,19499808741355;-1,84815310840112;-2,22452115757888;-2,90058670842152;-5,11453698104553;-5,02170503837136;-4,05149685492326;-3,42456171028843;-2,69556160947629;0,0719810978515742;0,0157773726842686;0,0505370955583641;0,0170367760222954;0,0271365841219972;0,00815598019131003;0,0102300072942366;0,0079209892374245;-3,5841053046118749;-3;1;1;1;-3;-3;1;1;0,31646886315154477;-11215,7995812600;NA;All
1760;1,89389554888044;2,77668417838003;2,33533711420516;2,68774121246616;2,72309010659783;2,29408906685468;2,47326676471914;2,24097751517347;2,55320778110794;2,07780597554461;1,87229485914894;1,63386438152965;1,4456112889373;1,22448001849554;1,57391116751393;1,72268738934523;1,88268488418809;1,51541495520003;2,0105765664805;1,66769611430012;-21,1792549398174;-4,18947293818984;-6,65286241433163;-7,1809515973989;-5,54687814313434;-5,65488769770684;-9,8092163636125;-12,4411986438902;-5,52180832075962;-13,2792363051043;-11,5843475719452;-18,3650380350894;-25,6680975326532;-25,1712093050069;-26,5444579296166;-15,5048909875234;-16,7391415748164;-20,2654847460006;-14,0704407964278;-18,8612253266302;2,68199219822906;1,52838389719892;1,55555567096163;0,906735395569924;0,505569093294629;0,505568510213577;0,542423295383888;0,645128743653648;0,999999654320567;0,839312184375599;0,686365732674007;0,484882772849465;0,338111817657018;-2,15412013791303;-2,42226812127019;-2,55906686800296;-3,10311669832069;-3,99474654545801;-3,97671217514574;-3,35263255597489;-2,70563138978424;-2,14672192447882;-1,19499808741355;-1,84815310840112;-2,22452115757888;-2,90058670842152;-5,11453698104553;-5,02170503837136;-4,05149685492326;-3,42456171028843;-2,69556160947629;0,0719810978515742;0,0157773726842686;0,0505370955583641;0,0170367760222954;0,0271365841219972;0,00815598019131003;0,0102300072942366;0,0079209892374245;-3,2198470647042128;-3;1;1;1;-3;-3;1;1;0,68621473364950181;-11215,2823851184;NA;All
1770;1,89389554888044;2,77668417838003;2,33533711420516;2,68774121246616;2,72309010659783;2,29408906685468;2,47326676471914;2,24097751517347;2,55320778110794;2,07780597554461;1,87229485914894;1,63386438152965;1,4456112889373;1,22448001849554;1,57391116751393;1,72268738934523;1,88268488418809;1,51541495520003;2,0105765664805;1,66769611430012;-21,1792549398174;-4,18947293818984;-6,65286241433163;-7,1809515973989;-5,54687814313434;-5,65488769770684;-9,8092163636125;-12,4411986438902;-5,52180832075962;-13,2792363051043;-11,5843475719452;-18,3650380350894;-25,6680975326532;-25,1712093050069;-26,5444579296166;-15,5048909875234;-16,7391415748164;-20,2654847460006;-14,0704407964278;-18,8612253266302;2,68199219822906;1,52838389719892;1,55555567096163;0,906735395569924;0,505569093294629;0,505568510213577;0,542423295383888;0,645128743653648;0,999999654320567;0,839312184375599;0,686365732674007;0,484882772849465;0,338111817657018;-2,15412013791303;-2,42226812127019;-2,55906686800296;-3,10311669832069;-3,99474654545801;-3,97671217514574;-3,35263255597489;-2,70563138978424;-2,14672192447882;-1,19499808741355;-1,84815310840112;-2,22452115757888;-2,90058670842152;-5,11453698104553;-5,02170503837136;-4,05149685492326;-3,42456171028843;-2,69556160947629;0,0719810978515742;0,0157773726842686;0,0505370955583641;0,0170367760222954;0,0271365841219972;0,00815598019131003;0,0102300072942366;0,0079209892374245;-1,9332650168670256;-3;1;1;1;-3;-3;1;1;0,75782225659042324;-11215,5432021331;NA;All
1780;1,89389554888044;2,77668417838003;2,33533711420516;2,68774121246616;2,72309010659783;2,29408906685468;2,47326676471914;2,24097751517347;2,55320778110794;2,07780597554461;1,87229485914894;1,63386438152965;1,4456112889373;1,22448001849554;1,57391116751393;1,72268738934523;1,88268488418809;1,51541495520003;2,0105765664805;1,66769611430012;-21,1792549398174;-4,18947293818984;-6,65286241433163;-7,1809515973989;-5,54687814313434;-5,65488769770684;-9,8092163636125;-12,4411986438902;-5,52180832075962;-13,2792363051043;-11,5843475719452;-18,3650380350894;-25,6680975326532;-25,1712093050069;-26,5444579296166;-15,5048909875234;-16,7391415748164;-20,2654847460006;-14,0704407964278;-18,8612253266302;2,68199219822906;1,52838389719892;1,55555567096163;0,906735395569924;0,505569093294629;0,505568510213577;0,542423295383888;0,645128743653648;0,999999654320567;0,839312184375599;0,686365732674007;0,484882772849465;0,338111817657018;-2,15412013791303;-2,42226812127019;-2,55906686800296;-3,10311669832069;-3,99474654545801;-3,97671217514574;-3,35263255597489;-2,70563138978424;-2,14672192447882;-1,19499808741355;-1,84815310840112;-2,22452115757888;-2,90058670842152;-5,11453698104553;-5,02170503837136;-4,05149685492326;-3,42456171028843;-2,69556160947629;0,0719810978515742;0,0157773726842686;0,0505370955583641;0,0170367760222954;0,0271365841219972;0,00815598019131003;0,0102300072942366;0,0079209892374245;-0,9716948671486187;-3;1;1;1;-3;-3;1;1;0,46569235202146864;-11215,0207908422;NA;All
1790;1,89389554888044;2,77668417838003;2,33533711420516;2,68774121246616;2,72309010659783;2,29408906685468;2,47326676471914;2,24097751517347;2,55320778110794;2,07780597554461;1,87229485914894;1,63386438152965;1,4456112889373;1,22448001849554;1,57391116751393;1,72268738934523;1,88268488418809;1,51541495520003;2,0105765664805;1,66769611430012;-21,1792549398174;-4,18947293818984;-6,65286241433163;-7,1809515973989;-5,54687814313434;-5,65488769770684;-9,8092163636125;-12,4411986438902;-5,52180832075962;-13,2792363051043;-11,5843475719452;-18,3650380350894;-25,6680975326532;-25,1712093050069;-26,5444579296166;-15,5048909875234;-16,7391415748164;-20,2654847460006;-14,0704407964278;-18,8612253266302;2,68199219822906;1,52838389719892;1,55555567096163;0,906735395569924;0,505569093294629;0,505568510213577;0,542423295383888;0,645128743653648;0,999999654320567;0,839312184375599;0,686365732674007;0,484882772849465;0,338111817657018;-2,15412013791303;-2,42226812127019;-2,55906686800296;-3,10311669832069;-3,99474654545801;-3,97671217514574;-3,35263255597489;-2,70563138978424;-2,14672192447882;-1,19499808741355;-1,84815310840112;-2,22452115757888;-2,90058670842152;-5,11453698104553;-5,02170503837136;-4,05149685492326;-3,42456171028843;-2,69556160947629;0,0719810978515742;0,0157773726842686;0,0505370955583641;0,0170367760222954;0,0271365841219972;0,00815598019131003;0,0102300072942366;0,0079209892374245;-0,9716948671486187;-3;1;1;1;-3;-3;1;1;0,46569235202146864;-11215,0207908422;NA;All
1800;1,89389554888044;2,77668417838003;2,33533711420516;2,68774121246616;2,72309010659783;2,29408906685468;2,47326676471914;2,24097751517347;2,55320778110794;2,07780597554461;1,87229485914894;1,63386438152965;1,4456112889373;1,22448001849554;1,57391116751393;1,72268738934523;1,88268488418809;1,51541495520003;2,0105765664805;1,66769611430012;-21,1792549398174;-4,18947293818984;-6,65286241433163;-7,1809515973989;-5,54687814313434;-5,65488769770684;-9,8092163636125;-12,4411986438902;-5,52180832075962;-13,2792363051043;-11,5843475719452;-18,3650380350894;-25,6680975326532;-25,1712093050069;-26,5444579296166;-15,5048909875234;-16,7391415748164;-20,2654847460006;-14,0704407964278;-18,8612253266302;2,68199219822906;1,52838389719892;1,55555567096163;0,906735395569924;0,505569093294629;0,505568510213577;0,542423295383888;0,645128743653648;0,999999654320567;0,839312184375599;0,686365732674007;0,484882772849465;0,338111817657018;-2,15412013791303;-2,42226812127019;-2,55906686800296;-3,10311669832069;-3,99474654545801;-3,97671217514574;-3,35263255597489;-2,70563138978424;-2,14672192447882;-1,19499808741355;-1,84815310840112;-2,22452115757888;-2,90058670842152;-5,11453698104553;-5,02170503837136;-4,05149685492326;-3,42456171028843;-2,69556160947629;0,0719810978515742;0,0157773726842686;0,0505370955583641;0,0170367760222954;0,0271365841219972;0,00815598019131003;0,0102300072942366;0,0079209892374245;-1,9071851797281900;-3;1;1;1;-3;-3;1;1;0,66701612120978770;-11215,2601613416;NA;All
1810;1,89389554888044;2,77668417838003;2,33533711420516;2,68774121246616;2,72309010659783;2,29408906685468;2,47326676471914;2,24097751517347;2,55320778110794;2,07780597554461;1,87229485914894;1,63386438152965;1,4456112889373;1,22448001849554;1,57391116751393;1,72268738934523;1,88268488418809;1,51541495520003;2,0105765664805;1,66769611430012;-21,1792549398174;-4,18947293818984;-6,65286241433163;-7,1809515973989;-5,54687814313434;-5,65488769770684;-9,8092163636125;-12,4411986438902;-5,52180832075962;-13,2792363051043;-11,5843475719452;-18,3650380350894;-25,6680975326532;-25,1712093050069;-26,5444579296166;-15,5048909875234;-16,7391415748164;-20,2654847460006;-14,0704407964278;-18,8612253266302;2,68199219822906;1,52838389719892;1,55555567096163;0,906735395569924;0,505569093294629;0,505568510213577;0,542423295383888;0,645128743653648;0,999999654320567;0,839312184375599;0,686365732674007;0,484882772849465;0,338111817657018;-2,15412013791303;-2,42226812127019;-2,55906686800296;-3,10311669832069;-3,99474654545801;-3,97671217514574;-3,35263255597489;-2,70563138978424;-2,14672192447882;-1,19499808741355;-1,84815310840112;-2,22452115757888;-2,90058670842152;-5,11453698104553;-5,02170503837136;-4,05149685492326;-3,42456171028843;-2,69556160947629;0,0719810978515742;0,0157773726842686;0,0505370955583641;0,0170367760222954;0,0271365841219972;0,00815598019131003;0,0102300072942366;0,0079209892374245;-1,5389370624379768;-3;1;1;1;-3;-3;1;1;0,68945568778835031;-11215,3699814767;NA;All
1820;1,89389554888044;2,77668417838003;2,33533711420516;2,68774121246616;2,72309010659783;2,29408906685468;2,47326676471914;2,24097751517347;2,55320778110794;2,07780597554461;1,87229485914894;1,63386438152965;1,4456112889373;1,22448001849554;1,57391116751393;1,72268738934523;1,88268488418809;1,51541495520003;2,0105765664805;1,66769611430012;-21,1792549398174;-4,18947293818984;-6,65286241433163;-7,1809515973989;-5,54687814313434;-5,65488769770684;-9,8092163636125;-12,4411986438902;-5,52180832075962;-13,2792363051043;-11,5843475719452;-18,3650380350894;-25,6680975326532;-25,1712093050069;-26,5444579296166;-15,5048909875234;-16,7391415748164;-20,2654847460006;-14,0704407964278;-18,8612253266302;2,68199219822906;1,52838389719892;1,55555567096163;0,906735395569924;0,505569093294629;0,505568510213577;0,542423295383888;0,645128743653648;0,999999654320567;0,839312184375599;0,686365732674007;0,484882772849465;0,338111817657018;-2,15412013791303;-2,42226812127019;-2,55906686800296;-3,10311669832069;-3,99474654545801;-3,97671217514574;-3,35263255597489;-2,70563138978424;-2,14672192447882;-1,19499808741355;-1,84815310840112;-2,22452115757888;-2,90058670842152;-5,11453698104553;-5,02170503837136;-4,05149685492326;-3,42456171028843;-2,69556160947629;0,0719810978515742;0,0157773726842686;0,0505370955583641;0,0170367760222954;0,0271365841219972;0,00815598019131003;0,0102300072942366;0,0079209892374245;-3,7210469250809446;-3;1;1;1;-3;-3;1;1;0,45904554180475327;-11215,1950321571;NA;All
1830;1,89389554888044;2,77668417838003;2,33533711420516;2,68774121246616;2,72309010659783;2,29408906685468;2,47326676471914;2,24097751517347;2,55320778110794;2,07780597554461;1,87229485914894;1,63386438152965;1,4456112889373;1,22448001849554;1,57391116751393;1,72268738934523;1,88268488418809;1,51541495520003;2,0105765664805;1,66769611430012;-21,1792549398174;-4,18947293818984;-6,65286241433163;-7,1809515973989;-5,54687814313434;-5,65488769770684;-9,8092163636125;-12,4411986438902;-5,52180832075962;-13,2792363051043;-11,5843475719452;-18,3650380350894;-25,6680975326532;-25,1712093050069;-26,5444579296166;-15,5048909875234;-16,7391415748164;-20,2654847460006;-14,0704407964278;-18,8612253266302;2,68199219822906;1,52838389719892;1,55555567096163;0,906735395569924;0,505569093294629;0,505568510213577;0,542423295383888;0,645128743653648;0,999999654320567;0,839312184375599;0,686365732674007;0,484882772849465;0,338111817657018;-2,15412013791303;-2,42226812127019;-2,55906686800296;-3,10311669832069;-3,99474654545801;-3,97671217514574;-3,35263255597489;-2,70563138978424;-2,14672192447882;-1,19499808741355;-1,84815310840112;-2,22452115757888;-2,90058670842152;-5,11453698104553;-5,02170503837136;-4,05149685492326;-3,42456171028843;-2,69556160947629;0,0719810978515742;0,0157773726842686;0,0505370955583641;0,0170367760222954;0,0271365841219972;0,00815598019131003;0,0102300072942366;0,0079209892374245;-3,7210469250809446;-3;1;1;1;-3;-3;1;1;0,45904554180475327;-11215,1950321571;NA;All
1840;1,89389554888044;2,77668417838003;2,33533711420516;2,68774121246616;2,72309010659783;2,29408906685468;2,47326676471914;2,24097751517347;2,55320778110794;2,07780597554461;1,87229485914894;1,63386438152965;1,4456112889373;1,22448001849554;1,57391116751393;1,72268738934523;1,88268488418809;1,51541495520003;2,0105765664805;1,66769611430012;-21,1792549398174;-4,18947293818984;-6,65286241433163;-7,1809515973989;-5,54687814313434;-5,65488769770684;-9,8092163636125;-12,4411986438902;-5,52180832075962;-13,2792363051043;-11,5843475719452;-18,3650380350894;-25,6680975326532;-25,1712093050069;-26,5444579296166;-15,5048909875234;-16,7391415748164;-20,2654847460006;-14,0704407964278;-18,8612253266302;2,68199219822906;1,52838389719892;1,55555567096163;0,906735395569924;0,505569093294629;0,505568510213577;0,542423295383888;0,645128743653648;0,999999654320567;0,839312184375599;0,686365732674007;0,484882772849465;0,338111817657018;-2,15412013791303;-2,42226812127019;-2,55906686800296;-3,10311669832069;-3,99474654545801;-3,97671217514574;-3,35263255597489;-2,70563138978424;-2,14672192447882;-1,19499808741355;-1,84815310840112;-2,22452115757888;-2,90058670842152;-5,11453698104553;-5,02170503837136;-4,05149685492326;-3,42456171028843;-2,69556160947629;0,0719810978515742;0,0157773726842686;0,0505370955583641;0,0170367760222954;0,0271365841219972;0,00815598019131003;0,0102300072942366;0,0079209892374245;-1,5666566222669085;-3;1;1;1;-3;-3;1;1;0,49613753312238990;-11215,0634907649;NA;All
1850;1,89389554888044;2,77668417838003;2,33533711420516;2,68774121246616;2,72309010659783;2,29408906685468;2,47326676471914;2,24097751517347;2,55320778110794;2,07780597554461;1,87229485914894;1,63386438152965;1,4456112889373;1,22448001849554;1,57391116751393;1,72268738934523;1,88268488418809;1,51541495520003;2,0105765664805;1,66769611430012;-21,1792549398174;-4,18947293818984;-6,65286241433163;-7,1809515973989;-5,54687814313434;-5,65488769770684;-9,8092163636125;-12,4411986438902;-5,52180832075962;-13,2792363051043;-11,5843475719452;-18,3650380350894;-25,6680975326532;-25,1712093050069;-26,5444579296166;-15,5048909875234;-16,7391415748164;-20,2654847460006;-14,0704407964278;-18,8612253266302;2,68199219822906;1,52838389719892;1,55555567096163;0,906735395569924;0,505569093294629;0,505568510213577;0,542423295383888;0,645128743653648;0,999999654320567;0,839312184375599;0,686365732674007;0,484882772849465;0,338111817657018;-2,15412013791303;-2,42226812127019;-2,55906686800296;-3,10311669832069;-3,99474654545801;-3,97671217514574;-3,35263255597489;-2,70563138978424;-2,14672192447882;-1,19499808741355;-1,84815310840112;-2,22452115757888;-2,90058670842152;-5,11453698104553;-5,02170503837136;-4,05149685492326;-3,42456171028843;-2,69556160947629;0,0719810978515742;0,0157773726842686;0,0505370955583641;0,0170367760222954;0,0271365841219972;0,00815598019131003;0,0102300072942366;0,0079209892374245;-2,6370639632255637;-3;1;1;1;-3;-3;1;1;0,56564884816286520;-11215,1044962863;NA;All
1860;1,89389554888044;2,77668417838003;2,33533711420516;2,68774121246616;2,72309010659783;2,29408906685468;2,47326676471914;2,24097751517347;2,55320778110794;2,07780597554461;1,87229485914894;1,63386438152965;1,4456112889373;1,22448001849554;1,57391116751393;1,72268738934523;1,88268488418809;1,51541495520003;2,0105765664805;1,66769611430012;-21,1792549398174;-4,18947293818984;-6,65286241433163;-7,1809515973989;-5,54687814313434;-5,65488769770684;-9,8092163636125;-12,4411986438902;-5,52180832075962;-13,2792363051043;-11,5843475719452;-18,3650380350894;-25,6680975326532;-25,1712093050069;-26,5444579296166;-15,5048909875234;-16,7391415748164;-20,2654847460006;-14,0704407964278;-18,8612253266302;2,68199219822906;1,52838389719892;1,55555567096163;0,906735395569924;0,505569093294629;0,505568510213577;0,542423295383888;0,645128743653648;0,999999654320567;0,839312184375599;0,686365732674007;0,484882772849465;0,338111817657018;-2,15412013791303;-2,42226812127019;-2,55906686800296;-3,10311669832069;-3,99474654545801;-3,97671217514574;-3,35263255597489;-2,70563138978424;-2,14672192447882;-1,19499808741355;-1,84815310840112;-2,22452115757888;-2,90058670842152;-5,11453698104553;-5,02170503837136;-4,05149685492326;-3,42456171028843;-2,69556160947629;0,0719810978515742;0,0157773726842686;0,0505370955583641;0,0170367760222954;0,0271365841219972;0,00815598019131003;0,0102300072942366;0,0079209892374245;-2,9434348828052292;-3;1;1;1;-3;-3;1;1;0,95453612676414723;-11216,4351634179;NA;All
1870;1,89389554888044;2,77668417838003;2,33533711420516;2,68774121246616;2,72309010659783;2,29408906685468;2,47326676471914;2,24097751517347;2,55320778110794;2,07780597554461;1,87229485914894;1,63386438152965;1,4456112889373;1,22448001849554;1,57391116751393;1,72268738934523;1,88268488418809;1,51541495520003;2,0105765664805;1,66769611430012;-21,1792549398174;-4,18947293818984;-6,65286241433163;-7,1809515973989;-5,54687814313434;-5,65488769770684;-9,8092163636125;-12,4411986438902;-5,52180832075962;-13,2792363051043;-11,5843475719452;-18,3650380350894;-25,6680975326532;-25,1712093050069;-26,5444579296166;-15,5048909875234;-16,7391415748164;-20,2654847460006;-14,0704407964278;-18,8612253266302;2,68199219822906;1,52838389719892;1,55555567096163;0,906735395569924;0,505569093294629;0,505568510213577;0,542423295383888;0,645128743653648;0,999999654320567;0,839312184375599;0,686365732674007;0,484882772849465;0,338111817657018;-2,15412013791303;-2,42226812127019;-2,55906686800296;-3,10311669832069;-3,99474654545801;-3,97671217514574;-3,35263255597489;-2,70563138978424;-2,14672192447882;-1,19499808741355;-1,84815310840112;-2,22452115757888;-2,90058670842152;-5,11453698104553;-5,02170503837136;-4,05149685492326;-3,42456171028843;-2,69556160947629;0,0719810978515742;0,0157773726842686;0,0505370955583641;0,0170367760222954;0,0271365841219972;0,00815598019131003;0,0102300072942366;0,0079209892374245;-1,1094387027331118;-3;1;1;1;-3;-3;1;1;0,30047330145099099;-11215,2017133417;NA;All
1880;1,89389554888044;2,77668417838003;2,33533711420516;2,68774121246616;2,72309010659783;2,29408906685468;2,47326676471914;2,24097751517347;2,55320778110794;2,07780597554461;1,87229485914894;1,63386438152965;1,4456112889373;1,22448001849554;1,57391116751393;1,72268738934523;1,88268488418809;1,51541495520003;2,0105765664805;1,66769611430012;-21,1792549398174;-4,18947293818984;-6,65286241433163;-7,1809515973989;-5,54687814313434;-5,65488769770684;-9,8092163636125;-12,4411986438902;-5,52180832075962;-13,2792363051043;-11,5843475719452;-18,3650380350894;-25,6680975326532;-25,1712093050069;-26,5444579296166;-15,5048909875234;-16,7391415748164;-20,2654847460006;-14,0704407964278;-18,8612253266302;2,68199219822906;1,52838389719892;1,55555567096163;0,906735395569924;0,505569093294629;0,505568510213577;0,542423295383888;0,645128743653648;0,999999654320567;0,839312184375599;0,686365732674007;0,484882772849465;0,338111817657018;-2,15412013791303;-2,42226812127019;-2,55906686800296;-3,10311669832069;-3,99474654545801;-3,97671217514574;-3,35263255597489;-2,70563138978424;-2,14672192447882;-1,19499808741355;-1,84815310840112;-2,22452115757888;-2,90058670842152;-5,11453698104553;-5,02170503837136;-4,05149685492326;-3,42456171028843;-2,69556160947629;0,0719810978515742;0,0157773726842686;0,0505370955583641;0,0170367760222954;0,0271365841219972;0,00815598019131003;0,0102300072942366;0,0079209892374245;-1,4808970277141340;-3;1;1;1;-3;-3;1;1;0,47331546660640272;-11215,0606207135;NA;All
1890;1,89389554888044;2,77668417838003;2,33533711420516;2,68774121246616;2,72309010659783;2,29408906685468;2,47326676471914;2,24097751517347;2,55320778110794;2,07780597554461;1,87229485914894;1,63386438152965;1,4456112889373;1,22448001849554;1,57391116751393;1,72268738934523;1,88268488418809;1,51541495520003;2,0105765664805;1,66769611430012;-21,1792549398174;-4,18947293818984;-6,65286241433163;-7,1809515973989;-5,54687814313434;-5,65488769770684;-9,8092163636125;-12,4411986438902;-5,52180832075962;-13,2792363051043;-11,5843475719452;-18,3650380350894;-25,6680975326532;-25,1712093050069;-26,5444579296166;-15,5048909875234;-16,7391415748164;-20,2654847460006;-14,0704407964278;-18,8612253266302;2,68199219822906;1,52838389719892;1,55555567096163;0,906735395569924;0,505569093294629;0,505568510213577;0,542423295383888;0,645128743653648;0,999999654320567;0,839312184375599;0,686365732674007;0,484882772849465;0,338111817657018;-2,15412013791303;-2,42226812127019;-2,55906686800296;-3,10311669832069;-3,99474654545801;-3,97671217514574;-3,35263255597489;-2,70563138978424;-2,14672192447882;-1,19499808741355;-1,84815310840112;-2,22452115757888;-2,90058670842152;-5,11453698104553;-5,02170503837136;-4,05149685492326;-3,42456171028843;-2,69556160947629;0,0719810978515742;0,0157773726842686;0,0505370955583641;0,0170367760222954;0,0271365841219972;0,00815598019131003;0,0102300072942366;0,0079209892374245;-3,8818751109173664;-3;1;1;1;-3;-3;1;1;0,80823918625100133;-11215,6920884364;NA;All
1900;1,89389554888044;2,77668417838003;2,33533711420516;2,68774121246616;2,72309010659783;2,29408906685468;2,47326676471914;2,24097751517347;2,55320778110794;2,07780597554461;1,87229485914894;1,63386438152965;1,4456112889373;1,22448001849554;1,57391116751393;1,72268738934523;1,88268488418809;1,51541495520003;2,0105765664805;1,66769611430012;-21,1792549398174;-4,18947293818984;-6,65286241433163;-7,1809515973989;-5,54687814313434;-5,65488769770684;-9,8092163636125;-12,4411986438902;-5,52180832075962;-13,2792363051043;-11,5843475719452;-18,3650380350894;-25,6680975326532;-25,1712093050069;-26,5444579296166;-15,5048909875234;-16,7391415748164;-20,2654847460006;-14,0704407964278;-18,8612253266302;2,68199219822906;1,52838389719892;1,55555567096163;0,906735395569924;0,505569093294629;0,505568510213577;0,542423295383888;0,645128743653648;0,999999654320567;0,839312184375599;0,686365732674007;0,484882772849465;0,338111817657018;-2,15412013791303;-2,42226812127019;-2,55906686800296;-3,10311669832069;-3,99474654545801;-3,97671217514574;-3,35263255597489;-2,70563138978424;-2,14672192447882;-1,19499808741355;-1,84815310840112;-2,22452115757888;-2,90058670842152;-5,11453698104553;-5,02170503837136;-4,05149685492326;-3,42456171028843;-2,69556160947629;0,0719810978515742;0,0157773726842686;0,0505370955583641;0,0170367760222954;0,0271365841219972;0,00815598019131003;0,0102300072942366;0,0079209892374245;-2,8126190064571013;-3;1;1;1;-3;-3;1;1;0,75238332480865411;-11215,4832717463;NA;All
1910;1,89389554888044;2,77668417838003;2,33533711420516;2,68774121246616;2,72309010659783;2,29408906685468;2,47326676471914;2,24097751517347;2,55320778110794;2,07780597554461;1,87229485914894;1,63386438152965;1,4456112889373;1,22448001849554;1,57391116751393;1,72268738934523;1,88268488418809;1,51541495520003;2,0105765664805;1,66769611430012;-21,1792549398174;-4,18947293818984;-6,65286241433163;-7,1809515973989;-5,54687814313434;-5,65488769770684;-9,8092163636125;-12,4411986438902;-5,52180832075962;-13,2792363051043;-11,5843475719452;-18,3650380350894;-25,6680975326532;-25,1712093050069;-26,5444579296166;-15,5048909875234;-16,7391415748164;-20,2654847460006;-14,0704407964278;-18,8612253266302;2,68199219822906;1,52838389719892;1,55555567096163;0,906735395569924;0,505569093294629;0,505568510213577;0,542423295383888;0,645128743653648;0,999999654320567;0,839312184375599;0,686365732674007;0,484882772849465;0,338111817657018;-2,15412013791303;-2,42226812127019;-2,55906686800296;-3,10311669832069;-3,99474654545801;-3,97671217514574;-3,35263255597489;-2,70563138978424;-2,14672192447882;-1,19499808741355;-1,84815310840112;-2,22452115757888;-2,90058670842152;-5,11453698104553;-5,02170503837136;-4,05149685492326;-3,42456171028843;-2,69556160947629;0,0719810978515742;0,0157773726842686;0,0505370955583641;0,0170367760222954;0,0271365841219972;0,00815598019131003;0,0102300072942366;0,0079209892374245;-3,8866008770108218;-3;1;1;1;-3;-3;1;1;0,88263303349405375;-11216,0367684866;NA;All
1920;1,89389554888044;2,77668417838003;2,33533711420516;2,68774121246616;2,72309010659783;2,29408906685468;2,47326676471914;2,24097751517347;2,55320778110794;2,07780597554461;1,87229485914894;1,63386438152965;1,4456112889373;1,22448001849554;1,57391116751393;1,72268738934523;1,88268488418809;1,51541495520003;2,0105765664805;1,66769611430012;-21,1792549398174;-4,18947293818984;-6,65286241433163;-7,1809515973989;-5,54687814313434;-5,65488769770684;-9,8092163636125;-12,4411986438902;-5,52180832075962;-13,2792363051043;-11,5843475719452;-18,3650380350894;-25,6680975326532;-25,1712093050069;-26,5444579296166;-15,5048909875234;-16,7391415748164;-20,2654847460006;-14,0704407964278;-18,8612253266302;2,68199219822906;1,52838389719892;1,55555567096163;0,906735395569924;0,505569093294629;0,505568510213577;0,542423295383888;0,645128743653648;0,999999654320567;0,839312184375599;0,686365732674007;0,484882772849465;0,338111817657018;-2,15412013791303;-2,42226812127019;-2,55906686800296;-3,10311669832069;-3,99474654545801;-3,97671217514574;-3,35263255597489;-2,70563138978424;-2,14672192447882;-1,19499808741355;-1,84815310840112;-2,22452115757888;-2,90058670842152;-5,11453698104553;-5,02170503837136;-4,05149685492326;-3,42456171028843;-2,69556160947629;0,0719810978515742;0,0157773726842686;0,0505370955583641;0,0170367760222954;0,0271365841219972;0,00815598019131003;0,0102300072942366;0,0079209892374245;-1,2457161433012738;-3;1;1;1;-3;-3;1;1;0,42424638815375437;-11215,0384142181;NA;All
1930;1,89389554888044;2,77668417838003;2,33533711420516;2,68774121246616;2,72309010659783;2,29408906685468;2,47326676471914;2,24097751517347;2,55320778110794;2,07780597554461;1,87229485914894;1,63386438152965;1,4456112889373;1,22448001849554;1,57391116751393;1,72268738934523;1,88268488418809;1,51541495520003;2,0105765664805;1,66769611430012;-21,1792549398174;-4,18947293818984;-6,65286241433163;-7,1809515973989;-5,54687814313434;-5,65488769770684;-9,8092163636125;-12,4411986438902;-5,52180832075962;-13,2792363051043;-11,5843475719452;-18,3650380350894;-25,6680975326532;-25,1712093050069;-26,5444579296166;-15,5048909875234;-16,7391415748164;-20,2654847460006;-14,0704407964278;-18,8612253266302;2,68199219822906;1,52838389719892;1,55555567096163;0,906735395569924;0,505569093294629;0,505568510213577;0,542423295383888;0,645128743653648;0,999999654320567;0,839312184375599;0,686365732674007;0,484882772849465;0,338111817657018;-2,15412013791303;-2,42226812127019;-2,55906686800296;-3,10311669832069;-3,99474654545801;-3,97671217514574;-3,35263255597489;-2,70563138978424;-2,14672192447882;-1,19499808741355;-1,84815310840112;-2,22452115757888;-2,90058670842152;-5,11453698104553;-5,02170503837136;-4,05149685492326;-3,42456171028843;-2,69556160947629;0,0719810978515742;0,0157773726842686;0,0505370955583641;0,0170367760222954;0,0271365841219972;0,00815598019131003;0,0102300072942366;0,0079209892374245;-3,9723584923848438;-3;1;1;1;-3;-3;1;1;0,64948765630403205;-11215,2008823109;NA;All
1940;1,89389554888044;2,77668417838003;2,33533711420516;2,68774121246616;2,72309010659783;2,29408906685468;2,47326676471914;2,24097751517347;2,55320778110794;2,07780597554461;1,87229485914894;1,63386438152965;1,4456112889373;1,22448001849554;1,57391116751393;1,72268738934523;1,88268488418809;1,51541495520003;2,0105765664805;1,66769611430012;-21,1792549398174;-4,18947293818984;-6,65286241433163;-7,1809515973989;-5,54687814313434;-5,65488769770684;-9,8092163636125;-12,4411986438902;-5,52180832075962;-13,2792363051043;-11,5843475719452;-18,3650380350894;-25,6680975326532;-25,1712093050069;-26,5444579296166;-15,5048909875234;-16,7391415748164;-20,2654847460006;-14,0704407964278;-18,8612253266302;2,68199219822906;1,52838389719892;1,55555567096163;0,906735395569924;0,505569093294629;0,505568510213577;0,542423295383888;0,645128743653648;0,999999654320567;0,839312184375599;0,686365732674007;0,484882772849465;0,338111817657018;-2,15412013791303;-2,42226812127019;-2,55906686800296;-3,10311669832069;-3,99474654545801;-3,97671217514574;-3,35263255597489;-2,70563138978424;-2,14672192447882;-1,19499808741355;-1,84815310840112;-2,22452115757888;-2,90058670842152;-5,11453698104553;-5,02170503837136;-4,05149685492326;-3,42456171028843;-2,69556160947629;0,0719810978515742;0,0157773726842686;0,0505370955583641;0,0170367760222954;0,0271365841219972;0,00815598019131003;0,0102300072942366;0,0079209892374245;-2,6717517655660443;-3;1;1;1;-3;-3;1;1;0,62691689026548092;-11215,1638626176;NA;All
1950;1,89389554888044;2,77668417838003;2,33533711420516;2,68774121246616;2,72309010659783;2,29408906685468;2,47326676471914;2,24097751517347;2,55320778110794;2,07780597554461;1,87229485914894;1,63386438152965;1,4456112889373;1,22448001849554;1,57391116751393;1,72268738934523;1,88268488418809;1,51541495520003;2,0105765664805;1,66769611430012;-21,1792549398174;-4,18947293818984;-6,65286241433163;-7,1809515973989;-5,54687814313434;-5,65488769770684;-9,8092163636125;-12,4411986438902;-5,52180832075962;-13,2792363051043;-11,5843475719452;-18,3650380350894;-25,6680975326532;-25,1712093050069;-26,5444579296166;-15,5048909875234;-16,7391415748164;-20,2654847460006;-14,0704407964278;-18,8612253266302;2,68199219822906;1,52838389719892;1,55555567096163;0,906735395569924;0,505569093294629;0,505568510213577;0,542423295383888;0,645128743653648;0,999999654320567;0,839312184375599;0,686365732674007;0,484882772849465;0,338111817657018;-2,15412013791303;-2,42226812127019;-2,55906686800296;-3,10311669832069;-3,99474654545801;-3,97671217514574;-3,35263255597489;-2,70563138978424;-2,14672192447882;-1,19499808741355;-1,84815310840112;-2,22452115757888;-2,90058670842152;-5,11453698104553;-5,02170503837136;-4,05149685492326;-3,42456171028843;-2,69556160947629;0,0719810978515742;0,0157773726842686;0,0505370955583641;0,0170367760222954;0,0271365841219972;0,00815598019131003;0,0102300072942366;0,0079209892374245;-3,7911888077793345;-3;1;1;1;-3;-3;1;1;0,71457631720374826;-11215,3580923924;NA;All
1960;1,89389554888044;2,77668417838003;2,33533711420516;2,68774121246616;2,72309010659783;2,29408906685468;2,47326676471914;2,24097751517347;2,55320778110794;2,07780597554461;1,87229485914894;1,63386438152965;1,4456112889373;1,22448001849554;1,57391116751393;1,72268738934523;1,88268488418809;1,51541495520003;2,0105765664805;1,66769611430012;-21,1792549398174;-4,18947293818984;-6,65286241433163;-7,1809515973989;-5,54687814313434;-5,65488769770684;-9,8092163636125;-12,4411986438902;-5,52180832075962;-13,2792363051043;-11,5843475719452;-18,3650380350894;-25,6680975326532;-25,1712093050069;-26,5444579296166;-15,5048909875234;-16,7391415748164;-20,2654847460006;-14,0704407964278;-18,8612253266302;2,68199219822906;1,52838389719892;1,55555567096163;0,906735395569924;0,505569093294629;0,505568510213577;0,542423295383888;0,645128743653648;0,999999654320567;0,839312184375599;0,686365732674007;0,484882772849465;0,338111817657018;-2,15412013791303;-2,42226812127019;-2,55906686800296;-3,10311669832069;-3,99474654545801;-3,97671217514574;-3,35263255597489;-2,70563138978424;-2,14672192447882;-1,19499808741355;-1,84815310840112;-2,22452115757888;-2,90058670842152;-5,11453698104553;-5,02170503837136;-4,05149685492326;-3,42456171028843;-2,69556160947629;0,0719810978515742;0,0157773726842686;0,0505370955583641;0,0170367760222954;0,0271365841219972;0,00815598019131003;0,0102300072942366;0,0079209892374245;-2,4280179665448265;-3;1;1;1;-3;-3;1;1;0,57998828042335149;-11215,1109880518;NA;All
1970;1,89389554888044;2,77668417838003;2,33533711420516;2,68774121246616;2,72309010659783;2,29408906685468;2,47326676471914;2,24097751517347;2,55320778110794;2,07780597554461;1,87229485914894;1,63386438152965;1,4456112889373;1,22448001849554;1,57391116751393;1,72268738934523;1,88268488418809;1,51541495520003;2,0105765664805;1,66769611430012;-21,1792549398174;-4,18947293818984;-6,65286241433163;-7,1809515973989;-5,54687814313434;-5,65488769770684;-9,8092163636125;-12,4411986438902;-5,52180832075962;-13,2792363051043;-11,5843475719452;-18,3650380350894;-25,6680975326532;-25,1712093050069;-26,5444579296166;-15,5048909875234;-16,7391415748164;-20,2654847460006;-14,0704407964278;-18,8612253266302;2,68199219822906;1,52838389719892;1,55555567096163;0,906735395569924;0,505569093294629;0,505568510213577;0,542423295383888;0,645128743653648;0,999999654320567;0,839312184375599;0,686365732674007;0,484882772849465;0,338111817657018;-2,15412013791303;-2,42226812127019;-2,55906686800296;-3,10311669832069;-3,99474654545801;-3,97671217514574;-3,35263255597489;-2,70563138978424;-2,14672192447882;-1,19499808741355;-1,84815310840112;-2,22452115757888;-2,90058670842152;-5,11453698104553;-5,02170503837136;-4,05149685492326;-3,42456171028843;-2,69556160947629;0,0719810978515742;0,0157773726842686;0,0505370955583641;0,0170367760222954;0,0271365841219972;0,00815598019131003;0,0102300072942366;0,0079209892374245;-3,2205602871698296;-3;1;1;1;-3;-3;1;1;0,33893702404975667;-11215,6551907446;NA;All
1980;1,89389554888044;2,77668417838003;2,33533711420516;2,68774121246616;2,72309010659783;2,29408906685468;2,47326676471914;2,24097751517347;2,55320778110794;2,07780597554461;1,87229485914894;1,63386438152965;1,4456112889373;1,22448001849554;1,57391116751393;1,72268738934523;1,88268488418809;1,51541495520003;2,0105765664805;1,66769611430012;-21,1792549398174;-4,18947293818984;-6,65286241433163;-7,1809515973989;-5,54687814313434;-5,65488769770684;-9,8092163636125;-12,4411986438902;-5,52180832075962;-13,2792363051043;-11,5843475719452;-18,3650380350894;-25,6680975326532;-25,1712093050069;-26,5444579296166;-15,5048909875234;-16,7391415748164;-20,2654847460006;-14,0704407964278;-18,8612253266302;2,68199219822906;1,52838389719892;1,55555567096163;0,906735395569924;0,505569093294629;0,505568510213577;0,542423295383888;0,645128743653648;0,999999654320567;0,839312184375599;0,686365732674007;0,484882772849465;0,338111817657018;-2,15412013791303;-2,42226812127019;-2,55906686800296;-3,10311669832069;-3,99474654545801;-3,97671217514574;-3,35263255597489;-2,70563138978424;-2,14672192447882;-1,19499808741355;-1,84815310840112;-2,22452115757888;-2,90058670842152;-5,11453698104553;-5,02170503837136;-4,05149685492326;-3,42456171028843;-2,69556160947629;0,0719810978515742;0,0157773726842686;0,0505370955583641;0,0170367760222954;0,0271365841219972;0,00815598019131003;0,0102300072942366;0,0079209892374245;-3,5970995357911679;-3;1;1;1;-3;-3;1;1;0,61847999718240365;-11215,1508768666;NA;All
1990;1,89389554888044;2,77668417838003;2,33533711420516;2,68774121246616;2,72309010659783;2,29408906685468;2,47326676471914;2,24097751517347;2,55320778110794;2,07780597554461;1,87229485914894;1,63386438152965;1,4456112889373;1,22448001849554;1,57391116751393;1,72268738934523;1,88268488418809;1,51541495520003;2,0105765664805;1,66769611430012;-21,1792549398174;-4,18947293818984;-6,65286241433163;-7,1809515973989;-5,54687814313434;-5,65488769770684;-9,8092163636125;-12,4411986438902;-5,52180832075962;-13,2792363051043;-11,5843475719452;-18,3650380350894;-25,6680975326532;-25,1712093050069;-26,5444579296166;-15,5048909875234;-16,7391415748164;-20,2654847460006;-14,0704407964278;-18,8612253266302;2,68199219822906;1,52838389719892;1,55555567096163;0,906735395569924;0,505569093294629;0,505568510213577;0,542423295383888;0,645128743653648;0,999999654320567;0,839312184375599;0,686365732674007;0,484882772849465;0,338111817657018;-2,15412013791303;-2,42226812127019;-2,55906686800296;-3,10311669832069;-3,99474654545801;-3,97671217514574;-3,35263255597489;-2,70563138978424;-2,14672192447882;-1,19499808741355;-1,84815310840112;-2,22452115757888;-2,90058670842152;-5,11453698104553;-5,02170503837136;-4,05149685492326;-3,42456171028843;-2,69556160947629;0,0719810978515742;0,0157773726842686;0,0505370955583641;0,0170367760222954;0,0271365841219972;0,00815598019131003;0,0102300072942366;0,0079209892374245;-3,5973141107376860;-3;1;1;1;-3;-3;1;1;0,33818196396406286;-11215,6629857386;NA;All
2000;1,89389554888044;2,77668417838003;2,33533711420516;2,68774121246616;2,72309010659783;2,29408906685468;2,47326676471914;2,24097751517347;2,55320778110794;2,07780597554461;1,87229485914894;1,63386438152965;1,4456112889373;1,22448001849554;1,57391116751393;1,72268738934523;1,88268488418809;1,51541495520003;2,0105765664805;1,66769611430012;-21,1792549398174;-4,18947293818984;-6,65286241433163;-7,1809515973989;-5,54687814313434;-5,65488769770684;-9,8092163636125;-12,4411986438902;-5,52180832075962;-13,2792363051043;-11,5843475719452;-18,3650380350894;-25,6680975326532;-25,1712093050069;-26,5444579296166;-15,5048909875234;-16,7391415748164;-20,2654847460006;-14,0704407964278;-18,8612253266302;2,68199219822906;1,52838389719892;1,55555567096163;0,906735395569924;0,505569093294629;0,505568510213577;0,542423295383888;0,645128743653648;0,999999654320567;0,839312184375599;0,686365732674007;0,484882772849465;0,338111817657018;-2,15412013791303;-2,42226812127019;-2,55906686800296;-3,10311669832069;-3,99474654545801;-3,97671217514574;-3,35263255597489;-2,70563138978424;-2,14672192447882;-1,19499808741355;-1,84815310840112;-2,22452115757888;-2,90058670842152;-5,11453698104553;-5,02170503837136;-4,05149685492326;-3,42456171028843;-2,69556160947629;0,0719810978515742;0,0157773726842686;0,0505370955583641;0,0170367760222954;0,0271365841219972;0,00815598019131003;0,0102300072942366;0,0079209892374245;-0,9400611956162770;-3;1;1;1;-3;-3;1;1;0,24090143287077664;-11215,1840173202;NA;All
2010;1,89389554888044;2,77668417838003;2,33533711420516;2,68774121246616;2,72309010659783;2,29408906685468;2,47326676471914;2,24097751517347;2,55320778110794;2,07780597554461;1,87229485914894;1,63386438152965;1,4456112889373;1,22448001849554;1,57391116751393;1,72268738934523;1,88268488418809;1,51541495520003;2,0105765664805;1,66769611430012;-21,1792549398174;-4,18947293818984;-6,65286241433163;-7,1809515973989;-5,54687814313434;-5,65488769770684;-9,8092163636125;-12,4411986438902;-5,52180832075962;-13,2792363051043;-11,5843475719452;-18,3650380350894;-25,6680975326532;-25,1712093050069;-26,5444579296166;-15,5048909875234;-16,7391415748164;-20,2654847460006;-14,0704407964278;-18,8612253266302;2,68199219822906;1,52838389719892;1,55555567096163;0,906735395569924;0,505569093294629;0,505568510213577;0,542423295383888;0,645128743653648;0,999999654320567;0,839312184375599;0,686365732674007;0,484882772849465;0,338111817657018;-2,15412013791303;-2,42226812127019;-2,55906686800296;-3,10311669832069;-3,99474654545801;-3,97671217514574;-3,35263255597489;-2,70563138978424;-2,14672192447882;-1,19499808741355;-1,84815310840112;-2,22452115757888;-2,90058670842152;-5,11453698104553;-5,02170503837136;-4,05149685492326;-3,42456171028843;-2,69556160947629;0,0719810978515742;0,0157773726842686;0,0505370955583641;0,0170367760222954;0,0271365841219972;0,00815598019131003;0,0102300072942366;0,0079209892374245;-1,0696146405922538;-3;1;1;1;-3;-3;1;1;0,77659345460969387;-11216,0274798849;NA;All
2020;1,89389554888044;2,77668417838003;2,33533711420516;2,68774121246616;2,72309010659783;2,29408906685468;2,47326676471914;2,24097751517347;2,55320778110794;2,07780597554461;1,87229485914894;1,63386438152965;1,4456112889373;1,22448001849554;1,57391116751393;1,72268738934523;1,88268488418809;1,51541495520003;2,0105765664805;1,66769611430012;-21,1792549398174;-4,18947293818984;-6,65286241433163;-7,1809515973989;-5,54687814313434;-5,65488769770684;-9,8092163636125;-12,4411986438902;-5,52180832075962;-13,2792363051043;-11,5843475719452;-18,3650380350894;-25,6680975326532;-25,1712093050069;-26,5444579296166;-15,5048909875234;-16,7391415748164;-20,2654847460006;-14,0704407964278;-18,8612253266302;2,68199219822906;1,52838389719892;1,55555567096163;0,906735395569924;0,505569093294629;0,505568510213577;0,542423295383888;0,645128743653648;0,999999654320567;0,839312184375599;0,686365732674007;0,484882772849465;0,338111817657018;-2,15412013791303;-2,42226812127019;-2,55906686800296;-3,10311669832069;-3,99474654545801;-3,97671217514574;-3,35263255597489;-2,70563138978424;-2,14672192447882;-1,19499808741355;-1,84815310840112;-2,22452115757888;-2,90058670842152;-5,11453698104553;-5,02170503837136;-4,05149685492326;-3,42456171028843;-2,69556160947629;0,0719810978515742;0,0157773726842686;0,0505370955583641;0,0170367760222954;0,0271365841219972;0,00815598019131003;0,0102300072942366;0,0079209892374245;-1,3421644753919697;-3;1;1;1;-3;-3;1;1;0,89848827628815520;-11216,4327015216;NA;All
2030;1,89389554888044;2,77668417838003;2,33533711420516;2,68774121246616;2,72309010659783;2,29408906685468;2,47326676471914;2,24097751517347;2,55320778110794;2,07780597554461;1,87229485914894;1,63386438152965;1,4456112889373;1,22448001849554;1,57391116751393;1,72268738934523;1,88268488418809;1,51541495520003;2,0105765664805;1,66769611430012;-21,1792549398174;-4,18947293818984;-6,65286241433163;-7,1809515973989;-5,54687814313434;-5,65488769770684;-9,8092163636125;-12,4411986438902;-5,52180832075962;-13,2792363051043;-11,5843475719452;-18,3650380350894;-25,6680975326532;-25,1712093050069;-26,5444579296166;-15,5048909875234;-16,7391415748164;-20,2654847460006;-14,0704407964278;-18,8612253266302;2,68199219822906;1,52838389719892;1,55555567096163;0,906735395569924;0,505569093294629;0,505568510213577;0,542423295383888;0,645128743653648;0,999999654320567;0,839312184375599;0,686365732674007;0,484882772849465;0,338111817657018;-2,15412013791303;-2,42226812127019;-2,55906686800296;-3,10311669832069;-3,99474654545801;-3,97671217514574;-3,35263255597489;-2,70563138978424;-2,14672192447882;-1,19499808741355;-1,84815310840112;-2,22452115757888;-2,90058670842152;-5,11453698104553;-5,02170503837136;-4,05149685492326;-3,42456171028843;-2,69556160947629;0,0719810978515742;0,0157773726842686;0,0505370955583641;0,0170367760222954;0,0271365841219972;0,00815598019131003;0,0102300072942366;0,0079209892374245;-1,3669525162904883;-3;1;1;1;-3;-3;1;1;0,94324005502768637;-11216,6876483493;NA;All
2040;1,89389554888044;2,77668417838003;2,33533711420516;2,68774121246616;2,72309010659783;2,29408906685468;2,47326676471914;2,24097751517347;2,55320778110794;2,07780597554461;1,87229485914894;1,63386438152965;1,4456112889373;1,22448001849554;1,57391116751393;1,72268738934523;1,88268488418809;1,51541495520003;2,0105765664805;1,66769611430012;-21,1792549398174;-4,18947293818984;-6,65286241433163;-7,1809515973989;-5,54687814313434;-5,65488769770684;-9,8092163636125;-12,4411986438902;-5,52180832075962;-13,2792363051043;-11,5843475719452;-18,3650380350894;-25,6680975326532;-25,1712093050069;-26,5444579296166;-15,5048909875234;-16,7391415748164;-20,2654847460006;-14,0704407964278;-18,8612253266302;2,68199219822906;1,52838389719892;1,55555567096163;0,906735395569924;0,505569093294629;0,505568510213577;0,542423295383888;0,645128743653648;0,999999654320567;0,839312184375599;0,686365732674007;0,484882772849465;0,338111817657018;-2,15412013791303;-2,42226812127019;-2,55906686800296;-3,10311669832069;-3,99474654545801;-3,97671217514574;-3,35263255597489;-2,70563138978424;-2,14672192447882;-1,19499808741355;-1,84815310840112;-2,22452115757888;-2,90058670842152;-5,11453698104553;-5,02170503837136;-4,05149685492326;-3,42456171028843;-2,69556160947629;0,0719810978515742;0,0157773726842686;0,0505370955583641;0,0170367760222954;0,0271365841219972;0,00815598019131003;0,0102300072942366;0,0079209892374245;-1,1996977272076923;-3;1;1;1;-3;-3;1;1;1,21699584873409306;-11218,9448023038;NA;All
2050;1,89389554888044;2,77668417838003;2,33533711420516;2,68774121246616;2,72309010659783;2,29408906685468;2,47326676471914;2,24097751517347;2,55320778110794;2,07780597554461;1,87229485914894;1,63386438152965;1,4456112889373;1,22448001849554;1,57391116751393;1,72268738934523;1,88268488418809;1,51541495520003;2,0105765664805;1,66769611430012;-21,1792549398174;-4,18947293818984;-6,65286241433163;-7,1809515973989;-5,54687814313434;-5,65488769770684;-9,8092163636125;-12,4411986438902;-5,52180832075962;-13,2792363051043;-11,5843475719452;-18,3650380350894;-25,6680975326532;-25,1712093050069;-26,5444579296166;-15,5048909875234;-16,7391415748164;-20,2654847460006;-14,0704407964278;-18,8612253266302;2,68199219822906;1,52838389719892;1,55555567096163;0,906735395569924;0,505569093294629;0,505568510213577;0,542423295383888;0,645128743653648;0,999999654320567;0,839312184375599;0,686365732674007;0,484882772849465;0,338111817657018;-2,15412013791303;-2,42226812127019;-2,55906686800296;-3,10311669832069;-3,99474654545801;-3,97671217514574;-3,35263255597489;-2,70563138978424;-2,14672192447882;-1,19499808741355;-1,84815310840112;-2,22452115757888;-2,90058670842152;-5,11453698104553;-5,02170503837136;-4,05149685492326;-3,42456171028843;-2,69556160947629;0,0719810978515742;0,0157773726842686;0,0505370955583641;0,0170367760222954;0,0271365841219972;0,00815598019131003;0,0102300072942366;0,0079209892374245;-1,1442342569614836;-3;1;1;1;-3;-3;1;1;0,59801744798600309;-11215,2303766789;NA;All
2060;1,89389554888044;2,77668417838003;2,33533711420516;2,68774121246616;2,72309010659783;2,29408906685468;2,47326676471914;2,24097751517347;2,55320778110794;2,07780597554461;1,87229485914894;1,63386438152965;1,4456112889373;1,22448001849554;1,57391116751393;1,72268738934523;1,88268488418809;1,51541495520003;2,0105765664805;1,66769611430012;-21,1792549398174;-4,18947293818984;-6,65286241433163;-7,1809515973989;-5,54687814313434;-5,65488769770684;-9,8092163636125;-12,4411986438902;-5,52180832075962;-13,2792363051043;-11,5843475719452;-18,3650380350894;-25,6680975326532;-25,1712093050069;-26,5444579296166;-15,5048909875234;-16,7391415748164;-20,2654847460006;-14,0704407964278;-18,8612253266302;2,68199219822906;1,52838389719892;1,55555567096163;0,906735395569924;0,505569093294629;0,505568510213577;0,542423295383888;0,645128743653648;0,999999654320567;0,839312184375599;0,686365732674007;0,484882772849465;0,338111817657018;-2,15412013791303;-2,42226812127019;-2,55906686800296;-3,10311669832069;-3,99474654545801;-3,97671217514574;-3,35263255597489;-2,70563138978424;-2,14672192447882;-1,19499808741355;-1,84815310840112;-2,22452115757888;-2,90058670842152;-5,11453698104553;-5,02170503837136;-4,05149685492326;-3,42456171028843;-2,69556160947629;0,0719810978515742;0,0157773726842686;0,0505370955583641;0,0170367760222954;0,0271365841219972;0,00815598019131003;0,0102300072942366;0,0079209892374245;-1,1413409658318410;-3;1;1;1;-3;-3;1;1;0,97211332480326107;-11217,1286129310;NA;All
2070;1,89389554888044;2,77668417838003;2,33533711420516;2,68774121246616;2,72309010659783;2,29408906685468;2,47326676471914;2,24097751517347;2,55320778110794;2,07780597554461;1,87229485914894;1,63386438152965;1,4456112889373;1,22448001849554;1,57391116751393;1,72268738934523;1,88268488418809;1,51541495520003;2,0105765664805;1,66769611430012;-21,1792549398174;-4,18947293818984;-6,65286241433163;-7,1809515973989;-5,54687814313434;-5,65488769770684;-9,8092163636125;-12,4411986438902;-5,52180832075962;-13,2792363051043;-11,5843475719452;-18,3650380350894;-25,6680975326532;-25,1712093050069;-26,5444579296166;-15,5048909875234;-16,7391415748164;-20,2654847460006;-14,0704407964278;-18,8612253266302;2,68199219822906;1,52838389719892;1,55555567096163;0,906735395569924;0,505569093294629;0,505568510213577;0,542423295383888;0,645128743653648;0,999999654320567;0,839312184375599;0,686365732674007;0,484882772849465;0,338111817657018;-2,15412013791303;-2,42226812127019;-2,55906686800296;-3,10311669832069;-3,99474654545801;-3,97671217514574;-3,35263255597489;-2,70563138978424;-2,14672192447882;-1,19499808741355;-1,84815310840112;-2,22452115757888;-2,90058670842152;-5,11453698104553;-5,02170503837136;-4,05149685492326;-3,42456171028843;-2,69556160947629;0,0719810978515742;0,0157773726842686;0,0505370955583641;0,0170367760222954;0,0271365841219972;0,00815598019131003;0,0102300072942366;0,0079209892374245;-0,7327863633418590;-3;1;1;1;-3;-3;1;1;0,30867244500268753;-11214,9160398829;NA;All
2080;1,89389554888044;2,77668417838003;2,33533711420516;2,68774121246616;2,72309010659783;2,29408906685468;2,47326676471914;2,24097751517347;2,55320778110794;2,07780597554461;1,87229485914894;1,63386438152965;1,4456112889373;1,22448001849554;1,57391116751393;1,72268738934523;1,88268488418809;1,51541495520003;2,0105765664805;1,66769611430012;-21,1792549398174;-4,18947293818984;-6,65286241433163;-7,1809515973989;-5,54687814313434;-5,65488769770684;-9,8092163636125;-12,4411986438902;-5,52180832075962;-13,2792363051043;-11,5843475719452;-18,3650380350894;-25,6680975326532;-25,1712093050069;-26,5444579296166;-15,5048909875234;-16,7391415748164;-20,2654847460006;-14,0704407964278;-18,8612253266302;2,68199219822906;1,52838389719892;1,55555567096163;0,906735395569924;0,505569093294629;0,505568510213577;0,542423295383888;0,645128743653648;0,999999654320567;0,839312184375599;0,686365732674007;0,484882772849465;0,338111817657018;-2,15412013791303;-2,42226812127019;-2,55906686800296;-3,10311669832069;-3,99474654545801;-3,97671217514574;-3,35263255597489;-2,70563138978424;-2,14672192447882;-1,19499808741355;-1,84815310840112;-2,22452115757888;-2,90058670842152;-5,11453698104553;-5,02170503837136;-4,05149685492326;-3,42456171028843;-2,69556160947629;0,0719810978515742;0,0157773726842686;0,0505370955583641;0,0170367760222954;0,0271365841219972;0,00815598019131003;0,0102300072942366;0,0079209892374245;-0,5581065416026891;-3;1;1;1;-3;-3;1;1;0,13045125283007103;-11214,8943764578;NA;All
2090;1,89389554888044;2,77668417838003;2,33533711420516;2,68774121246616;2,72309010659783;2,29408906685468;2,47326676471914;2,24097751517347;2,55320778110794;2,07780597554461;1,87229485914894;1,63386438152965;1,4456112889373;1,22448001849554;1,57391116751393;1,72268738934523;1,88268488418809;1,51541495520003;2,0105765664805;1,66769611430012;-21,1792549398174;-4,18947293818984;-6,65286241433163;-7,1809515973989;-5,54687814313434;-5,65488769770684;-9,8092163636125;-12,4411986438902;-5,52180832075962;-13,2792363051043;-11,5843475719452;-18,3650380350894;-25,6680975326532;-25,1712093050069;-26,5444579296166;-15,5048909875234;-16,7391415748164;-20,2654847460006;-14,0704407964278;-18,8612253266302;2,68199219822906;1,52838389719892;1,55555567096163;0,906735395569924;0,505569093294629;0,505568510213577;0,542423295383888;0,645128743653648;0,999999654320567;0,839312184375599;0,686365732674007;0,484882772849465;0,338111817657018;-2,15412013791303;-2,42226812127019;-2,55906686800296;-3,10311669832069;-3,99474654545801;-3,97671217514574;-3,35263255597489;-2,70563138978424;-2,14672192447882;-1,19499808741355;-1,84815310840112;-2,22452115757888;-2,90058670842152;-5,11453698104553;-5,02170503837136;-4,05149685492326;-3,42456171028843;-2,69556160947629;0,0719810978515742;0,0157773726842686;0,0505370955583641;0,0170367760222954;0,0271365841219972;0,00815598019131003;0,0102300072942366;0,0079209892374245;-0,8500341999401928;-3;1;1;1;-3;-3;1;1;0,31314457202081464;-11214,9449497996;NA;All
2100;1,89389554888044;2,77668417838003;2,33533711420516;2,68774121246616;2,72309010659783;2,29408906685468;2,47326676471914;2,24097751517347;2,55320778110794;2,07780597554461;1,87229485914894;1,63386438152965;1,4456112889373;1,22448001849554;1,57391116751393;1,72268738934523;1,88268488418809;1,51541495520003;2,0105765664805;1,66769611430012;-21,1792549398174;-4,18947293818984;-6,65286241433163;-7,1809515973989;-5,54687814313434;-5,65488769770684;-9,8092163636125;-12,4411986438902;-5,52180832075962;-13,2792363051043;-11,5843475719452;-18,3650380350894;-25,6680975326532;-25,1712093050069;-26,5444579296166;-15,5048909875234;-16,7391415748164;-20,2654847460006;-14,0704407964278;-18,8612253266302;2,68199219822906;1,52838389719892;1,55555567096163;0,906735395569924;0,505569093294629;0,505568510213577;0,542423295383888;0,645128743653648;0,999999654320567;0,839312184375599;0,686365732674007;0,484882772849465;0,338111817657018;-2,15412013791303;-2,42226812127019;-2,55906686800296;-3,10311669832069;-3,99474654545801;-3,97671217514574;-3,35263255597489;-2,70563138978424;-2,14672192447882;-1,19499808741355;-1,84815310840112;-2,22452115757888;-2,90058670842152;-5,11453698104553;-5,02170503837136;-4,05149685492326;-3,42456171028843;-2,69556160947629;0,0719810978515742;0,0157773726842686;0,0505370955583641;0,0170367760222954;0,0271365841219972;0,00815598019131003;0,0102300072942366;0,0079209892374245;-0,3797918019099693;-3;1;1;1;-3;-3;1;1;0,04930324882724615;-11214,9808415963;NA;All
2110;1,89389554888044;2,77668417838003;2,33533711420516;2,68774121246616;2,72309010659783;2,29408906685468;2,47326676471914;2,24097751517347;2,55320778110794;2,07780597554461;1,87229485914894;1,63386438152965;1,4456112889373;1,22448001849554;1,57391116751393;1,72268738934523;1,88268488418809;1,51541495520003;2,0105765664805;1,66769611430012;-21,1792549398174;-4,18947293818984;-6,65286241433163;-7,1809515973989;-5,54687814313434;-5,65488769770684;-9,8092163636125;-12,4411986438902;-5,52180832075962;-13,2792363051043;-11,5843475719452;-18,3650380350894;-25,6680975326532;-25,1712093050069;-26,5444579296166;-15,5048909875234;-16,7391415748164;-20,2654847460006;-14,0704407964278;-18,8612253266302;2,68199219822906;1,52838389719892;1,55555567096163;0,906735395569924;0,505569093294629;0,505568510213577;0,542423295383888;0,645128743653648;0,999999654320567;0,839312184375599;0,686365732674007;0,484882772849465;0,338111817657018;-2,15412013791303;-2,42226812127019;-2,55906686800296;-3,10311669832069;-3,99474654545801;-3,97671217514574;-3,35263255597489;-2,70563138978424;-2,14672192447882;-1,19499808741355;-1,84815310840112;-2,22452115757888;-2,90058670842152;-5,11453698104553;-5,02170503837136;-4,05149685492326;-3,42456171028843;-2,69556160947629;0,0719810978515742;0,0157773726842686;0,0505370955583641;0,0170367760222954;0,0271365841219972;0,00815598019131003;0,0102300072942366;0,0079209892374245;-1,0610143282386049;-3;1;1;1;-3;-3;1;1;0,15485714656975630;-11215,9217853479;NA;All
2120;1,89389554888044;2,77668417838003;2,33533711420516;2,68774121246616;2,72309010659783;2,29408906685468;2,47326676471914;2,24097751517347;2,55320778110794;2,07780597554461;1,87229485914894;1,63386438152965;1,4456112889373;1,22448001849554;1,57391116751393;1,72268738934523;1,88268488418809;1,51541495520003;2,0105765664805;1,66769611430012;-21,1792549398174;-4,18947293818984;-6,65286241433163;-7,1809515973989;-5,54687814313434;-5,65488769770684;-9,8092163636125;-12,4411986438902;-5,52180832075962;-13,2792363051043;-11,5843475719452;-18,3650380350894;-25,6680975326532;-25,1712093050069;-26,5444579296166;-15,5048909875234;-16,7391415748164;-20,2654847460006;-14,0704407964278;-18,8612253266302;2,68199219822906;1,52838389719892;1,55555567096163;0,906735395569924;0,505569093294629;0,505568510213577;0,542423295383888;0,645128743653648;0,999999654320567;0,839312184375599;0,686365732674007;0,484882772849465;0,338111817657018;-2,15412013791303;-2,42226812127019;-2,55906686800296;-3,10311669832069;-3,99474654545801;-3,97671217514574;-3,35263255597489;-2,70563138978424;-2,14672192447882;-1,19499808741355;-1,84815310840112;-2,22452115757888;-2,90058670842152;-5,11453698104553;-5,02170503837136;-4,05149685492326;-3,42456171028843;-2,69556160947629;0,0719810978515742;0,0157773726842686;0,0505370955583641;0,0170367760222954;0,0271365841219972;0,00815598019131003;0,0102300072942366;0,0079209892374245;-0,2194869450980328;-3;1;1;1;-3;-3;1;1;0,04248398641711093;-11215,7816872767;NA;All
2130;1,89389554888044;2,77668417838003;2,33533711420516;2,68774121246616;2,72309010659783;2,29408906685468;2,47326676471914;2,24097751517347;2,55320778110794;2,07780597554461;1,87229485914894;1,63386438152965;1,4456112889373;1,22448001849554;1,57391116751393;1,72268738934523;1,88268488418809;1,51541495520003;2,0105765664805;1,66769611430012;-21,1792549398174;-4,18947293818984;-6,65286241433163;-7,1809515973989;-5,54687814313434;-5,65488769770684;-9,8092163636125;-12,4411986438902;-5,52180832075962;-13,2792363051043;-11,5843475719452;-18,3650380350894;-25,6680975326532;-25,1712093050069;-26,5444579296166;-15,5048909875234;-16,7391415748164;-20,2654847460006;-14,0704407964278;-18,8612253266302;2,68199219822906;1,52838389719892;1,55555567096163;0,906735395569924;0,505569093294629;0,505568510213577;0,542423295383888;0,645128743653648;0,999999654320567;0,839312184375599;0,686365732674007;0,484882772849465;0,338111817657018;-2,15412013791303;-2,42226812127019;-2,55906686800296;-3,10311669832069;-3,99474654545801;-3,97671217514574;-3,35263255597489;-2,70563138978424;-2,14672192447882;-1,19499808741355;-1,84815310840112;-2,22452115757888;-2,90058670842152;-5,11453698104553;-5,02170503837136;-4,05149685492326;-3,42456171028843;-2,69556160947629;0,0719810978515742;0,0157773726842686;0,0505370955583641;0,0170367760222954;0,0271365841219972;0,00815598019131003;0,0102300072942366;0,0079209892374245;-0,6857893285543563;-3;1;1;1;-3;-3;1;1;0,53797424138027616;-11215,6012580408;NA;All
2140;1,89389554888044;2,77668417838003;2,33533711420516;2,68774121246616;2,72309010659783;2,29408906685468;2,47326676471914;2,24097751517347;2,55320778110794;2,07780597554461;1,87229485914894;1,63386438152965;1,4456112889373;1,22448001849554;1,57391116751393;1,72268738934523;1,88268488418809;1,51541495520003;2,0105765664805;1,66769611430012;-21,1792549398174;-4,18947293818984;-6,65286241433163;-7,1809515973989;-5,54687814313434;-5,65488769770684;-9,8092163636125;-12,4411986438902;-5,52180832075962;-13,2792363051043;-11,5843475719452;-18,3650380350894;-25,6680975326532;-25,1712093050069;-26,5444579296166;-15,5048909875234;-16,7391415748164;-20,2654847460006;-14,0704407964278;-18,8612253266302;2,68199219822906;1,52838389719892;1,55555567096163;0,906735395569924;0,505569093294629;0,505568510213577;0,542423295383888;0,645128743653648;0,999999654320567;0,839312184375599;0,686365732674007;0,484882772849465;0,338111817657018;-2,15412013791303;-2,42226812127019;-2,55906686800296;-3,10311669832069;-3,99474654545801;-3,97671217514574;-3,35263255597489;-2,70563138978424;-2,14672192447882;-1,19499808741355;-1,84815310840112;-2,22452115757888;-2,90058670842152;-5,11453698104553;-5,02170503837136;-4,05149685492326;-3,42456171028843;-2,69556160947629;0,0719810978515742;0,0157773726842686;0,0505370955583641;0,0170367760222954;0,0271365841219972;0,00815598019131003;0,0102300072942366;0,0079209892374245;-0,4852074861180716;-3;1;1;1;-3;-3;1;1;0,50606849194437098;-11216,2504598863;NA;All
2150;1,89389554888044;2,77668417838003;2,33533711420516;2,68774121246616;2,72309010659783;2,29408906685468;2,47326676471914;2,24097751517347;2,55320778110794;2,07780597554461;1,87229485914894;1,63386438152965;1,4456112889373;1,22448001849554;1,57391116751393;1,72268738934523;1,88268488418809;1,51541495520003;2,0105765664805;1,66769611430012;-21,1792549398174;-4,18947293818984;-6,65286241433163;-7,1809515973989;-5,54687814313434;-5,65488769770684;-9,8092163636125;-12,4411986438902;-5,52180832075962;-13,2792363051043;-11,5843475719452;-18,3650380350894;-25,6680975326532;-25,1712093050069;-26,5444579296166;-15,5048909875234;-16,7391415748164;-20,2654847460006;-14,0704407964278;-18,8612253266302;2,68199219822906;1,52838389719892;1,55555567096163;0,906735395569924;0,505569093294629;0,505568510213577;0,542423295383888;0,645128743653648;0,999999654320567;0,839312184375599;0,686365732674007;0,484882772849465;0,338111817657018;-2,15412013791303;-2,42226812127019;-2,55906686800296;-3,10311669832069;-3,99474654545801;-3,97671217514574;-3,35263255597489;-2,70563138978424;-2,14672192447882;-1,19499808741355;-1,84815310840112;-2,22452115757888;-2,90058670842152;-5,11453698104553;-5,02170503837136;-4,05149685492326;-3,42456171028843;-2,69556160947629;0,0719810978515742;0,0157773726842686;0,0505370955583641;0,0170367760222954;0,0271365841219972;0,00815598019131003;0,0102300072942366;0,0079209892374245;-0,4852074861180716;-3;1;1;1;-3;-3;1;1;0,50606849194437098;-11216,2504598863;NA;All
2160;1,89389554888044;2,77668417838003;2,33533711420516;2,68774121246616;2,72309010659783;2,29408906685468;2,47326676471914;2,24097751517347;2,55320778110794;2,07780597554461;1,87229485914894;1,63386438152965;1,4456112889373;1,22448001849554;1,57391116751393;1,72268738934523;1,88268488418809;1,51541495520003;2,0105765664805;1,66769611430012;-21,1792549398174;-4,18947293818984;-6,65286241433163;-7,1809515973989;-5,54687814313434;-5,65488769770684;-9,8092163636125;-12,4411986438902;-5,52180832075962;-13,2792363051043;-11,5843475719452;-18,3650380350894;-25,6680975326532;-25,1712093050069;-26,5444579296166;-15,5048909875234;-16,7391415748164;-20,2654847460006;-14,0704407964278;-18,8612253266302;2,68199219822906;1,52838389719892;1,55555567096163;0,906735395569924;0,505569093294629;0,505568510213577;0,542423295383888;0,645128743653648;0,999999654320567;0,839312184375599;0,686365732674007;0,484882772849465;0,338111817657018;-2,15412013791303;-2,42226812127019;-2,55906686800296;-3,10311669832069;-3,99474654545801;-3,97671217514574;-3,35263255597489;-2,70563138978424;-2,14672192447882;-1,19499808741355;-1,84815310840112;-2,22452115757888;-2,90058670842152;-5,11453698104553;-5,02170503837136;-4,05149685492326;-3,42456171028843;-2,69556160947629;0,0719810978515742;0,0157773726842686;0,0505370955583641;0,0170367760222954;0,0271365841219972;0,00815598019131003;0,0102300072942366;0,0079209892374245;-0,8542745394481726;-3;1;1;1;-3;-3;1;1;0,79479117248633524;-11216,5342487450;NA;All
2170;1,89389554888044;2,77668417838003;2,33533711420516;2,68774121246616;2,72309010659783;2,29408906685468;2,47326676471914;2,24097751517347;2,55320778110794;2,07780597554461;1,87229485914894;1,63386438152965;1,4456112889373;1,22448001849554;1,57391116751393;1,72268738934523;1,88268488418809;1,51541495520003;2,0105765664805;1,66769611430012;-21,1792549398174;-4,18947293818984;-6,65286241433163;-7,1809515973989;-5,54687814313434;-5,65488769770684;-9,8092163636125;-12,4411986438902;-5,52180832075962;-13,2792363051043;-11,5843475719452;-18,3650380350894;-25,6680975326532;-25,1712093050069;-26,5444579296166;-15,5048909875234;-16,7391415748164;-20,2654847460006;-14,0704407964278;-18,8612253266302;2,68199219822906;1,52838389719892;1,55555567096163;0,906735395569924;0,505569093294629;0,505568510213577;0,542423295383888;0,645128743653648;0,999999654320567;0,839312184375599;0,686365732674007;0,484882772849465;0,338111817657018;-2,15412013791303;-2,42226812127019;-2,55906686800296;-3,10311669832069;-3,99474654545801;-3,97671217514574;-3,35263255597489;-2,70563138978424;-2,14672192447882;-1,19499808741355;-1,84815310840112;-2,22452115757888;-2,90058670842152;-5,11453698104553;-5,02170503837136;-4,05149685492326;-3,42456171028843;-2,69556160947629;0,0719810978515742;0,0157773726842686;0,0505370955583641;0,0170367760222954;0,0271365841219972;0,00815598019131003;0,0102300072942366;0,0079209892374245;-2,3907945494210416;-3;1;1;1;-3;-3;1;1;0,55414193905873299;-11215,0985388144;NA;All
2180;1,89389554888044;2,77668417838003;2,33533711420516;2,68774121246616;2,72309010659783;2,29408906685468;2,47326676471914;2,24097751517347;2,55320778110794;2,07780597554461;1,87229485914894;1,63386438152965;1,4456112889373;1,22448001849554;1,57391116751393;1,72268738934523;1,88268488418809;1,51541495520003;2,0105765664805;1,66769611430012;-21,1792549398174;-4,18947293818984;-6,65286241433163;-7,1809515973989;-5,54687814313434;-5,65488769770684;-9,8092163636125;-12,4411986438902;-5,52180832075962;-13,2792363051043;-11,5843475719452;-18,3650380350894;-25,6680975326532;-25,1712093050069;-26,5444579296166;-15,5048909875234;-16,7391415748164;-20,2654847460006;-14,0704407964278;-18,8612253266302;2,68199219822906;1,52838389719892;1,55555567096163;0,906735395569924;0,505569093294629;0,505568510213577;0,542423295383888;0,645128743653648;0,999999654320567;0,839312184375599;0,686365732674007;0,484882772849465;0,338111817657018;-2,15412013791303;-2,42226812127019;-2,55906686800296;-3,10311669832069;-3,99474654545801;-3,97671217514574;-3,35263255597489;-2,70563138978424;-2,14672192447882;-1,19499808741355;-1,84815310840112;-2,22452115757888;-2,90058670842152;-5,11453698104553;-5,02170503837136;-4,05149685492326;-3,42456171028843;-2,69556160947629;0,0719810978515742;0,0157773726842686;0,0505370955583641;0,0170367760222954;0,0271365841219972;0,00815598019131003;0,0102300072942366;0,0079209892374245;-2,5437124542884786;-3;1;1;1;-3;-3;1;1;1,10129576733447032;-11217,4040854817;NA;All
2190;1,89389554888044;2,77668417838003;2,33533711420516;2,68774121246616;2,72309010659783;2,29408906685468;2,47326676471914;2,24097751517347;2,55320778110794;2,07780597554461;1,87229485914894;1,63386438152965;1,4456112889373;1,22448001849554;1,57391116751393;1,72268738934523;1,88268488418809;1,51541495520003;2,0105765664805;1,66769611430012;-21,1792549398174;-4,18947293818984;-6,65286241433163;-7,1809515973989;-5,54687814313434;-5,65488769770684;-9,8092163636125;-12,4411986438902;-5,52180832075962;-13,2792363051043;-11,5843475719452;-18,3650380350894;-25,6680975326532;-25,1712093050069;-26,5444579296166;-15,5048909875234;-16,7391415748164;-20,2654847460006;-14,0704407964278;-18,8612253266302;2,68199219822906;1,52838389719892;1,55555567096163;0,906735395569924;0,505569093294629;0,505568510213577;0,542423295383888;0,645128743653648;0,999999654320567;0,839312184375599;0,686365732674007;0,484882772849465;0,338111817657018;-2,15412013791303;-2,42226812127019;-2,55906686800296;-3,10311669832069;-3,99474654545801;-3,97671217514574;-3,35263255597489;-2,70563138978424;-2,14672192447882;-1,19499808741355;-1,84815310840112;-2,22452115757888;-2,90058670842152;-5,11453698104553;-5,02170503837136;-4,05149685492326;-3,42456171028843;-2,69556160947629;0,0719810978515742;0,0157773726842686;0,0505370955583641;0,0170367760222954;0,0271365841219972;0,00815598019131003;0,0102300072942366;0,0079209892374245;-2,3006059470041142;-3;1;1;1;-3;-3;1;1;0,70369881642489673;-11215,3399632335;NA;All
2200;1,89389554888044;2,77668417838003;2,33533711420516;2,68774121246616;2,72309010659783;2,29408906685468;2,47326676471914;2,24097751517347;2,55320778110794;2,07780597554461;1,87229485914894;1,63386438152965;1,4456112889373;1,22448001849554;1,57391116751393;1,72268738934523;1,88268488418809;1,51541495520003;2,0105765664805;1,66769611430012;-21,1792549398174;-4,18947293818984;-6,65286241433163;-7,1809515973989;-5,54687814313434;-5,65488769770684;-9,8092163636125;-12,4411986438902;-5,52180832075962;-13,2792363051043;-11,5843475719452;-18,3650380350894;-25,6680975326532;-25,1712093050069;-26,5444579296166;-15,5048909875234;-16,7391415748164;-20,2654847460006;-14,0704407964278;-18,8612253266302;2,68199219822906;1,52838389719892;1,55555567096163;0,906735395569924;0,505569093294629;0,505568510213577;0,542423295383888;0,645128743653648;0,999999654320567;0,839312184375599;0,686365732674007;0,484882772849465;0,338111817657018;-2,15412013791303;-2,42226812127019;-2,55906686800296;-3,10311669832069;-3,99474654545801;-3,97671217514574;-3,35263255597489;-2,70563138978424;-2,14672192447882;-1,19499808741355;-1,84815310840112;-2,22452115757888;-2,90058670842152;-5,11453698104553;-5,02170503837136;-4,05149685492326;-3,42456171028843;-2,69556160947629;0,0719810978515742;0,0157773726842686;0,0505370955583641;0,0170367760222954;0,0271365841219972;0,00815598019131003;0,0102300072942366;0,0079209892374245;-1,7346202267763773;-3;1;1;1;-3;-3;1;1;0,41900128077694110;-11215,1940597773;NA;All
2210;1,89389554888044;2,77668417838003;2,33533711420516;2,68774121246616;2,72309010659783;2,29408906685468;2,47326676471914;2,24097751517347;2,55320778110794;2,07780597554461;1,87229485914894;1,63386438152965;1,4456112889373;1,22448001849554;1,57391116751393;1,72268738934523;1,88268488418809;1,51541495520003;2,0105765664805;1,66769611430012;-21,1792549398174;-4,18947293818984;-6,65286241433163;-7,1809515973989;-5,54687814313434;-5,65488769770684;-9,8092163636125;-12,4411986438902;-5,52180832075962;-13,2792363051043;-11,5843475719452;-18,3650380350894;-25,6680975326532;-25,1712093050069;-26,5444579296166;-15,5048909875234;-16,7391415748164;-20,2654847460006;-14,0704407964278;-18,8612253266302;2,68199219822906;1,52838389719892;1,55555567096163;0,906735395569924;0,505569093294629;0,505568510213577;0,542423295383888;0,645128743653648;0,999999654320567;0,839312184375599;0,686365732674007;0,484882772849465;0,338111817657018;-2,15412013791303;-2,42226812127019;-2,55906686800296;-3,10311669832069;-3,99474654545801;-3,97671217514574;-3,35263255597489;-2,70563138978424;-2,14672192447882;-1,19499808741355;-1,84815310840112;-2,22452115757888;-2,90058670842152;-5,11453698104553;-5,02170503837136;-4,05149685492326;-3,42456171028843;-2,69556160947629;0,0719810978515742;0,0157773726842686;0,0505370955583641;0,0170367760222954;0,0271365841219972;0,00815598019131003;0,0102300072942366;0,0079209892374245;-1,1232026239270985;-3;1;1;1;-3;-3;1;1;0,41420235493915170;-11215,0043266179;NA;All
2220;1,89389554888044;2,77668417838003;2,33533711420516;2,68774121246616;2,72309010659783;2,29408906685468;2,47326676471914;2,24097751517347;2,55320778110794;2,07780597554461;1,87229485914894;1,63386438152965;1,4456112889373;1,22448001849554;1,57391116751393;1,72268738934523;1,88268488418809;1,51541495520003;2,0105765664805;1,66769611430012;-21,1792549398174;-4,18947293818984;-6,65286241433163;-7,1809515973989;-5,54687814313434;-5,65488769770684;-9,8092163636125;-12,4411986438902;-5,52180832075962;-13,2792363051043;-11,5843475719452;-18,3650380350894;-25,6680975326532;-25,1712093050069;-26,5444579296166;-15,5048909875234;-16,7391415748164;-20,2654847460006;-14,0704407964278;-18,8612253266302;2,68199219822906;1,52838389719892;1,55555567096163;0,906735395569924;0,505569093294629;0,505568510213577;0,542423295383888;0,645128743653648;0,999999654320567;0,839312184375599;0,686365732674007;0,484882772849465;0,338111817657018;-2,15412013791303;-2,42226812127019;-2,55906686800296;-3,10311669832069;-3,99474654545801;-3,97671217514574;-3,35263255597489;-2,70563138978424;-2,14672192447882;-1,19499808741355;-1,84815310840112;-2,22452115757888;-2,90058670842152;-5,11453698104553;-5,02170503837136;-4,05149685492326;-3,42456171028843;-2,69556160947629;0,0719810978515742;0,0157773726842686;0,0505370955583641;0,0170367760222954;0,0271365841219972;0,00815598019131003;0,0102300072942366;0,0079209892374245;-0,5269622948487732;-3;1;1;1;-3;-3;1;1;0,58269453082231659;-11216,4792859435;NA;All
2230;1,89389554888044;2,77668417838003;2,33533711420516;2,68774121246616;2,72309010659783;2,29408906685468;2,47326676471914;2,24097751517347;2,55320778110794;2,07780597554461;1,87229485914894;1,63386438152965;1,4456112889373;1,22448001849554;1,57391116751393;1,72268738934523;1,88268488418809;1,51541495520003;2,0105765664805;1,66769611430012;-21,1792549398174;-4,18947293818984;-6,65286241433163;-7,1809515973989;-5,54687814313434;-5,65488769770684;-9,8092163636125;-12,4411986438902;-5,52180832075962;-13,2792363051043;-11,5843475719452;-18,3650380350894;-25,6680975326532;-25,1712093050069;-26,5444579296166;-15,5048909875234;-16,7391415748164;-20,2654847460006;-14,0704407964278;-18,8612253266302;2,68199219822906;1,52838389719892;1,55555567096163;0,906735395569924;0,505569093294629;0,505568510213577;0,542423295383888;0,645128743653648;0,999999654320567;0,839312184375599;0,686365732674007;0,484882772849465;0,338111817657018;-2,15412013791303;-2,42226812127019;-2,55906686800296;-3,10311669832069;-3,99474654545801;-3,97671217514574;-3,35263255597489;-2,70563138978424;-2,14672192447882;-1,19499808741355;-1,84815310840112;-2,22452115757888;-2,90058670842152;-5,11453698104553;-5,02170503837136;-4,05149685492326;-3,42456171028843;-2,69556160947629;0,0719810978515742;0,0157773726842686;0,0505370955583641;0,0170367760222954;0,0271365841219972;0,00815598019131003;0,0102300072942366;0,0079209892374245;-2,9880545415727933;-3;1;1;1;-3;-3;1;1;0,47371446921168447;-11215,1628703840;NA;All
2240;1,89389554888044;2,77668417838003;2,33533711420516;2,68774121246616;2,72309010659783;2,29408906685468;2,47326676471914;2,24097751517347;2,55320778110794;2,07780597554461;1,87229485914894;1,63386438152965;1,4456112889373;1,22448001849554;1,57391116751393;1,72268738934523;1,88268488418809;1,51541495520003;2,0105765664805;1,66769611430012;-21,1792549398174;-4,18947293818984;-6,65286241433163;-7,1809515973989;-5,54687814313434;-5,65488769770684;-9,8092163636125;-12,4411986438902;-5,52180832075962;-13,2792363051043;-11,5843475719452;-18,3650380350894;-25,6680975326532;-25,1712093050069;-26,5444579296166;-15,5048909875234;-16,7391415748164;-20,2654847460006;-14,0704407964278;-18,8612253266302;2,68199219822906;1,52838389719892;1,55555567096163;0,906735395569924;0,505569093294629;0,505568510213577;0,542423295383888;0,645128743653648;0,999999654320567;0,839312184375599;0,686365732674007;0,484882772849465;0,338111817657018;-2,15412013791303;-2,42226812127019;-2,55906686800296;-3,10311669832069;-3,99474654545801;-3,97671217514574;-3,35263255597489;-2,70563138978424;-2,14672192447882;-1,19499808741355;-1,84815310840112;-2,22452115757888;-2,90058670842152;-5,11453698104553;-5,02170503837136;-4,05149685492326;-3,42456171028843;-2,69556160947629;0,0719810978515742;0,0157773726842686;0,0505370955583641;0,0170367760222954;0,0271365841219972;0,00815598019131003;0,0102300072942366;0,0079209892374245;-2,0358900680687162;-3;1;1;1;-3;-3;1;1;0,87477949654067744;-11216,0528061701;NA;All
2250;1,89389554888044;2,77668417838003;2,33533711420516;2,68774121246616;2,72309010659783;2,29408906685468;2,47326676471914;2,24097751517347;2,55320778110794;2,07780597554461;1,87229485914894;1,63386438152965;1,4456112889373;1,22448001849554;1,57391116751393;1,72268738934523;1,88268488418809;1,51541495520003;2,0105765664805;1,66769611430012;-21,1792549398174;-4,18947293818984;-6,65286241433163;-7,1809515973989;-5,54687814313434;-5,65488769770684;-9,8092163636125;-12,4411986438902;-5,52180832075962;-13,2792363051043;-11,5843475719452;-18,3650380350894;-25,6680975326532;-25,1712093050069;-26,5444579296166;-15,5048909875234;-16,7391415748164;-20,2654847460006;-14,0704407964278;-18,8612253266302;2,68199219822906;1,52838389719892;1,55555567096163;0,906735395569924;0,505569093294629;0,505568510213577;0,542423295383888;0,645128743653648;0,999999654320567;0,839312184375599;0,686365732674007;0,484882772849465;0,338111817657018;-2,15412013791303;-2,42226812127019;-2,55906686800296;-3,10311669832069;-3,99474654545801;-3,97671217514574;-3,35263255597489;-2,70563138978424;-2,14672192447882;-1,19499808741355;-1,84815310840112;-2,22452115757888;-2,90058670842152;-5,11453698104553;-5,02170503837136;-4,05149685492326;-3,42456171028843;-2,69556160947629;0,0719810978515742;0,0157773726842686;0,0505370955583641;0,0170367760222954;0,0271365841219972;0,00815598019131003;0,0102300072942366;0,0079209892374245;-1,1807260447661352;-3;1;1;1;-3;-3;1;1;0,40704126333206370;-11215,0307667104;NA;All
2260;1,89389554888044;2,77668417838003;2,33533711420516;2,68774121246616;2,72309010659783;2,29408906685468;2,47326676471914;2,24097751517347;2,55320778110794;2,07780597554461;1,87229485914894;1,63386438152965;1,4456112889373;1,22448001849554;1,57391116751393;1,72268738934523;1,88268488418809;1,51541495520003;2,0105765664805;1,66769611430012;-21,1792549398174;-4,18947293818984;-6,65286241433163;-7,1809515973989;-5,54687814313434;-5,65488769770684;-9,8092163636125;-12,4411986438902;-5,52180832075962;-13,2792363051043;-11,5843475719452;-18,3650380350894;-25,6680975326532;-25,1712093050069;-26,5444579296166;-15,5048909875234;-16,7391415748164;-20,2654847460006;-14,0704407964278;-18,8612253266302;2,68199219822906;1,52838389719892;1,55555567096163;0,906735395569924;0,505569093294629;0,505568510213577;0,542423295383888;0,645128743653648;0,999999654320567;0,839312184375599;0,686365732674007;0,484882772849465;0,338111817657018;-2,15412013791303;-2,42226812127019;-2,55906686800296;-3,10311669832069;-3,99474654545801;-3,97671217514574;-3,35263255597489;-2,70563138978424;-2,14672192447882;-1,19499808741355;-1,84815310840112;-2,22452115757888;-2,90058670842152;-5,11453698104553;-5,02170503837136;-4,05149685492326;-3,42456171028843;-2,69556160947629;0,0719810978515742;0,0157773726842686;0,0505370955583641;0,0170367760222954;0,0271365841219972;0,00815598019131003;0,0102300072942366;0,0079209892374245;-2,3037818360477527;-3;1;1;1;-3;-3;1;1;0,60598677556196645;-11215,1360740059;NA;All
2270;1,89389554888044;2,77668417838003;2,33533711420516;2,68774121246616;2,72309010659783;2,29408906685468;2,47326676471914;2,24097751517347;2,55320778110794;2,07780597554461;1,87229485914894;1,63386438152965;1,4456112889373;1,22448001849554;1,57391116751393;1,72268738934523;1,88268488418809;1,51541495520003;2,0105765664805;1,66769611430012;-21,1792549398174;-4,18947293818984;-6,65286241433163;-7,1809515973989;-5,54687814313434;-5,65488769770684;-9,8092163636125;-12,4411986438902;-5,52180832075962;-13,2792363051043;-11,5843475719452;-18,3650380350894;-25,6680975326532;-25,1712093050069;-26,5444579296166;-15,5048909875234;-16,7391415748164;-20,2654847460006;-14,0704407964278;-18,8612253266302;2,68199219822906;1,52838389719892;1,55555567096163;0,906735395569924;0,505569093294629;0,505568510213577;0,542423295383888;0,645128743653648;0,999999654320567;0,839312184375599;0,686365732674007;0,484882772849465;0,338111817657018;-2,15412013791303;-2,42226812127019;-2,55906686800296;-3,10311669832069;-3,99474654545801;-3,97671217514574;-3,35263255597489;-2,70563138978424;-2,14672192447882;-1,19499808741355;-1,84815310840112;-2,22452115757888;-2,90058670842152;-5,11453698104553;-5,02170503837136;-4,05149685492326;-3,42456171028843;-2,69556160947629;0,0719810978515742;0,0157773726842686;0,0505370955583641;0,0170367760222954;0,0271365841219972;0,00815598019131003;0,0102300072942366;0,0079209892374245;-2,7341536198683420;-3;1;1;1;-3;-3;1;1;0,49162494185234878;-11215,1338724184;NA;All
2280;1,89389554888044;2,77668417838003;2,33533711420516;2,68774121246616;2,72309010659783;2,29408906685468;2,47326676471914;2,24097751517347;2,55320778110794;2,07780597554461;1,87229485914894;1,63386438152965;1,4456112889373;1,22448001849554;1,57391116751393;1,72268738934523;1,88268488418809;1,51541495520003;2,0105765664805;1,66769611430012;-21,1792549398174;-4,18947293818984;-6,65286241433163;-7,1809515973989;-5,54687814313434;-5,65488769770684;-9,8092163636125;-12,4411986438902;-5,52180832075962;-13,2792363051043;-11,5843475719452;-18,3650380350894;-25,6680975326532;-25,1712093050069;-26,5444579296166;-15,5048909875234;-16,7391415748164;-20,2654847460006;-14,0704407964278;-18,8612253266302;2,68199219822906;1,52838389719892;1,55555567096163;0,906735395569924;0,505569093294629;0,505568510213577;0,542423295383888;0,645128743653648;0,999999654320567;0,839312184375599;0,686365732674007;0,484882772849465;0,338111817657018;-2,15412013791303;-2,42226812127019;-2,55906686800296;-3,10311669832069;-3,99474654545801;-3,97671217514574;-3,35263255597489;-2,70563138978424;-2,14672192447882;-1,19499808741355;-1,84815310840112;-2,22452115757888;-2,90058670842152;-5,11453698104553;-5,02170503837136;-4,05149685492326;-3,42456171028843;-2,69556160947629;0,0719810978515742;0,0157773726842686;0,0505370955583641;0,0170367760222954;0,0271365841219972;0,00815598019131003;0,0102300072942366;0,0079209892374245;-1,0830243335187273;-3;1;1;1;-3;-3;1;1;0,68302545645926416;-11215,5704270659;NA;All
2290;1,89389554888044;2,77668417838003;2,33533711420516;2,68774121246616;2,72309010659783;2,29408906685468;2,47326676471914;2,24097751517347;2,55320778110794;2,07780597554461;1,87229485914894;1,63386438152965;1,4456112889373;1,22448001849554;1,57391116751393;1,72268738934523;1,88268488418809;1,51541495520003;2,0105765664805;1,66769611430012;-21,1792549398174;-4,18947293818984;-6,65286241433163;-7,1809515973989;-5,54687814313434;-5,65488769770684;-9,8092163636125;-12,4411986438902;-5,52180832075962;-13,2792363051043;-11,5843475719452;-18,3650380350894;-25,6680975326532;-25,1712093050069;-26,5444579296166;-15,5048909875234;-16,7391415748164;-20,2654847460006;-14,0704407964278;-18,8612253266302;2,68199219822906;1,52838389719892;1,55555567096163;0,906735395569924;0,505569093294629;0,505568510213577;0,542423295383888;0,645128743653648;0,999999654320567;0,839312184375599;0,686365732674007;0,484882772849465;0,338111817657018;-2,15412013791303;-2,42226812127019;-2,55906686800296;-3,10311669832069;-3,99474654545801;-3,97671217514574;-3,35263255597489;-2,70563138978424;-2,14672192447882;-1,19499808741355;-1,84815310840112;-2,22452115757888;-2,90058670842152;-5,11453698104553;-5,02170503837136;-4,05149685492326;-3,42456171028843;-2,69556160947629;0,0719810978515742;0,0157773726842686;0,0505370955583641;0,0170367760222954;0,0271365841219972;0,00815598019131003;0,0102300072942366;0,0079209892374245;-1,6530214387466284;-3;1;1;1;-3;-3;1;1;0,40255654843819982;-11215,2158849396;NA;All
2300;1,89389554888044;2,77668417838003;2,33533711420516;2,68774121246616;2,72309010659783;2,29408906685468;2,47326676471914;2,24097751517347;2,55320778110794;2,07780597554461;1,87229485914894;1,63386438152965;1,4456112889373;1,22448001849554;1,57391116751393;1,72268738934523;1,88268488418809;1,51541495520003;2,0105765664805;1,66769611430012;-21,1792549398174;-4,18947293818984;-6,65286241433163;-7,1809515973989;-5,54687814313434;-5,65488769770684;-9,8092163636125;-12,4411986438902;-5,52180832075962;-13,2792363051043;-11,5843475719452;-18,3650380350894;-25,6680975326532;-25,1712093050069;-26,5444579296166;-15,5048909875234;-16,7391415748164;-20,2654847460006;-14,0704407964278;-18,8612253266302;2,68199219822906;1,52838389719892;1,55555567096163;0,906735395569924;0,505569093294629;0,505568510213577;0,542423295383888;0,645128743653648;0,999999654320567;0,839312184375599;0,686365732674007;0,484882772849465;0,338111817657018;-2,15412013791303;-2,42226812127019;-2,55906686800296;-3,10311669832069;-3,99474654545801;-3,97671217514574;-3,35263255597489;-2,70563138978424;-2,14672192447882;-1,19499808741355;-1,84815310840112;-2,22452115757888;-2,90058670842152;-5,11453698104553;-5,02170503837136;-4,05149685492326;-3,42456171028843;-2,69556160947629;0,0719810978515742;0,0157773726842686;0,0505370955583641;0,0170367760222954;0,0271365841219972;0,00815598019131003;0,0102300072942366;0,0079209892374245;-3,8338415348330450;-3;1;1;1;-3;-3;1;1;1,11090706612510326;-11217,4473522305;NA;All
2310;1,89389554888044;2,77668417838003;2,33533711420516;2,68774121246616;2,72309010659783;2,29408906685468;2,47326676471914;2,24097751517347;2,55320778110794;2,07780597554461;1,87229485914894;1,63386438152965;1,4456112889373;1,22448001849554;1,57391116751393;1,72268738934523;1,88268488418809;1,51541495520003;2,0105765664805;1,66769611430012;-21,1792549398174;-4,18947293818984;-6,65286241433163;-7,1809515973989;-5,54687814313434;-5,65488769770684;-9,8092163636125;-12,4411986438902;-5,52180832075962;-13,2792363051043;-11,5843475719452;-18,3650380350894;-25,6680975326532;-25,1712093050069;-26,5444579296166;-15,5048909875234;-16,7391415748164;-20,2654847460006;-14,0704407964278;-18,8612253266302;2,68199219822906;1,52838389719892;1,55555567096163;0,906735395569924;0,505569093294629;0,505568510213577;0,542423295383888;0,645128743653648;0,999999654320567;0,839312184375599;0,686365732674007;0,484882772849465;0,338111817657018;-2,15412013791303;-2,42226812127019;-2,55906686800296;-3,10311669832069;-3,99474654545801;-3,97671217514574;-3,35263255597489;-2,70563138978424;-2,14672192447882;-1,19499808741355;-1,84815310840112;-2,22452115757888;-2,90058670842152;-5,11453698104553;-5,02170503837136;-4,05149685492326;-3,42456171028843;-2,69556160947629;0,0719810978515742;0,0157773726842686;0,0505370955583641;0,0170367760222954;0,0271365841219972;0,00815598019131003;0,0102300072942366;0,0079209892374245;-3,1310010466744083;-3;1;1;1;-3;-3;1;1;0,67462484841574288;-11215,2551048763;NA;All
2320;1,89389554888044;2,77668417838003;2,33533711420516;2,68774121246616;2,72309010659783;2,29408906685468;2,47326676471914;2,24097751517347;2,55320778110794;2,07780597554461;1,87229485914894;1,63386438152965;1,4456112889373;1,22448001849554;1,57391116751393;1,72268738934523;1,88268488418809;1,51541495520003;2,0105765664805;1,66769611430012;-21,1792549398174;-4,18947293818984;-6,65286241433163;-7,1809515973989;-5,54687814313434;-5,65488769770684;-9,8092163636125;-12,4411986438902;-5,52180832075962;-13,2792363051043;-11,5843475719452;-18,3650380350894;-25,6680975326532;-25,1712093050069;-26,5444579296166;-15,5048909875234;-16,7391415748164;-20,2654847460006;-14,0704407964278;-18,8612253266302;2,68199219822906;1,52838389719892;1,55555567096163;0,906735395569924;0,505569093294629;0,505568510213577;0,542423295383888;0,645128743653648;0,999999654320567;0,839312184375599;0,686365732674007;0,484882772849465;0,338111817657018;-2,15412013791303;-2,42226812127019;-2,55906686800296;-3,10311669832069;-3,99474654545801;-3,97671217514574;-3,35263255597489;-2,70563138978424;-2,14672192447882;-1,19499808741355;-1,84815310840112;-2,22452115757888;-2,90058670842152;-5,11453698104553;-5,02170503837136;-4,05149685492326;-3,42456171028843;-2,69556160947629;0,0719810978515742;0,0157773726842686;0,0505370955583641;0,0170367760222954;0,0271365841219972;0,00815598019131003;0,0102300072942366;0,0079209892374245;-3,4791555995696841;-3;1;1;1;-3;-3;1;1;0,31451161761549745;-11215,8111470207;NA;All
2330;1,89389554888044;2,77668417838003;2,33533711420516;2,68774121246616;2,72309010659783;2,29408906685468;2,47326676471914;2,24097751517347;2,55320778110794;2,07780597554461;1,87229485914894;1,63386438152965;1,4456112889373;1,22448001849554;1,57391116751393;1,72268738934523;1,88268488418809;1,51541495520003;2,0105765664805;1,66769611430012;-21,1792549398174;-4,18947293818984;-6,65286241433163;-7,1809515973989;-5,54687814313434;-5,65488769770684;-9,8092163636125;-12,4411986438902;-5,52180832075962;-13,2792363051043;-11,5843475719452;-18,3650380350894;-25,6680975326532;-25,1712093050069;-26,5444579296166;-15,5048909875234;-16,7391415748164;-20,2654847460006;-14,0704407964278;-18,8612253266302;2,68199219822906;1,52838389719892;1,55555567096163;0,906735395569924;0,505569093294629;0,505568510213577;0,542423295383888;0,645128743653648;0,999999654320567;0,839312184375599;0,686365732674007;0,484882772849465;0,338111817657018;-2,15412013791303;-2,42226812127019;-2,55906686800296;-3,10311669832069;-3,99474654545801;-3,97671217514574;-3,35263255597489;-2,70563138978424;-2,14672192447882;-1,19499808741355;-1,84815310840112;-2,22452115757888;-2,90058670842152;-5,11453698104553;-5,02170503837136;-4,05149685492326;-3,42456171028843;-2,69556160947629;0,0719810978515742;0,0157773726842686;0,0505370955583641;0,0170367760222954;0,0271365841219972;0,00815598019131003;0,0102300072942366;0,0079209892374245;-1,7865469048880127;-3;1;1;1;-3;-3;1;1;0,41746411239889158;-11215,2086010050;NA;All
2340;1,89389554888044;2,77668417838003;2,33533711420516;2,68774121246616;2,72309010659783;2,29408906685468;2,47326676471914;2,24097751517347;2,55320778110794;2,07780597554461;1,87229485914894;1,63386438152965;1,4456112889373;1,22448001849554;1,57391116751393;1,72268738934523;1,88268488418809;1,51541495520003;2,0105765664805;1,66769611430012;-21,1792549398174;-4,18947293818984;-6,65286241433163;-7,1809515973989;-5,54687814313434;-5,65488769770684;-9,8092163636125;-12,4411986438902;-5,52180832075962;-13,2792363051043;-11,5843475719452;-18,3650380350894;-25,6680975326532;-25,1712093050069;-26,5444579296166;-15,5048909875234;-16,7391415748164;-20,2654847460006;-14,0704407964278;-18,8612253266302;2,68199219822906;1,52838389719892;1,55555567096163;0,906735395569924;0,505569093294629;0,505568510213577;0,542423295383888;0,645128743653648;0,999999654320567;0,839312184375599;0,686365732674007;0,484882772849465;0,338111817657018;-2,15412013791303;-2,42226812127019;-2,55906686800296;-3,10311669832069;-3,99474654545801;-3,97671217514574;-3,35263255597489;-2,70563138978424;-2,14672192447882;-1,19499808741355;-1,84815310840112;-2,22452115757888;-2,90058670842152;-5,11453698104553;-5,02170503837136;-4,05149685492326;-3,42456171028843;-2,69556160947629;0,0719810978515742;0,0157773726842686;0,0505370955583641;0,0170367760222954;0,0271365841219972;0,00815598019131003;0,0102300072942366;0,0079209892374245;-0,6490525053728102;-3;1;1;1;-3;-3;1;1;0,38348157119108595;-11215,1188688992;NA;All
2350;1,89389554888044;2,77668417838003;2,33533711420516;2,68774121246616;2,72309010659783;2,29408906685468;2,47326676471914;2,24097751517347;2,55320778110794;2,07780597554461;1,87229485914894;1,63386438152965;1,4456112889373;1,22448001849554;1,57391116751393;1,72268738934523;1,88268488418809;1,51541495520003;2,0105765664805;1,66769611430012;-21,1792549398174;-4,18947293818984;-6,65286241433163;-7,1809515973989;-5,54687814313434;-5,65488769770684;-9,8092163636125;-12,4411986438902;-5,52180832075962;-13,2792363051043;-11,5843475719452;-18,3650380350894;-25,6680975326532;-25,1712093050069;-26,5444579296166;-15,5048909875234;-16,7391415748164;-20,2654847460006;-14,0704407964278;-18,8612253266302;2,68199219822906;1,52838389719892;1,55555567096163;0,906735395569924;0,505569093294629;0,505568510213577;0,542423295383888;0,645128743653648;0,999999654320567;0,839312184375599;0,686365732674007;0,484882772849465;0,338111817657018;-2,15412013791303;-2,42226812127019;-2,55906686800296;-3,10311669832069;-3,99474654545801;-3,97671217514574;-3,35263255597489;-2,70563138978424;-2,14672192447882;-1,19499808741355;-1,84815310840112;-2,22452115757888;-2,90058670842152;-5,11453698104553;-5,02170503837136;-4,05149685492326;-3,42456171028843;-2,69556160947629;0,0719810978515742;0,0157773726842686;0,0505370955583641;0,0170367760222954;0,0271365841219972;0,00815598019131003;0,0102300072942366;0,0079209892374245;-0,6490525053728102;-3;1;1;1;-3;-3;1;1;0,38348157119108595;-11215,1188688992;NA;All
2360;1,89389554888044;2,77668417838003;2,33533711420516;2,68774121246616;2,72309010659783;2,29408906685468;2,47326676471914;2,24097751517347;2,55320778110794;2,07780597554461;1,87229485914894;1,63386438152965;1,4456112889373;1,22448001849554;1,57391116751393;1,72268738934523;1,88268488418809;1,51541495520003;2,0105765664805;1,66769611430012;-21,1792549398174;-4,18947293818984;-6,65286241433163;-7,1809515973989;-5,54687814313434;-5,65488769770684;-9,8092163636125;-12,4411986438902;-5,52180832075962;-13,2792363051043;-11,5843475719452;-18,3650380350894;-25,6680975326532;-25,1712093050069;-26,5444579296166;-15,5048909875234;-16,7391415748164;-20,2654847460006;-14,0704407964278;-18,8612253266302;2,68199219822906;1,52838389719892;1,55555567096163;0,906735395569924;0,505569093294629;0,505568510213577;0,542423295383888;0,645128743653648;0,999999654320567;0,839312184375599;0,686365732674007;0,484882772849465;0,338111817657018;-2,15412013791303;-2,42226812127019;-2,55906686800296;-3,10311669832069;-3,99474654545801;-3,97671217514574;-3,35263255597489;-2,70563138978424;-2,14672192447882;-1,19499808741355;-1,84815310840112;-2,22452115757888;-2,90058670842152;-5,11453698104553;-5,02170503837136;-4,05149685492326;-3,42456171028843;-2,69556160947629;0,0719810978515742;0,0157773726842686;0,0505370955583641;0,0170367760222954;0,0271365841219972;0,00815598019131003;0,0102300072942366;0,0079209892374245;-1,4762452841727709;-3;1;1;1;-3;-3;1;1;0,29028468668136337;-11215,5995766709;NA;All
2370;1,89389554888044;2,77668417838003;2,33533711420516;2,68774121246616;2,72309010659783;2,29408906685468;2,47326676471914;2,24097751517347;2,55320778110794;2,07780597554461;1,87229485914894;1,63386438152965;1,4456112889373;1,22448001849554;1,57391116751393;1,72268738934523;1,88268488418809;1,51541495520003;2,0105765664805;1,66769611430012;-21,1792549398174;-4,18947293818984;-6,65286241433163;-7,1809515973989;-5,54687814313434;-5,65488769770684;-9,8092163636125;-12,4411986438902;-5,52180832075962;-13,2792363051043;-11,5843475719452;-18,3650380350894;-25,6680975326532;-25,1712093050069;-26,5444579296166;-15,5048909875234;-16,7391415748164;-20,2654847460006;-14,0704407964278;-18,8612253266302;2,68199219822906;1,52838389719892;1,55555567096163;0,906735395569924;0,505569093294629;0,505568510213577;0,542423295383888;0,645128743653648;0,999999654320567;0,839312184375599;0,686365732674007;0,484882772849465;0,338111817657018;-2,15412013791303;-2,42226812127019;-2,55906686800296;-3,10311669832069;-3,99474654545801;-3,97671217514574;-3,35263255597489;-2,70563138978424;-2,14672192447882;-1,19499808741355;-1,84815310840112;-2,22452115757888;-2,90058670842152;-5,11453698104553;-5,02170503837136;-4,05149685492326;-3,42456171028843;-2,69556160947629;0,0719810978515742;0,0157773726842686;0,0505370955583641;0,0170367760222954;0,0271365841219972;0,00815598019131003;0,0102300072942366;0,0079209892374245;-2,6604777192776576;-3;1;1;1;-3;-3;1;1;0,85731982521644046;-11215,9234506717;NA;All
2380;1,89389554888044;2,77668417838003;2,33533711420516;2,68774121246616;2,72309010659783;2,29408906685468;2,47326676471914;2,24097751517347;2,55320778110794;2,07780597554461;1,87229485914894;1,63386438152965;1,4456112889373;1,22448001849554;1,57391116751393;1,72268738934523;1,88268488418809;1,51541495520003;2,0105765664805;1,66769611430012;-21,1792549398174;-4,18947293818984;-6,65286241433163;-7,1809515973989;-5,54687814313434;-5,65488769770684;-9,8092163636125;-12,4411986438902;-5,52180832075962;-13,2792363051043;-11,5843475719452;-18,3650380350894;-25,6680975326532;-25,1712093050069;-26,5444579296166;-15,5048909875234;-16,7391415748164;-20,2654847460006;-14,0704407964278;-18,8612253266302;2,68199219822906;1,52838389719892;1,55555567096163;0,906735395569924;0,505569093294629;0,505568510213577;0,542423295383888;0,645128743653648;0,999999654320567;0,839312184375599;0,686365732674007;0,484882772849465;0,338111817657018;-2,15412013791303;-2,42226812127019;-2,55906686800296;-3,10311669832069;-3,99474654545801;-3,97671217514574;-3,35263255597489;-2,70563138978424;-2,14672192447882;-1,19499808741355;-1,84815310840112;-2,22452115757888;-2,90058670842152;-5,11453698104553;-5,02170503837136;-4,05149685492326;-3,42456171028843;-2,69556160947629;0,0719810978515742;0,0157773726842686;0,0505370955583641;0,0170367760222954;0,0271365841219972;0,00815598019131003;0,0102300072942366;0,0079209892374245;-1,6316422136832585;-3;1;1;1;-3;-3;1;1;0,62129062457445261;-11215,1792246530;NA;All
2390;1,89389554888044;2,77668417838003;2,33533711420516;2,68774121246616;2,72309010659783;2,29408906685468;2,47326676471914;2,24097751517347;2,55320778110794;2,07780597554461;1,87229485914894;1,63386438152965;1,4456112889373;1,22448001849554;1,57391116751393;1,72268738934523;1,88268488418809;1,51541495520003;2,0105765664805;1,66769611430012;-21,1792549398174;-4,18947293818984;-6,65286241433163;-7,1809515973989;-5,54687814313434;-5,65488769770684;-9,8092163636125;-12,4411986438902;-5,52180832075962;-13,2792363051043;-11,5843475719452;-18,3650380350894;-25,6680975326532;-25,1712093050069;-26,5444579296166;-15,5048909875234;-16,7391415748164;-20,2654847460006;-14,0704407964278;-18,8612253266302;2,68199219822906;1,52838389719892;1,55555567096163;0,906735395569924;0,505569093294629;0,505568510213577;0,542423295383888;0,645128743653648;0,999999654320567;0,839312184375599;0,686365732674007;0,484882772849465;0,338111817657018;-2,15412013791303;-2,42226812127019;-2,55906686800296;-3,10311669832069;-3,99474654545801;-3,97671217514574;-3,35263255597489;-2,70563138978424;-2,14672192447882;-1,19499808741355;-1,84815310840112;-2,22452115757888;-2,90058670842152;-5,11453698104553;-5,02170503837136;-4,05149685492326;-3,42456171028843;-2,69556160947629;0,0719810978515742;0,0157773726842686;0,0505370955583641;0,0170367760222954;0,0271365841219972;0,00815598019131003;0,0102300072942366;0,0079209892374245;-2,4655392619321410;-3;1;1;1;-3;-3;1;1;0,85112467804328251;-11215,9017644772;NA;All
2400;1,89389554888044;2,77668417838003;2,33533711420516;2,68774121246616;2,72309010659783;2,29408906685468;2,47326676471914;2,24097751517347;2,55320778110794;2,07780597554461;1,87229485914894;1,63386438152965;1,4456112889373;1,22448001849554;1,57391116751393;1,72268738934523;1,88268488418809;1,51541495520003;2,0105765664805;1,66769611430012;-21,1792549398174;-4,18947293818984;-6,65286241433163;-7,1809515973989;-5,54687814313434;-5,65488769770684;-9,8092163636125;-12,4411986438902;-5,52180832075962;-13,2792363051043;-11,5843475719452;-18,3650380350894;-25,6680975326532;-25,1712093050069;-26,5444579296166;-15,5048909875234;-16,7391415748164;-20,2654847460006;-14,0704407964278;-18,8612253266302;2,68199219822906;1,52838389719892;1,55555567096163;0,906735395569924;0,505569093294629;0,505568510213577;0,542423295383888;0,645128743653648;0,999999654320567;0,839312184375599;0,686365732674007;0,484882772849465;0,338111817657018;-2,15412013791303;-2,42226812127019;-2,55906686800296;-3,10311669832069;-3,99474654545801;-3,97671217514574;-3,35263255597489;-2,70563138978424;-2,14672192447882;-1,19499808741355;-1,84815310840112;-2,22452115757888;-2,90058670842152;-5,11453698104553;-5,02170503837136;-4,05149685492326;-3,42456171028843;-2,69556160947629;0,0719810978515742;0,0157773726842686;0,0505370955583641;0,0170367760222954;0,0271365841219972;0,00815598019131003;0,0102300072942366;0,0079209892374245;-3,2510444869034516;-3;1;1;1;-3;-3;1;1;0,39199323453165857;-11215,3965275032;NA;All
2410;1,89389554888044;2,77668417838003;2,33533711420516;2,68774121246616;2,72309010659783;2,29408906685468;2,47326676471914;2,24097751517347;2,55320778110794;2,07780597554461;1,87229485914894;1,63386438152965;1,4456112889373;1,22448001849554;1,57391116751393;1,72268738934523;1,88268488418809;1,51541495520003;2,0105765664805;1,66769611430012;-21,1792549398174;-4,18947293818984;-6,65286241433163;-7,1809515973989;-5,54687814313434;-5,65488769770684;-9,8092163636125;-12,4411986438902;-5,52180832075962;-13,2792363051043;-11,5843475719452;-18,3650380350894;-25,6680975326532;-25,1712093050069;-26,5444579296166;-15,5048909875234;-16,7391415748164;-20,2654847460006;-14,0704407964278;-18,8612253266302;2,68199219822906;1,52838389719892;1,55555567096163;0,906735395569924;0,505569093294629;0,505568510213577;0,542423295383888;0,645128743653648;0,999999654320567;0,839312184375599;0,686365732674007;0,484882772849465;0,338111817657018;-2,15412013791303;-2,42226812127019;-2,55906686800296;-3,10311669832069;-3,99474654545801;-3,97671217514574;-3,35263255597489;-2,70563138978424;-2,14672192447882;-1,19499808741355;-1,84815310840112;-2,22452115757888;-2,90058670842152;-5,11453698104553;-5,02170503837136;-4,05149685492326;-3,42456171028843;-2,69556160947629;0,0719810978515742;0,0157773726842686;0,0505370955583641;0,0170367760222954;0,0271365841219972;0,00815598019131003;0,0102300072942366;0,0079209892374245;-0,3707446269136608;-3;1;1;1;-3;-3;1;1;0,01442879266878323;-11214,9627475035;NA;All
2420;1,89389554888044;2,77668417838003;2,33533711420516;2,68774121246616;2,72309010659783;2,29408906685468;2,47326676471914;2,24097751517347;2,55320778110794;2,07780597554461;1,87229485914894;1,63386438152965;1,4456112889373;1,22448001849554;1,57391116751393;1,72268738934523;1,88268488418809;1,51541495520003;2,0105765664805;1,66769611430012;-21,1792549398174;-4,18947293818984;-6,65286241433163;-7,1809515973989;-5,54687814313434;-5,65488769770684;-9,8092163636125;-12,4411986438902;-5,52180832075962;-13,2792363051043;-11,5843475719452;-18,3650380350894;-25,6680975326532;-25,1712093050069;-26,5444579296166;-15,5048909875234;-16,7391415748164;-20,2654847460006;-14,0704407964278;-18,8612253266302;2,68199219822906;1,52838389719892;1,55555567096163;0,906735395569924;0,505569093294629;0,505568510213577;0,542423295383888;0,645128743653648;0,999999654320567;0,839312184375599;0,686365732674007;0,484882772849465;0,338111817657018;-2,15412013791303;-2,42226812127019;-2,55906686800296;-3,10311669832069;-3,99474654545801;-3,97671217514574;-3,35263255597489;-2,70563138978424;-2,14672192447882;-1,19499808741355;-1,84815310840112;-2,22452115757888;-2,90058670842152;-5,11453698104553;-5,02170503837136;-4,05149685492326;-3,42456171028843;-2,69556160947629;0,0719810978515742;0,0157773726842686;0,0505370955583641;0,0170367760222954;0,0271365841219972;0,00815598019131003;0,0102300072942366;0,0079209892374245;-0,3707446269136608;-3;1;1;1;-3;-3;1;1;0,01442879266878323;-11214,9627475035;NA;All
2430;1,89389554888044;2,77668417838003;2,33533711420516;2,68774121246616;2,72309010659783;2,29408906685468;2,47326676471914;2,24097751517347;2,55320778110794;2,07780597554461;1,87229485914894;1,63386438152965;1,4456112889373;1,22448001849554;1,57391116751393;1,72268738934523;1,88268488418809;1,51541495520003;2,0105765664805;1,66769611430012;-21,1792549398174;-4,18947293818984;-6,65286241433163;-7,1809515973989;-5,54687814313434;-5,65488769770684;-9,8092163636125;-12,4411986438902;-5,52180832075962;-13,2792363051043;-11,5843475719452;-18,3650380350894;-25,6680975326532;-25,1712093050069;-26,5444579296166;-15,5048909875234;-16,7391415748164;-20,2654847460006;-14,0704407964278;-18,8612253266302;2,68199219822906;1,52838389719892;1,55555567096163;0,906735395569924;0,505569093294629;0,505568510213577;0,542423295383888;0,645128743653648;0,999999654320567;0,839312184375599;0,686365732674007;0,484882772849465;0,338111817657018;-2,15412013791303;-2,42226812127019;-2,55906686800296;-3,10311669832069;-3,99474654545801;-3,97671217514574;-3,35263255597489;-2,70563138978424;-2,14672192447882;-1,19499808741355;-1,84815310840112;-2,22452115757888;-2,90058670842152;-5,11453698104553;-5,02170503837136;-4,05149685492326;-3,42456171028843;-2,69556160947629;0,0719810978515742;0,0157773726842686;0,0505370955583641;0,0170367760222954;0,0271365841219972;0,00815598019131003;0,0102300072942366;0,0079209892374245;-0,9299712374274610;-3;1;1;1;-3;-3;1;1;0,48432775747858225;-11215,0696625336;NA;All
2440;1,89389554888044;2,77668417838003;2,33533711420516;2,68774121246616;2,72309010659783;2,29408906685468;2,47326676471914;2,24097751517347;2,55320778110794;2,07780597554461;1,87229485914894;1,63386438152965;1,4456112889373;1,22448001849554;1,57391116751393;1,72268738934523;1,88268488418809;1,51541495520003;2,0105765664805;1,66769611430012;-21,1792549398174;-4,18947293818984;-6,65286241433163;-7,1809515973989;-5,54687814313434;-5,65488769770684;-9,8092163636125;-12,4411986438902;-5,52180832075962;-13,2792363051043;-11,5843475719452;-18,3650380350894;-25,6680975326532;-25,1712093050069;-26,5444579296166;-15,5048909875234;-16,7391415748164;-20,2654847460006;-14,0704407964278;-18,8612253266302;2,68199219822906;1,52838389719892;1,55555567096163;0,906735395569924;0,505569093294629;0,505568510213577;0,542423295383888;0,645128743653648;0,999999654320567;0,839312184375599;0,686365732674007;0,484882772849465;0,338111817657018;-2,15412013791303;-2,42226812127019;-2,55906686800296;-3,10311669832069;-3,99474654545801;-3,97671217514574;-3,35263255597489;-2,70563138978424;-2,14672192447882;-1,19499808741355;-1,84815310840112;-2,22452115757888;-2,90058670842152;-5,11453698104553;-5,02170503837136;-4,05149685492326;-3,42456171028843;-2,69556160947629;0,0719810978515742;0,0157773726842686;0,0505370955583641;0,0170367760222954;0,0271365841219972;0,00815598019131003;0,0102300072942366;0,0079209892374245;-3,7472791260317866;-3;1;1;1;-3;-3;1;1;0,39221461461217855;-11215,3974263670;NA;All
2450;1,89389554888044;2,77668417838003;2,33533711420516;2,68774121246616;2,72309010659783;2,29408906685468;2,47326676471914;2,24097751517347;2,55320778110794;2,07780597554461;1,87229485914894;1,63386438152965;1,4456112889373;1,22448001849554;1,57391116751393;1,72268738934523;1,88268488418809;1,51541495520003;2,0105765664805;1,66769611430012;-21,1792549398174;-4,18947293818984;-6,65286241433163;-7,1809515973989;-5,54687814313434;-5,65488769770684;-9,8092163636125;-12,4411986438902;-5,52180832075962;-13,2792363051043;-11,5843475719452;-18,3650380350894;-25,6680975326532;-25,1712093050069;-26,5444579296166;-15,5048909875234;-16,7391415748164;-20,2654847460006;-14,0704407964278;-18,8612253266302;2,68199219822906;1,52838389719892;1,55555567096163;0,906735395569924;0,505569093294629;0,505568510213577;0,542423295383888;0,645128743653648;0,999999654320567;0,839312184375599;0,686365732674007;0,484882772849465;0,338111817657018;-2,15412013791303;-2,42226812127019;-2,55906686800296;-3,10311669832069;-3,99474654545801;-3,97671217514574;-3,35263255597489;-2,70563138978424;-2,14672192447882;-1,19499808741355;-1,84815310840112;-2,22452115757888;-2,90058670842152;-5,11453698104553;-5,02170503837136;-4,05149685492326;-3,42456171028843;-2,69556160947629;0,0719810978515742;0,0157773726842686;0,0505370955583641;0,0170367760222954;0,0271365841219972;0,00815598019131003;0,0102300072942366;0,0079209892374245;-3,5914968851066584;-3;1;1;1;-3;-3;1;1;0,43540072847949701;-11215,2516247570;NA;All
2460;1,89389554888044;2,77668417838003;2,33533711420516;2,68774121246616;2,72309010659783;2,29408906685468;2,47326676471914;2,24097751517347;2,55320778110794;2,07780597554461;1,87229485914894;1,63386438152965;1,4456112889373;1,22448001849554;1,57391116751393;1,72268738934523;1,88268488418809;1,51541495520003;2,0105765664805;1,66769611430012;-21,1792549398174;-4,18947293818984;-6,65286241433163;-7,1809515973989;-5,54687814313434;-5,65488769770684;-9,8092163636125;-12,4411986438902;-5,52180832075962;-13,2792363051043;-11,5843475719452;-18,3650380350894;-25,6680975326532;-25,1712093050069;-26,5444579296166;-15,5048909875234;-16,7391415748164;-20,2654847460006;-14,0704407964278;-18,8612253266302;2,68199219822906;1,52838389719892;1,55555567096163;0,906735395569924;0,505569093294629;0,505568510213577;0,542423295383888;0,645128743653648;0,999999654320567;0,839312184375599;0,686365732674007;0,484882772849465;0,338111817657018;-2,15412013791303;-2,42226812127019;-2,55906686800296;-3,10311669832069;-3,99474654545801;-3,97671217514574;-3,35263255597489;-2,70563138978424;-2,14672192447882;-1,19499808741355;-1,84815310840112;-2,22452115757888;-2,90058670842152;-5,11453698104553;-5,02170503837136;-4,05149685492326;-3,42456171028843;-2,69556160947629;0,0719810978515742;0,0157773726842686;0,0505370955583641;0,0170367760222954;0,0271365841219972;0,00815598019131003;0,0102300072942366;0,0079209892374245;-1,9967436392852560;-3;1;1;1;-3;-3;1;1;0,76981080079865039;-11215,5822046591;NA;All
2470;1,89389554888044;2,77668417838003;2,33533711420516;2,68774121246616;2,72309010659783;2,29408906685468;2,47326676471914;2,24097751517347;2,55320778110794;2,07780597554461;1,87229485914894;1,63386438152965;1,4456112889373;1,22448001849554;1,57391116751393;1,72268738934523;1,88268488418809;1,51541495520003;2,0105765664805;1,66769611430012;-21,1792549398174;-4,18947293818984;-6,65286241433163;-7,1809515973989;-5,54687814313434;-5,65488769770684;-9,8092163636125;-12,4411986438902;-5,52180832075962;-13,2792363051043;-11,5843475719452;-18,3650380350894;-25,6680975326532;-25,1712093050069;-26,5444579296166;-15,5048909875234;-16,7391415748164;-20,2654847460006;-14,0704407964278;-18,8612253266302;2,68199219822906;1,52838389719892;1,55555567096163;0,906735395569924;0,505569093294629;0,505568510213577;0,542423295383888;0,645128743653648;0,999999654320567;0,839312184375599;0,686365732674007;0,484882772849465;0,338111817657018;-2,15412013791303;-2,42226812127019;-2,55906686800296;-3,10311669832069;-3,99474654545801;-3,97671217514574;-3,35263255597489;-2,70563138978424;-2,14672192447882;-1,19499808741355;-1,84815310840112;-2,22452115757888;-2,90058670842152;-5,11453698104553;-5,02170503837136;-4,05149685492326;-3,42456171028843;-2,69556160947629;0,0719810978515742;0,0157773726842686;0,0505370955583641;0,0170367760222954;0,0271365841219972;0,00815598019131003;0,0102300072942366;0,0079209892374245;-1,8076881554244235;-3;1;1;1;-3;-3;1;1;0,52953575986032209;-11215,0785921791;NA;All
2480;1,89389554888044;2,77668417838003;2,33533711420516;2,68774121246616;2,72309010659783;2,29408906685468;2,47326676471914;2,24097751517347;2,55320778110794;2,07780597554461;1,87229485914894;1,63386438152965;1,4456112889373;1,22448001849554;1,57391116751393;1,72268738934523;1,88268488418809;1,51541495520003;2,0105765664805;1,66769611430012;-21,1792549398174;-4,18947293818984;-6,65286241433163;-7,1809515973989;-5,54687814313434;-5,65488769770684;-9,8092163636125;-12,4411986438902;-5,52180832075962;-13,2792363051043;-11,5843475719452;-18,3650380350894;-25,6680975326532;-25,1712093050069;-26,5444579296166;-15,5048909875234;-16,7391415748164;-20,2654847460006;-14,0704407964278;-18,8612253266302;2,68199219822906;1,52838389719892;1,55555567096163;0,906735395569924;0,505569093294629;0,505568510213577;0,542423295383888;0,645128743653648;0,999999654320567;0,839312184375599;0,686365732674007;0,484882772849465;0,338111817657018;-2,15412013791303;-2,42226812127019;-2,55906686800296;-3,10311669832069;-3,99474654545801;-3,97671217514574;-3,35263255597489;-2,70563138978424;-2,14672192447882;-1,19499808741355;-1,84815310840112;-2,22452115757888;-2,90058670842152;-5,11453698104553;-5,02170503837136;-4,05149685492326;-3,42456171028843;-2,69556160947629;0,0719810978515742;0,0157773726842686;0,0505370955583641;0,0170367760222954;0,0271365841219972;0,00815598019131003;0,0102300072942366;0,0079209892374245;-0,4612346617191370;-3;1;1;1;-3;-3;1;1;0,19318347791415361;-11215,0395921372;NA;All
2490;1,89389554888044;2,77668417838003;2,33533711420516;2,68774121246616;2,72309010659783;2,29408906685468;2,47326676471914;2,24097751517347;2,55320778110794;2,07780597554461;1,87229485914894;1,63386438152965;1,4456112889373;1,22448001849554;1,57391116751393;1,72268738934523;1,88268488418809;1,51541495520003;2,0105765664805;1,66769611430012;-21,1792549398174;-4,18947293818984;-6,65286241433163;-7,1809515973989;-5,54687814313434;-5,65488769770684;-9,8092163636125;-12,4411986438902;-5,52180832075962;-13,2792363051043;-11,5843475719452;-18,3650380350894;-25,6680975326532;-25,1712093050069;-26,5444579296166;-15,5048909875234;-16,7391415748164;-20,2654847460006;-14,0704407964278;-18,8612253266302;2,68199219822906;1,52838389719892;1,55555567096163;0,906735395569924;0,505569093294629;0,505568510213577;0,542423295383888;0,645128743653648;0,999999654320567;0,839312184375599;0,686365732674007;0,484882772849465;0,338111817657018;-2,15412013791303;-2,42226812127019;-2,55906686800296;-3,10311669832069;-3,99474654545801;-3,97671217514574;-3,35263255597489;-2,70563138978424;-2,14672192447882;-1,19499808741355;-1,84815310840112;-2,22452115757888;-2,90058670842152;-5,11453698104553;-5,02170503837136;-4,05149685492326;-3,42456171028843;-2,69556160947629;0,0719810978515742;0,0157773726842686;0,0505370955583641;0,0170367760222954;0,0271365841219972;0,00815598019131003;0,0102300072942366;0,0079209892374245;-2,7376691467119065;-3;1;1;1;-3;-3;1;1;0,63120450882159584;-11215,1709436980;NA;All
2500;1,89389554888044;2,77668417838003;2,33533711420516;2,68774121246616;2,72309010659783;2,29408906685468;2,47326676471914;2,24097751517347;2,55320778110794;2,07780597554461;1,87229485914894;1,63386438152965;1,4456112889373;1,22448001849554;1,57391116751393;1,72268738934523;1,88268488418809;1,51541495520003;2,0105765664805;1,66769611430012;-21,1792549398174;-4,18947293818984;-6,65286241433163;-7,1809515973989;-5,54687814313434;-5,65488769770684;-9,8092163636125;-12,4411986438902;-5,52180832075962;-13,2792363051043;-11,5843475719452;-18,3650380350894;-25,6680975326532;-25,1712093050069;-26,5444579296166;-15,5048909875234;-16,7391415748164;-20,2654847460006;-14,0704407964278;-18,8612253266302;2,68199219822906;1,52838389719892;1,55555567096163;0,906735395569924;0,505569093294629;0,505568510213577;0,542423295383888;0,645128743653648;0,999999654320567;0,839312184375599;0,686365732674007;0,484882772849465;0,338111817657018;-2,15412013791303;-2,42226812127019;-2,55906686800296;-3,10311669832069;-3,99474654545801;-3,97671217514574;-3,35263255597489;-2,70563138978424;-2,14672192447882;-1,19499808741355;-1,84815310840112;-2,22452115757888;-2,90058670842152;-5,11453698104553;-5,02170503837136;-4,05149685492326;-3,42456171028843;-2,69556160947629;0,0719810978515742;0,0157773726842686;0,0505370955583641;0,0170367760222954;0,0271365841219972;0,00815598019131003;0,0102300072942366;0,0079209892374245;-1,7500170699312170;-3;1;1;1;-3;-3;1;1;0,46496950310638119;-11215,1115294443;NA;All
2510;1,89389554888044;2,77668417838003;2,33533711420516;2,68774121246616;2,72309010659783;2,29408906685468;2,47326676471914;2,24097751517347;2,55320778110794;2,07780597554461;1,87229485914894;1,63386438152965;1,4456112889373;1,22448001849554;1,57391116751393;1,72268738934523;1,88268488418809;1,51541495520003;2,0105765664805;1,66769611430012;-21,1792549398174;-4,18947293818984;-6,65286241433163;-7,1809515973989;-5,54687814313434;-5,65488769770684;-9,8092163636125;-12,4411986438902;-5,52180832075962;-13,2792363051043;-11,5843475719452;-18,3650380350894;-25,6680975326532;-25,1712093050069;-26,5444579296166;-15,5048909875234;-16,7391415748164;-20,2654847460006;-14,0704407964278;-18,8612253266302;2,68199219822906;1,52838389719892;1,55555567096163;0,906735395569924;0,505569093294629;0,505568510213577;0,542423295383888;0,645128743653648;0,999999654320567;0,839312184375599;0,686365732674007;0,484882772849465;0,338111817657018;-2,15412013791303;-2,42226812127019;-2,55906686800296;-3,10311669832069;-3,99474654545801;-3,97671217514574;-3,35263255597489;-2,70563138978424;-2,14672192447882;-1,19499808741355;-1,84815310840112;-2,22452115757888;-2,90058670842152;-5,11453698104553;-5,02170503837136;-4,05149685492326;-3,42456171028843;-2,69556160947629;0,0719810978515742;0,0157773726842686;0,0505370955583641;0,0170367760222954;0,0271365841219972;0,00815598019131003;0,0102300072942366;0,0079209892374245;-3,1096783104327099;-3;1;1;1;-3;-3;1;1;0,58649951464310002;-11215,1173471656;NA;All
2520;1,89389554888044;2,77668417838003;2,33533711420516;2,68774121246616;2,72309010659783;2,29408906685468;2,47326676471914;2,24097751517347;2,55320778110794;2,07780597554461;1,87229485914894;1,63386438152965;1,4456112889373;1,22448001849554;1,57391116751393;1,72268738934523;1,88268488418809;1,51541495520003;2,0105765664805;1,66769611430012;-21,1792549398174;-4,18947293818984;-6,65286241433163;-7,1809515973989;-5,54687814313434;-5,65488769770684;-9,8092163636125;-12,4411986438902;-5,52180832075962;-13,2792363051043;-11,5843475719452;-18,3650380350894;-25,6680975326532;-25,1712093050069;-26,5444579296166;-15,5048909875234;-16,7391415748164;-20,2654847460006;-14,0704407964278;-18,8612253266302;2,68199219822906;1,52838389719892;1,55555567096163;0,906735395569924;0,505569093294629;0,505568510213577;0,542423295383888;0,645128743653648;0,999999654320567;0,839312184375599;0,686365732674007;0,484882772849465;0,338111817657018;-2,15412013791303;-2,42226812127019;-2,55906686800296;-3,10311669832069;-3,99474654545801;-3,97671217514574;-3,35263255597489;-2,70563138978424;-2,14672192447882;-1,19499808741355;-1,84815310840112;-2,22452115757888;-2,90058670842152;-5,11453698104553;-5,02170503837136;-4,05149685492326;-3,42456171028843;-2,69556160947629;0,0719810978515742;0,0157773726842686;0,0505370955583641;0,0170367760222954;0,0271365841219972;0,00815598019131003;0,0102300072942366;0,0079209892374245;-2,4565635547311611;-3;1;1;1;-3;-3;1;1;0,86704591462764435;-11215,9794469907;NA;All
2530;1,89389554888044;2,77668417838003;2,33533711420516;2,68774121246616;2,72309010659783;2,29408906685468;2,47326676471914;2,24097751517347;2,55320778110794;2,07780597554461;1,87229485914894;1,63386438152965;1,4456112889373;1,22448001849554;1,57391116751393;1,72268738934523;1,88268488418809;1,51541495520003;2,0105765664805;1,66769611430012;-21,1792549398174;-4,18947293818984;-6,65286241433163;-7,1809515973989;-5,54687814313434;-5,65488769770684;-9,8092163636125;-12,4411986438902;-5,52180832075962;-13,2792363051043;-11,5843475719452;-18,3650380350894;-25,6680975326532;-25,1712093050069;-26,5444579296166;-15,5048909875234;-16,7391415748164;-20,2654847460006;-14,0704407964278;-18,8612253266302;2,68199219822906;1,52838389719892;1,55555567096163;0,906735395569924;0,505569093294629;0,505568510213577;0,542423295383888;0,645128743653648;0,999999654320567;0,839312184375599;0,686365732674007;0,484882772849465;0,338111817657018;-2,15412013791303;-2,42226812127019;-2,55906686800296;-3,10311669832069;-3,99474654545801;-3,97671217514574;-3,35263255597489;-2,70563138978424;-2,14672192447882;-1,19499808741355;-1,84815310840112;-2,22452115757888;-2,90058670842152;-5,11453698104553;-5,02170503837136;-4,05149685492326;-3,42456171028843;-2,69556160947629;0,0719810978515742;0,0157773726842686;0,0505370955583641;0,0170367760222954;0,0271365841219972;0,00815598019131003;0,0102300072942366;0,0079209892374245;-0,9441393375188504;-3;1;1;1;-3;-3;1;1;0,67719661772209294;-11215,7101692696;NA;All
2540;1,89389554888044;2,77668417838003;2,33533711420516;2,68774121246616;2,72309010659783;2,29408906685468;2,47326676471914;2,24097751517347;2,55320778110794;2,07780597554461;1,87229485914894;1,63386438152965;1,4456112889373;1,22448001849554;1,57391116751393;1,72268738934523;1,88268488418809;1,51541495520003;2,0105765664805;1,66769611430012;-21,1792549398174;-4,18947293818984;-6,65286241433163;-7,1809515973989;-5,54687814313434;-5,65488769770684;-9,8092163636125;-12,4411986438902;-5,52180832075962;-13,2792363051043;-11,5843475719452;-18,3650380350894;-25,6680975326532;-25,1712093050069;-26,5444579296166;-15,5048909875234;-16,7391415748164;-20,2654847460006;-14,0704407964278;-18,8612253266302;2,68199219822906;1,52838389719892;1,55555567096163;0,906735395569924;0,505569093294629;0,505568510213577;0,542423295383888;0,645128743653648;0,999999654320567;0,839312184375599;0,686365732674007;0,484882772849465;0,338111817657018;-2,15412013791303;-2,42226812127019;-2,55906686800296;-3,10311669832069;-3,99474654545801;-3,97671217514574;-3,35263255597489;-2,70563138978424;-2,14672192447882;-1,19499808741355;-1,84815310840112;-2,22452115757888;-2,90058670842152;-5,11453698104553;-5,02170503837136;-4,05149685492326;-3,42456171028843;-2,69556160947629;0,0719810978515742;0,0157773726842686;0,0505370955583641;0,0170367760222954;0,0271365841219972;0,00815598019131003;0,0102300072942366;0,0079209892374245;-3,3264260354723443;-3;1;1;1;-3;-3;1;1;0,83441976752365443;-11215,8081424349;NA;All
2550;1,89389554888044;2,77668417838003;2,33533711420516;2,68774121246616;2,72309010659783;2,29408906685468;2,47326676471914;2,24097751517347;2,55320778110794;2,07780597554461;1,87229485914894;1,63386438152965;1,4456112889373;1,22448001849554;1,57391116751393;1,72268738934523;1,88268488418809;1,51541495520003;2,0105765664805;1,66769611430012;-21,1792549398174;-4,18947293818984;-6,65286241433163;-7,1809515973989;-5,54687814313434;-5,65488769770684;-9,8092163636125;-12,4411986438902;-5,52180832075962;-13,2792363051043;-11,5843475719452;-18,3650380350894;-25,6680975326532;-25,1712093050069;-26,5444579296166;-15,5048909875234;-16,7391415748164;-20,2654847460006;-14,0704407964278;-18,8612253266302;2,68199219822906;1,52838389719892;1,55555567096163;0,906735395569924;0,505569093294629;0,505568510213577;0,542423295383888;0,645128743653648;0,999999654320567;0,839312184375599;0,686365732674007;0,484882772849465;0,338111817657018;-2,15412013791303;-2,42226812127019;-2,55906686800296;-3,10311669832069;-3,99474654545801;-3,97671217514574;-3,35263255597489;-2,70563138978424;-2,14672192447882;-1,19499808741355;-1,84815310840112;-2,22452115757888;-2,90058670842152;-5,11453698104553;-5,02170503837136;-4,05149685492326;-3,42456171028843;-2,69556160947629;0,0719810978515742;0,0157773726842686;0,0505370955583641;0,0170367760222954;0,0271365841219972;0,00815598019131003;0,0102300072942366;0,0079209892374245;-1,5323913572406609;-3;1;1;1;-3;-3;1;1;0,65030271663073114;-11215,2574460533;NA;All
2560;1,89389554888044;2,77668417838003;2,33533711420516;2,68774121246616;2,72309010659783;2,29408906685468;2,47326676471914;2,24097751517347;2,55320778110794;2,07780597554461;1,87229485914894;1,63386438152965;1,4456112889373;1,22448001849554;1,57391116751393;1,72268738934523;1,88268488418809;1,51541495520003;2,0105765664805;1,66769611430012;-21,1792549398174;-4,18947293818984;-6,65286241433163;-7,1809515973989;-5,54687814313434;-5,65488769770684;-9,8092163636125;-12,4411986438902;-5,52180832075962;-13,2792363051043;-11,5843475719452;-18,3650380350894;-25,6680975326532;-25,1712093050069;-26,5444579296166;-15,5048909875234;-16,7391415748164;-20,2654847460006;-14,0704407964278;-18,8612253266302;2,68199219822906;1,52838389719892;1,55555567096163;0,906735395569924;0,505569093294629;0,505568510213577;0,542423295383888;0,645128743653648;0,999999654320567;0,839312184375599;0,686365732674007;0,484882772849465;0,338111817657018;-2,15412013791303;-2,42226812127019;-2,55906686800296;-3,10311669832069;-3,99474654545801;-3,97671217514574;-3,35263255597489;-2,70563138978424;-2,14672192447882;-1,19499808741355;-1,84815310840112;-2,22452115757888;-2,90058670842152;-5,11453698104553;-5,02170503837136;-4,05149685492326;-3,42456171028843;-2,69556160947629;0,0719810978515742;0,0157773726842686;0,0505370955583641;0,0170367760222954;0,0271365841219972;0,00815598019131003;0,0102300072942366;0,0079209892374245;-2,9661113514290394;-3;1;1;1;-3;-3;1;1;0,52246622970659595;-11215,1085692474;NA;All
2570;1,89389554888044;2,77668417838003;2,33533711420516;2,68774121246616;2,72309010659783;2,29408906685468;2,47326676471914;2,24097751517347;2,55320778110794;2,07780597554461;1,87229485914894;1,63386438152965;1,4456112889373;1,22448001849554;1,57391116751393;1,72268738934523;1,88268488418809;1,51541495520003;2,0105765664805;1,66769611430012;-21,1792549398174;-4,18947293818984;-6,65286241433163;-7,1809515973989;-5,54687814313434;-5,65488769770684;-9,8092163636125;-12,4411986438902;-5,52180832075962;-13,2792363051043;-11,5843475719452;-18,3650380350894;-25,6680975326532;-25,1712093050069;-26,5444579296166;-15,5048909875234;-16,7391415748164;-20,2654847460006;-14,0704407964278;-18,8612253266302;2,68199219822906;1,52838389719892;1,55555567096163;0,906735395569924;0,505569093294629;0,505568510213577;0,542423295383888;0,645128743653648;0,999999654320567;0,839312184375599;0,686365732674007;0,484882772849465;0,338111817657018;-2,15412013791303;-2,42226812127019;-2,55906686800296;-3,10311669832069;-3,99474654545801;-3,97671217514574;-3,35263255597489;-2,70563138978424;-2,14672192447882;-1,19499808741355;-1,84815310840112;-2,22452115757888;-2,90058670842152;-5,11453698104553;-5,02170503837136;-4,05149685492326;-3,42456171028843;-2,69556160947629;0,0719810978515742;0,0157773726842686;0,0505370955583641;0,0170367760222954;0,0271365841219972;0,00815598019131003;0,0102300072942366;0,0079209892374245;-2,3397003815424631;-3;1;1;1;-3;-3;1;1;0,59640116076092675;-11215,1255750733;NA;All
2580;1,89389554888044;2,77668417838003;2,33533711420516;2,68774121246616;2,72309010659783;2,29408906685468;2,47326676471914;2,24097751517347;2,55320778110794;2,07780597554461;1,87229485914894;1,63386438152965;1,4456112889373;1,22448001849554;1,57391116751393;1,72268738934523;1,88268488418809;1,51541495520003;2,0105765664805;1,66769611430012;-21,1792549398174;-4,18947293818984;-6,65286241433163;-7,1809515973989;-5,54687814313434;-5,65488769770684;-9,8092163636125;-12,4411986438902;-5,52180832075962;-13,2792363051043;-11,5843475719452;-18,3650380350894;-25,6680975326532;-25,1712093050069;-26,5444579296166;-15,5048909875234;-16,7391415748164;-20,2654847460006;-14,0704407964278;-18,8612253266302;2,68199219822906;1,52838389719892;1,55555567096163;0,906735395569924;0,505569093294629;0,505568510213577;0,542423295383888;0,645128743653648;0,999999654320567;0,839312184375599;0,686365732674007;0,484882772849465;0,338111817657018;-2,15412013791303;-2,42226812127019;-2,55906686800296;-3,10311669832069;-3,99474654545801;-3,97671217514574;-3,35263255597489;-2,70563138978424;-2,14672192447882;-1,19499808741355;-1,84815310840112;-2,22452115757888;-2,90058670842152;-5,11453698104553;-5,02170503837136;-4,05149685492326;-3,42456171028843;-2,69556160947629;0,0719810978515742;0,0157773726842686;0,0505370955583641;0,0170367760222954;0,0271365841219972;0,00815598019131003;0,0102300072942366;0,0079209892374245;-3,0056203592975450;-3;1;1;1;-3;-3;1;1;0,69377312636036237;-11215,3029733988;NA;All
2590;1,89389554888044;2,77668417838003;2,33533711420516;2,68774121246616;2,72309010659783;2,29408906685468;2,47326676471914;2,24097751517347;2,55320778110794;2,07780597554461;1,87229485914894;1,63386438152965;1,4456112889373;1,22448001849554;1,57391116751393;1,72268738934523;1,88268488418809;1,51541495520003;2,0105765664805;1,66769611430012;-21,1792549398174;-4,18947293818984;-6,65286241433163;-7,1809515973989;-5,54687814313434;-5,65488769770684;-9,8092163636125;-12,4411986438902;-5,52180832075962;-13,2792363051043;-11,5843475719452;-18,3650380350894;-25,6680975326532;-25,1712093050069;-26,5444579296166;-15,5048909875234;-16,7391415748164;-20,2654847460006;-14,0704407964278;-18,8612253266302;2,68199219822906;1,52838389719892;1,55555567096163;0,906735395569924;0,505569093294629;0,505568510213577;0,542423295383888;0,645128743653648;0,999999654320567;0,839312184375599;0,686365732674007;0,484882772849465;0,338111817657018;-2,15412013791303;-2,42226812127019;-2,55906686800296;-3,10311669832069;-3,99474654545801;-3,97671217514574;-3,35263255597489;-2,70563138978424;-2,14672192447882;-1,19499808741355;-1,84815310840112;-2,22452115757888;-2,90058670842152;-5,11453698104553;-5,02170503837136;-4,05149685492326;-3,42456171028843;-2,69556160947629;0,0719810978515742;0,0157773726842686;0,0505370955583641;0,0170367760222954;0,0271365841219972;0,00815598019131003;0,0102300072942366;0,0079209892374245;-3,2674598069122709;-3;1;1;1;-3;-3;1;1;0,78364746681680508;-11215,5948844552;NA;All
2600;1,89389554888044;2,77668417838003;2,33533711420516;2,68774121246616;2,72309010659783;2,29408906685468;2,47326676471914;2,24097751517347;2,55320778110794;2,07780597554461;1,87229485914894;1,63386438152965;1,4456112889373;1,22448001849554;1,57391116751393;1,72268738934523;1,88268488418809;1,51541495520003;2,0105765664805;1,66769611430012;-21,1792549398174;-4,18947293818984;-6,65286241433163;-7,1809515973989;-5,54687814313434;-5,65488769770684;-9,8092163636125;-12,4411986438902;-5,52180832075962;-13,2792363051043;-11,5843475719452;-18,3650380350894;-25,6680975326532;-25,1712093050069;-26,5444579296166;-15,5048909875234;-16,7391415748164;-20,2654847460006;-14,0704407964278;-18,8612253266302;2,68199219822906;1,52838389719892;1,55555567096163;0,906735395569924;0,505569093294629;0,505568510213577;0,542423295383888;0,645128743653648;0,999999654320567;0,839312184375599;0,686365732674007;0,484882772849465;0,338111817657018;-2,15412013791303;-2,42226812127019;-2,55906686800296;-3,10311669832069;-3,99474654545801;-3,97671217514574;-3,35263255597489;-2,70563138978424;-2,14672192447882;-1,19499808741355;-1,84815310840112;-2,22452115757888;-2,90058670842152;-5,11453698104553;-5,02170503837136;-4,05149685492326;-3,42456171028843;-2,69556160947629;0,0719810978515742;0,0157773726842686;0,0505370955583641;0,0170367760222954;0,0271365841219972;0,00815598019131003;0,0102300072942366;0,0079209892374245;-2,2067925407313789;-3;1;1;1;-3;-3;1;1;0,91868557285642027;-11216,2670537903;NA;All
2610;1,89389554888044;2,77668417838003;2,33533711420516;2,68774121246616;2,72309010659783;2,29408906685468;2,47326676471914;2,24097751517347;2,55320778110794;2,07780597554461;1,87229485914894;1,63386438152965;1,4456112889373;1,22448001849554;1,57391116751393;1,72268738934523;1,88268488418809;1,51541495520003;2,0105765664805;1,66769611430012;-21,1792549398174;-4,18947293818984;-6,65286241433163;-7,1809515973989;-5,54687814313434;-5,65488769770684;-9,8092163636125;-12,4411986438902;-5,52180832075962;-13,2792363051043;-11,5843475719452;-18,3650380350894;-25,6680975326532;-25,1712093050069;-26,5444579296166;-15,5048909875234;-16,7391415748164;-20,2654847460006;-14,0704407964278;-18,8612253266302;2,68199219822906;1,52838389719892;1,55555567096163;0,906735395569924;0,505569093294629;0,505568510213577;0,542423295383888;0,645128743653648;0,999999654320567;0,839312184375599;0,686365732674007;0,484882772849465;0,338111817657018;-2,15412013791303;-2,42226812127019;-2,55906686800296;-3,10311669832069;-3,99474654545801;-3,97671217514574;-3,35263255597489;-2,70563138978424;-2,14672192447882;-1,19499808741355;-1,84815310840112;-2,22452115757888;-2,90058670842152;-5,11453698104553;-5,02170503837136;-4,05149685492326;-3,42456171028843;-2,69556160947629;0,0719810978515742;0,0157773726842686;0,0505370955583641;0,0170367760222954;0,0271365841219972;0,00815598019131003;0,0102300072942366;0,0079209892374245;-3,0633928150021115;-3;1;1;1;-3;-3;1;1;0,54970127940283320;-11215,1026868544;NA;All
2620;1,89389554888044;2,77668417838003;2,33533711420516;2,68774121246616;2,72309010659783;2,29408906685468;2,47326676471914;2,24097751517347;2,55320778110794;2,07780597554461;1,87229485914894;1,63386438152965;1,4456112889373;1,22448001849554;1,57391116751393;1,72268738934523;1,88268488418809;1,51541495520003;2,0105765664805;1,66769611430012;-21,1792549398174;-4,18947293818984;-6,65286241433163;-7,1809515973989;-5,54687814313434;-5,65488769770684;-9,8092163636125;-12,4411986438902;-5,52180832075962;-13,2792363051043;-11,5843475719452;-18,3650380350894;-25,6680975326532;-25,1712093050069;-26,5444579296166;-15,5048909875234;-16,7391415748164;-20,2654847460006;-14,0704407964278;-18,8612253266302;2,68199219822906;1,52838389719892;1,55555567096163;0,906735395569924;0,505569093294629;0,505568510213577;0,542423295383888;0,645128743653648;0,999999654320567;0,839312184375599;0,686365732674007;0,484882772849465;0,338111817657018;-2,15412013791303;-2,42226812127019;-2,55906686800296;-3,10311669832069;-3,99474654545801;-3,97671217514574;-3,35263255597489;-2,70563138978424;-2,14672192447882;-1,19499808741355;-1,84815310840112;-2,22452115757888;-2,90058670842152;-5,11453698104553;-5,02170503837136;-4,05149685492326;-3,42456171028843;-2,69556160947629;0,0719810978515742;0,0157773726842686;0,0505370955583641;0,0170367760222954;0,0271365841219972;0,00815598019131003;0,0102300072942366;0,0079209892374245;-3,0508441376199698;-3;1;1;1;-3;-3;1;1;0,46285690311091093;-11215,1840532885;NA;All
2630;1,89389554888044;2,77668417838003;2,33533711420516;2,68774121246616;2,72309010659783;2,29408906685468;2,47326676471914;2,24097751517347;2,55320778110794;2,07780597554461;1,87229485914894;1,63386438152965;1,4456112889373;1,22448001849554;1,57391116751393;1,72268738934523;1,88268488418809;1,51541495520003;2,0105765664805;1,66769611430012;-21,1792549398174;-4,18947293818984;-6,65286241433163;-7,1809515973989;-5,54687814313434;-5,65488769770684;-9,8092163636125;-12,4411986438902;-5,52180832075962;-13,2792363051043;-11,5843475719452;-18,3650380350894;-25,6680975326532;-25,1712093050069;-26,5444579296166;-15,5048909875234;-16,7391415748164;-20,2654847460006;-14,0704407964278;-18,8612253266302;2,68199219822906;1,52838389719892;1,55555567096163;0,906735395569924;0,505569093294629;0,505568510213577;0,542423295383888;0,645128743653648;0,999999654320567;0,839312184375599;0,686365732674007;0,484882772849465;0,338111817657018;-2,15412013791303;-2,42226812127019;-2,55906686800296;-3,10311669832069;-3,99474654545801;-3,97671217514574;-3,35263255597489;-2,70563138978424;-2,14672192447882;-1,19499808741355;-1,84815310840112;-2,22452115757888;-2,90058670842152;-5,11453698104553;-5,02170503837136;-4,05149685492326;-3,42456171028843;-2,69556160947629;0,0719810978515742;0,0157773726842686;0,0505370955583641;0,0170367760222954;0,0271365841219972;0,00815598019131003;0,0102300072942366;0,0079209892374245;-2,9634581133655562;-3;1;1;1;-3;-3;1;1;0,36133731150423182;-11215,5294720253;NA;All
2640;1,89389554888044;2,77668417838003;2,33533711420516;2,68774121246616;2,72309010659783;2,29408906685468;2,47326676471914;2,24097751517347;2,55320778110794;2,07780597554461;1,87229485914894;1,63386438152965;1,4456112889373;1,22448001849554;1,57391116751393;1,72268738934523;1,88268488418809;1,51541495520003;2,0105765664805;1,66769611430012;-21,1792549398174;-4,18947293818984;-6,65286241433163;-7,1809515973989;-5,54687814313434;-5,65488769770684;-9,8092163636125;-12,4411986438902;-5,52180832075962;-13,2792363051043;-11,5843475719452;-18,3650380350894;-25,6680975326532;-25,1712093050069;-26,5444579296166;-15,5048909875234;-16,7391415748164;-20,2654847460006;-14,0704407964278;-18,8612253266302;2,68199219822906;1,52838389719892;1,55555567096163;0,906735395569924;0,505569093294629;0,505568510213577;0,542423295383888;0,645128743653648;0,999999654320567;0,839312184375599;0,686365732674007;0,484882772849465;0,338111817657018;-2,15412013791303;-2,42226812127019;-2,55906686800296;-3,10311669832069;-3,99474654545801;-3,97671217514574;-3,35263255597489;-2,70563138978424;-2,14672192447882;-1,19499808741355;-1,84815310840112;-2,22452115757888;-2,90058670842152;-5,11453698104553;-5,02170503837136;-4,05149685492326;-3,42456171028843;-2,69556160947629;0,0719810978515742;0,0157773726842686;0,0505370955583641;0,0170367760222954;0,0271365841219972;0,00815598019131003;0,0102300072942366;0,0079209892374245;-2,5269107547454746;-3;1;1;1;-3;-3;1;1;0,68459189633156092;-11215,2831618562;NA;All
2650;1,89389554888044;2,77668417838003;2,33533711420516;2,68774121246616;2,72309010659783;2,29408906685468;2,47326676471914;2,24097751517347;2,55320778110794;2,07780597554461;1,87229485914894;1,63386438152965;1,4456112889373;1,22448001849554;1,57391116751393;1,72268738934523;1,88268488418809;1,51541495520003;2,0105765664805;1,66769611430012;-21,1792549398174;-4,18947293818984;-6,65286241433163;-7,1809515973989;-5,54687814313434;-5,65488769770684;-9,8092163636125;-12,4411986438902;-5,52180832075962;-13,2792363051043;-11,5843475719452;-18,3650380350894;-25,6680975326532;-25,1712093050069;-26,5444579296166;-15,5048909875234;-16,7391415748164;-20,2654847460006;-14,0704407964278;-18,8612253266302;2,68199219822906;1,52838389719892;1,55555567096163;0,906735395569924;0,505569093294629;0,505568510213577;0,542423295383888;0,645128743653648;0,999999654320567;0,839312184375599;0,686365732674007;0,484882772849465;0,338111817657018;-2,15412013791303;-2,42226812127019;-2,55906686800296;-3,10311669832069;-3,99474654545801;-3,97671217514574;-3,35263255597489;-2,70563138978424;-2,14672192447882;-1,19499808741355;-1,84815310840112;-2,22452115757888;-2,90058670842152;-5,11453698104553;-5,02170503837136;-4,05149685492326;-3,42456171028843;-2,69556160947629;0,0719810978515742;0,0157773726842686;0,0505370955583641;0,0170367760222954;0,0271365841219972;0,00815598019131003;0,0102300072942366;0,0079209892374245;-2,8400650783660968;-3;1;1;1;-3;-3;1;1;1,00906751267149297;-11216,7695831561;NA;All
2660;1,89389554888044;2,77668417838003;2,33533711420516;2,68774121246616;2,72309010659783;2,29408906685468;2,47326676471914;2,24097751517347;2,55320778110794;2,07780597554461;1,87229485914894;1,63386438152965;1,4456112889373;1,22448001849554;1,57391116751393;1,72268738934523;1,88268488418809;1,51541495520003;2,0105765664805;1,66769611430012;-21,1792549398174;-4,18947293818984;-6,65286241433163;-7,1809515973989;-5,54687814313434;-5,65488769770684;-9,8092163636125;-12,4411986438902;-5,52180832075962;-13,2792363051043;-11,5843475719452;-18,3650380350894;-25,6680975326532;-25,1712093050069;-26,5444579296166;-15,5048909875234;-16,7391415748164;-20,2654847460006;-14,0704407964278;-18,8612253266302;2,68199219822906;1,52838389719892;1,55555567096163;0,906735395569924;0,505569093294629;0,505568510213577;0,542423295383888;0,645128743653648;0,999999654320567;0,839312184375599;0,686365732674007;0,484882772849465;0,338111817657018;-2,15412013791303;-2,42226812127019;-2,55906686800296;-3,10311669832069;-3,99474654545801;-3,97671217514574;-3,35263255597489;-2,70563138978424;-2,14672192447882;-1,19499808741355;-1,84815310840112;-2,22452115757888;-2,90058670842152;-5,11453698104553;-5,02170503837136;-4,05149685492326;-3,42456171028843;-2,69556160947629;0,0719810978515742;0,0157773726842686;0,0505370955583641;0,0170367760222954;0,0271365841219972;0,00815598019131003;0,0102300072942366;0,0079209892374245;-2,6385668838178038;-3;1;1;1;-3;-3;1;1;0,70435058297400166;-11215,3343355323;NA;All
2670;1,89389554888044;2,77668417838003;2,33533711420516;2,68774121246616;2,72309010659783;2,29408906685468;2,47326676471914;2,24097751517347;2,55320778110794;2,07780597554461;1,87229485914894;1,63386438152965;1,4456112889373;1,22448001849554;1,57391116751393;1,72268738934523;1,88268488418809;1,51541495520003;2,0105765664805;1,66769611430012;-21,1792549398174;-4,18947293818984;-6,65286241433163;-7,1809515973989;-5,54687814313434;-5,65488769770684;-9,8092163636125;-12,4411986438902;-5,52180832075962;-13,2792363051043;-11,5843475719452;-18,3650380350894;-25,6680975326532;-25,1712093050069;-26,5444579296166;-15,5048909875234;-16,7391415748164;-20,2654847460006;-14,0704407964278;-18,8612253266302;2,68199219822906;1,52838389719892;1,55555567096163;0,906735395569924;0,505569093294629;0,505568510213577;0,542423295383888;0,645128743653648;0,999999654320567;0,839312184375599;0,686365732674007;0,484882772849465;0,338111817657018;-2,15412013791303;-2,42226812127019;-2,55906686800296;-3,10311669832069;-3,99474654545801;-3,97671217514574;-3,35263255597489;-2,70563138978424;-2,14672192447882;-1,19499808741355;-1,84815310840112;-2,22452115757888;-2,90058670842152;-5,11453698104553;-5,02170503837136;-4,05149685492326;-3,42456171028843;-2,69556160947629;0,0719810978515742;0,0157773726842686;0,0505370955583641;0,0170367760222954;0,0271365841219972;0,00815598019131003;0,0102300072942366;0,0079209892374245;-2,6385668838178038;-3;1;1;1;-3;-3;1;1;0,70435058297400166;-11215,3343355323;NA;All
2680;1,89389554888044;2,77668417838003;2,33533711420516;2,68774121246616;2,72309010659783;2,29408906685468;2,47326676471914;2,24097751517347;2,55320778110794;2,07780597554461;1,87229485914894;1,63386438152965;1,4456112889373;1,22448001849554;1,57391116751393;1,72268738934523;1,88268488418809;1,51541495520003;2,0105765664805;1,66769611430012;-21,1792549398174;-4,18947293818984;-6,65286241433163;-7,1809515973989;-5,54687814313434;-5,65488769770684;-9,8092163636125;-12,4411986438902;-5,52180832075962;-13,2792363051043;-11,5843475719452;-18,3650380350894;-25,6680975326532;-25,1712093050069;-26,5444579296166;-15,5048909875234;-16,7391415748164;-20,2654847460006;-14,0704407964278;-18,8612253266302;2,68199219822906;1,52838389719892;1,55555567096163;0,906735395569924;0,505569093294629;0,505568510213577;0,542423295383888;0,645128743653648;0,999999654320567;0,839312184375599;0,686365732674007;0,484882772849465;0,338111817657018;-2,15412013791303;-2,42226812127019;-2,55906686800296;-3,10311669832069;-3,99474654545801;-3,97671217514574;-3,35263255597489;-2,70563138978424;-2,14672192447882;-1,19499808741355;-1,84815310840112;-2,22452115757888;-2,90058670842152;-5,11453698104553;-5,02170503837136;-4,05149685492326;-3,42456171028843;-2,69556160947629;0,0719810978515742;0,0157773726842686;0,0505370955583641;0,0170367760222954;0,0271365841219972;0,00815598019131003;0,0102300072942366;0,0079209892374245;-0,7485081157893338;-3;1;1;1;-3;-3;1;1;0,45752989602003646;-11215,1711102131;NA;All
2690;1,89389554888044;2,77668417838003;2,33533711420516;2,68774121246616;2,72309010659783;2,29408906685468;2,47326676471914;2,24097751517347;2,55320778110794;2,07780597554461;1,87229485914894;1,63386438152965;1,4456112889373;1,22448001849554;1,57391116751393;1,72268738934523;1,88268488418809;1,51541495520003;2,0105765664805;1,66769611430012;-21,1792549398174;-4,18947293818984;-6,65286241433163;-7,1809515973989;-5,54687814313434;-5,65488769770684;-9,8092163636125;-12,4411986438902;-5,52180832075962;-13,2792363051043;-11,5843475719452;-18,3650380350894;-25,6680975326532;-25,1712093050069;-26,5444579296166;-15,5048909875234;-16,7391415748164;-20,2654847460006;-14,0704407964278;-18,8612253266302;2,68199219822906;1,52838389719892;1,55555567096163;0,906735395569924;0,505569093294629;0,505568510213577;0,542423295383888;0,645128743653648;0,999999654320567;0,839312184375599;0,686365732674007;0,484882772849465;0,338111817657018;-2,15412013791303;-2,42226812127019;-2,55906686800296;-3,10311669832069;-3,99474654545801;-3,97671217514574;-3,35263255597489;-2,70563138978424;-2,14672192447882;-1,19499808741355;-1,84815310840112;-2,22452115757888;-2,90058670842152;-5,11453698104553;-5,02170503837136;-4,05149685492326;-3,42456171028843;-2,69556160947629;0,0719810978515742;0,0157773726842686;0,0505370955583641;0,0170367760222954;0,0271365841219972;0,00815598019131003;0,0102300072942366;0,0079209892374245;-1,4606633714659352;-3;1;1;1;-3;-3;1;1;0,87247907599691499;-11216,2062212114;NA;All
2700;1,89389554888044;2,77668417838003;2,33533711420516;2,68774121246616;2,72309010659783;2,29408906685468;2,47326676471914;2,24097751517347;2,55320778110794;2,07780597554461;1,87229485914894;1,63386438152965;1,4456112889373;1,22448001849554;1,57391116751393;1,72268738934523;1,88268488418809;1,51541495520003;2,0105765664805;1,66769611430012;-21,1792549398174;-4,18947293818984;-6,65286241433163;-7,1809515973989;-5,54687814313434;-5,65488769770684;-9,8092163636125;-12,4411986438902;-5,52180832075962;-13,2792363051043;-11,5843475719452;-18,3650380350894;-25,6680975326532;-25,1712093050069;-26,5444579296166;-15,5048909875234;-16,7391415748164;-20,2654847460006;-14,0704407964278;-18,8612253266302;2,68199219822906;1,52838389719892;1,55555567096163;0,906735395569924;0,505569093294629;0,505568510213577;0,542423295383888;0,645128743653648;0,999999654320567;0,839312184375599;0,686365732674007;0,484882772849465;0,338111817657018;-2,15412013791303;-2,42226812127019;-2,55906686800296;-3,10311669832069;-3,99474654545801;-3,97671217514574;-3,35263255597489;-2,70563138978424;-2,14672192447882;-1,19499808741355;-1,84815310840112;-2,22452115757888;-2,90058670842152;-5,11453698104553;-5,02170503837136;-4,05149685492326;-3,42456171028843;-2,69556160947629;0,0719810978515742;0,0157773726842686;0,0505370955583641;0,0170367760222954;0,0271365841219972;0,00815598019131003;0,0102300072942366;0,0079209892374245;-3,9773867275893591;-3;1;1;1;-3;-3;1;1;0,72157400069913924;-11215,3789203588;NA;All
2710;1,89389554888044;2,77668417838003;2,33533711420516;2,68774121246616;2,72309010659783;2,29408906685468;2,47326676471914;2,24097751517347;2,55320778110794;2,07780597554461;1,87229485914894;1,63386438152965;1,4456112889373;1,22448001849554;1,57391116751393;1,72268738934523;1,88268488418809;1,51541495520003;2,0105765664805;1,66769611430012;-21,1792549398174;-4,18947293818984;-6,65286241433163;-7,1809515973989;-5,54687814313434;-5,65488769770684;-9,8092163636125;-12,4411986438902;-5,52180832075962;-13,2792363051043;-11,5843475719452;-18,3650380350894;-25,6680975326532;-25,1712093050069;-26,5444579296166;-15,5048909875234;-16,7391415748164;-20,2654847460006;-14,0704407964278;-18,8612253266302;2,68199219822906;1,52838389719892;1,55555567096163;0,906735395569924;0,505569093294629;0,505568510213577;0,542423295383888;0,645128743653648;0,999999654320567;0,839312184375599;0,686365732674007;0,484882772849465;0,338111817657018;-2,15412013791303;-2,42226812127019;-2,55906686800296;-3,10311669832069;-3,99474654545801;-3,97671217514574;-3,35263255597489;-2,70563138978424;-2,14672192447882;-1,19499808741355;-1,84815310840112;-2,22452115757888;-2,90058670842152;-5,11453698104553;-5,02170503837136;-4,05149685492326;-3,42456171028843;-2,69556160947629;0,0719810978515742;0,0157773726842686;0,0505370955583641;0,0170367760222954;0,0271365841219972;0,00815598019131003;0,0102300072942366;0,0079209892374245;-3,9850039070951264;-3;1;1;1;-3;-3;1;1;0,64620822560595370;-11215,1951742658;NA;All
2720;1,89389554888044;2,77668417838003;2,33533711420516;2,68774121246616;2,72309010659783;2,29408906685468;2,47326676471914;2,24097751517347;2,55320778110794;2,07780597554461;1,87229485914894;1,63386438152965;1,4456112889373;1,22448001849554;1,57391116751393;1,72268738934523;1,88268488418809;1,51541495520003;2,0105765664805;1,66769611430012;-21,1792549398174;-4,18947293818984;-6,65286241433163;-7,1809515973989;-5,54687814313434;-5,65488769770684;-9,8092163636125;-12,4411986438902;-5,52180832075962;-13,2792363051043;-11,5843475719452;-18,3650380350894;-25,6680975326532;-25,1712093050069;-26,5444579296166;-15,5048909875234;-16,7391415748164;-20,2654847460006;-14,0704407964278;-18,8612253266302;2,68199219822906;1,52838389719892;1,55555567096163;0,906735395569924;0,505569093294629;0,505568510213577;0,542423295383888;0,645128743653648;0,999999654320567;0,839312184375599;0,686365732674007;0,484882772849465;0,338111817657018;-2,15412013791303;-2,42226812127019;-2,55906686800296;-3,10311669832069;-3,99474654545801;-3,97671217514574;-3,35263255597489;-2,70563138978424;-2,14672192447882;-1,19499808741355;-1,84815310840112;-2,22452115757888;-2,90058670842152;-5,11453698104553;-5,02170503837136;-4,05149685492326;-3,42456171028843;-2,69556160947629;0,0719810978515742;0,0157773726842686;0,0505370955583641;0,0170367760222954;0,0271365841219972;0,00815598019131003;0,0102300072942366;0,0079209892374245;-1,0400376945960590;-3;1;1;1;-3;-3;1;1;0,65989695017459604;-11215,5169505512;NA;All
2730;1,89389554888044;2,77668417838003;2,33533711420516;2,68774121246616;2,72309010659783;2,29408906685468;2,47326676471914;2,24097751517347;2,55320778110794;2,07780597554461;1,87229485914894;1,63386438152965;1,4456112889373;1,22448001849554;1,57391116751393;1,72268738934523;1,88268488418809;1,51541495520003;2,0105765664805;1,66769611430012;-21,1792549398174;-4,18947293818984;-6,65286241433163;-7,1809515973989;-5,54687814313434;-5,65488769770684;-9,8092163636125;-12,4411986438902;-5,52180832075962;-13,2792363051043;-11,5843475719452;-18,3650380350894;-25,6680975326532;-25,1712093050069;-26,5444579296166;-15,5048909875234;-16,7391415748164;-20,2654847460006;-14,0704407964278;-18,8612253266302;2,68199219822906;1,52838389719892;1,55555567096163;0,906735395569924;0,505569093294629;0,505568510213577;0,542423295383888;0,645128743653648;0,999999654320567;0,839312184375599;0,686365732674007;0,484882772849465;0,338111817657018;-2,15412013791303;-2,42226812127019;-2,55906686800296;-3,10311669832069;-3,99474654545801;-3,97671217514574;-3,35263255597489;-2,70563138978424;-2,14672192447882;-1,19499808741355;-1,84815310840112;-2,22452115757888;-2,90058670842152;-5,11453698104553;-5,02170503837136;-4,05149685492326;-3,42456171028843;-2,69556160947629;0,0719810978515742;0,0157773726842686;0,0505370955583641;0,0170367760222954;0,0271365841219972;0,00815598019131003;0,0102300072942366;0,0079209892374245;-1,0400376945960590;-3;1;1;1;-3;-3;1;1;0,65989695017459604;-11215,5169505512;NA;All
2740;1,89389554888044;2,77668417838003;2,33533711420516;2,68774121246616;2,72309010659783;2,29408906685468;2,47326676471914;2,24097751517347;2,55320778110794;2,07780597554461;1,87229485914894;1,63386438152965;1,4456112889373;1,22448001849554;1,57391116751393;1,72268738934523;1,88268488418809;1,51541495520003;2,0105765664805;1,66769611430012;-21,1792549398174;-4,18947293818984;-6,65286241433163;-7,1809515973989;-5,54687814313434;-5,65488769770684;-9,8092163636125;-12,4411986438902;-5,52180832075962;-13,2792363051043;-11,5843475719452;-18,3650380350894;-25,6680975326532;-25,1712093050069;-26,5444579296166;-15,5048909875234;-16,7391415748164;-20,2654847460006;-14,0704407964278;-18,8612253266302;2,68199219822906;1,52838389719892;1,55555567096163;0,906735395569924;0,505569093294629;0,505568510213577;0,542423295383888;0,645128743653648;0,999999654320567;0,839312184375599;0,686365732674007;0,484882772849465;0,338111817657018;-2,15412013791303;-2,42226812127019;-2,55906686800296;-3,10311669832069;-3,99474654545801;-3,97671217514574;-3,35263255597489;-2,70563138978424;-2,14672192447882;-1,19499808741355;-1,84815310840112;-2,22452115757888;-2,90058670842152;-5,11453698104553;-5,02170503837136;-4,05149685492326;-3,42456171028843;-2,69556160947629;0,0719810978515742;0,0157773726842686;0,0505370955583641;0,0170367760222954;0,0271365841219972;0,00815598019131003;0,0102300072942366;0,0079209892374245;-0,4886209182362840;-3;1;1;1;-3;-3;1;1;0,38818879110538707;-11215,6158381967;NA;All
2750;1,89389554888044;2,77668417838003;2,33533711420516;2,68774121246616;2,72309010659783;2,29408906685468;2,47326676471914;2,24097751517347;2,55320778110794;2,07780597554461;1,87229485914894;1,63386438152965;1,4456112889373;1,22448001849554;1,57391116751393;1,72268738934523;1,88268488418809;1,51541495520003;2,0105765664805;1,66769611430012;-21,1792549398174;-4,18947293818984;-6,65286241433163;-7,1809515973989;-5,54687814313434;-5,65488769770684;-9,8092163636125;-12,4411986438902;-5,52180832075962;-13,2792363051043;-11,5843475719452;-18,3650380350894;-25,6680975326532;-25,1712093050069;-26,5444579296166;-15,5048909875234;-16,7391415748164;-20,2654847460006;-14,0704407964278;-18,8612253266302;2,68199219822906;1,52838389719892;1,55555567096163;0,906735395569924;0,505569093294629;0,505568510213577;0,542423295383888;0,645128743653648;0,999999654320567;0,839312184375599;0,686365732674007;0,484882772849465;0,338111817657018;-2,15412013791303;-2,42226812127019;-2,55906686800296;-3,10311669832069;-3,99474654545801;-3,97671217514574;-3,35263255597489;-2,70563138978424;-2,14672192447882;-1,19499808741355;-1,84815310840112;-2,22452115757888;-2,90058670842152;-5,11453698104553;-5,02170503837136;-4,05149685492326;-3,42456171028843;-2,69556160947629;0,0719810978515742;0,0157773726842686;0,0505370955583641;0,0170367760222954;0,0271365841219972;0,00815598019131003;0,0102300072942366;0,0079209892374245;-3,6558152120801513;-3;1;1;1;-3;-3;1;1;0,37613001136897922;-11215,4669775689;NA;All
2760;1,89389554888044;2,77668417838003;2,33533711420516;2,68774121246616;2,72309010659783;2,29408906685468;2,47326676471914;2,24097751517347;2,55320778110794;2,07780597554461;1,87229485914894;1,63386438152965;1,4456112889373;1,22448001849554;1,57391116751393;1,72268738934523;1,88268488418809;1,51541495520003;2,0105765664805;1,66769611430012;-21,1792549398174;-4,18947293818984;-6,65286241433163;-7,1809515973989;-5,54687814313434;-5,65488769770684;-9,8092163636125;-12,4411986438902;-5,52180832075962;-13,2792363051043;-11,5843475719452;-18,3650380350894;-25,6680975326532;-25,1712093050069;-26,5444579296166;-15,5048909875234;-16,7391415748164;-20,2654847460006;-14,0704407964278;-18,8612253266302;2,68199219822906;1,52838389719892;1,55555567096163;0,906735395569924;0,505569093294629;0,505568510213577;0,542423295383888;0,645128743653648;0,999999654320567;0,839312184375599;0,686365732674007;0,484882772849465;0,338111817657018;-2,15412013791303;-2,42226812127019;-2,55906686800296;-3,10311669832069;-3,99474654545801;-3,97671217514574;-3,35263255597489;-2,70563138978424;-2,14672192447882;-1,19499808741355;-1,84815310840112;-2,22452115757888;-2,90058670842152;-5,11453698104553;-5,02170503837136;-4,05149685492326;-3,42456171028843;-2,69556160947629;0,0719810978515742;0,0157773726842686;0,0505370955583641;0,0170367760222954;0,0271365841219972;0,00815598019131003;0,0102300072942366;0,0079209892374245;-0,7925117599716870;-3;1;1;1;-3;-3;1;1;0,67081068371538966;-11215,9756247640;NA;All
2770;1,89389554888044;2,77668417838003;2,33533711420516;2,68774121246616;2,72309010659783;2,29408906685468;2,47326676471914;2,24097751517347;2,55320778110794;2,07780597554461;1,87229485914894;1,63386438152965;1,4456112889373;1,22448001849554;1,57391116751393;1,72268738934523;1,88268488418809;1,51541495520003;2,0105765664805;1,66769611430012;-21,1792549398174;-4,18947293818984;-6,65286241433163;-7,1809515973989;-5,54687814313434;-5,65488769770684;-9,8092163636125;-12,4411986438902;-5,52180832075962;-13,2792363051043;-11,5843475719452;-18,3650380350894;-25,6680975326532;-25,1712093050069;-26,5444579296166;-15,5048909875234;-16,7391415748164;-20,2654847460006;-14,0704407964278;-18,8612253266302;2,68199219822906;1,52838389719892;1,55555567096163;0,906735395569924;0,505569093294629;0,505568510213577;0,542423295383888;0,645128743653648;0,999999654320567;0,839312184375599;0,686365732674007;0,484882772849465;0,338111817657018;-2,15412013791303;-2,42226812127019;-2,55906686800296;-3,10311669832069;-3,99474654545801;-3,97671217514574;-3,35263255597489;-2,70563138978424;-2,14672192447882;-1,19499808741355;-1,84815310840112;-2,22452115757888;-2,90058670842152;-5,11453698104553;-5,02170503837136;-4,05149685492326;-3,42456171028843;-2,69556160947629;0,0719810978515742;0,0157773726842686;0,0505370955583641;0,0170367760222954;0,0271365841219972;0,00815598019131003;0,0102300072942366;0,0079209892374245;-3,1206296737107806;-3;1;1;1;-3;-3;1;1;0,09342486325993202;-11218,6217159018;NA;All
2780;1,89389554888044;2,77668417838003;2,33533711420516;2,68774121246616;2,72309010659783;2,29408906685468;2,47326676471914;2,24097751517347;2,55320778110794;2,07780597554461;1,87229485914894;1,63386438152965;1,4456112889373;1,22448001849554;1,57391116751393;1,72268738934523;1,88268488418809;1,51541495520003;2,0105765664805;1,66769611430012;-21,1792549398174;-4,18947293818984;-6,65286241433163;-7,1809515973989;-5,54687814313434;-5,65488769770684;-9,8092163636125;-12,4411986438902;-5,52180832075962;-13,2792363051043;-11,5843475719452;-18,3650380350894;-25,6680975326532;-25,1712093050069;-26,5444579296166;-15,5048909875234;-16,7391415748164;-20,2654847460006;-14,0704407964278;-18,8612253266302;2,68199219822906;1,52838389719892;1,55555567096163;0,906735395569924;0,505569093294629;0,505568510213577;0,542423295383888;0,645128743653648;0,999999654320567;0,839312184375599;0,686365732674007;0,484882772849465;0,338111817657018;-2,15412013791303;-2,42226812127019;-2,55906686800296;-3,10311669832069;-3,99474654545801;-3,97671217514574;-3,35263255597489;-2,70563138978424;-2,14672192447882;-1,19499808741355;-1,84815310840112;-2,22452115757888;-2,90058670842152;-5,11453698104553;-5,02170503837136;-4,05149685492326;-3,42456171028843;-2,69556160947629;0,0719810978515742;0,0157773726842686;0,0505370955583641;0,0170367760222954;0,0271365841219972;0,00815598019131003;0,0102300072942366;0,0079209892374245;-2,6752205541401586;-3;1;1;1;-3;-3;1;1;0,76275365169585596;-11215,5229293906;NA;All
2790;1,89389554888044;2,77668417838003;2,33533711420516;2,68774121246616;2,72309010659783;2,29408906685468;2,47326676471914;2,24097751517347;2,55320778110794;2,07780597554461;1,87229485914894;1,63386438152965;1,4456112889373;1,22448001849554;1,57391116751393;1,72268738934523;1,88268488418809;1,51541495520003;2,0105765664805;1,66769611430012;-21,1792549398174;-4,18947293818984;-6,65286241433163;-7,1809515973989;-5,54687814313434;-5,65488769770684;-9,8092163636125;-12,4411986438902;-5,52180832075962;-13,2792363051043;-11,5843475719452;-18,3650380350894;-25,6680975326532;-25,1712093050069;-26,5444579296166;-15,5048909875234;-16,7391415748164;-20,2654847460006;-14,0704407964278;-18,8612253266302;2,68199219822906;1,52838389719892;1,55555567096163;0,906735395569924;0,505569093294629;0,505568510213577;0,542423295383888;0,645128743653648;0,999999654320567;0,839312184375599;0,686365732674007;0,484882772849465;0,338111817657018;-2,15412013791303;-2,42226812127019;-2,55906686800296;-3,10311669832069;-3,99474654545801;-3,97671217514574;-3,35263255597489;-2,70563138978424;-2,14672192447882;-1,19499808741355;-1,84815310840112;-2,22452115757888;-2,90058670842152;-5,11453698104553;-5,02170503837136;-4,05149685492326;-3,42456171028843;-2,69556160947629;0,0719810978515742;0,0157773726842686;0,0505370955583641;0,0170367760222954;0,0271365841219972;0,00815598019131003;0,0102300072942366;0,0079209892374245;-0,7769686173587513;-3;1;1;1;-3;-3;1;1;0,25799831211710467;-11214,9432193206;NA;All
2800;1,89389554888044;2,77668417838003;2,33533711420516;2,68774121246616;2,72309010659783;2,29408906685468;2,47326676471914;2,24097751517347;2,55320778110794;2,07780597554461;1,87229485914894;1,63386438152965;1,4456112889373;1,22448001849554;1,57391116751393;1,72268738934523;1,88268488418809;1,51541495520003;2,0105765664805;1,66769611430012;-21,1792549398174;-4,18947293818984;-6,65286241433163;-7,1809515973989;-5,54687814313434;-5,65488769770684;-9,8092163636125;-12,4411986438902;-5,52180832075962;-13,2792363051043;-11,5843475719452;-18,3650380350894;-25,6680975326532;-25,1712093050069;-26,5444579296166;-15,5048909875234;-16,7391415748164;-20,2654847460006;-14,0704407964278;-18,8612253266302;2,68199219822906;1,52838389719892;1,55555567096163;0,906735395569924;0,505569093294629;0,505568510213577;0,542423295383888;0,645128743653648;0,999999654320567;0,839312184375599;0,686365732674007;0,484882772849465;0,338111817657018;-2,15412013791303;-2,42226812127019;-2,55906686800296;-3,10311669832069;-3,99474654545801;-3,97671217514574;-3,35263255597489;-2,70563138978424;-2,14672192447882;-1,19499808741355;-1,84815310840112;-2,22452115757888;-2,90058670842152;-5,11453698104553;-5,02170503837136;-4,05149685492326;-3,42456171028843;-2,69556160947629;0,0719810978515742;0,0157773726842686;0,0505370955583641;0,0170367760222954;0,0271365841219972;0,00815598019131003;0,0102300072942366;0,0079209892374245;-2,0057767147340613;-3;1;1;1;-3;-3;1;1;0,59765401067682689;-11215,1277326102;NA;All
2810;1,89389554888044;2,77668417838003;2,33533711420516;2,68774121246616;2,72309010659783;2,29408906685468;2,47326676471914;2,24097751517347;2,55320778110794;2,07780597554461;1,87229485914894;1,63386438152965;1,4456112889373;1,22448001849554;1,57391116751393;1,72268738934523;1,88268488418809;1,51541495520003;2,0105765664805;1,66769611430012;-21,1792549398174;-4,18947293818984;-6,65286241433163;-7,1809515973989;-5,54687814313434;-5,65488769770684;-9,8092163636125;-12,4411986438902;-5,52180832075962;-13,2792363051043;-11,5843475719452;-18,3650380350894;-25,6680975326532;-25,1712093050069;-26,5444579296166;-15,5048909875234;-16,7391415748164;-20,2654847460006;-14,0704407964278;-18,8612253266302;2,68199219822906;1,52838389719892;1,55555567096163;0,906735395569924;0,505569093294629;0,505568510213577;0,542423295383888;0,645128743653648;0,999999654320567;0,839312184375599;0,686365732674007;0,484882772849465;0,338111817657018;-2,15412013791303;-2,42226812127019;-2,55906686800296;-3,10311669832069;-3,99474654545801;-3,97671217514574;-3,35263255597489;-2,70563138978424;-2,14672192447882;-1,19499808741355;-1,84815310840112;-2,22452115757888;-2,90058670842152;-5,11453698104553;-5,02170503837136;-4,05149685492326;-3,42456171028843;-2,69556160947629;0,0719810978515742;0,0157773726842686;0,0505370955583641;0,0170367760222954;0,0271365841219972;0,00815598019131003;0,0102300072942366;0,0079209892374245;-2,2718888789611120;-3;1;1;1;-3;-3;1;1;0,57016696242017217;-11215,1039683733;NA;All
2820;1,89389554888044;2,77668417838003;2,33533711420516;2,68774121246616;2,72309010659783;2,29408906685468;2,47326676471914;2,24097751517347;2,55320778110794;2,07780597554461;1,87229485914894;1,63386438152965;1,4456112889373;1,22448001849554;1,57391116751393;1,72268738934523;1,88268488418809;1,51541495520003;2,0105765664805;1,66769611430012;-21,1792549398174;-4,18947293818984;-6,65286241433163;-7,1809515973989;-5,54687814313434;-5,65488769770684;-9,8092163636125;-12,4411986438902;-5,52180832075962;-13,2792363051043;-11,5843475719452;-18,3650380350894;-25,6680975326532;-25,1712093050069;-26,5444579296166;-15,5048909875234;-16,7391415748164;-20,2654847460006;-14,0704407964278;-18,8612253266302;2,68199219822906;1,52838389719892;1,55555567096163;0,906735395569924;0,505569093294629;0,505568510213577;0,542423295383888;0,645128743653648;0,999999654320567;0,839312184375599;0,686365732674007;0,484882772849465;0,338111817657018;-2,15412013791303;-2,42226812127019;-2,55906686800296;-3,10311669832069;-3,99474654545801;-3,97671217514574;-3,35263255597489;-2,70563138978424;-2,14672192447882;-1,19499808741355;-1,84815310840112;-2,22452115757888;-2,90058670842152;-5,11453698104553;-5,02170503837136;-4,05149685492326;-3,42456171028843;-2,69556160947629;0,0719810978515742;0,0157773726842686;0,0505370955583641;0,0170367760222954;0,0271365841219972;0,00815598019131003;0,0102300072942366;0,0079209892374245;-1,0635031669897526;-3;1;1;1;-3;-3;1;1;0,70690837629902759;-11215,6939628434;NA;All
2830;1,89389554888044;2,77668417838003;2,33533711420516;2,68774121246616;2,72309010659783;2,29408906685468;2,47326676471914;2,24097751517347;2,55320778110794;2,07780597554461;1,87229485914894;1,63386438152965;1,4456112889373;1,22448001849554;1,57391116751393;1,72268738934523;1,88268488418809;1,51541495520003;2,0105765664805;1,66769611430012;-21,1792549398174;-4,18947293818984;-6,65286241433163;-7,1809515973989;-5,54687814313434;-5,65488769770684;-9,8092163636125;-12,4411986438902;-5,52180832075962;-13,2792363051043;-11,5843475719452;-18,3650380350894;-25,6680975326532;-25,1712093050069;-26,5444579296166;-15,5048909875234;-16,7391415748164;-20,2654847460006;-14,0704407964278;-18,8612253266302;2,68199219822906;1,52838389719892;1,55555567096163;0,906735395569924;0,505569093294629;0,505568510213577;0,542423295383888;0,645128743653648;0,999999654320567;0,839312184375599;0,686365732674007;0,484882772849465;0,338111817657018;-2,15412013791303;-2,42226812127019;-2,55906686800296;-3,10311669832069;-3,99474654545801;-3,97671217514574;-3,35263255597489;-2,70563138978424;-2,14672192447882;-1,19499808741355;-1,84815310840112;-2,22452115757888;-2,90058670842152;-5,11453698104553;-5,02170503837136;-4,05149685492326;-3,42456171028843;-2,69556160947629;0,0719810978515742;0,0157773726842686;0,0505370955583641;0,0170367760222954;0,0271365841219972;0,00815598019131003;0,0102300072942366;0,0079209892374245;-3,5602546633466785;-3;1;1;1;-3;-3;1;1;0,79574560373226177;-11215,6410783561;NA;All
2840;1,89389554888044;2,77668417838003;2,33533711420516;2,68774121246616;2,72309010659783;2,29408906685468;2,47326676471914;2,24097751517347;2,55320778110794;2,07780597554461;1,87229485914894;1,63386438152965;1,4456112889373;1,22448001849554;1,57391116751393;1,72268738934523;1,88268488418809;1,51541495520003;2,0105765664805;1,66769611430012;-21,1792549398174;-4,18947293818984;-6,65286241433163;-7,1809515973989;-5,54687814313434;-5,65488769770684;-9,8092163636125;-12,4411986438902;-5,52180832075962;-13,2792363051043;-11,5843475719452;-18,3650380350894;-25,6680975326532;-25,1712093050069;-26,5444579296166;-15,5048909875234;-16,7391415748164;-20,2654847460006;-14,0704407964278;-18,8612253266302;2,68199219822906;1,52838389719892;1,55555567096163;0,906735395569924;0,505569093294629;0,505568510213577;0,542423295383888;0,645128743653648;0,999999654320567;0,839312184375599;0,686365732674007;0,484882772849465;0,338111817657018;-2,15412013791303;-2,42226812127019;-2,55906686800296;-3,10311669832069;-3,99474654545801;-3,97671217514574;-3,35263255597489;-2,70563138978424;-2,14672192447882;-1,19499808741355;-1,84815310840112;-2,22452115757888;-2,90058670842152;-5,11453698104553;-5,02170503837136;-4,05149685492326;-3,42456171028843;-2,69556160947629;0,0719810978515742;0,0157773726842686;0,0505370955583641;0,0170367760222954;0,0271365841219972;0,00815598019131003;0,0102300072942366;0,0079209892374245;-1,0450791375016193;-3;1;1;1;-3;-3;1;1;0,38102594176215199;-11214,9948539971;NA;All
2850;1,89389554888044;2,77668417838003;2,33533711420516;2,68774121246616;2,72309010659783;2,29408906685468;2,47326676471914;2,24097751517347;2,55320778110794;2,07780597554461;1,87229485914894;1,63386438152965;1,4456112889373;1,22448001849554;1,57391116751393;1,72268738934523;1,88268488418809;1,51541495520003;2,0105765664805;1,66769611430012;-21,1792549398174;-4,18947293818984;-6,65286241433163;-7,1809515973989;-5,54687814313434;-5,65488769770684;-9,8092163636125;-12,4411986438902;-5,52180832075962;-13,2792363051043;-11,5843475719452;-18,3650380350894;-25,6680975326532;-25,1712093050069;-26,5444579296166;-15,5048909875234;-16,7391415748164;-20,2654847460006;-14,0704407964278;-18,8612253266302;2,68199219822906;1,52838389719892;1,55555567096163;0,906735395569924;0,505569093294629;0,505568510213577;0,542423295383888;0,645128743653648;0,999999654320567;0,839312184375599;0,686365732674007;0,484882772849465;0,338111817657018;-2,15412013791303;-2,42226812127019;-2,55906686800296;-3,10311669832069;-3,99474654545801;-3,97671217514574;-3,35263255597489;-2,70563138978424;-2,14672192447882;-1,19499808741355;-1,84815310840112;-2,22452115757888;-2,90058670842152;-5,11453698104553;-5,02170503837136;-4,05149685492326;-3,42456171028843;-2,69556160947629;0,0719810978515742;0,0157773726842686;0,0505370955583641;0,0170367760222954;0,0271365841219972;0,00815598019131003;0,0102300072942366;0,0079209892374245;-1,8838842963292448;-3;1;1;1;-3;-3;1;1;0,55939527211711171;-11215,0923072280;NA;All
2860;1,89389554888044;2,77668417838003;2,33533711420516;2,68774121246616;2,72309010659783;2,29408906685468;2,47326676471914;2,24097751517347;2,55320778110794;2,07780597554461;1,87229485914894;1,63386438152965;1,4456112889373;1,22448001849554;1,57391116751393;1,72268738934523;1,88268488418809;1,51541495520003;2,0105765664805;1,66769611430012;-21,1792549398174;-4,18947293818984;-6,65286241433163;-7,1809515973989;-5,54687814313434;-5,65488769770684;-9,8092163636125;-12,4411986438902;-5,52180832075962;-13,2792363051043;-11,5843475719452;-18,3650380350894;-25,6680975326532;-25,1712093050069;-26,5444579296166;-15,5048909875234;-16,7391415748164;-20,2654847460006;-14,0704407964278;-18,8612253266302;2,68199219822906;1,52838389719892;1,55555567096163;0,906735395569924;0,505569093294629;0,505568510213577;0,542423295383888;0,645128743653648;0,999999654320567;0,839312184375599;0,686365732674007;0,484882772849465;0,338111817657018;-2,15412013791303;-2,42226812127019;-2,55906686800296;-3,10311669832069;-3,99474654545801;-3,97671217514574;-3,35263255597489;-2,70563138978424;-2,14672192447882;-1,19499808741355;-1,84815310840112;-2,22452115757888;-2,90058670842152;-5,11453698104553;-5,02170503837136;-4,05149685492326;-3,42456171028843;-2,69556160947629;0,0719810978515742;0,0157773726842686;0,0505370955583641;0,0170367760222954;0,0271365841219972;0,00815598019131003;0,0102300072942366;0,0079209892374245;-1,1315313769998414;-3;1;1;1;-3;-3;1;1;0,61284685338160105;-11215,2799015647;NA;All
2870;1,89389554888044;2,77668417838003;2,33533711420516;2,68774121246616;2,72309010659783;2,29408906685468;2,47326676471914;2,24097751517347;2,55320778110794;2,07780597554461;1,87229485914894;1,63386438152965;1,4456112889373;1,22448001849554;1,57391116751393;1,72268738934523;1,88268488418809;1,51541495520003;2,0105765664805;1,66769611430012;-21,1792549398174;-4,18947293818984;-6,65286241433163;-7,1809515973989;-5,54687814313434;-5,65488769770684;-9,8092163636125;-12,4411986438902;-5,52180832075962;-13,2792363051043;-11,5843475719452;-18,3650380350894;-25,6680975326532;-25,1712093050069;-26,5444579296166;-15,5048909875234;-16,7391415748164;-20,2654847460006;-14,0704407964278;-18,8612253266302;2,68199219822906;1,52838389719892;1,55555567096163;0,906735395569924;0,505569093294629;0,505568510213577;0,542423295383888;0,645128743653648;0,999999654320567;0,839312184375599;0,686365732674007;0,484882772849465;0,338111817657018;-2,15412013791303;-2,42226812127019;-2,55906686800296;-3,10311669832069;-3,99474654545801;-3,97671217514574;-3,35263255597489;-2,70563138978424;-2,14672192447882;-1,19499808741355;-1,84815310840112;-2,22452115757888;-2,90058670842152;-5,11453698104553;-5,02170503837136;-4,05149685492326;-3,42456171028843;-2,69556160947629;0,0719810978515742;0,0157773726842686;0,0505370955583641;0,0170367760222954;0,0271365841219972;0,00815598019131003;0,0102300072942366;0,0079209892374245;-2,5784061586925571;-3;1;1;1;-3;-3;1;1;0,65093078143892724;-11215,2072957477;NA;All
2880;1,89389554888044;2,77668417838003;2,33533711420516;2,68774121246616;2,72309010659783;2,29408906685468;2,47326676471914;2,24097751517347;2,55320778110794;2,07780597554461;1,87229485914894;1,63386438152965;1,4456112889373;1,22448001849554;1,57391116751393;1,72268738934523;1,88268488418809;1,51541495520003;2,0105765664805;1,66769611430012;-21,1792549398174;-4,18947293818984;-6,65286241433163;-7,1809515973989;-5,54687814313434;-5,65488769770684;-9,8092163636125;-12,4411986438902;-5,52180832075962;-13,2792363051043;-11,5843475719452;-18,3650380350894;-25,6680975326532;-25,1712093050069;-26,5444579296166;-15,5048909875234;-16,7391415748164;-20,2654847460006;-14,0704407964278;-18,8612253266302;2,68199219822906;1,52838389719892;1,55555567096163;0,906735395569924;0,505569093294629;0,505568510213577;0,542423295383888;0,645128743653648;0,999999654320567;0,839312184375599;0,686365732674007;0,484882772849465;0,338111817657018;-2,15412013791303;-2,42226812127019;-2,55906686800296;-3,10311669832069;-3,99474654545801;-3,97671217514574;-3,35263255597489;-2,70563138978424;-2,14672192447882;-1,19499808741355;-1,84815310840112;-2,22452115757888;-2,90058670842152;-5,11453698104553;-5,02170503837136;-4,05149685492326;-3,42456171028843;-2,69556160947629;0,0719810978515742;0,0157773726842686;0,0505370955583641;0,0170367760222954;0,0271365841219972;0,00815598019131003;0,0102300072942366;0,0079209892374245;-1,9793112531462456;-3;1;1;1;-3;-3;1;1;0,39146145298216262;-11215,3245572911;NA;All
2890;1,89389554888044;2,77668417838003;2,33533711420516;2,68774121246616;2,72309010659783;2,29408906685468;2,47326676471914;2,24097751517347;2,55320778110794;2,07780597554461;1,87229485914894;1,63386438152965;1,4456112889373;1,22448001849554;1,57391116751393;1,72268738934523;1,88268488418809;1,51541495520003;2,0105765664805;1,66769611430012;-21,1792549398174;-4,18947293818984;-6,65286241433163;-7,1809515973989;-5,54687814313434;-5,65488769770684;-9,8092163636125;-12,4411986438902;-5,52180832075962;-13,2792363051043;-11,5843475719452;-18,3650380350894;-25,6680975326532;-25,1712093050069;-26,5444579296166;-15,5048909875234;-16,7391415748164;-20,2654847460006;-14,0704407964278;-18,8612253266302;2,68199219822906;1,52838389719892;1,55555567096163;0,906735395569924;0,505569093294629;0,505568510213577;0,542423295383888;0,645128743653648;0,999999654320567;0,839312184375599;0,686365732674007;0,484882772849465;0,338111817657018;-2,15412013791303;-2,42226812127019;-2,55906686800296;-3,10311669832069;-3,99474654545801;-3,97671217514574;-3,35263255597489;-2,70563138978424;-2,14672192447882;-1,19499808741355;-1,84815310840112;-2,22452115757888;-2,90058670842152;-5,11453698104553;-5,02170503837136;-4,05149685492326;-3,42456171028843;-2,69556160947629;0,0719810978515742;0,0157773726842686;0,0505370955583641;0,0170367760222954;0,0271365841219972;0,00815598019131003;0,0102300072942366;0,0079209892374245;-2,6800824735999460;-3;1;1;1;-3;-3;1;1;0,84369439765336396;-11215,8592275226;NA;All
2900;1,89389554888044;2,77668417838003;2,33533711420516;2,68774121246616;2,72309010659783;2,29408906685468;2,47326676471914;2,24097751517347;2,55320778110794;2,07780597554461;1,87229485914894;1,63386438152965;1,4456112889373;1,22448001849554;1,57391116751393;1,72268738934523;1,88268488418809;1,51541495520003;2,0105765664805;1,66769611430012;-21,1792549398174;-4,18947293818984;-6,65286241433163;-7,1809515973989;-5,54687814313434;-5,65488769770684;-9,8092163636125;-12,4411986438902;-5,52180832075962;-13,2792363051043;-11,5843475719452;-18,3650380350894;-25,6680975326532;-25,1712093050069;-26,5444579296166;-15,5048909875234;-16,7391415748164;-20,2654847460006;-14,0704407964278;-18,8612253266302;2,68199219822906;1,52838389719892;1,55555567096163;0,906735395569924;0,505569093294629;0,505568510213577;0,542423295383888;0,645128743653648;0,999999654320567;0,839312184375599;0,686365732674007;0,484882772849465;0,338111817657018;-2,15412013791303;-2,42226812127019;-2,55906686800296;-3,10311669832069;-3,99474654545801;-3,97671217514574;-3,35263255597489;-2,70563138978424;-2,14672192447882;-1,19499808741355;-1,84815310840112;-2,22452115757888;-2,90058670842152;-5,11453698104553;-5,02170503837136;-4,05149685492326;-3,42456171028843;-2,69556160947629;0,0719810978515742;0,0157773726842686;0,0505370955583641;0,0170367760222954;0,0271365841219972;0,00815598019131003;0,0102300072942366;0,0079209892374245;-3,4374293135458620;-3;1;1;1;-3;-3;1;1;0,69411566290649684;-11215,3019811448;NA;All
2910;1,89389554888044;2,77668417838003;2,33533711420516;2,68774121246616;2,72309010659783;2,29408906685468;2,47326676471914;2,24097751517347;2,55320778110794;2,07780597554461;1,87229485914894;1,63386438152965;1,4456112889373;1,22448001849554;1,57391116751393;1,72268738934523;1,88268488418809;1,51541495520003;2,0105765664805;1,66769611430012;-21,1792549398174;-4,18947293818984;-6,65286241433163;-7,1809515973989;-5,54687814313434;-5,65488769770684;-9,8092163636125;-12,4411986438902;-5,52180832075962;-13,2792363051043;-11,5843475719452;-18,3650380350894;-25,6680975326532;-25,1712093050069;-26,5444579296166;-15,5048909875234;-16,7391415748164;-20,2654847460006;-14,0704407964278;-18,8612253266302;2,68199219822906;1,52838389719892;1,55555567096163;0,906735395569924;0,505569093294629;0,505568510213577;0,542423295383888;0,645128743653648;0,999999654320567;0,839312184375599;0,686365732674007;0,484882772849465;0,338111817657018;-2,15412013791303;-2,42226812127019;-2,55906686800296;-3,10311669832069;-3,99474654545801;-3,97671217514574;-3,35263255597489;-2,70563138978424;-2,14672192447882;-1,19499808741355;-1,84815310840112;-2,22452115757888;-2,90058670842152;-5,11453698104553;-5,02170503837136;-4,05149685492326;-3,42456171028843;-2,69556160947629;0,0719810978515742;0,0157773726842686;0,0505370955583641;0,0170367760222954;0,0271365841219972;0,00815598019131003;0,0102300072942366;0,0079209892374245;-3,7096232707995318;-3;1;1;1;-3;-3;1;1;0,58447683469763501;-11215,1162050881;NA;All
2920;1,89389554888044;2,77668417838003;2,33533711420516;2,68774121246616;2,72309010659783;2,29408906685468;2,47326676471914;2,24097751517347;2,55320778110794;2,07780597554461;1,87229485914894;1,63386438152965;1,4456112889373;1,22448001849554;1,57391116751393;1,72268738934523;1,88268488418809;1,51541495520003;2,0105765664805;1,66769611430012;-21,1792549398174;-4,18947293818984;-6,65286241433163;-7,1809515973989;-5,54687814313434;-5,65488769770684;-9,8092163636125;-12,4411986438902;-5,52180832075962;-13,2792363051043;-11,5843475719452;-18,3650380350894;-25,6680975326532;-25,1712093050069;-26,5444579296166;-15,5048909875234;-16,7391415748164;-20,2654847460006;-14,0704407964278;-18,8612253266302;2,68199219822906;1,52838389719892;1,55555567096163;0,906735395569924;0,505569093294629;0,505568510213577;0,542423295383888;0,645128743653648;0,999999654320567;0,839312184375599;0,686365732674007;0,484882772849465;0,338111817657018;-2,15412013791303;-2,42226812127019;-2,55906686800296;-3,10311669832069;-3,99474654545801;-3,97671217514574;-3,35263255597489;-2,70563138978424;-2,14672192447882;-1,19499808741355;-1,84815310840112;-2,22452115757888;-2,90058670842152;-5,11453698104553;-5,02170503837136;-4,05149685492326;-3,42456171028843;-2,69556160947629;0,0719810978515742;0,0157773726842686;0,0505370955583641;0,0170367760222954;0,0271365841219972;0,00815598019131003;0,0102300072942366;0,0079209892374245;-0,8896523232616685;-3;1;1;1;-3;-3;1;1;0,30510895348531292;-11214,9776801137;NA;All
2930;1,89389554888044;2,77668417838003;2,33533711420516;2,68774121246616;2,72309010659783;2,29408906685468;2,47326676471914;2,24097751517347;2,55320778110794;2,07780597554461;1,87229485914894;1,63386438152965;1,4456112889373;1,22448001849554;1,57391116751393;1,72268738934523;1,88268488418809;1,51541495520003;2,0105765664805;1,66769611430012;-21,1792549398174;-4,18947293818984;-6,65286241433163;-7,1809515973989;-5,54687814313434;-5,65488769770684;-9,8092163636125;-12,4411986438902;-5,52180832075962;-13,2792363051043;-11,5843475719452;-18,3650380350894;-25,6680975326532;-25,1712093050069;-26,5444579296166;-15,5048909875234;-16,7391415748164;-20,2654847460006;-14,0704407964278;-18,8612253266302;2,68199219822906;1,52838389719892;1,55555567096163;0,906735395569924;0,505569093294629;0,505568510213577;0,542423295383888;0,645128743653648;0,999999654320567;0,839312184375599;0,686365732674007;0,484882772849465;0,338111817657018;-2,15412013791303;-2,42226812127019;-2,55906686800296;-3,10311669832069;-3,99474654545801;-3,97671217514574;-3,35263255597489;-2,70563138978424;-2,14672192447882;-1,19499808741355;-1,84815310840112;-2,22452115757888;-2,90058670842152;-5,11453698104553;-5,02170503837136;-4,05149685492326;-3,42456171028843;-2,69556160947629;0,0719810978515742;0,0157773726842686;0,0505370955583641;0,0170367760222954;0,0271365841219972;0,00815598019131003;0,0102300072942366;0,0079209892374245;-3,5827802784078693;-3;1;1;1;-3;-3;1;1;0,86196383268009746;-11215,9345695347;NA;All
2940;1,89389554888044;2,77668417838003;2,33533711420516;2,68774121246616;2,72309010659783;2,29408906685468;2,47326676471914;2,24097751517347;2,55320778110794;2,07780597554461;1,87229485914894;1,63386438152965;1,4456112889373;1,22448001849554;1,57391116751393;1,72268738934523;1,88268488418809;1,51541495520003;2,0105765664805;1,66769611430012;-21,1792549398174;-4,18947293818984;-6,65286241433163;-7,1809515973989;-5,54687814313434;-5,65488769770684;-9,8092163636125;-12,4411986438902;-5,52180832075962;-13,2792363051043;-11,5843475719452;-18,3650380350894;-25,6680975326532;-25,1712093050069;-26,5444579296166;-15,5048909875234;-16,7391415748164;-20,2654847460006;-14,0704407964278;-18,8612253266302;2,68199219822906;1,52838389719892;1,55555567096163;0,906735395569924;0,505569093294629;0,505568510213577;0,542423295383888;0,645128743653648;0,999999654320567;0,839312184375599;0,686365732674007;0,484882772849465;0,338111817657018;-2,15412013791303;-2,42226812127019;-2,55906686800296;-3,10311669832069;-3,99474654545801;-3,97671217514574;-3,35263255597489;-2,70563138978424;-2,14672192447882;-1,19499808741355;-1,84815310840112;-2,22452115757888;-2,90058670842152;-5,11453698104553;-5,02170503837136;-4,05149685492326;-3,42456171028843;-2,69556160947629;0,0719810978515742;0,0157773726842686;0,0505370955583641;0,0170367760222954;0,0271365841219972;0,00815598019131003;0,0102300072942366;0,0079209892374245;-0,6880318316693621;-3;1;1;1;-3;-3;1;1;0,13810710049902036;-11215,0542656932;NA;All
2950;1,89389554888044;2,77668417838003;2,33533711420516;2,68774121246616;2,72309010659783;2,29408906685468;2,47326676471914;2,24097751517347;2,55320778110794;2,07780597554461;1,87229485914894;1,63386438152965;1,4456112889373;1,22448001849554;1,57391116751393;1,72268738934523;1,88268488418809;1,51541495520003;2,0105765664805;1,66769611430012;-21,1792549398174;-4,18947293818984;-6,65286241433163;-7,1809515973989;-5,54687814313434;-5,65488769770684;-9,8092163636125;-12,4411986438902;-5,52180832075962;-13,2792363051043;-11,5843475719452;-18,3650380350894;-25,6680975326532;-25,1712093050069;-26,5444579296166;-15,5048909875234;-16,7391415748164;-20,2654847460006;-14,0704407964278;-18,8612253266302;2,68199219822906;1,52838389719892;1,55555567096163;0,906735395569924;0,505569093294629;0,505568510213577;0,542423295383888;0,645128743653648;0,999999654320567;0,839312184375599;0,686365732674007;0,484882772849465;0,338111817657018;-2,15412013791303;-2,42226812127019;-2,55906686800296;-3,10311669832069;-3,99474654545801;-3,97671217514574;-3,35263255597489;-2,70563138978424;-2,14672192447882;-1,19499808741355;-1,84815310840112;-2,22452115757888;-2,90058670842152;-5,11453698104553;-5,02170503837136;-4,05149685492326;-3,42456171028843;-2,69556160947629;0,0719810978515742;0,0157773726842686;0,0505370955583641;0,0170367760222954;0,0271365841219972;0,00815598019131003;0,0102300072942366;0,0079209892374245;-0,9814708818073790;-3;1;1;1;-3;-3;1;1;0,25824706719822493;-11215,1859242421;NA;All
2960;1,89389554888044;2,77668417838003;2,33533711420516;2,68774121246616;2,72309010659783;2,29408906685468;2,47326676471914;2,24097751517347;2,55320778110794;2,07780597554461;1,87229485914894;1,63386438152965;1,4456112889373;1,22448001849554;1,57391116751393;1,72268738934523;1,88268488418809;1,51541495520003;2,0105765664805;1,66769611430012;-21,1792549398174;-4,18947293818984;-6,65286241433163;-7,1809515973989;-5,54687814313434;-5,65488769770684;-9,8092163636125;-12,4411986438902;-5,52180832075962;-13,2792363051043;-11,5843475719452;-18,3650380350894;-25,6680975326532;-25,1712093050069;-26,5444579296166;-15,5048909875234;-16,7391415748164;-20,2654847460006;-14,0704407964278;-18,8612253266302;2,68199219822906;1,52838389719892;1,55555567096163;0,906735395569924;0,505569093294629;0,505568510213577;0,542423295383888;0,645128743653648;0,999999654320567;0,839312184375599;0,686365732674007;0,484882772849465;0,338111817657018;-2,15412013791303;-2,42226812127019;-2,55906686800296;-3,10311669832069;-3,99474654545801;-3,97671217514574;-3,35263255597489;-2,70563138978424;-2,14672192447882;-1,19499808741355;-1,84815310840112;-2,22452115757888;-2,90058670842152;-5,11453698104553;-5,02170503837136;-4,05149685492326;-3,42456171028843;-2,69556160947629;0,0719810978515742;0,0157773726842686;0,0505370955583641;0,0170367760222954;0,0271365841219972;0,00815598019131003;0,0102300072942366;0,0079209892374245;-1,6085632278216533;-3;1;1;1;-3;-3;1;1;0,10491738717871892;-11217,6929676220;NA;All
2970;1,89389554888044;2,77668417838003;2,33533711420516;2,68774121246616;2,72309010659783;2,29408906685468;2,47326676471914;2,24097751517347;2,55320778110794;2,07780597554461;1,87229485914894;1,63386438152965;1,4456112889373;1,22448001849554;1,57391116751393;1,72268738934523;1,88268488418809;1,51541495520003;2,0105765664805;1,66769611430012;-21,1792549398174;-4,18947293818984;-6,65286241433163;-7,1809515973989;-5,54687814313434;-5,65488769770684;-9,8092163636125;-12,4411986438902;-5,52180832075962;-13,2792363051043;-11,5843475719452;-18,3650380350894;-25,6680975326532;-25,1712093050069;-26,5444579296166;-15,5048909875234;-16,7391415748164;-20,2654847460006;-14,0704407964278;-18,8612253266302;2,68199219822906;1,52838389719892;1,55555567096163;0,906735395569924;0,505569093294629;0,505568510213577;0,542423295383888;0,645128743653648;0,999999654320567;0,839312184375599;0,686365732674007;0,484882772849465;0,338111817657018;-2,15412013791303;-2,42226812127019;-2,55906686800296;-3,10311669832069;-3,99474654545801;-3,97671217514574;-3,35263255597489;-2,70563138978424;-2,14672192447882;-1,19499808741355;-1,84815310840112;-2,22452115757888;-2,90058670842152;-5,11453698104553;-5,02170503837136;-4,05149685492326;-3,42456171028843;-2,69556160947629;0,0719810978515742;0,0157773726842686;0,0505370955583641;0,0170367760222954;0,0271365841219972;0,00815598019131003;0,0102300072942366;0,0079209892374245;-2,5038631670042260;-3;1;1;1;-3;-3;1;1;0,19544063050725899;-11216,8889360500;NA;All
2980;1,89389554888044;2,77668417838003;2,33533711420516;2,68774121246616;2,72309010659783;2,29408906685468;2,47326676471914;2,24097751517347;2,55320778110794;2,07780597554461;1,87229485914894;1,63386438152965;1,4456112889373;1,22448001849554;1,57391116751393;1,72268738934523;1,88268488418809;1,51541495520003;2,0105765664805;1,66769611430012;-21,1792549398174;-4,18947293818984;-6,65286241433163;-7,1809515973989;-5,54687814313434;-5,65488769770684;-9,8092163636125;-12,4411986438902;-5,52180832075962;-13,2792363051043;-11,5843475719452;-18,3650380350894;-25,6680975326532;-25,1712093050069;-26,5444579296166;-15,5048909875234;-16,7391415748164;-20,2654847460006;-14,0704407964278;-18,8612253266302;2,68199219822906;1,52838389719892;1,55555567096163;0,906735395569924;0,505569093294629;0,505568510213577;0,542423295383888;0,645128743653648;0,999999654320567;0,839312184375599;0,686365732674007;0,484882772849465;0,338111817657018;-2,15412013791303;-2,42226812127019;-2,55906686800296;-3,10311669832069;-3,99474654545801;-3,97671217514574;-3,35263255597489;-2,70563138978424;-2,14672192447882;-1,19499808741355;-1,84815310840112;-2,22452115757888;-2,90058670842152;-5,11453698104553;-5,02170503837136;-4,05149685492326;-3,42456171028843;-2,69556160947629;0,0719810978515742;0,0157773726842686;0,0505370955583641;0,0170367760222954;0,0271365841219972;0,00815598019131003;0,0102300072942366;0,0079209892374245;-3,0137043442064626;-3;1;1;1;-3;-3;1;1;0,69354073156912199;-11215,3017530324;NA;All
2990;1,89389554888044;2,77668417838003;2,33533711420516;2,68774121246616;2,72309010659783;2,29408906685468;2,47326676471914;2,24097751517347;2,55320778110794;2,07780597554461;1,87229485914894;1,63386438152965;1,4456112889373;1,22448001849554;1,57391116751393;1,72268738934523;1,88268488418809;1,51541495520003;2,0105765664805;1,66769611430012;-21,1792549398174;-4,18947293818984;-6,65286241433163;-7,1809515973989;-5,54687814313434;-5,65488769770684;-9,8092163636125;-12,4411986438902;-5,52180832075962;-13,2792363051043;-11,5843475719452;-18,3650380350894;-25,6680975326532;-25,1712093050069;-26,5444579296166;-15,5048909875234;-16,7391415748164;-20,2654847460006;-14,0704407964278;-18,8612253266302;2,68199219822906;1,52838389719892;1,55555567096163;0,906735395569924;0,505569093294629;0,505568510213577;0,542423295383888;0,645128743653648;0,999999654320567;0,839312184375599;0,686365732674007;0,484882772849465;0,338111817657018;-2,15412013791303;-2,42226812127019;-2,55906686800296;-3,10311669832069;-3,99474654545801;-3,97671217514574;-3,35263255597489;-2,70563138978424;-2,14672192447882;-1,19499808741355;-1,84815310840112;-2,22452115757888;-2,90058670842152;-5,11453698104553;-5,02170503837136;-4,05149685492326;-3,42456171028843;-2,69556160947629;0,0719810978515742;0,0157773726842686;0,0505370955583641;0,0170367760222954;0,0271365841219972;0,00815598019131003;0,0102300072942366;0,0079209892374245;-1,6787914668112016;-3;1;1;1;-3;-3;1;1;0,81001009266362400;-11215,8061557508;NA;All
3000;1,89389554888044;2,77668417838003;2,33533711420516;2,68774121246616;2,72309010659783;2,29408906685468;2,47326676471914;2,24097751517347;2,55320778110794;2,07780597554461;1,87229485914894;1,63386438152965;1,4456112889373;1,22448001849554;1,57391116751393;1,72268738934523;1,88268488418809;1,51541495520003;2,0105765664805;1,66769611430012;-21,1792549398174;-4,18947293818984;-6,65286241433163;-7,1809515973989;-5,54687814313434;-5,65488769770684;-9,8092163636125;-12,4411986438902;-5,52180832075962;-13,2792363051043;-11,5843475719452;-18,3650380350894;-25,6680975326532;-25,1712093050069;-26,5444579296166;-15,5048909875234;-16,7391415748164;-20,2654847460006;-14,0704407964278;-18,8612253266302;2,68199219822906;1,52838389719892;1,55555567096163;0,906735395569924;0,505569093294629;0,505568510213577;0,542423295383888;0,645128743653648;0,999999654320567;0,839312184375599;0,686365732674007;0,484882772849465;0,338111817657018;-2,15412013791303;-2,42226812127019;-2,55906686800296;-3,10311669832069;-3,99474654545801;-3,97671217514574;-3,35263255597489;-2,70563138978424;-2,14672192447882;-1,19499808741355;-1,84815310840112;-2,22452115757888;-2,90058670842152;-5,11453698104553;-5,02170503837136;-4,05149685492326;-3,42456171028843;-2,69556160947629;0,0719810978515742;0,0157773726842686;0,0505370955583641;0,0170367760222954;0,0271365841219972;0,00815598019131003;0,0102300072942366;0,0079209892374245;-3,2746190689088368;-3;1;1;1;-3;-3;1;1;0,71150032842336175;-11215,3500689216;NA;All
3010;1,89389554888044;2,77668417838003;2,33533711420516;2,68774121246616;2,72309010659783;2,29408906685468;2,47326676471914;2,24097751517347;2,55320778110794;2,07780597554461;1,87229485914894;1,63386438152965;1,4456112889373;1,22448001849554;1,57391116751393;1,72268738934523;1,88268488418809;1,51541495520003;2,0105765664805;1,66769611430012;-21,1792549398174;-4,18947293818984;-6,65286241433163;-7,1809515973989;-5,54687814313434;-5,65488769770684;-9,8092163636125;-12,4411986438902;-5,52180832075962;-13,2792363051043;-11,5843475719452;-18,3650380350894;-25,6680975326532;-25,1712093050069;-26,5444579296166;-15,5048909875234;-16,7391415748164;-20,2654847460006;-14,0704407964278;-18,8612253266302;2,68199219822906;1,52838389719892;1,55555567096163;0,906735395569924;0,505569093294629;0,505568510213577;0,542423295383888;0,645128743653648;0,999999654320567;0,839312184375599;0,686365732674007;0,484882772849465;0,338111817657018;-2,15412013791303;-2,42226812127019;-2,55906686800296;-3,10311669832069;-3,99474654545801;-3,97671217514574;-3,35263255597489;-2,70563138978424;-2,14672192447882;-1,19499808741355;-1,84815310840112;-2,22452115757888;-2,90058670842152;-5,11453698104553;-5,02170503837136;-4,05149685492326;-3,42456171028843;-2,69556160947629;0,0719810978515742;0,0157773726842686;0,0505370955583641;0,0170367760222954;0,0271365841219972;0,00815598019131003;0,0102300072942366;0,0079209892374245;-3,8293686240116327;-3;1;1;1;-3;-3;1;1;0,63599489529150099;-11215,1774789571;NA;All
3020;1,89389554888044;2,77668417838003;2,33533711420516;2,68774121246616;2,72309010659783;2,29408906685468;2,47326676471914;2,24097751517347;2,55320778110794;2,07780597554461;1,87229485914894;1,63386438152965;1,4456112889373;1,22448001849554;1,57391116751393;1,72268738934523;1,88268488418809;1,51541495520003;2,0105765664805;1,66769611430012;-21,1792549398174;-4,18947293818984;-6,65286241433163;-7,1809515973989;-5,54687814313434;-5,65488769770684;-9,8092163636125;-12,4411986438902;-5,52180832075962;-13,2792363051043;-11,5843475719452;-18,3650380350894;-25,6680975326532;-25,1712093050069;-26,5444579296166;-15,5048909875234;-16,7391415748164;-20,2654847460006;-14,0704407964278;-18,8612253266302;2,68199219822906;1,52838389719892;1,55555567096163;0,906735395569924;0,505569093294629;0,505568510213577;0,542423295383888;0,645128743653648;0,999999654320567;0,839312184375599;0,686365732674007;0,484882772849465;0,338111817657018;-2,15412013791303;-2,42226812127019;-2,55906686800296;-3,10311669832069;-3,99474654545801;-3,97671217514574;-3,35263255597489;-2,70563138978424;-2,14672192447882;-1,19499808741355;-1,84815310840112;-2,22452115757888;-2,90058670842152;-5,11453698104553;-5,02170503837136;-4,05149685492326;-3,42456171028843;-2,69556160947629;0,0719810978515742;0,0157773726842686;0,0505370955583641;0,0170367760222954;0,0271365841219972;0,00815598019131003;0,0102300072942366;0,0079209892374245;-3,9349703487834544;-3;1;1;1;-3;-3;1;1;0,47890082278150786;-11215,1582506224;NA;All
3030;1,89389554888044;2,77668417838003;2,33533711420516;2,68774121246616;2,72309010659783;2,29408906685468;2,47326676471914;2,24097751517347;2,55320778110794;2,07780597554461;1,87229485914894;1,63386438152965;1,4456112889373;1,22448001849554;1,57391116751393;1,72268738934523;1,88268488418809;1,51541495520003;2,0105765664805;1,66769611430012;-21,1792549398174;-4,18947293818984;-6,65286241433163;-7,1809515973989;-5,54687814313434;-5,65488769770684;-9,8092163636125;-12,4411986438902;-5,52180832075962;-13,2792363051043;-11,5843475719452;-18,3650380350894;-25,6680975326532;-25,1712093050069;-26,5444579296166;-15,5048909875234;-16,7391415748164;-20,2654847460006;-14,0704407964278;-18,8612253266302;2,68199219822906;1,52838389719892;1,55555567096163;0,906735395569924;0,505569093294629;0,505568510213577;0,542423295383888;0,645128743653648;0,999999654320567;0,839312184375599;0,686365732674007;0,484882772849465;0,338111817657018;-2,15412013791303;-2,42226812127019;-2,55906686800296;-3,10311669832069;-3,99474654545801;-3,97671217514574;-3,35263255597489;-2,70563138978424;-2,14672192447882;-1,19499808741355;-1,84815310840112;-2,22452115757888;-2,90058670842152;-5,11453698104553;-5,02170503837136;-4,05149685492326;-3,42456171028843;-2,69556160947629;0,0719810978515742;0,0157773726842686;0,0505370955583641;0,0170367760222954;0,0271365841219972;0,00815598019131003;0,0102300072942366;0,0079209892374245;-3,9691919779746105;-3;1;1;1;-3;-3;1;1;0,45311892510930463;-11215,2081935125;NA;All
3040;1,89389554888044;2,77668417838003;2,33533711420516;2,68774121246616;2,72309010659783;2,29408906685468;2,47326676471914;2,24097751517347;2,55320778110794;2,07780597554461;1,87229485914894;1,63386438152965;1,4456112889373;1,22448001849554;1,57391116751393;1,72268738934523;1,88268488418809;1,51541495520003;2,0105765664805;1,66769611430012;-21,1792549398174;-4,18947293818984;-6,65286241433163;-7,1809515973989;-5,54687814313434;-5,65488769770684;-9,8092163636125;-12,4411986438902;-5,52180832075962;-13,2792363051043;-11,5843475719452;-18,3650380350894;-25,6680975326532;-25,1712093050069;-26,5444579296166;-15,5048909875234;-16,7391415748164;-20,2654847460006;-14,0704407964278;-18,8612253266302;2,68199219822906;1,52838389719892;1,55555567096163;0,906735395569924;0,505569093294629;0,505568510213577;0,542423295383888;0,645128743653648;0,999999654320567;0,839312184375599;0,686365732674007;0,484882772849465;0,338111817657018;-2,15412013791303;-2,42226812127019;-2,55906686800296;-3,10311669832069;-3,99474654545801;-3,97671217514574;-3,35263255597489;-2,70563138978424;-2,14672192447882;-1,19499808741355;-1,84815310840112;-2,22452115757888;-2,90058670842152;-5,11453698104553;-5,02170503837136;-4,05149685492326;-3,42456171028843;-2,69556160947629;0,0719810978515742;0,0157773726842686;0,0505370955583641;0,0170367760222954;0,0271365841219972;0,00815598019131003;0,0102300072942366;0,0079209892374245;-3,6914635397682263;-3;1;1;1;-3;-3;1;1;0,19895218129233697;-11216,9068080840;NA;All
3050;1,89389554888044;2,77668417838003;2,33533711420516;2,68774121246616;2,72309010659783;2,29408906685468;2,47326676471914;2,24097751517347;2,55320778110794;2,07780597554461;1,87229485914894;1,63386438152965;1,4456112889373;1,22448001849554;1,57391116751393;1,72268738934523;1,88268488418809;1,51541495520003;2,0105765664805;1,66769611430012;-21,1792549398174;-4,18947293818984;-6,65286241433163;-7,1809515973989;-5,54687814313434;-5,65488769770684;-9,8092163636125;-12,4411986438902;-5,52180832075962;-13,2792363051043;-11,5843475719452;-18,3650380350894;-25,6680975326532;-25,1712093050069;-26,5444579296166;-15,5048909875234;-16,7391415748164;-20,2654847460006;-14,0704407964278;-18,8612253266302;2,68199219822906;1,52838389719892;1,55555567096163;0,906735395569924;0,505569093294629;0,505568510213577;0,542423295383888;0,645128743653648;0,999999654320567;0,839312184375599;0,686365732674007;0,484882772849465;0,338111817657018;-2,15412013791303;-2,42226812127019;-2,55906686800296;-3,10311669832069;-3,99474654545801;-3,97671217514574;-3,35263255597489;-2,70563138978424;-2,14672192447882;-1,19499808741355;-1,84815310840112;-2,22452115757888;-2,90058670842152;-5,11453698104553;-5,02170503837136;-4,05149685492326;-3,42456171028843;-2,69556160947629;0,0719810978515742;0,0157773726842686;0,0505370955583641;0,0170367760222954;0,0271365841219972;0,00815598019131003;0,0102300072942366;0,0079209892374245;-3,8290807131666016;-3;1;1;1;-3;-3;1;1;0,71085238228772463;-11215,3480299431;NA;All
3060;1,89389554888044;2,77668417838003;2,33533711420516;2,68774121246616;2,72309010659783;2,29408906685468;2,47326676471914;2,24097751517347;2,55320778110794;2,07780597554461;1,87229485914894;1,63386438152965;1,4456112889373;1,22448001849554;1,57391116751393;1,72268738934523;1,88268488418809;1,51541495520003;2,0105765664805;1,66769611430012;-21,1792549398174;-4,18947293818984;-6,65286241433163;-7,1809515973989;-5,54687814313434;-5,65488769770684;-9,8092163636125;-12,4411986438902;-5,52180832075962;-13,2792363051043;-11,5843475719452;-18,3650380350894;-25,6680975326532;-25,1712093050069;-26,5444579296166;-15,5048909875234;-16,7391415748164;-20,2654847460006;-14,0704407964278;-18,8612253266302;2,68199219822906;1,52838389719892;1,55555567096163;0,906735395569924;0,505569093294629;0,505568510213577;0,542423295383888;0,645128743653648;0,999999654320567;0,839312184375599;0,686365732674007;0,484882772849465;0,338111817657018;-2,15412013791303;-2,42226812127019;-2,55906686800296;-3,10311669832069;-3,99474654545801;-3,97671217514574;-3,35263255597489;-2,70563138978424;-2,14672192447882;-1,19499808741355;-1,84815310840112;-2,22452115757888;-2,90058670842152;-5,11453698104553;-5,02170503837136;-4,05149685492326;-3,42456171028843;-2,69556160947629;0,0719810978515742;0,0157773726842686;0,0505370955583641;0,0170367760222954;0,0271365841219972;0,00815598019131003;0,0102300072942366;0,0079209892374245;-2,9986197946046471;-3;1;1;1;-3;-3;1;1;0,47927585548243851;-11215,1544767450;NA;All
3070;1,89389554888044;2,77668417838003;2,33533711420516;2,68774121246616;2,72309010659783;2,29408906685468;2,47326676471914;2,24097751517347;2,55320778110794;2,07780597554461;1,87229485914894;1,63386438152965;1,4456112889373;1,22448001849554;1,57391116751393;1,72268738934523;1,88268488418809;1,51541495520003;2,0105765664805;1,66769611430012;-21,1792549398174;-4,18947293818984;-6,65286241433163;-7,1809515973989;-5,54687814313434;-5,65488769770684;-9,8092163636125;-12,4411986438902;-5,52180832075962;-13,2792363051043;-11,5843475719452;-18,3650380350894;-25,6680975326532;-25,1712093050069;-26,5444579296166;-15,5048909875234;-16,7391415748164;-20,2654847460006;-14,0704407964278;-18,8612253266302;2,68199219822906;1,52838389719892;1,55555567096163;0,906735395569924;0,505569093294629;0,505568510213577;0,542423295383888;0,645128743653648;0,999999654320567;0,839312184375599;0,686365732674007;0,484882772849465;0,338111817657018;-2,15412013791303;-2,42226812127019;-2,55906686800296;-3,10311669832069;-3,99474654545801;-3,97671217514574;-3,35263255597489;-2,70563138978424;-2,14672192447882;-1,19499808741355;-1,84815310840112;-2,22452115757888;-2,90058670842152;-5,11453698104553;-5,02170503837136;-4,05149685492326;-3,42456171028843;-2,69556160947629;0,0719810978515742;0,0157773726842686;0,0505370955583641;0,0170367760222954;0,0271365841219972;0,00815598019131003;0,0102300072942366;0,0079209892374245;-3,5861864535382173;-3;1;1;1;-3;-3;1;1;0,27296663716607494;-11216,1308363462;NA;All
3080;1,89389554888044;2,77668417838003;2,33533711420516;2,68774121246616;2,72309010659783;2,29408906685468;2,47326676471914;2,24097751517347;2,55320778110794;2,07780597554461;1,87229485914894;1,63386438152965;1,4456112889373;1,22448001849554;1,57391116751393;1,72268738934523;1,88268488418809;1,51541495520003;2,0105765664805;1,66769611430012;-21,1792549398174;-4,18947293818984;-6,65286241433163;-7,1809515973989;-5,54687814313434;-5,65488769770684;-9,8092163636125;-12,4411986438902;-5,52180832075962;-13,2792363051043;-11,5843475719452;-18,3650380350894;-25,6680975326532;-25,1712093050069;-26,5444579296166;-15,5048909875234;-16,7391415748164;-20,2654847460006;-14,0704407964278;-18,8612253266302;2,68199219822906;1,52838389719892;1,55555567096163;0,906735395569924;0,505569093294629;0,505568510213577;0,542423295383888;0,645128743653648;0,999999654320567;0,839312184375599;0,686365732674007;0,484882772849465;0,338111817657018;-2,15412013791303;-2,42226812127019;-2,55906686800296;-3,10311669832069;-3,99474654545801;-3,97671217514574;-3,35263255597489;-2,70563138978424;-2,14672192447882;-1,19499808741355;-1,84815310840112;-2,22452115757888;-2,90058670842152;-5,11453698104553;-5,02170503837136;-4,05149685492326;-3,42456171028843;-2,69556160947629;0,0719810978515742;0,0157773726842686;0,0505370955583641;0,0170367760222954;0,0271365841219972;0,00815598019131003;0,0102300072942366;0,0079209892374245;-3,0014918172291951;-3;1;1;1;-3;-3;1;1;0,38465775551877623;-11215,4222031377;NA;All
3090;1,89389554888044;2,77668417838003;2,33533711420516;2,68774121246616;2,72309010659783;2,29408906685468;2,47326676471914;2,24097751517347;2,55320778110794;2,07780597554461;1,87229485914894;1,63386438152965;1,4456112889373;1,22448001849554;1,57391116751393;1,72268738934523;1,88268488418809;1,51541495520003;2,0105765664805;1,66769611430012;-21,1792549398174;-4,18947293818984;-6,65286241433163;-7,1809515973989;-5,54687814313434;-5,65488769770684;-9,8092163636125;-12,4411986438902;-5,52180832075962;-13,2792363051043;-11,5843475719452;-18,3650380350894;-25,6680975326532;-25,1712093050069;-26,5444579296166;-15,5048909875234;-16,7391415748164;-20,2654847460006;-14,0704407964278;-18,8612253266302;2,68199219822906;1,52838389719892;1,55555567096163;0,906735395569924;0,505569093294629;0,505568510213577;0,542423295383888;0,645128743653648;0,999999654320567;0,839312184375599;0,686365732674007;0,484882772849465;0,338111817657018;-2,15412013791303;-2,42226812127019;-2,55906686800296;-3,10311669832069;-3,99474654545801;-3,97671217514574;-3,35263255597489;-2,70563138978424;-2,14672192447882;-1,19499808741355;-1,84815310840112;-2,22452115757888;-2,90058670842152;-5,11453698104553;-5,02170503837136;-4,05149685492326;-3,42456171028843;-2,69556160947629;0,0719810978515742;0,0157773726842686;0,0505370955583641;0,0170367760222954;0,0271365841219972;0,00815598019131003;0,0102300072942366;0,0079209892374245;-2,3866781469398499;-3;1;1;1;-3;-3;1;1;0,47595752943114134;-11215,1469776821;NA;All
3100;1,89389554888044;2,77668417838003;2,33533711420516;2,68774121246616;2,72309010659783;2,29408906685468;2,47326676471914;2,24097751517347;2,55320778110794;2,07780597554461;1,87229485914894;1,63386438152965;1,4456112889373;1,22448001849554;1,57391116751393;1,72268738934523;1,88268488418809;1,51541495520003;2,0105765664805;1,66769611430012;-21,1792549398174;-4,18947293818984;-6,65286241433163;-7,1809515973989;-5,54687814313434;-5,65488769770684;-9,8092163636125;-12,4411986438902;-5,52180832075962;-13,2792363051043;-11,5843475719452;-18,3650380350894;-25,6680975326532;-25,1712093050069;-26,5444579296166;-15,5048909875234;-16,7391415748164;-20,2654847460006;-14,0704407964278;-18,8612253266302;2,68199219822906;1,52838389719892;1,55555567096163;0,906735395569924;0,505569093294629;0,505568510213577;0,542423295383888;0,645128743653648;0,999999654320567;0,839312184375599;0,686365732674007;0,484882772849465;0,338111817657018;-2,15412013791303;-2,42226812127019;-2,55906686800296;-3,10311669832069;-3,99474654545801;-3,97671217514574;-3,35263255597489;-2,70563138978424;-2,14672192447882;-1,19499808741355;-1,84815310840112;-2,22452115757888;-2,90058670842152;-5,11453698104553;-5,02170503837136;-4,05149685492326;-3,42456171028843;-2,69556160947629;0,0719810978515742;0,0157773726842686;0,0505370955583641;0,0170367760222954;0,0271365841219972;0,00815598019131003;0,0102300072942366;0,0079209892374245;-2,9137596388831764;-3;1;1;1;-3;-3;1;1;0,73346723896121724;-11215,4192017689;NA;All
3110;1,89389554888044;2,77668417838003;2,33533711420516;2,68774121246616;2,72309010659783;2,29408906685468;2,47326676471914;2,24097751517347;2,55320778110794;2,07780597554461;1,87229485914894;1,63386438152965;1,4456112889373;1,22448001849554;1,57391116751393;1,72268738934523;1,88268488418809;1,51541495520003;2,0105765664805;1,66769611430012;-21,1792549398174;-4,18947293818984;-6,65286241433163;-7,1809515973989;-5,54687814313434;-5,65488769770684;-9,8092163636125;-12,4411986438902;-5,52180832075962;-13,2792363051043;-11,5843475719452;-18,3650380350894;-25,6680975326532;-25,1712093050069;-26,5444579296166;-15,5048909875234;-16,7391415748164;-20,2654847460006;-14,0704407964278;-18,8612253266302;2,68199219822906;1,52838389719892;1,55555567096163;0,906735395569924;0,505569093294629;0,505568510213577;0,542423295383888;0,645128743653648;0,999999654320567;0,839312184375599;0,686365732674007;0,484882772849465;0,338111817657018;-2,15412013791303;-2,42226812127019;-2,55906686800296;-3,10311669832069;-3,99474654545801;-3,97671217514574;-3,35263255597489;-2,70563138978424;-2,14672192447882;-1,19499808741355;-1,84815310840112;-2,22452115757888;-2,90058670842152;-5,11453698104553;-5,02170503837136;-4,05149685492326;-3,42456171028843;-2,69556160947629;0,0719810978515742;0,0157773726842686;0,0505370955583641;0,0170367760222954;0,0271365841219972;0,00815598019131003;0,0102300072942366;0,0079209892374245;-2,6649976825328130;-3;1;1;1;-3;-3;1;1;0,74923290441239365;-11215,4749042128;NA;All
3120;1,89389554888044;2,77668417838003;2,33533711420516;2,68774121246616;2,72309010659783;2,29408906685468;2,47326676471914;2,24097751517347;2,55320778110794;2,07780597554461;1,87229485914894;1,63386438152965;1,4456112889373;1,22448001849554;1,57391116751393;1,72268738934523;1,88268488418809;1,51541495520003;2,0105765664805;1,66769611430012;-21,1792549398174;-4,18947293818984;-6,65286241433163;-7,1809515973989;-5,54687814313434;-5,65488769770684;-9,8092163636125;-12,4411986438902;-5,52180832075962;-13,2792363051043;-11,5843475719452;-18,3650380350894;-25,6680975326532;-25,1712093050069;-26,5444579296166;-15,5048909875234;-16,7391415748164;-20,2654847460006;-14,0704407964278;-18,8612253266302;2,68199219822906;1,52838389719892;1,55555567096163;0,906735395569924;0,505569093294629;0,505568510213577;0,542423295383888;0,645128743653648;0,999999654320567;0,839312184375599;0,686365732674007;0,484882772849465;0,338111817657018;-2,15412013791303;-2,42226812127019;-2,55906686800296;-3,10311669832069;-3,99474654545801;-3,97671217514574;-3,35263255597489;-2,70563138978424;-2,14672192447882;-1,19499808741355;-1,84815310840112;-2,22452115757888;-2,90058670842152;-5,11453698104553;-5,02170503837136;-4,05149685492326;-3,42456171028843;-2,69556160947629;0,0719810978515742;0,0157773726842686;0,0505370955583641;0,0170367760222954;0,0271365841219972;0,00815598019131003;0,0102300072942366;0,0079209892374245;-3,3379470880459801;-3;1;1;1;-3;-3;1;1;0,59612940532850989;-11215,1255775837;NA;All
3130;1,89389554888044;2,77668417838003;2,33533711420516;2,68774121246616;2,72309010659783;2,29408906685468;2,47326676471914;2,24097751517347;2,55320778110794;2,07780597554461;1,87229485914894;1,63386438152965;1,4456112889373;1,22448001849554;1,57391116751393;1,72268738934523;1,88268488418809;1,51541495520003;2,0105765664805;1,66769611430012;-21,1792549398174;-4,18947293818984;-6,65286241433163;-7,1809515973989;-5,54687814313434;-5,65488769770684;-9,8092163636125;-12,4411986438902;-5,52180832075962;-13,2792363051043;-11,5843475719452;-18,3650380350894;-25,6680975326532;-25,1712093050069;-26,5444579296166;-15,5048909875234;-16,7391415748164;-20,2654847460006;-14,0704407964278;-18,8612253266302;2,68199219822906;1,52838389719892;1,55555567096163;0,906735395569924;0,505569093294629;0,505568510213577;0,542423295383888;0,645128743653648;0,999999654320567;0,839312184375599;0,686365732674007;0,484882772849465;0,338111817657018;-2,15412013791303;-2,42226812127019;-2,55906686800296;-3,10311669832069;-3,99474654545801;-3,97671217514574;-3,35263255597489;-2,70563138978424;-2,14672192447882;-1,19499808741355;-1,84815310840112;-2,22452115757888;-2,90058670842152;-5,11453698104553;-5,02170503837136;-4,05149685492326;-3,42456171028843;-2,69556160947629;0,0719810978515742;0,0157773726842686;0,0505370955583641;0,0170367760222954;0,0271365841219972;0,00815598019131003;0,0102300072942366;0,0079209892374245;-3,6090542499801752;-3;1;1;1;-3;-3;1;1;0,50400073479569985;-11215,1252973125;NA;All
3140;1,89389554888044;2,77668417838003;2,33533711420516;2,68774121246616;2,72309010659783;2,29408906685468;2,47326676471914;2,24097751517347;2,55320778110794;2,07780597554461;1,87229485914894;1,63386438152965;1,4456112889373;1,22448001849554;1,57391116751393;1,72268738934523;1,88268488418809;1,51541495520003;2,0105765664805;1,66769611430012;-21,1792549398174;-4,18947293818984;-6,65286241433163;-7,1809515973989;-5,54687814313434;-5,65488769770684;-9,8092163636125;-12,4411986438902;-5,52180832075962;-13,2792363051043;-11,5843475719452;-18,3650380350894;-25,6680975326532;-25,1712093050069;-26,5444579296166;-15,5048909875234;-16,7391415748164;-20,2654847460006;-14,0704407964278;-18,8612253266302;2,68199219822906;1,52838389719892;1,55555567096163;0,906735395569924;0,505569093294629;0,505568510213577;0,542423295383888;0,645128743653648;0,999999654320567;0,839312184375599;0,686365732674007;0,484882772849465;0,338111817657018;-2,15412013791303;-2,42226812127019;-2,55906686800296;-3,10311669832069;-3,99474654545801;-3,97671217514574;-3,35263255597489;-2,70563138978424;-2,14672192447882;-1,19499808741355;-1,84815310840112;-2,22452115757888;-2,90058670842152;-5,11453698104553;-5,02170503837136;-4,05149685492326;-3,42456171028843;-2,69556160947629;0,0719810978515742;0,0157773726842686;0,0505370955583641;0,0170367760222954;0,0271365841219972;0,00815598019131003;0,0102300072942366;0,0079209892374245;-1,4671580653504992;-3;1;1;1;-3;-3;1;1;0,10150887497571148;-11217,5038212778;NA;All
3150;1,89389554888044;2,77668417838003;2,33533711420516;2,68774121246616;2,72309010659783;2,29408906685468;2,47326676471914;2,24097751517347;2,55320778110794;2,07780597554461;1,87229485914894;1,63386438152965;1,4456112889373;1,22448001849554;1,57391116751393;1,72268738934523;1,88268488418809;1,51541495520003;2,0105765664805;1,66769611430012;-21,1792549398174;-4,18947293818984;-6,65286241433163;-7,1809515973989;-5,54687814313434;-5,65488769770684;-9,8092163636125;-12,4411986438902;-5,52180832075962;-13,2792363051043;-11,5843475719452;-18,3650380350894;-25,6680975326532;-25,1712093050069;-26,5444579296166;-15,5048909875234;-16,7391415748164;-20,2654847460006;-14,0704407964278;-18,8612253266302;2,68199219822906;1,52838389719892;1,55555567096163;0,906735395569924;0,505569093294629;0,505568510213577;0,542423295383888;0,645128743653648;0,999999654320567;0,839312184375599;0,686365732674007;0,484882772849465;0,338111817657018;-2,15412013791303;-2,42226812127019;-2,55906686800296;-3,10311669832069;-3,99474654545801;-3,97671217514574;-3,35263255597489;-2,70563138978424;-2,14672192447882;-1,19499808741355;-1,84815310840112;-2,22452115757888;-2,90058670842152;-5,11453698104553;-5,02170503837136;-4,05149685492326;-3,42456171028843;-2,69556160947629;0,0719810978515742;0,0157773726842686;0,0505370955583641;0,0170367760222954;0,0271365841219972;0,00815598019131003;0,0102300072942366;0,0079209892374245;-2,8784113576474031;-3;1;1;1;-3;-3;1;1;0,73811649485323627;-11215,4344495077;NA;All
3160;1,89389554888044;2,77668417838003;2,33533711420516;2,68774121246616;2,72309010659783;2,29408906685468;2,47326676471914;2,24097751517347;2,55320778110794;2,07780597554461;1,87229485914894;1,63386438152965;1,4456112889373;1,22448001849554;1,57391116751393;1,72268738934523;1,88268488418809;1,51541495520003;2,0105765664805;1,66769611430012;-21,1792549398174;-4,18947293818984;-6,65286241433163;-7,1809515973989;-5,54687814313434;-5,65488769770684;-9,8092163636125;-12,4411986438902;-5,52180832075962;-13,2792363051043;-11,5843475719452;-18,3650380350894;-25,6680975326532;-25,1712093050069;-26,5444579296166;-15,5048909875234;-16,7391415748164;-20,2654847460006;-14,0704407964278;-18,8612253266302;2,68199219822906;1,52838389719892;1,55555567096163;0,906735395569924;0,505569093294629;0,505568510213577;0,542423295383888;0,645128743653648;0,999999654320567;0,839312184375599;0,686365732674007;0,484882772849465;0,338111817657018;-2,15412013791303;-2,42226812127019;-2,55906686800296;-3,10311669832069;-3,99474654545801;-3,97671217514574;-3,35263255597489;-2,70563138978424;-2,14672192447882;-1,19499808741355;-1,84815310840112;-2,22452115757888;-2,90058670842152;-5,11453698104553;-5,02170503837136;-4,05149685492326;-3,42456171028843;-2,69556160947629;0,0719810978515742;0,0157773726842686;0,0505370955583641;0,0170367760222954;0,0271365841219972;0,00815598019131003;0,0102300072942366;0,0079209892374245;-1,5925337706132288;-3;1;1;1;-3;-3;1;1;0,71842114625016473;-11215,4548731639;NA;All
3170;1,89389554888044;2,77668417838003;2,33533711420516;2,68774121246616;2,72309010659783;2,29408906685468;2,47326676471914;2,24097751517347;2,55320778110794;2,07780597554461;1,87229485914894;1,63386438152965;1,4456112889373;1,22448001849554;1,57391116751393;1,72268738934523;1,88268488418809;1,51541495520003;2,0105765664805;1,66769611430012;-21,1792549398174;-4,18947293818984;-6,65286241433163;-7,1809515973989;-5,54687814313434;-5,65488769770684;-9,8092163636125;-12,4411986438902;-5,52180832075962;-13,2792363051043;-11,5843475719452;-18,3650380350894;-25,6680975326532;-25,1712093050069;-26,5444579296166;-15,5048909875234;-16,7391415748164;-20,2654847460006;-14,0704407964278;-18,8612253266302;2,68199219822906;1,52838389719892;1,55555567096163;0,906735395569924;0,505569093294629;0,505568510213577;0,542423295383888;0,645128743653648;0,999999654320567;0,839312184375599;0,686365732674007;0,484882772849465;0,338111817657018;-2,15412013791303;-2,42226812127019;-2,55906686800296;-3,10311669832069;-3,99474654545801;-3,97671217514574;-3,35263255597489;-2,70563138978424;-2,14672192447882;-1,19499808741355;-1,84815310840112;-2,22452115757888;-2,90058670842152;-5,11453698104553;-5,02170503837136;-4,05149685492326;-3,42456171028843;-2,69556160947629;0,0719810978515742;0,0157773726842686;0,0505370955583641;0,0170367760222954;0,0271365841219972;0,00815598019131003;0,0102300072942366;0,0079209892374245;-2,8813305968905416;-3;1;1;1;-3;-3;1;1;0,45453205445307870;-11215,1983420071;NA;All
3180;1,89389554888044;2,77668417838003;2,33533711420516;2,68774121246616;2,72309010659783;2,29408906685468;2,47326676471914;2,24097751517347;2,55320778110794;2,07780597554461;1,87229485914894;1,63386438152965;1,4456112889373;1,22448001849554;1,57391116751393;1,72268738934523;1,88268488418809;1,51541495520003;2,0105765664805;1,66769611430012;-21,1792549398174;-4,18947293818984;-6,65286241433163;-7,1809515973989;-5,54687814313434;-5,65488769770684;-9,8092163636125;-12,4411986438902;-5,52180832075962;-13,2792363051043;-11,5843475719452;-18,3650380350894;-25,6680975326532;-25,1712093050069;-26,5444579296166;-15,5048909875234;-16,7391415748164;-20,2654847460006;-14,0704407964278;-18,8612253266302;2,68199219822906;1,52838389719892;1,55555567096163;0,906735395569924;0,505569093294629;0,505568510213577;0,542423295383888;0,645128743653648;0,999999654320567;0,839312184375599;0,686365732674007;0,484882772849465;0,338111817657018;-2,15412013791303;-2,42226812127019;-2,55906686800296;-3,10311669832069;-3,99474654545801;-3,97671217514574;-3,35263255597489;-2,70563138978424;-2,14672192447882;-1,19499808741355;-1,84815310840112;-2,22452115757888;-2,90058670842152;-5,11453698104553;-5,02170503837136;-4,05149685492326;-3,42456171028843;-2,69556160947629;0,0719810978515742;0,0157773726842686;0,0505370955583641;0,0170367760222954;0,0271365841219972;0,00815598019131003;0,0102300072942366;0,0079209892374245;-3,5111598137118696;-3;1;1;1;-3;-3;1;1;0,44388748044535337;-11215,2294685327;NA;All
3190;1,89389554888044;2,77668417838003;2,33533711420516;2,68774121246616;2,72309010659783;2,29408906685468;2,47326676471914;2,24097751517347;2,55320778110794;2,07780597554461;1,87229485914894;1,63386438152965;1,4456112889373;1,22448001849554;1,57391116751393;1,72268738934523;1,88268488418809;1,51541495520003;2,0105765664805;1,66769611430012;-21,1792549398174;-4,18947293818984;-6,65286241433163;-7,1809515973989;-5,54687814313434;-5,65488769770684;-9,8092163636125;-12,4411986438902;-5,52180832075962;-13,2792363051043;-11,5843475719452;-18,3650380350894;-25,6680975326532;-25,1712093050069;-26,5444579296166;-15,5048909875234;-16,7391415748164;-20,2654847460006;-14,0704407964278;-18,8612253266302;2,68199219822906;1,52838389719892;1,55555567096163;0,906735395569924;0,505569093294629;0,505568510213577;0,542423295383888;0,645128743653648;0,999999654320567;0,839312184375599;0,686365732674007;0,484882772849465;0,338111817657018;-2,15412013791303;-2,42226812127019;-2,55906686800296;-3,10311669832069;-3,99474654545801;-3,97671217514574;-3,35263255597489;-2,70563138978424;-2,14672192447882;-1,19499808741355;-1,84815310840112;-2,22452115757888;-2,90058670842152;-5,11453698104553;-5,02170503837136;-4,05149685492326;-3,42456171028843;-2,69556160947629;0,0719810978515742;0,0157773726842686;0,0505370955583641;0,0170367760222954;0,0271365841219972;0,00815598019131003;0,0102300072942366;0,0079209892374245;-3,7668340221712073;-3;1;1;1;-3;-3;1;1;0,56218258479495087;-11215,1048633402;NA;All
3200;1,89389554888044;2,77668417838003;2,33533711420516;2,68774121246616;2,72309010659783;2,29408906685468;2,47326676471914;2,24097751517347;2,55320778110794;2,07780597554461;1,87229485914894;1,63386438152965;1,4456112889373;1,22448001849554;1,57391116751393;1,72268738934523;1,88268488418809;1,51541495520003;2,0105765664805;1,66769611430012;-21,1792549398174;-4,18947293818984;-6,65286241433163;-7,1809515973989;-5,54687814313434;-5,65488769770684;-9,8092163636125;-12,4411986438902;-5,52180832075962;-13,2792363051043;-11,5843475719452;-18,3650380350894;-25,6680975326532;-25,1712093050069;-26,5444579296166;-15,5048909875234;-16,7391415748164;-20,2654847460006;-14,0704407964278;-18,8612253266302;2,68199219822906;1,52838389719892;1,55555567096163;0,906735395569924;0,505569093294629;0,505568510213577;0,542423295383888;0,645128743653648;0,999999654320567;0,839312184375599;0,686365732674007;0,484882772849465;0,338111817657018;-2,15412013791303;-2,42226812127019;-2,55906686800296;-3,10311669832069;-3,99474654545801;-3,97671217514574;-3,35263255597489;-2,70563138978424;-2,14672192447882;-1,19499808741355;-1,84815310840112;-2,22452115757888;-2,90058670842152;-5,11453698104553;-5,02170503837136;-4,05149685492326;-3,42456171028843;-2,69556160947629;0,0719810978515742;0,0157773726842686;0,0505370955583641;0,0170367760222954;0,0271365841219972;0,00815598019131003;0,0102300072942366;0,0079209892374245;-1,0906470023416304;-3;1;1;1;-3;-3;1;1;0,38070546063790134;-11215,0162567919;NA;All
3210;1,89389554888044;2,77668417838003;2,33533711420516;2,68774121246616;2,72309010659783;2,29408906685468;2,47326676471914;2,24097751517347;2,55320778110794;2,07780597554461;1,87229485914894;1,63386438152965;1,4456112889373;1,22448001849554;1,57391116751393;1,72268738934523;1,88268488418809;1,51541495520003;2,0105765664805;1,66769611430012;-21,1792549398174;-4,18947293818984;-6,65286241433163;-7,1809515973989;-5,54687814313434;-5,65488769770684;-9,8092163636125;-12,4411986438902;-5,52180832075962;-13,2792363051043;-11,5843475719452;-18,3650380350894;-25,6680975326532;-25,1712093050069;-26,5444579296166;-15,5048909875234;-16,7391415748164;-20,2654847460006;-14,0704407964278;-18,8612253266302;2,68199219822906;1,52838389719892;1,55555567096163;0,906735395569924;0,505569093294629;0,505568510213577;0,542423295383888;0,645128743653648;0,999999654320567;0,839312184375599;0,686365732674007;0,484882772849465;0,338111817657018;-2,15412013791303;-2,42226812127019;-2,55906686800296;-3,10311669832069;-3,99474654545801;-3,97671217514574;-3,35263255597489;-2,70563138978424;-2,14672192447882;-1,19499808741355;-1,84815310840112;-2,22452115757888;-2,90058670842152;-5,11453698104553;-5,02170503837136;-4,05149685492326;-3,42456171028843;-2,69556160947629;0,0719810978515742;0,0157773726842686;0,0505370955583641;0,0170367760222954;0,0271365841219972;0,00815598019131003;0,0102300072942366;0,0079209892374245;-0,6764404988080677;-3;1;1;1;-3;-3;1;1;0,10491489229546472;-11215,1332536272;NA;All
3220;1,89389554888044;2,77668417838003;2,33533711420516;2,68774121246616;2,72309010659783;2,29408906685468;2,47326676471914;2,24097751517347;2,55320778110794;2,07780597554461;1,87229485914894;1,63386438152965;1,4456112889373;1,22448001849554;1,57391116751393;1,72268738934523;1,88268488418809;1,51541495520003;2,0105765664805;1,66769611430012;-21,1792549398174;-4,18947293818984;-6,65286241433163;-7,1809515973989;-5,54687814313434;-5,65488769770684;-9,8092163636125;-12,4411986438902;-5,52180832075962;-13,2792363051043;-11,5843475719452;-18,3650380350894;-25,6680975326532;-25,1712093050069;-26,5444579296166;-15,5048909875234;-16,7391415748164;-20,2654847460006;-14,0704407964278;-18,8612253266302;2,68199219822906;1,52838389719892;1,55555567096163;0,906735395569924;0,505569093294629;0,505568510213577;0,542423295383888;0,645128743653648;0,999999654320567;0,839312184375599;0,686365732674007;0,484882772849465;0,338111817657018;-2,15412013791303;-2,42226812127019;-2,55906686800296;-3,10311669832069;-3,99474654545801;-3,97671217514574;-3,35263255597489;-2,70563138978424;-2,14672192447882;-1,19499808741355;-1,84815310840112;-2,22452115757888;-2,90058670842152;-5,11453698104553;-5,02170503837136;-4,05149685492326;-3,42456171028843;-2,69556160947629;0,0719810978515742;0,0157773726842686;0,0505370955583641;0,0170367760222954;0,0271365841219972;0,00815598019131003;0,0102300072942366;0,0079209892374245;-1,0200800148187847;-3;1;1;1;-3;-3;1;1;0,51109199030056840;-11215,0810838723;NA;All
3230;1,89389554888044;2,77668417838003;2,33533711420516;2,68774121246616;2,72309010659783;2,29408906685468;2,47326676471914;2,24097751517347;2,55320778110794;2,07780597554461;1,87229485914894;1,63386438152965;1,4456112889373;1,22448001849554;1,57391116751393;1,72268738934523;1,88268488418809;1,51541495520003;2,0105765664805;1,66769611430012;-21,1792549398174;-4,18947293818984;-6,65286241433163;-7,1809515973989;-5,54687814313434;-5,65488769770684;-9,8092163636125;-12,4411986438902;-5,52180832075962;-13,2792363051043;-11,5843475719452;-18,3650380350894;-25,6680975326532;-25,1712093050069;-26,5444579296166;-15,5048909875234;-16,7391415748164;-20,2654847460006;-14,0704407964278;-18,8612253266302;2,68199219822906;1,52838389719892;1,55555567096163;0,906735395569924;0,505569093294629;0,505568510213577;0,542423295383888;0,645128743653648;0,999999654320567;0,839312184375599;0,686365732674007;0,484882772849465;0,338111817657018;-2,15412013791303;-2,42226812127019;-2,55906686800296;-3,10311669832069;-3,99474654545801;-3,97671217514574;-3,35263255597489;-2,70563138978424;-2,14672192447882;-1,19499808741355;-1,84815310840112;-2,22452115757888;-2,90058670842152;-5,11453698104553;-5,02170503837136;-4,05149685492326;-3,42456171028843;-2,69556160947629;0,0719810978515742;0,0157773726842686;0,0505370955583641;0,0170367760222954;0,0271365841219972;0,00815598019131003;0,0102300072942366;0,0079209892374245;-2,0300756982154868;-3;1;1;1;-3;-3;1;1;0,88942691521308848;-11216,1291788769;NA;All
3240;1,89389554888044;2,77668417838003;2,33533711420516;2,68774121246616;2,72309010659783;2,29408906685468;2,47326676471914;2,24097751517347;2,55320778110794;2,07780597554461;1,87229485914894;1,63386438152965;1,4456112889373;1,22448001849554;1,57391116751393;1,72268738934523;1,88268488418809;1,51541495520003;2,0105765664805;1,66769611430012;-21,1792549398174;-4,18947293818984;-6,65286241433163;-7,1809515973989;-5,54687814313434;-5,65488769770684;-9,8092163636125;-12,4411986438902;-5,52180832075962;-13,2792363051043;-11,5843475719452;-18,3650380350894;-25,6680975326532;-25,1712093050069;-26,5444579296166;-15,5048909875234;-16,7391415748164;-20,2654847460006;-14,0704407964278;-18,8612253266302;2,68199219822906;1,52838389719892;1,55555567096163;0,906735395569924;0,505569093294629;0,505568510213577;0,542423295383888;0,645128743653648;0,999999654320567;0,839312184375599;0,686365732674007;0,484882772849465;0,338111817657018;-2,15412013791303;-2,42226812127019;-2,55906686800296;-3,10311669832069;-3,99474654545801;-3,97671217514574;-3,35263255597489;-2,70563138978424;-2,14672192447882;-1,19499808741355;-1,84815310840112;-2,22452115757888;-2,90058670842152;-5,11453698104553;-5,02170503837136;-4,05149685492326;-3,42456171028843;-2,69556160947629;0,0719810978515742;0,0157773726842686;0,0505370955583641;0,0170367760222954;0,0271365841219972;0,00815598019131003;0,0102300072942366;0,0079209892374245;-1,9453015219989171;-3;1;1;1;-3;-3;1;1;0,89035543368376191;-11216,1479995351;NA;All
3250;1,89389554888044;2,77668417838003;2,33533711420516;2,68774121246616;2,72309010659783;2,29408906685468;2,47326676471914;2,24097751517347;2,55320778110794;2,07780597554461;1,87229485914894;1,63386438152965;1,4456112889373;1,22448001849554;1,57391116751393;1,72268738934523;1,88268488418809;1,51541495520003;2,0105765664805;1,66769611430012;-21,1792549398174;-4,18947293818984;-6,65286241433163;-7,1809515973989;-5,54687814313434;-5,65488769770684;-9,8092163636125;-12,4411986438902;-5,52180832075962;-13,2792363051043;-11,5843475719452;-18,3650380350894;-25,6680975326532;-25,1712093050069;-26,5444579296166;-15,5048909875234;-16,7391415748164;-20,2654847460006;-14,0704407964278;-18,8612253266302;2,68199219822906;1,52838389719892;1,55555567096163;0,906735395569924;0,505569093294629;0,505568510213577;0,542423295383888;0,645128743653648;0,999999654320567;0,839312184375599;0,686365732674007;0,484882772849465;0,338111817657018;-2,15412013791303;-2,42226812127019;-2,55906686800296;-3,10311669832069;-3,99474654545801;-3,97671217514574;-3,35263255597489;-2,70563138978424;-2,14672192447882;-1,19499808741355;-1,84815310840112;-2,22452115757888;-2,90058670842152;-5,11453698104553;-5,02170503837136;-4,05149685492326;-3,42456171028843;-2,69556160947629;0,0719810978515742;0,0157773726842686;0,0505370955583641;0,0170367760222954;0,0271365841219972;0,00815598019131003;0,0102300072942366;0,0079209892374245;-3,8586413582294887;-3;1;1;1;-3;-3;1;1;1,11861517066047123;-11217,5031063655;NA;All
3260;1,89389554888044;2,77668417838003;2,33533711420516;2,68774121246616;2,72309010659783;2,29408906685468;2,47326676471914;2,24097751517347;2,55320778110794;2,07780597554461;1,87229485914894;1,63386438152965;1,4456112889373;1,22448001849554;1,57391116751393;1,72268738934523;1,88268488418809;1,51541495520003;2,0105765664805;1,66769611430012;-21,1792549398174;-4,18947293818984;-6,65286241433163;-7,1809515973989;-5,54687814313434;-5,65488769770684;-9,8092163636125;-12,4411986438902;-5,52180832075962;-13,2792363051043;-11,5843475719452;-18,3650380350894;-25,6680975326532;-25,1712093050069;-26,5444579296166;-15,5048909875234;-16,7391415748164;-20,2654847460006;-14,0704407964278;-18,8612253266302;2,68199219822906;1,52838389719892;1,55555567096163;0,906735395569924;0,505569093294629;0,505568510213577;0,542423295383888;0,645128743653648;0,999999654320567;0,839312184375599;0,686365732674007;0,484882772849465;0,338111817657018;-2,15412013791303;-2,42226812127019;-2,55906686800296;-3,10311669832069;-3,99474654545801;-3,97671217514574;-3,35263255597489;-2,70563138978424;-2,14672192447882;-1,19499808741355;-1,84815310840112;-2,22452115757888;-2,90058670842152;-5,11453698104553;-5,02170503837136;-4,05149685492326;-3,42456171028843;-2,69556160947629;0,0719810978515742;0,0157773726842686;0,0505370955583641;0,0170367760222954;0,0271365841219972;0,00815598019131003;0,0102300072942366;0,0079209892374245;-1,1105242032912914;-3;1;1;1;-3;-3;1;1;0,46265743873642817;-11215,0048290877;NA;All
3270;1,89389554888044;2,77668417838003;2,33533711420516;2,68774121246616;2,72309010659783;2,29408906685468;2,47326676471914;2,24097751517347;2,55320778110794;2,07780597554461;1,87229485914894;1,63386438152965;1,4456112889373;1,22448001849554;1,57391116751393;1,72268738934523;1,88268488418809;1,51541495520003;2,0105765664805;1,66769611430012;-21,1792549398174;-4,18947293818984;-6,65286241433163;-7,1809515973989;-5,54687814313434;-5,65488769770684;-9,8092163636125;-12,4411986438902;-5,52180832075962;-13,2792363051043;-11,5843475719452;-18,3650380350894;-25,6680975326532;-25,1712093050069;-26,5444579296166;-15,5048909875234;-16,7391415748164;-20,2654847460006;-14,0704407964278;-18,8612253266302;2,68199219822906;1,52838389719892;1,55555567096163;0,906735395569924;0,505569093294629;0,505568510213577;0,542423295383888;0,645128743653648;0,999999654320567;0,839312184375599;0,686365732674007;0,484882772849465;0,338111817657018;-2,15412013791303;-2,42226812127019;-2,55906686800296;-3,10311669832069;-3,99474654545801;-3,97671217514574;-3,35263255597489;-2,70563138978424;-2,14672192447882;-1,19499808741355;-1,84815310840112;-2,22452115757888;-2,90058670842152;-5,11453698104553;-5,02170503837136;-4,05149685492326;-3,42456171028843;-2,69556160947629;0,0719810978515742;0,0157773726842686;0,0505370955583641;0,0170367760222954;0,0271365841219972;0,00815598019131003;0,0102300072942366;0,0079209892374245;-3,1144068625363879;-3;1;1;1;-3;-3;1;1;0,41349779068635922;-11215,3153082521;NA;All
3280;1,89389554888044;2,77668417838003;2,33533711420516;2,68774121246616;2,72309010659783;2,29408906685468;2,47326676471914;2,24097751517347;2,55320778110794;2,07780597554461;1,87229485914894;1,63386438152965;1,4456112889373;1,22448001849554;1,57391116751393;1,72268738934523;1,88268488418809;1,51541495520003;2,0105765664805;1,66769611430012;-21,1792549398174;-4,18947293818984;-6,65286241433163;-7,1809515973989;-5,54687814313434;-5,65488769770684;-9,8092163636125;-12,4411986438902;-5,52180832075962;-13,2792363051043;-11,5843475719452;-18,3650380350894;-25,6680975326532;-25,1712093050069;-26,5444579296166;-15,5048909875234;-16,7391415748164;-20,2654847460006;-14,0704407964278;-18,8612253266302;2,68199219822906;1,52838389719892;1,55555567096163;0,906735395569924;0,505569093294629;0,505568510213577;0,542423295383888;0,645128743653648;0,999999654320567;0,839312184375599;0,686365732674007;0,484882772849465;0,338111817657018;-2,15412013791303;-2,42226812127019;-2,55906686800296;-3,10311669832069;-3,99474654545801;-3,97671217514574;-3,35263255597489;-2,70563138978424;-2,14672192447882;-1,19499808741355;-1,84815310840112;-2,22452115757888;-2,90058670842152;-5,11453698104553;-5,02170503837136;-4,05149685492326;-3,42456171028843;-2,69556160947629;0,0719810978515742;0,0157773726842686;0,0505370955583641;0,0170367760222954;0,0271365841219972;0,00815598019131003;0,0102300072942366;0,0079209892374245;-3,7702547157048025;-3;1;1;1;-3;-3;1;1;0,72657136764235053;-11215,3938608313;NA;All
3290;1,89389554888044;2,77668417838003;2,33533711420516;2,68774121246616;2,72309010659783;2,29408906685468;2,47326676471914;2,24097751517347;2,55320778110794;2,07780597554461;1,87229485914894;1,63386438152965;1,4456112889373;1,22448001849554;1,57391116751393;1,72268738934523;1,88268488418809;1,51541495520003;2,0105765664805;1,66769611430012;-21,1792549398174;-4,18947293818984;-6,65286241433163;-7,1809515973989;-5,54687814313434;-5,65488769770684;-9,8092163636125;-12,4411986438902;-5,52180832075962;-13,2792363051043;-11,5843475719452;-18,3650380350894;-25,6680975326532;-25,1712093050069;-26,5444579296166;-15,5048909875234;-16,7391415748164;-20,2654847460006;-14,0704407964278;-18,8612253266302;2,68199219822906;1,52838389719892;1,55555567096163;0,906735395569924;0,505569093294629;0,505568510213577;0,542423295383888;0,645128743653648;0,999999654320567;0,839312184375599;0,686365732674007;0,484882772849465;0,338111817657018;-2,15412013791303;-2,42226812127019;-2,55906686800296;-3,10311669832069;-3,99474654545801;-3,97671217514574;-3,35263255597489;-2,70563138978424;-2,14672192447882;-1,19499808741355;-1,84815310840112;-2,22452115757888;-2,90058670842152;-5,11453698104553;-5,02170503837136;-4,05149685492326;-3,42456171028843;-2,69556160947629;0,0719810978515742;0,0157773726842686;0,0505370955583641;0,0170367760222954;0,0271365841219972;0,00815598019131003;0,0102300072942366;0,0079209892374245;-3,4280862393754248;-3;1;1;1;-3;-3;1;1;0,46910967046049862;-11215,1741194577;NA;All
3300;1,89389554888044;2,77668417838003;2,33533711420516;2,68774121246616;2,72309010659783;2,29408906685468;2,47326676471914;2,24097751517347;2,55320778110794;2,07780597554461;1,87229485914894;1,63386438152965;1,4456112889373;1,22448001849554;1,57391116751393;1,72268738934523;1,88268488418809;1,51541495520003;2,0105765664805;1,66769611430012;-21,1792549398174;-4,18947293818984;-6,65286241433163;-7,1809515973989;-5,54687814313434;-5,65488769770684;-9,8092163636125;-12,4411986438902;-5,52180832075962;-13,2792363051043;-11,5843475719452;-18,3650380350894;-25,6680975326532;-25,1712093050069;-26,5444579296166;-15,5048909875234;-16,7391415748164;-20,2654847460006;-14,0704407964278;-18,8612253266302;2,68199219822906;1,52838389719892;1,55555567096163;0,906735395569924;0,505569093294629;0,505568510213577;0,542423295383888;0,645128743653648;0,999999654320567;0,839312184375599;0,686365732674007;0,484882772849465;0,338111817657018;-2,15412013791303;-2,42226812127019;-2,55906686800296;-3,10311669832069;-3,99474654545801;-3,97671217514574;-3,35263255597489;-2,70563138978424;-2,14672192447882;-1,19499808741355;-1,84815310840112;-2,22452115757888;-2,90058670842152;-5,11453698104553;-5,02170503837136;-4,05149685492326;-3,42456171028843;-2,69556160947629;0,0719810978515742;0,0157773726842686;0,0505370955583641;0,0170367760222954;0,0271365841219972;0,00815598019131003;0,0102300072942366;0,0079209892374245;-3,0155080492601933;-3;1;1;1;-3;-3;1;1;0,47899003375299065;-11215,1546912880;NA;All
3310;1,89389554888044;2,77668417838003;2,33533711420516;2,68774121246616;2,72309010659783;2,29408906685468;2,47326676471914;2,24097751517347;2,55320778110794;2,07780597554461;1,87229485914894;1,63386438152965;1,4456112889373;1,22448001849554;1,57391116751393;1,72268738934523;1,88268488418809;1,51541495520003;2,0105765664805;1,66769611430012;-21,1792549398174;-4,18947293818984;-6,65286241433163;-7,1809515973989;-5,54687814313434;-5,65488769770684;-9,8092163636125;-12,4411986438902;-5,52180832075962;-13,2792363051043;-11,5843475719452;-18,3650380350894;-25,6680975326532;-25,1712093050069;-26,5444579296166;-15,5048909875234;-16,7391415748164;-20,2654847460006;-14,0704407964278;-18,8612253266302;2,68199219822906;1,52838389719892;1,55555567096163;0,906735395569924;0,505569093294629;0,505568510213577;0,542423295383888;0,645128743653648;0,999999654320567;0,839312184375599;0,686365732674007;0,484882772849465;0,338111817657018;-2,15412013791303;-2,42226812127019;-2,55906686800296;-3,10311669832069;-3,99474654545801;-3,97671217514574;-3,35263255597489;-2,70563138978424;-2,14672192447882;-1,19499808741355;-1,84815310840112;-2,22452115757888;-2,90058670842152;-5,11453698104553;-5,02170503837136;-4,05149685492326;-3,42456171028843;-2,69556160947629;0,0719810978515742;0,0157773726842686;0,0505370955583641;0,0170367760222954;0,0271365841219972;0,00815598019131003;0,0102300072942366;0,0079209892374245;-3,2467204739597713;-3;1;1;1;-3;-3;1;1;0,92930120662148852;-11216,2875459418;NA;All
3320;1,89389554888044;2,77668417838003;2,33533711420516;2,68774121246616;2,72309010659783;2,29408906685468;2,47326676471914;2,24097751517347;2,55320778110794;2,07780597554461;1,87229485914894;1,63386438152965;1,4456112889373;1,22448001849554;1,57391116751393;1,72268738934523;1,88268488418809;1,51541495520003;2,0105765664805;1,66769611430012;-21,1792549398174;-4,18947293818984;-6,65286241433163;-7,1809515973989;-5,54687814313434;-5,65488769770684;-9,8092163636125;-12,4411986438902;-5,52180832075962;-13,2792363051043;-11,5843475719452;-18,3650380350894;-25,6680975326532;-25,1712093050069;-26,5444579296166;-15,5048909875234;-16,7391415748164;-20,2654847460006;-14,0704407964278;-18,8612253266302;2,68199219822906;1,52838389719892;1,55555567096163;0,906735395569924;0,505569093294629;0,505568510213577;0,542423295383888;0,645128743653648;0,999999654320567;0,839312184375599;0,686365732674007;0,484882772849465;0,338111817657018;-2,15412013791303;-2,42226812127019;-2,55906686800296;-3,10311669832069;-3,99474654545801;-3,97671217514574;-3,35263255597489;-2,70563138978424;-2,14672192447882;-1,19499808741355;-1,84815310840112;-2,22452115757888;-2,90058670842152;-5,11453698104553;-5,02170503837136;-4,05149685492326;-3,42456171028843;-2,69556160947629;0,0719810978515742;0,0157773726842686;0,0505370955583641;0,0170367760222954;0,0271365841219972;0,00815598019131003;0,0102300072942366;0,0079209892374245;-2,1537427683938981;-3;1;1;1;-3;-3;1;1;0,52789328057243590;-11215,0933909744;NA;All
3330;1,89389554888044;2,77668417838003;2,33533711420516;2,68774121246616;2,72309010659783;2,29408906685468;2,47326676471914;2,24097751517347;2,55320778110794;2,07780597554461;1,87229485914894;1,63386438152965;1,4456112889373;1,22448001849554;1,57391116751393;1,72268738934523;1,88268488418809;1,51541495520003;2,0105765664805;1,66769611430012;-21,1792549398174;-4,18947293818984;-6,65286241433163;-7,1809515973989;-5,54687814313434;-5,65488769770684;-9,8092163636125;-12,4411986438902;-5,52180832075962;-13,2792363051043;-11,5843475719452;-18,3650380350894;-25,6680975326532;-25,1712093050069;-26,5444579296166;-15,5048909875234;-16,7391415748164;-20,2654847460006;-14,0704407964278;-18,8612253266302;2,68199219822906;1,52838389719892;1,55555567096163;0,906735395569924;0,505569093294629;0,505568510213577;0,542423295383888;0,645128743653648;0,999999654320567;0,839312184375599;0,686365732674007;0,484882772849465;0,338111817657018;-2,15412013791303;-2,42226812127019;-2,55906686800296;-3,10311669832069;-3,99474654545801;-3,97671217514574;-3,35263255597489;-2,70563138978424;-2,14672192447882;-1,19499808741355;-1,84815310840112;-2,22452115757888;-2,90058670842152;-5,11453698104553;-5,02170503837136;-4,05149685492326;-3,42456171028843;-2,69556160947629;0,0719810978515742;0,0157773726842686;0,0505370955583641;0,0170367760222954;0,0271365841219972;0,00815598019131003;0,0102300072942366;0,0079209892374245;-2,2537592910955828;-3;1;1;1;-3;-3;1;1;0,66853543443712815;-11215,2506348518;NA;All
3340;1,89389554888044;2,77668417838003;2,33533711420516;2,68774121246616;2,72309010659783;2,29408906685468;2,47326676471914;2,24097751517347;2,55320778110794;2,07780597554461;1,87229485914894;1,63386438152965;1,4456112889373;1,22448001849554;1,57391116751393;1,72268738934523;1,88268488418809;1,51541495520003;2,0105765664805;1,66769611430012;-21,1792549398174;-4,18947293818984;-6,65286241433163;-7,1809515973989;-5,54687814313434;-5,65488769770684;-9,8092163636125;-12,4411986438902;-5,52180832075962;-13,2792363051043;-11,5843475719452;-18,3650380350894;-25,6680975326532;-25,1712093050069;-26,5444579296166;-15,5048909875234;-16,7391415748164;-20,2654847460006;-14,0704407964278;-18,8612253266302;2,68199219822906;1,52838389719892;1,55555567096163;0,906735395569924;0,505569093294629;0,505568510213577;0,542423295383888;0,645128743653648;0,999999654320567;0,839312184375599;0,686365732674007;0,484882772849465;0,338111817657018;-2,15412013791303;-2,42226812127019;-2,55906686800296;-3,10311669832069;-3,99474654545801;-3,97671217514574;-3,35263255597489;-2,70563138978424;-2,14672192447882;-1,19499808741355;-1,84815310840112;-2,22452115757888;-2,90058670842152;-5,11453698104553;-5,02170503837136;-4,05149685492326;-3,42456171028843;-2,69556160947629;0,0719810978515742;0,0157773726842686;0,0505370955583641;0,0170367760222954;0,0271365841219972;0,00815598019131003;0,0102300072942366;0,0079209892374245;-0,6800348181722694;-3;1;1;1;-3;-3;1;1;0,46534078900274062;-11215,3196991849;NA;All
3350;1,89389554888044;2,77668417838003;2,33533711420516;2,68774121246616;2,72309010659783;2,29408906685468;2,47326676471914;2,24097751517347;2,55320778110794;2,07780597554461;1,87229485914894;1,63386438152965;1,4456112889373;1,22448001849554;1,57391116751393;1,72268738934523;1,88268488418809;1,51541495520003;2,0105765664805;1,66769611430012;-21,1792549398174;-4,18947293818984;-6,65286241433163;-7,1809515973989;-5,54687814313434;-5,65488769770684;-9,8092163636125;-12,4411986438902;-5,52180832075962;-13,2792363051043;-11,5843475719452;-18,3650380350894;-25,6680975326532;-25,1712093050069;-26,5444579296166;-15,5048909875234;-16,7391415748164;-20,2654847460006;-14,0704407964278;-18,8612253266302;2,68199219822906;1,52838389719892;1,55555567096163;0,906735395569924;0,505569093294629;0,505568510213577;0,542423295383888;0,645128743653648;0,999999654320567;0,839312184375599;0,686365732674007;0,484882772849465;0,338111817657018;-2,15412013791303;-2,42226812127019;-2,55906686800296;-3,10311669832069;-3,99474654545801;-3,97671217514574;-3,35263255597489;-2,70563138978424;-2,14672192447882;-1,19499808741355;-1,84815310840112;-2,22452115757888;-2,90058670842152;-5,11453698104553;-5,02170503837136;-4,05149685492326;-3,42456171028843;-2,69556160947629;0,0719810978515742;0,0157773726842686;0,0505370955583641;0,0170367760222954;0,0271365841219972;0,00815598019131003;0,0102300072942366;0,0079209892374245;-1,3718502872726404;-3;1;1;1;-3;-3;1;1;0,61521590560096340;-11215,2007015121;NA;All
3360;1,89389554888044;2,77668417838003;2,33533711420516;2,68774121246616;2,72309010659783;2,29408906685468;2,47326676471914;2,24097751517347;2,55320778110794;2,07780597554461;1,87229485914894;1,63386438152965;1,4456112889373;1,22448001849554;1,57391116751393;1,72268738934523;1,88268488418809;1,51541495520003;2,0105765664805;1,66769611430012;-21,1792549398174;-4,18947293818984;-6,65286241433163;-7,1809515973989;-5,54687814313434;-5,65488769770684;-9,8092163636125;-12,4411986438902;-5,52180832075962;-13,2792363051043;-11,5843475719452;-18,3650380350894;-25,6680975326532;-25,1712093050069;-26,5444579296166;-15,5048909875234;-16,7391415748164;-20,2654847460006;-14,0704407964278;-18,8612253266302;2,68199219822906;1,52838389719892;1,55555567096163;0,906735395569924;0,505569093294629;0,505568510213577;0,542423295383888;0,645128743653648;0,999999654320567;0,839312184375599;0,686365732674007;0,484882772849465;0,338111817657018;-2,15412013791303;-2,42226812127019;-2,55906686800296;-3,10311669832069;-3,99474654545801;-3,97671217514574;-3,35263255597489;-2,70563138978424;-2,14672192447882;-1,19499808741355;-1,84815310840112;-2,22452115757888;-2,90058670842152;-5,11453698104553;-5,02170503837136;-4,05149685492326;-3,42456171028843;-2,69556160947629;0,0719810978515742;0,0157773726842686;0,0505370955583641;0,0170367760222954;0,0271365841219972;0,00815598019131003;0,0102300072942366;0,0079209892374245;-1,7269473751976168;-3;1;1;1;-3;-3;1;1;0,49178882793661688;-11215,0826430943;NA;All
3370;1,89389554888044;2,77668417838003;2,33533711420516;2,68774121246616;2,72309010659783;2,29408906685468;2,47326676471914;2,24097751517347;2,55320778110794;2,07780597554461;1,87229485914894;1,63386438152965;1,4456112889373;1,22448001849554;1,57391116751393;1,72268738934523;1,88268488418809;1,51541495520003;2,0105765664805;1,66769611430012;-21,1792549398174;-4,18947293818984;-6,65286241433163;-7,1809515973989;-5,54687814313434;-5,65488769770684;-9,8092163636125;-12,4411986438902;-5,52180832075962;-13,2792363051043;-11,5843475719452;-18,3650380350894;-25,6680975326532;-25,1712093050069;-26,5444579296166;-15,5048909875234;-16,7391415748164;-20,2654847460006;-14,0704407964278;-18,8612253266302;2,68199219822906;1,52838389719892;1,55555567096163;0,906735395569924;0,505569093294629;0,505568510213577;0,542423295383888;0,645128743653648;0,999999654320567;0,839312184375599;0,686365732674007;0,484882772849465;0,338111817657018;-2,15412013791303;-2,42226812127019;-2,55906686800296;-3,10311669832069;-3,99474654545801;-3,97671217514574;-3,35263255597489;-2,70563138978424;-2,14672192447882;-1,19499808741355;-1,84815310840112;-2,22452115757888;-2,90058670842152;-5,11453698104553;-5,02170503837136;-4,05149685492326;-3,42456171028843;-2,69556160947629;0,0719810978515742;0,0157773726842686;0,0505370955583641;0,0170367760222954;0,0271365841219972;0,00815598019131003;0,0102300072942366;0,0079209892374245;-1,0597963385664553;-3;1;1;1;-3;-3;1;1;0,04503093058561075;-11217,1131861412;NA;All
3380;1,89389554888044;2,77668417838003;2,33533711420516;2,68774121246616;2,72309010659783;2,29408906685468;2,47326676471914;2,24097751517347;2,55320778110794;2,07780597554461;1,87229485914894;1,63386438152965;1,4456112889373;1,22448001849554;1,57391116751393;1,72268738934523;1,88268488418809;1,51541495520003;2,0105765664805;1,66769611430012;-21,1792549398174;-4,18947293818984;-6,65286241433163;-7,1809515973989;-5,54687814313434;-5,65488769770684;-9,8092163636125;-12,4411986438902;-5,52180832075962;-13,2792363051043;-11,5843475719452;-18,3650380350894;-25,6680975326532;-25,1712093050069;-26,5444579296166;-15,5048909875234;-16,7391415748164;-20,2654847460006;-14,0704407964278;-18,8612253266302;2,68199219822906;1,52838389719892;1,55555567096163;0,906735395569924;0,505569093294629;0,505568510213577;0,542423295383888;0,645128743653648;0,999999654320567;0,839312184375599;0,686365732674007;0,484882772849465;0,338111817657018;-2,15412013791303;-2,42226812127019;-2,55906686800296;-3,10311669832069;-3,99474654545801;-3,97671217514574;-3,35263255597489;-2,70563138978424;-2,14672192447882;-1,19499808741355;-1,84815310840112;-2,22452115757888;-2,90058670842152;-5,11453698104553;-5,02170503837136;-4,05149685492326;-3,42456171028843;-2,69556160947629;0,0719810978515742;0,0157773726842686;0,0505370955583641;0,0170367760222954;0,0271365841219972;0,00815598019131003;0,0102300072942366;0,0079209892374245;-3,7639520592035103;-3;1;1;1;-3;-3;1;1;0,27401703832611674;-11216,1231315365;NA;All
3390;1,89389554888044;2,77668417838003;2,33533711420516;2,68774121246616;2,72309010659783;2,29408906685468;2,47326676471914;2,24097751517347;2,55320778110794;2,07780597554461;1,87229485914894;1,63386438152965;1,4456112889373;1,22448001849554;1,57391116751393;1,72268738934523;1,88268488418809;1,51541495520003;2,0105765664805;1,66769611430012;-21,1792549398174;-4,18947293818984;-6,65286241433163;-7,1809515973989;-5,54687814313434;-5,65488769770684;-9,8092163636125;-12,4411986438902;-5,52180832075962;-13,2792363051043;-11,5843475719452;-18,3650380350894;-25,6680975326532;-25,1712093050069;-26,5444579296166;-15,5048909875234;-16,7391415748164;-20,2654847460006;-14,0704407964278;-18,8612253266302;2,68199219822906;1,52838389719892;1,55555567096163;0,906735395569924;0,505569093294629;0,505568510213577;0,542423295383888;0,645128743653648;0,999999654320567;0,839312184375599;0,686365732674007;0,484882772849465;0,338111817657018;-2,15412013791303;-2,42226812127019;-2,55906686800296;-3,10311669832069;-3,99474654545801;-3,97671217514574;-3,35263255597489;-2,70563138978424;-2,14672192447882;-1,19499808741355;-1,84815310840112;-2,22452115757888;-2,90058670842152;-5,11453698104553;-5,02170503837136;-4,05149685492326;-3,42456171028843;-2,69556160947629;0,0719810978515742;0,0157773726842686;0,0505370955583641;0,0170367760222954;0,0271365841219972;0,00815598019131003;0,0102300072942366;0,0079209892374245;-0,4186596669490557;-3;1;1;1;-3;-3;1;1;0,13509633705188173;-11215,0270353335;NA;All
3400;1,89389554888044;2,77668417838003;2,33533711420516;2,68774121246616;2,72309010659783;2,29408906685468;2,47326676471914;2,24097751517347;2,55320778110794;2,07780597554461;1,87229485914894;1,63386438152965;1,4456112889373;1,22448001849554;1,57391116751393;1,72268738934523;1,88268488418809;1,51541495520003;2,0105765664805;1,66769611430012;-21,1792549398174;-4,18947293818984;-6,65286241433163;-7,1809515973989;-5,54687814313434;-5,65488769770684;-9,8092163636125;-12,4411986438902;-5,52180832075962;-13,2792363051043;-11,5843475719452;-18,3650380350894;-25,6680975326532;-25,1712093050069;-26,5444579296166;-15,5048909875234;-16,7391415748164;-20,2654847460006;-14,0704407964278;-18,8612253266302;2,68199219822906;1,52838389719892;1,55555567096163;0,906735395569924;0,505569093294629;0,505568510213577;0,542423295383888;0,645128743653648;0,999999654320567;0,839312184375599;0,686365732674007;0,484882772849465;0,338111817657018;-2,15412013791303;-2,42226812127019;-2,55906686800296;-3,10311669832069;-3,99474654545801;-3,97671217514574;-3,35263255597489;-2,70563138978424;-2,14672192447882;-1,19499808741355;-1,84815310840112;-2,22452115757888;-2,90058670842152;-5,11453698104553;-5,02170503837136;-4,05149685492326;-3,42456171028843;-2,69556160947629;0,0719810978515742;0,0157773726842686;0,0505370955583641;0,0170367760222954;0,0271365841219972;0,00815598019131003;0,0102300072942366;0,0079209892374245;-3,0416118700200507;-3;1;1;1;-3;-3;1;1;0,23600617581051112;-11216,4695814660;NA;All
3410;1,89389554888044;2,77668417838003;2,33533711420516;2,68774121246616;2,72309010659783;2,29408906685468;2,47326676471914;2,24097751517347;2,55320778110794;2,07780597554461;1,87229485914894;1,63386438152965;1,4456112889373;1,22448001849554;1,57391116751393;1,72268738934523;1,88268488418809;1,51541495520003;2,0105765664805;1,66769611430012;-21,1792549398174;-4,18947293818984;-6,65286241433163;-7,1809515973989;-5,54687814313434;-5,65488769770684;-9,8092163636125;-12,4411986438902;-5,52180832075962;-13,2792363051043;-11,5843475719452;-18,3650380350894;-25,6680975326532;-25,1712093050069;-26,5444579296166;-15,5048909875234;-16,7391415748164;-20,2654847460006;-14,0704407964278;-18,8612253266302;2,68199219822906;1,52838389719892;1,55555567096163;0,906735395569924;0,505569093294629;0,505568510213577;0,542423295383888;0,645128743653648;0,999999654320567;0,839312184375599;0,686365732674007;0,484882772849465;0,338111817657018;-2,15412013791303;-2,42226812127019;-2,55906686800296;-3,10311669832069;-3,99474654545801;-3,97671217514574;-3,35263255597489;-2,70563138978424;-2,14672192447882;-1,19499808741355;-1,84815310840112;-2,22452115757888;-2,90058670842152;-5,11453698104553;-5,02170503837136;-4,05149685492326;-3,42456171028843;-2,69556160947629;0,0719810978515742;0,0157773726842686;0,0505370955583641;0,0170367760222954;0,0271365841219972;0,00815598019131003;0,0102300072942366;0,0079209892374245;-2,3671949776412240;-3;1;1;1;-3;-3;1;1;0,77173040284491268;-11215,5642033598;NA;All
3420;1,89389554888044;2,77668417838003;2,33533711420516;2,68774121246616;2,72309010659783;2,29408906685468;2,47326676471914;2,24097751517347;2,55320778110794;2,07780597554461;1,87229485914894;1,63386438152965;1,4456112889373;1,22448001849554;1,57391116751393;1,72268738934523;1,88268488418809;1,51541495520003;2,0105765664805;1,66769611430012;-21,1792549398174;-4,18947293818984;-6,65286241433163;-7,1809515973989;-5,54687814313434;-5,65488769770684;-9,8092163636125;-12,4411986438902;-5,52180832075962;-13,2792363051043;-11,5843475719452;-18,3650380350894;-25,6680975326532;-25,1712093050069;-26,5444579296166;-15,5048909875234;-16,7391415748164;-20,2654847460006;-14,0704407964278;-18,8612253266302;2,68199219822906;1,52838389719892;1,55555567096163;0,906735395569924;0,505569093294629;0,505568510213577;0,542423295383888;0,645128743653648;0,999999654320567;0,839312184375599;0,686365732674007;0,484882772849465;0,338111817657018;-2,15412013791303;-2,42226812127019;-2,55906686800296;-3,10311669832069;-3,99474654545801;-3,97671217514574;-3,35263255597489;-2,70563138978424;-2,14672192447882;-1,19499808741355;-1,84815310840112;-2,22452115757888;-2,90058670842152;-5,11453698104553;-5,02170503837136;-4,05149685492326;-3,42456171028843;-2,69556160947629;0,0719810978515742;0,0157773726842686;0,0505370955583641;0,0170367760222954;0,0271365841219972;0,00815598019131003;0,0102300072942366;0,0079209892374245;-3,4032006371175152;-3;1;1;1;-3;-3;1;1;0,96790899625129301;-11216,5074830616;NA;All
3430;1,89389554888044;2,77668417838003;2,33533711420516;2,68774121246616;2,72309010659783;2,29408906685468;2,47326676471914;2,24097751517347;2,55320778110794;2,07780597554461;1,87229485914894;1,63386438152965;1,4456112889373;1,22448001849554;1,57391116751393;1,72268738934523;1,88268488418809;1,51541495520003;2,0105765664805;1,66769611430012;-21,1792549398174;-4,18947293818984;-6,65286241433163;-7,1809515973989;-5,54687814313434;-5,65488769770684;-9,8092163636125;-12,4411986438902;-5,52180832075962;-13,2792363051043;-11,5843475719452;-18,3650380350894;-25,6680975326532;-25,1712093050069;-26,5444579296166;-15,5048909875234;-16,7391415748164;-20,2654847460006;-14,0704407964278;-18,8612253266302;2,68199219822906;1,52838389719892;1,55555567096163;0,906735395569924;0,505569093294629;0,505568510213577;0,542423295383888;0,645128743653648;0,999999654320567;0,839312184375599;0,686365732674007;0,484882772849465;0,338111817657018;-2,15412013791303;-2,42226812127019;-2,55906686800296;-3,10311669832069;-3,99474654545801;-3,97671217514574;-3,35263255597489;-2,70563138978424;-2,14672192447882;-1,19499808741355;-1,84815310840112;-2,22452115757888;-2,90058670842152;-5,11453698104553;-5,02170503837136;-4,05149685492326;-3,42456171028843;-2,69556160947629;0,0719810978515742;0,0157773726842686;0,0505370955583641;0,0170367760222954;0,0271365841219972;0,00815598019131003;0,0102300072942366;0,0079209892374245;-2,5221136074676096;-3;1;1;1;-3;-3;1;1;1,01534171765423853;-11216,8220568663;NA;All
3440;1,89389554888044;2,77668417838003;2,33533711420516;2,68774121246616;2,72309010659783;2,29408906685468;2,47326676471914;2,24097751517347;2,55320778110794;2,07780597554461;1,87229485914894;1,63386438152965;1,4456112889373;1,22448001849554;1,57391116751393;1,72268738934523;1,88268488418809;1,51541495520003;2,0105765664805;1,66769611430012;-21,1792549398174;-4,18947293818984;-6,65286241433163;-7,1809515973989;-5,54687814313434;-5,65488769770684;-9,8092163636125;-12,4411986438902;-5,52180832075962;-13,2792363051043;-11,5843475719452;-18,3650380350894;-25,6680975326532;-25,1712093050069;-26,5444579296166;-15,5048909875234;-16,7391415748164;-20,2654847460006;-14,0704407964278;-18,8612253266302;2,68199219822906;1,52838389719892;1,55555567096163;0,906735395569924;0,505569093294629;0,505568510213577;0,542423295383888;0,645128743653648;0,999999654320567;0,839312184375599;0,686365732674007;0,484882772849465;0,338111817657018;-2,15412013791303;-2,42226812127019;-2,55906686800296;-3,10311669832069;-3,99474654545801;-3,97671217514574;-3,35263255597489;-2,70563138978424;-2,14672192447882;-1,19499808741355;-1,84815310840112;-2,22452115757888;-2,90058670842152;-5,11453698104553;-5,02170503837136;-4,05149685492326;-3,42456171028843;-2,69556160947629;0,0719810978515742;0,0157773726842686;0,0505370955583641;0,0170367760222954;0,0271365841219972;0,00815598019131003;0,0102300072942366;0,0079209892374245;-2,5401648943062902;-3;1;1;1;-3;-3;1;1;0,53799063988861362;-11215,0997493370;NA;All
3450;1,89389554888044;2,77668417838003;2,33533711420516;2,68774121246616;2,72309010659783;2,29408906685468;2,47326676471914;2,24097751517347;2,55320778110794;2,07780597554461;1,87229485914894;1,63386438152965;1,4456112889373;1,22448001849554;1,57391116751393;1,72268738934523;1,88268488418809;1,51541495520003;2,0105765664805;1,66769611430012;-21,1792549398174;-4,18947293818984;-6,65286241433163;-7,1809515973989;-5,54687814313434;-5,65488769770684;-9,8092163636125;-12,4411986438902;-5,52180832075962;-13,2792363051043;-11,5843475719452;-18,3650380350894;-25,6680975326532;-25,1712093050069;-26,5444579296166;-15,5048909875234;-16,7391415748164;-20,2654847460006;-14,0704407964278;-18,8612253266302;2,68199219822906;1,52838389719892;1,55555567096163;0,906735395569924;0,505569093294629;0,505568510213577;0,542423295383888;0,645128743653648;0,999999654320567;0,839312184375599;0,686365732674007;0,484882772849465;0,338111817657018;-2,15412013791303;-2,42226812127019;-2,55906686800296;-3,10311669832069;-3,99474654545801;-3,97671217514574;-3,35263255597489;-2,70563138978424;-2,14672192447882;-1,19499808741355;-1,84815310840112;-2,22452115757888;-2,90058670842152;-5,11453698104553;-5,02170503837136;-4,05149685492326;-3,42456171028843;-2,69556160947629;0,0719810978515742;0,0157773726842686;0,0505370955583641;0,0170367760222954;0,0271365841219972;0,00815598019131003;0,0102300072942366;0,0079209892374245;-3,5567932029793989;-3;1;1;1;-3;-3;1;1;0,82273746068851428;-11215,7557090083;NA;All
3460;1,89389554888044;2,77668417838003;2,33533711420516;2,68774121246616;2,72309010659783;2,29408906685468;2,47326676471914;2,24097751517347;2,55320778110794;2,07780597554461;1,87229485914894;1,63386438152965;1,4456112889373;1,22448001849554;1,57391116751393;1,72268738934523;1,88268488418809;1,51541495520003;2,0105765664805;1,66769611430012;-21,1792549398174;-4,18947293818984;-6,65286241433163;-7,1809515973989;-5,54687814313434;-5,65488769770684;-9,8092163636125;-12,4411986438902;-5,52180832075962;-13,2792363051043;-11,5843475719452;-18,3650380350894;-25,6680975326532;-25,1712093050069;-26,5444579296166;-15,5048909875234;-16,7391415748164;-20,2654847460006;-14,0704407964278;-18,8612253266302;2,68199219822906;1,52838389719892;1,55555567096163;0,906735395569924;0,505569093294629;0,505568510213577;0,542423295383888;0,645128743653648;0,999999654320567;0,839312184375599;0,686365732674007;0,484882772849465;0,338111817657018;-2,15412013791303;-2,42226812127019;-2,55906686800296;-3,10311669832069;-3,99474654545801;-3,97671217514574;-3,35263255597489;-2,70563138978424;-2,14672192447882;-1,19499808741355;-1,84815310840112;-2,22452115757888;-2,90058670842152;-5,11453698104553;-5,02170503837136;-4,05149685492326;-3,42456171028843;-2,69556160947629;0,0719810978515742;0,0157773726842686;0,0505370955583641;0,0170367760222954;0,0271365841219972;0,00815598019131003;0,0102300072942366;0,0079209892374245;-1,8648893995792444;-3;1;1;1;-3;-3;1;1;0,66902428771666533;-11215,2689694171;NA;All
3470;1,89389554888044;2,77668417838003;2,33533711420516;2,68774121246616;2,72309010659783;2,29408906685468;2,47326676471914;2,24097751517347;2,55320778110794;2,07780597554461;1,87229485914894;1,63386438152965;1,4456112889373;1,22448001849554;1,57391116751393;1,72268738934523;1,88268488418809;1,51541495520003;2,0105765664805;1,66769611430012;-21,1792549398174;-4,18947293818984;-6,65286241433163;-7,1809515973989;-5,54687814313434;-5,65488769770684;-9,8092163636125;-12,4411986438902;-5,52180832075962;-13,2792363051043;-11,5843475719452;-18,3650380350894;-25,6680975326532;-25,1712093050069;-26,5444579296166;-15,5048909875234;-16,7391415748164;-20,2654847460006;-14,0704407964278;-18,8612253266302;2,68199219822906;1,52838389719892;1,55555567096163;0,906735395569924;0,505569093294629;0,505568510213577;0,542423295383888;0,645128743653648;0,999999654320567;0,839312184375599;0,686365732674007;0,484882772849465;0,338111817657018;-2,15412013791303;-2,42226812127019;-2,55906686800296;-3,10311669832069;-3,99474654545801;-3,97671217514574;-3,35263255597489;-2,70563138978424;-2,14672192447882;-1,19499808741355;-1,84815310840112;-2,22452115757888;-2,90058670842152;-5,11453698104553;-5,02170503837136;-4,05149685492326;-3,42456171028843;-2,69556160947629;0,0719810978515742;0,0157773726842686;0,0505370955583641;0,0170367760222954;0,0271365841219972;0,00815598019131003;0,0102300072942366;0,0079209892374245;-0,9121483005933260;-3;1;1;1;-3;-3;1;1;0,17183722902291385;-11215,4332480607;NA;All
3480;1,89389554888044;2,77668417838003;2,33533711420516;2,68774121246616;2,72309010659783;2,29408906685468;2,47326676471914;2,24097751517347;2,55320778110794;2,07780597554461;1,87229485914894;1,63386438152965;1,4456112889373;1,22448001849554;1,57391116751393;1,72268738934523;1,88268488418809;1,51541495520003;2,0105765664805;1,66769611430012;-21,1792549398174;-4,18947293818984;-6,65286241433163;-7,1809515973989;-5,54687814313434;-5,65488769770684;-9,8092163636125;-12,4411986438902;-5,52180832075962;-13,2792363051043;-11,5843475719452;-18,3650380350894;-25,6680975326532;-25,1712093050069;-26,5444579296166;-15,5048909875234;-16,7391415748164;-20,2654847460006;-14,0704407964278;-18,8612253266302;2,68199219822906;1,52838389719892;1,55555567096163;0,906735395569924;0,505569093294629;0,505568510213577;0,542423295383888;0,645128743653648;0,999999654320567;0,839312184375599;0,686365732674007;0,484882772849465;0,338111817657018;-2,15412013791303;-2,42226812127019;-2,55906686800296;-3,10311669832069;-3,99474654545801;-3,97671217514574;-3,35263255597489;-2,70563138978424;-2,14672192447882;-1,19499808741355;-1,84815310840112;-2,22452115757888;-2,90058670842152;-5,11453698104553;-5,02170503837136;-4,05149685492326;-3,42456171028843;-2,69556160947629;0,0719810978515742;0,0157773726842686;0,0505370955583641;0,0170367760222954;0,0271365841219972;0,00815598019131003;0,0102300072942366;0,0079209892374245;-3,0670054251548233;-3;1;1;1;-3;-3;1;1;0,85870059073683902;-11215,9225907968;NA;All
3490;1,89389554888044;2,77668417838003;2,33533711420516;2,68774121246616;2,72309010659783;2,29408906685468;2,47326676471914;2,24097751517347;2,55320778110794;2,07780597554461;1,87229485914894;1,63386438152965;1,4456112889373;1,22448001849554;1,57391116751393;1,72268738934523;1,88268488418809;1,51541495520003;2,0105765664805;1,66769611430012;-21,1792549398174;-4,18947293818984;-6,65286241433163;-7,1809515973989;-5,54687814313434;-5,65488769770684;-9,8092163636125;-12,4411986438902;-5,52180832075962;-13,2792363051043;-11,5843475719452;-18,3650380350894;-25,6680975326532;-25,1712093050069;-26,5444579296166;-15,5048909875234;-16,7391415748164;-20,2654847460006;-14,0704407964278;-18,8612253266302;2,68199219822906;1,52838389719892;1,55555567096163;0,906735395569924;0,505569093294629;0,505568510213577;0,542423295383888;0,645128743653648;0,999999654320567;0,839312184375599;0,686365732674007;0,484882772849465;0,338111817657018;-2,15412013791303;-2,42226812127019;-2,55906686800296;-3,10311669832069;-3,99474654545801;-3,97671217514574;-3,35263255597489;-2,70563138978424;-2,14672192447882;-1,19499808741355;-1,84815310840112;-2,22452115757888;-2,90058670842152;-5,11453698104553;-5,02170503837136;-4,05149685492326;-3,42456171028843;-2,69556160947629;0,0719810978515742;0,0157773726842686;0,0505370955583641;0,0170367760222954;0,0271365841219972;0,00815598019131003;0,0102300072942366;0,0079209892374245;-2,2627420476547835;-3;1;1;1;-3;-3;1;1;0,47931673364351479;-11215,1364929012;NA;All
3500;1,89389554888044;2,77668417838003;2,33533711420516;2,68774121246616;2,72309010659783;2,29408906685468;2,47326676471914;2,24097751517347;2,55320778110794;2,07780597554461;1,87229485914894;1,63386438152965;1,4456112889373;1,22448001849554;1,57391116751393;1,72268738934523;1,88268488418809;1,51541495520003;2,0105765664805;1,66769611430012;-21,1792549398174;-4,18947293818984;-6,65286241433163;-7,1809515973989;-5,54687814313434;-5,65488769770684;-9,8092163636125;-12,4411986438902;-5,52180832075962;-13,2792363051043;-11,5843475719452;-18,3650380350894;-25,6680975326532;-25,1712093050069;-26,5444579296166;-15,5048909875234;-16,7391415748164;-20,2654847460006;-14,0704407964278;-18,8612253266302;2,68199219822906;1,52838389719892;1,55555567096163;0,906735395569924;0,505569093294629;0,505568510213577;0,542423295383888;0,645128743653648;0,999999654320567;0,839312184375599;0,686365732674007;0,484882772849465;0,338111817657018;-2,15412013791303;-2,42226812127019;-2,55906686800296;-3,10311669832069;-3,99474654545801;-3,97671217514574;-3,35263255597489;-2,70563138978424;-2,14672192447882;-1,19499808741355;-1,84815310840112;-2,22452115757888;-2,90058670842152;-5,11453698104553;-5,02170503837136;-4,05149685492326;-3,42456171028843;-2,69556160947629;0,0719810978515742;0,0157773726842686;0,0505370955583641;0,0170367760222954;0,0271365841219972;0,00815598019131003;0,0102300072942366;0,0079209892374245;-1,3442176531938934;-3;1;1;1;-3;-3;1;1;0,76277706657102884;-11215,7226496138;NA;All
3510;1,89389554888044;2,77668417838003;2,33533711420516;2,68774121246616;2,72309010659783;2,29408906685468;2,47326676471914;2,24097751517347;2,55320778110794;2,07780597554461;1,87229485914894;1,63386438152965;1,4456112889373;1,22448001849554;1,57391116751393;1,72268738934523;1,88268488418809;1,51541495520003;2,0105765664805;1,66769611430012;-21,1792549398174;-4,18947293818984;-6,65286241433163;-7,1809515973989;-5,54687814313434;-5,65488769770684;-9,8092163636125;-12,4411986438902;-5,52180832075962;-13,2792363051043;-11,5843475719452;-18,3650380350894;-25,6680975326532;-25,1712093050069;-26,5444579296166;-15,5048909875234;-16,7391415748164;-20,2654847460006;-14,0704407964278;-18,8612253266302;2,68199219822906;1,52838389719892;1,55555567096163;0,906735395569924;0,505569093294629;0,505568510213577;0,542423295383888;0,645128743653648;0,999999654320567;0,839312184375599;0,686365732674007;0,484882772849465;0,338111817657018;-2,15412013791303;-2,42226812127019;-2,55906686800296;-3,10311669832069;-3,99474654545801;-3,97671217514574;-3,35263255597489;-2,70563138978424;-2,14672192447882;-1,19499808741355;-1,84815310840112;-2,22452115757888;-2,90058670842152;-5,11453698104553;-5,02170503837136;-4,05149685492326;-3,42456171028843;-2,69556160947629;0,0719810978515742;0,0157773726842686;0,0505370955583641;0,0170367760222954;0,0271365841219972;0,00815598019131003;0,0102300072942366;0,0079209892374245;-3,6175661990343424;-3;1;1;1;-3;-3;1;1;0,47923253023214774;-11215,1566782781;NA;All
3520;1,89389554888044;2,77668417838003;2,33533711420516;2,68774121246616;2,72309010659783;2,29408906685468;2,47326676471914;2,24097751517347;2,55320778110794;2,07780597554461;1,87229485914894;1,63386438152965;1,4456112889373;1,22448001849554;1,57391116751393;1,72268738934523;1,88268488418809;1,51541495520003;2,0105765664805;1,66769611430012;-21,1792549398174;-4,18947293818984;-6,65286241433163;-7,1809515973989;-5,54687814313434;-5,65488769770684;-9,8092163636125;-12,4411986438902;-5,52180832075962;-13,2792363051043;-11,5843475719452;-18,3650380350894;-25,6680975326532;-25,1712093050069;-26,5444579296166;-15,5048909875234;-16,7391415748164;-20,2654847460006;-14,0704407964278;-18,8612253266302;2,68199219822906;1,52838389719892;1,55555567096163;0,906735395569924;0,505569093294629;0,505568510213577;0,542423295383888;0,645128743653648;0,999999654320567;0,839312184375599;0,686365732674007;0,484882772849465;0,338111817657018;-2,15412013791303;-2,42226812127019;-2,55906686800296;-3,10311669832069;-3,99474654545801;-3,97671217514574;-3,35263255597489;-2,70563138978424;-2,14672192447882;-1,19499808741355;-1,84815310840112;-2,22452115757888;-2,90058670842152;-5,11453698104553;-5,02170503837136;-4,05149685492326;-3,42456171028843;-2,69556160947629;0,0719810978515742;0,0157773726842686;0,0505370955583641;0,0170367760222954;0,0271365841219972;0,00815598019131003;0,0102300072942366;0,0079209892374245;-0,5033668781557030;-3;1;1;1;-3;-3;1;1;0,36802667323573773;-11215,4659267465;NA;All
3530;1,89389554888044;2,77668417838003;2,33533711420516;2,68774121246616;2,72309010659783;2,29408906685468;2,47326676471914;2,24097751517347;2,55320778110794;2,07780597554461;1,87229485914894;1,63386438152965;1,4456112889373;1,22448001849554;1,57391116751393;1,72268738934523;1,88268488418809;1,51541495520003;2,0105765664805;1,66769611430012;-21,1792549398174;-4,18947293818984;-6,65286241433163;-7,1809515973989;-5,54687814313434;-5,65488769770684;-9,8092163636125;-12,4411986438902;-5,52180832075962;-13,2792363051043;-11,5843475719452;-18,3650380350894;-25,6680975326532;-25,1712093050069;-26,5444579296166;-15,5048909875234;-16,7391415748164;-20,2654847460006;-14,0704407964278;-18,8612253266302;2,68199219822906;1,52838389719892;1,55555567096163;0,906735395569924;0,505569093294629;0,505568510213577;0,542423295383888;0,645128743653648;0,999999654320567;0,839312184375599;0,686365732674007;0,484882772849465;0,338111817657018;-2,15412013791303;-2,42226812127019;-2,55906686800296;-3,10311669832069;-3,99474654545801;-3,97671217514574;-3,35263255597489;-2,70563138978424;-2,14672192447882;-1,19499808741355;-1,84815310840112;-2,22452115757888;-2,90058670842152;-5,11453698104553;-5,02170503837136;-4,05149685492326;-3,42456171028843;-2,69556160947629;0,0719810978515742;0,0157773726842686;0,0505370955583641;0,0170367760222954;0,0271365841219972;0,00815598019131003;0,0102300072942366;0,0079209892374245;-3,1908345928629824;-3;1;1;1;-3;-3;1;1;0,75561875220778141;-11215,4913057838;NA;All
3540;1,89389554888044;2,77668417838003;2,33533711420516;2,68774121246616;2,72309010659783;2,29408906685468;2,47326676471914;2,24097751517347;2,55320778110794;2,07780597554461;1,87229485914894;1,63386438152965;1,4456112889373;1,22448001849554;1,57391116751393;1,72268738934523;1,88268488418809;1,51541495520003;2,0105765664805;1,66769611430012;-21,1792549398174;-4,18947293818984;-6,65286241433163;-7,1809515973989;-5,54687814313434;-5,65488769770684;-9,8092163636125;-12,4411986438902;-5,52180832075962;-13,2792363051043;-11,5843475719452;-18,3650380350894;-25,6680975326532;-25,1712093050069;-26,5444579296166;-15,5048909875234;-16,7391415748164;-20,2654847460006;-14,0704407964278;-18,8612253266302;2,68199219822906;1,52838389719892;1,55555567096163;0,906735395569924;0,505569093294629;0,505568510213577;0,542423295383888;0,645128743653648;0,999999654320567;0,839312184375599;0,686365732674007;0,484882772849465;0,338111817657018;-2,15412013791303;-2,42226812127019;-2,55906686800296;-3,10311669832069;-3,99474654545801;-3,97671217514574;-3,35263255597489;-2,70563138978424;-2,14672192447882;-1,19499808741355;-1,84815310840112;-2,22452115757888;-2,90058670842152;-5,11453698104553;-5,02170503837136;-4,05149685492326;-3,42456171028843;-2,69556160947629;0,0719810978515742;0,0157773726842686;0,0505370955583641;0,0170367760222954;0,0271365841219972;0,00815598019131003;0,0102300072942366;0,0079209892374245;-1,3834940461502527;-3;1;1;1;-3;-3;1;1;0,66555318941905017;-11215,3359443822;NA;All
3550;1,89389554888044;2,77668417838003;2,33533711420516;2,68774121246616;2,72309010659783;2,29408906685468;2,47326676471914;2,24097751517347;2,55320778110794;2,07780597554461;1,87229485914894;1,63386438152965;1,4456112889373;1,22448001849554;1,57391116751393;1,72268738934523;1,88268488418809;1,51541495520003;2,0105765664805;1,66769611430012;-21,1792549398174;-4,18947293818984;-6,65286241433163;-7,1809515973989;-5,54687814313434;-5,65488769770684;-9,8092163636125;-12,4411986438902;-5,52180832075962;-13,2792363051043;-11,5843475719452;-18,3650380350894;-25,6680975326532;-25,1712093050069;-26,5444579296166;-15,5048909875234;-16,7391415748164;-20,2654847460006;-14,0704407964278;-18,8612253266302;2,68199219822906;1,52838389719892;1,55555567096163;0,906735395569924;0,505569093294629;0,505568510213577;0,542423295383888;0,645128743653648;0,999999654320567;0,839312184375599;0,686365732674007;0,484882772849465;0,338111817657018;-2,15412013791303;-2,42226812127019;-2,55906686800296;-3,10311669832069;-3,99474654545801;-3,97671217514574;-3,35263255597489;-2,70563138978424;-2,14672192447882;-1,19499808741355;-1,84815310840112;-2,22452115757888;-2,90058670842152;-5,11453698104553;-5,02170503837136;-4,05149685492326;-3,42456171028843;-2,69556160947629;0,0719810978515742;0,0157773726842686;0,0505370955583641;0,0170367760222954;0,0271365841219972;0,00815598019131003;0,0102300072942366;0,0079209892374245;-3,0672617891192764;-3;1;1;1;-3;-3;1;1;1,28877574033940823;-11218,8490144913;NA;All
3560;1,89389554888044;2,77668417838003;2,33533711420516;2,68774121246616;2,72309010659783;2,29408906685468;2,47326676471914;2,24097751517347;2,55320778110794;2,07780597554461;1,87229485914894;1,63386438152965;1,4456112889373;1,22448001849554;1,57391116751393;1,72268738934523;1,88268488418809;1,51541495520003;2,0105765664805;1,66769611430012;-21,1792549398174;-4,18947293818984;-6,65286241433163;-7,1809515973989;-5,54687814313434;-5,65488769770684;-9,8092163636125;-12,4411986438902;-5,52180832075962;-13,2792363051043;-11,5843475719452;-18,3650380350894;-25,6680975326532;-25,1712093050069;-26,5444579296166;-15,5048909875234;-16,7391415748164;-20,2654847460006;-14,0704407964278;-18,8612253266302;2,68199219822906;1,52838389719892;1,55555567096163;0,906735395569924;0,505569093294629;0,505568510213577;0,542423295383888;0,645128743653648;0,999999654320567;0,839312184375599;0,686365732674007;0,484882772849465;0,338111817657018;-2,15412013791303;-2,42226812127019;-2,55906686800296;-3,10311669832069;-3,99474654545801;-3,97671217514574;-3,35263255597489;-2,70563138978424;-2,14672192447882;-1,19499808741355;-1,84815310840112;-2,22452115757888;-2,90058670842152;-5,11453698104553;-5,02170503837136;-4,05149685492326;-3,42456171028843;-2,69556160947629;0,0719810978515742;0,0157773726842686;0,0505370955583641;0,0170367760222954;0,0271365841219972;0,00815598019131003;0,0102300072942366;0,0079209892374245;-2,6671297711216422;-3;1;1;1;-3;-3;1;1;0,70198405356709936;-11215,3278960331;NA;All
3570;1,89389554888044;2,77668417838003;2,33533711420516;2,68774121246616;2,72309010659783;2,29408906685468;2,47326676471914;2,24097751517347;2,55320778110794;2,07780597554461;1,87229485914894;1,63386438152965;1,4456112889373;1,22448001849554;1,57391116751393;1,72268738934523;1,88268488418809;1,51541495520003;2,0105765664805;1,66769611430012;-21,1792549398174;-4,18947293818984;-6,65286241433163;-7,1809515973989;-5,54687814313434;-5,65488769770684;-9,8092163636125;-12,4411986438902;-5,52180832075962;-13,2792363051043;-11,5843475719452;-18,3650380350894;-25,6680975326532;-25,1712093050069;-26,5444579296166;-15,5048909875234;-16,7391415748164;-20,2654847460006;-14,0704407964278;-18,8612253266302;2,68199219822906;1,52838389719892;1,55555567096163;0,906735395569924;0,505569093294629;0,505568510213577;0,542423295383888;0,645128743653648;0,999999654320567;0,839312184375599;0,686365732674007;0,484882772849465;0,338111817657018;-2,15412013791303;-2,42226812127019;-2,55906686800296;-3,10311669832069;-3,99474654545801;-3,97671217514574;-3,35263255597489;-2,70563138978424;-2,14672192447882;-1,19499808741355;-1,84815310840112;-2,22452115757888;-2,90058670842152;-5,11453698104553;-5,02170503837136;-4,05149685492326;-3,42456171028843;-2,69556160947629;0,0719810978515742;0,0157773726842686;0,0505370955583641;0,0170367760222954;0,0271365841219972;0,00815598019131003;0,0102300072942366;0,0079209892374245;-1,9154717253593576;-3;1;1;1;-3;-3;1;1;0,35932563662545175;-11215,4407757642;NA;All
3580;1,89389554888044;2,77668417838003;2,33533711420516;2,68774121246616;2,72309010659783;2,29408906685468;2,47326676471914;2,24097751517347;2,55320778110794;2,07780597554461;1,87229485914894;1,63386438152965;1,4456112889373;1,22448001849554;1,57391116751393;1,72268738934523;1,88268488418809;1,51541495520003;2,0105765664805;1,66769611430012;-21,1792549398174;-4,18947293818984;-6,65286241433163;-7,1809515973989;-5,54687814313434;-5,65488769770684;-9,8092163636125;-12,4411986438902;-5,52180832075962;-13,2792363051043;-11,5843475719452;-18,3650380350894;-25,6680975326532;-25,1712093050069;-26,5444579296166;-15,5048909875234;-16,7391415748164;-20,2654847460006;-14,0704407964278;-18,8612253266302;2,68199219822906;1,52838389719892;1,55555567096163;0,906735395569924;0,505569093294629;0,505568510213577;0,542423295383888;0,645128743653648;0,999999654320567;0,839312184375599;0,686365732674007;0,484882772849465;0,338111817657018;-2,15412013791303;-2,42226812127019;-2,55906686800296;-3,10311669832069;-3,99474654545801;-3,97671217514574;-3,35263255597489;-2,70563138978424;-2,14672192447882;-1,19499808741355;-1,84815310840112;-2,22452115757888;-2,90058670842152;-5,11453698104553;-5,02170503837136;-4,05149685492326;-3,42456171028843;-2,69556160947629;0,0719810978515742;0,0157773726842686;0,0505370955583641;0,0170367760222954;0,0271365841219972;0,00815598019131003;0,0102300072942366;0,0079209892374245;-0,9045337291062086;-3;1;1;1;-3;-3;1;1;0,24626809736273111;-11215,1140222733;NA;All
3590;1,89389554888044;2,77668417838003;2,33533711420516;2,68774121246616;2,72309010659783;2,29408906685468;2,47326676471914;2,24097751517347;2,55320778110794;2,07780597554461;1,87229485914894;1,63386438152965;1,4456112889373;1,22448001849554;1,57391116751393;1,72268738934523;1,88268488418809;1,51541495520003;2,0105765664805;1,66769611430012;-21,1792549398174;-4,18947293818984;-6,65286241433163;-7,1809515973989;-5,54687814313434;-5,65488769770684;-9,8092163636125;-12,4411986438902;-5,52180832075962;-13,2792363051043;-11,5843475719452;-18,3650380350894;-25,6680975326532;-25,1712093050069;-26,5444579296166;-15,5048909875234;-16,7391415748164;-20,2654847460006;-14,0704407964278;-18,8612253266302;2,68199219822906;1,52838389719892;1,55555567096163;0,906735395569924;0,505569093294629;0,505568510213577;0,542423295383888;0,645128743653648;0,999999654320567;0,839312184375599;0,686365732674007;0,484882772849465;0,338111817657018;-2,15412013791303;-2,42226812127019;-2,55906686800296;-3,10311669832069;-3,99474654545801;-3,97671217514574;-3,35263255597489;-2,70563138978424;-2,14672192447882;-1,19499808741355;-1,84815310840112;-2,22452115757888;-2,90058670842152;-5,11453698104553;-5,02170503837136;-4,05149685492326;-3,42456171028843;-2,69556160947629;0,0719810978515742;0,0157773726842686;0,0505370955583641;0,0170367760222954;0,0271365841219972;0,00815598019131003;0,0102300072942366;0,0079209892374245;-1,0995191411624683;-3;1;1;1;-3;-3;1;1;0,16249051575944676;-11215,9552555199;NA;All
3600;1,89389554888044;2,77668417838003;2,33533711420516;2,68774121246616;2,72309010659783;2,29408906685468;2,47326676471914;2,24097751517347;2,55320778110794;2,07780597554461;1,87229485914894;1,63386438152965;1,4456112889373;1,22448001849554;1,57391116751393;1,72268738934523;1,88268488418809;1,51541495520003;2,0105765664805;1,66769611430012;-21,1792549398174;-4,18947293818984;-6,65286241433163;-7,1809515973989;-5,54687814313434;-5,65488769770684;-9,8092163636125;-12,4411986438902;-5,52180832075962;-13,2792363051043;-11,5843475719452;-18,3650380350894;-25,6680975326532;-25,1712093050069;-26,5444579296166;-15,5048909875234;-16,7391415748164;-20,2654847460006;-14,0704407964278;-18,8612253266302;2,68199219822906;1,52838389719892;1,55555567096163;0,906735395569924;0,505569093294629;0,505568510213577;0,542423295383888;0,645128743653648;0,999999654320567;0,839312184375599;0,686365732674007;0,484882772849465;0,338111817657018;-2,15412013791303;-2,42226812127019;-2,55906686800296;-3,10311669832069;-3,99474654545801;-3,97671217514574;-3,35263255597489;-2,70563138978424;-2,14672192447882;-1,19499808741355;-1,84815310840112;-2,22452115757888;-2,90058670842152;-5,11453698104553;-5,02170503837136;-4,05149685492326;-3,42456171028843;-2,69556160947629;0,0719810978515742;0,0157773726842686;0,0505370955583641;0,0170367760222954;0,0271365841219972;0,00815598019131003;0,0102300072942366;0,0079209892374245;-3,6422482439339983;-3;1;1;1;-3;-3;1;1;0,53108646430314743;-11215,1061318233;NA;All
3610;1,89389554888044;2,77668417838003;2,33533711420516;2,68774121246616;2,72309010659783;2,29408906685468;2,47326676471914;2,24097751517347;2,55320778110794;2,07780597554461;1,87229485914894;1,63386438152965;1,4456112889373;1,22448001849554;1,57391116751393;1,72268738934523;1,88268488418809;1,51541495520003;2,0105765664805;1,66769611430012;-21,1792549398174;-4,18947293818984;-6,65286241433163;-7,1809515973989;-5,54687814313434;-5,65488769770684;-9,8092163636125;-12,4411986438902;-5,52180832075962;-13,2792363051043;-11,5843475719452;-18,3650380350894;-25,6680975326532;-25,1712093050069;-26,5444579296166;-15,5048909875234;-16,7391415748164;-20,2654847460006;-14,0704407964278;-18,8612253266302;2,68199219822906;1,52838389719892;1,55555567096163;0,906735395569924;0,505569093294629;0,505568510213577;0,542423295383888;0,645128743653648;0,999999654320567;0,839312184375599;0,686365732674007;0,484882772849465;0,338111817657018;-2,15412013791303;-2,42226812127019;-2,55906686800296;-3,10311669832069;-3,99474654545801;-3,97671217514574;-3,35263255597489;-2,70563138978424;-2,14672192447882;-1,19499808741355;-1,84815310840112;-2,22452115757888;-2,90058670842152;-5,11453698104553;-5,02170503837136;-4,05149685492326;-3,42456171028843;-2,69556160947629;0,0719810978515742;0,0157773726842686;0,0505370955583641;0,0170367760222954;0,0271365841219972;0,00815598019131003;0,0102300072942366;0,0079209892374245;-2,6219053861074051;-3;1;1;1;-3;-3;1;1;0,89145667256312444;-11216,0964761129;NA;All
3620;1,89389554888044;2,77668417838003;2,33533711420516;2,68774121246616;2,72309010659783;2,29408906685468;2,47326676471914;2,24097751517347;2,55320778110794;2,07780597554461;1,87229485914894;1,63386438152965;1,4456112889373;1,22448001849554;1,57391116751393;1,72268738934523;1,88268488418809;1,51541495520003;2,0105765664805;1,66769611430012;-21,1792549398174;-4,18947293818984;-6,65286241433163;-7,1809515973989;-5,54687814313434;-5,65488769770684;-9,8092163636125;-12,4411986438902;-5,52180832075962;-13,2792363051043;-11,5843475719452;-18,3650380350894;-25,6680975326532;-25,1712093050069;-26,5444579296166;-15,5048909875234;-16,7391415748164;-20,2654847460006;-14,0704407964278;-18,8612253266302;2,68199219822906;1,52838389719892;1,55555567096163;0,906735395569924;0,505569093294629;0,505568510213577;0,542423295383888;0,645128743653648;0,999999654320567;0,839312184375599;0,686365732674007;0,484882772849465;0,338111817657018;-2,15412013791303;-2,42226812127019;-2,55906686800296;-3,10311669832069;-3,99474654545801;-3,97671217514574;-3,35263255597489;-2,70563138978424;-2,14672192447882;-1,19499808741355;-1,84815310840112;-2,22452115757888;-2,90058670842152;-5,11453698104553;-5,02170503837136;-4,05149685492326;-3,42456171028843;-2,69556160947629;0,0719810978515742;0,0157773726842686;0,0505370955583641;0,0170367760222954;0,0271365841219972;0,00815598019131003;0,0102300072942366;0,0079209892374245;-3,4634639442494759;-3;1;1;1;-3;-3;1;1;0,59792693421911491;-11215,1268334650;NA;All
3630;1,89389554888044;2,77668417838003;2,33533711420516;2,68774121246616;2,72309010659783;2,29408906685468;2,47326676471914;2,24097751517347;2,55320778110794;2,07780597554461;1,87229485914894;1,63386438152965;1,4456112889373;1,22448001849554;1,57391116751393;1,72268738934523;1,88268488418809;1,51541495520003;2,0105765664805;1,66769611430012;-21,1792549398174;-4,18947293818984;-6,65286241433163;-7,1809515973989;-5,54687814313434;-5,65488769770684;-9,8092163636125;-12,4411986438902;-5,52180832075962;-13,2792363051043;-11,5843475719452;-18,3650380350894;-25,6680975326532;-25,1712093050069;-26,5444579296166;-15,5048909875234;-16,7391415748164;-20,2654847460006;-14,0704407964278;-18,8612253266302;2,68199219822906;1,52838389719892;1,55555567096163;0,906735395569924;0,505569093294629;0,505568510213577;0,542423295383888;0,645128743653648;0,999999654320567;0,839312184375599;0,686365732674007;0,484882772849465;0,338111817657018;-2,15412013791303;-2,42226812127019;-2,55906686800296;-3,10311669832069;-3,99474654545801;-3,97671217514574;-3,35263255597489;-2,70563138978424;-2,14672192447882;-1,19499808741355;-1,84815310840112;-2,22452115757888;-2,90058670842152;-5,11453698104553;-5,02170503837136;-4,05149685492326;-3,42456171028843;-2,69556160947629;0,0719810978515742;0,0157773726842686;0,0505370955583641;0,0170367760222954;0,0271365841219972;0,00815598019131003;0,0102300072942366;0,0079209892374245;-1,8442479282156128;-3;1;1;1;-3;-3;1;1;0,36166601618982880;-11215,4132459947;NA;All
3640;1,89389554888044;2,77668417838003;2,33533711420516;2,68774121246616;2,72309010659783;2,29408906685468;2,47326676471914;2,24097751517347;2,55320778110794;2,07780597554461;1,87229485914894;1,63386438152965;1,4456112889373;1,22448001849554;1,57391116751393;1,72268738934523;1,88268488418809;1,51541495520003;2,0105765664805;1,66769611430012;-21,1792549398174;-4,18947293818984;-6,65286241433163;-7,1809515973989;-5,54687814313434;-5,65488769770684;-9,8092163636125;-12,4411986438902;-5,52180832075962;-13,2792363051043;-11,5843475719452;-18,3650380350894;-25,6680975326532;-25,1712093050069;-26,5444579296166;-15,5048909875234;-16,7391415748164;-20,2654847460006;-14,0704407964278;-18,8612253266302;2,68199219822906;1,52838389719892;1,55555567096163;0,906735395569924;0,505569093294629;0,505568510213577;0,542423295383888;0,645128743653648;0,999999654320567;0,839312184375599;0,686365732674007;0,484882772849465;0,338111817657018;-2,15412013791303;-2,42226812127019;-2,55906686800296;-3,10311669832069;-3,99474654545801;-3,97671217514574;-3,35263255597489;-2,70563138978424;-2,14672192447882;-1,19499808741355;-1,84815310840112;-2,22452115757888;-2,90058670842152;-5,11453698104553;-5,02170503837136;-4,05149685492326;-3,42456171028843;-2,69556160947629;0,0719810978515742;0,0157773726842686;0,0505370955583641;0,0170367760222954;0,0271365841219972;0,00815598019131003;0,0102300072942366;0,0079209892374245;-3,8737201388592881;-3;1;1;1;-3;-3;1;1;0,55056959969860908;-11215,1041294940;NA;All
3650;1,89389554888044;2,77668417838003;2,33533711420516;2,68774121246616;2,72309010659783;2,29408906685468;2,47326676471914;2,24097751517347;2,55320778110794;2,07780597554461;1,87229485914894;1,63386438152965;1,4456112889373;1,22448001849554;1,57391116751393;1,72268738934523;1,88268488418809;1,51541495520003;2,0105765664805;1,66769611430012;-21,1792549398174;-4,18947293818984;-6,65286241433163;-7,1809515973989;-5,54687814313434;-5,65488769770684;-9,8092163636125;-12,4411986438902;-5,52180832075962;-13,2792363051043;-11,5843475719452;-18,3650380350894;-25,6680975326532;-25,1712093050069;-26,5444579296166;-15,5048909875234;-16,7391415748164;-20,2654847460006;-14,0704407964278;-18,8612253266302;2,68199219822906;1,52838389719892;1,55555567096163;0,906735395569924;0,505569093294629;0,505568510213577;0,542423295383888;0,645128743653648;0,999999654320567;0,839312184375599;0,686365732674007;0,484882772849465;0,338111817657018;-2,15412013791303;-2,42226812127019;-2,55906686800296;-3,10311669832069;-3,99474654545801;-3,97671217514574;-3,35263255597489;-2,70563138978424;-2,14672192447882;-1,19499808741355;-1,84815310840112;-2,22452115757888;-2,90058670842152;-5,11453698104553;-5,02170503837136;-4,05149685492326;-3,42456171028843;-2,69556160947629;0,0719810978515742;0,0157773726842686;0,0505370955583641;0,0170367760222954;0,0271365841219972;0,00815598019131003;0,0102300072942366;0,0079209892374245;-1,5410612850862733;-3;1;1;1;-3;-3;1;1;0,72761625713821343;-11215,5013640344;NA;All
3660;1,89389554888044;2,77668417838003;2,33533711420516;2,68774121246616;2,72309010659783;2,29408906685468;2,47326676471914;2,24097751517347;2,55320778110794;2,07780597554461;1,87229485914894;1,63386438152965;1,4456112889373;1,22448001849554;1,57391116751393;1,72268738934523;1,88268488418809;1,51541495520003;2,0105765664805;1,66769611430012;-21,1792549398174;-4,18947293818984;-6,65286241433163;-7,1809515973989;-5,54687814313434;-5,65488769770684;-9,8092163636125;-12,4411986438902;-5,52180832075962;-13,2792363051043;-11,5843475719452;-18,3650380350894;-25,6680975326532;-25,1712093050069;-26,5444579296166;-15,5048909875234;-16,7391415748164;-20,2654847460006;-14,0704407964278;-18,8612253266302;2,68199219822906;1,52838389719892;1,55555567096163;0,906735395569924;0,505569093294629;0,505568510213577;0,542423295383888;0,645128743653648;0,999999654320567;0,839312184375599;0,686365732674007;0,484882772849465;0,338111817657018;-2,15412013791303;-2,42226812127019;-2,55906686800296;-3,10311669832069;-3,99474654545801;-3,97671217514574;-3,35263255597489;-2,70563138978424;-2,14672192447882;-1,19499808741355;-1,84815310840112;-2,22452115757888;-2,90058670842152;-5,11453698104553;-5,02170503837136;-4,05149685492326;-3,42456171028843;-2,69556160947629;0,0719810978515742;0,0157773726842686;0,0505370955583641;0,0170367760222954;0,0271365841219972;0,00815598019131003;0,0102300072942366;0,0079209892374245;-1,4068578134734984;-3;1;1;1;-3;-3;1;1;0,34575807955487281;-11215,2911531132;NA;All
3670;1,89389554888044;2,77668417838003;2,33533711420516;2,68774121246616;2,72309010659783;2,29408906685468;2,47326676471914;2,24097751517347;2,55320778110794;2,07780597554461;1,87229485914894;1,63386438152965;1,4456112889373;1,22448001849554;1,57391116751393;1,72268738934523;1,88268488418809;1,51541495520003;2,0105765664805;1,66769611430012;-21,1792549398174;-4,18947293818984;-6,65286241433163;-7,1809515973989;-5,54687814313434;-5,65488769770684;-9,8092163636125;-12,4411986438902;-5,52180832075962;-13,2792363051043;-11,5843475719452;-18,3650380350894;-25,6680975326532;-25,1712093050069;-26,5444579296166;-15,5048909875234;-16,7391415748164;-20,2654847460006;-14,0704407964278;-18,8612253266302;2,68199219822906;1,52838389719892;1,55555567096163;0,906735395569924;0,505569093294629;0,505568510213577;0,542423295383888;0,645128743653648;0,999999654320567;0,839312184375599;0,686365732674007;0,484882772849465;0,338111817657018;-2,15412013791303;-2,42226812127019;-2,55906686800296;-3,10311669832069;-3,99474654545801;-3,97671217514574;-3,35263255597489;-2,70563138978424;-2,14672192447882;-1,19499808741355;-1,84815310840112;-2,22452115757888;-2,90058670842152;-5,11453698104553;-5,02170503837136;-4,05149685492326;-3,42456171028843;-2,69556160947629;0,0719810978515742;0,0157773726842686;0,0505370955583641;0,0170367760222954;0,0271365841219972;0,00815598019131003;0,0102300072942366;0,0079209892374245;-1,9954341392428985;-3;1;1;1;-3;-3;1;1;0,46285268496164850;-11215,1442150253;NA;All
3680;1,89389554888044;2,77668417838003;2,33533711420516;2,68774121246616;2,72309010659783;2,29408906685468;2,47326676471914;2,24097751517347;2,55320778110794;2,07780597554461;1,87229485914894;1,63386438152965;1,4456112889373;1,22448001849554;1,57391116751393;1,72268738934523;1,88268488418809;1,51541495520003;2,0105765664805;1,66769611430012;-21,1792549398174;-4,18947293818984;-6,65286241433163;-7,1809515973989;-5,54687814313434;-5,65488769770684;-9,8092163636125;-12,4411986438902;-5,52180832075962;-13,2792363051043;-11,5843475719452;-18,3650380350894;-25,6680975326532;-25,1712093050069;-26,5444579296166;-15,5048909875234;-16,7391415748164;-20,2654847460006;-14,0704407964278;-18,8612253266302;2,68199219822906;1,52838389719892;1,55555567096163;0,906735395569924;0,505569093294629;0,505568510213577;0,542423295383888;0,645128743653648;0,999999654320567;0,839312184375599;0,686365732674007;0,484882772849465;0,338111817657018;-2,15412013791303;-2,42226812127019;-2,55906686800296;-3,10311669832069;-3,99474654545801;-3,97671217514574;-3,35263255597489;-2,70563138978424;-2,14672192447882;-1,19499808741355;-1,84815310840112;-2,22452115757888;-2,90058670842152;-5,11453698104553;-5,02170503837136;-4,05149685492326;-3,42456171028843;-2,69556160947629;0,0719810978515742;0,0157773726842686;0,0505370955583641;0,0170367760222954;0,0271365841219972;0,00815598019131003;0,0102300072942366;0,0079209892374245;-1,8776099010056728;-3;1;1;1;-3;-3;1;1;0,56130466279261826;-11215,0926884019;NA;All
3690;1,89389554888044;2,77668417838003;2,33533711420516;2,68774121246616;2,72309010659783;2,29408906685468;2,47326676471914;2,24097751517347;2,55320778110794;2,07780597554461;1,87229485914894;1,63386438152965;1,4456112889373;1,22448001849554;1,57391116751393;1,72268738934523;1,88268488418809;1,51541495520003;2,0105765664805;1,66769611430012;-21,1792549398174;-4,18947293818984;-6,65286241433163;-7,1809515973989;-5,54687814313434;-5,65488769770684;-9,8092163636125;-12,4411986438902;-5,52180832075962;-13,2792363051043;-11,5843475719452;-18,3650380350894;-25,6680975326532;-25,1712093050069;-26,5444579296166;-15,5048909875234;-16,7391415748164;-20,2654847460006;-14,0704407964278;-18,8612253266302;2,68199219822906;1,52838389719892;1,55555567096163;0,906735395569924;0,505569093294629;0,505568510213577;0,542423295383888;0,645128743653648;0,999999654320567;0,839312184375599;0,686365732674007;0,484882772849465;0,338111817657018;-2,15412013791303;-2,42226812127019;-2,55906686800296;-3,10311669832069;-3,99474654545801;-3,97671217514574;-3,35263255597489;-2,70563138978424;-2,14672192447882;-1,19499808741355;-1,84815310840112;-2,22452115757888;-2,90058670842152;-5,11453698104553;-5,02170503837136;-4,05149685492326;-3,42456171028843;-2,69556160947629;0,0719810978515742;0,0157773726842686;0,0505370955583641;0,0170367760222954;0,0271365841219972;0,00815598019131003;0,0102300072942366;0,0079209892374245;-3,0523530003962991;-3;1;1;1;-3;-3;1;1;0,69556364263658177;-11215,3062386613;NA;All
3700;1,89389554888044;2,77668417838003;2,33533711420516;2,68774121246616;2,72309010659783;2,29408906685468;2,47326676471914;2,24097751517347;2,55320778110794;2,07780597554461;1,87229485914894;1,63386438152965;1,4456112889373;1,22448001849554;1,57391116751393;1,72268738934523;1,88268488418809;1,51541495520003;2,0105765664805;1,66769611430012;-21,1792549398174;-4,18947293818984;-6,65286241433163;-7,1809515973989;-5,54687814313434;-5,65488769770684;-9,8092163636125;-12,4411986438902;-5,52180832075962;-13,2792363051043;-11,5843475719452;-18,3650380350894;-25,6680975326532;-25,1712093050069;-26,5444579296166;-15,5048909875234;-16,7391415748164;-20,2654847460006;-14,0704407964278;-18,8612253266302;2,68199219822906;1,52838389719892;1,55555567096163;0,906735395569924;0,505569093294629;0,505568510213577;0,542423295383888;0,645128743653648;0,999999654320567;0,839312184375599;0,686365732674007;0,484882772849465;0,338111817657018;-2,15412013791303;-2,42226812127019;-2,55906686800296;-3,10311669832069;-3,99474654545801;-3,97671217514574;-3,35263255597489;-2,70563138978424;-2,14672192447882;-1,19499808741355;-1,84815310840112;-2,22452115757888;-2,90058670842152;-5,11453698104553;-5,02170503837136;-4,05149685492326;-3,42456171028843;-2,69556160947629;0,0719810978515742;0,0157773726842686;0,0505370955583641;0,0170367760222954;0,0271365841219972;0,00815598019131003;0,0102300072942366;0,0079209892374245;-3,3203290709287923;-3;1;1;1;-3;-3;1;1;0,24623703118590143;-11216,3730145198;NA;All
3710;1,89389554888044;2,77668417838003;2,33533711420516;2,68774121246616;2,72309010659783;2,29408906685468;2,47326676471914;2,24097751517347;2,55320778110794;2,07780597554461;1,87229485914894;1,63386438152965;1,4456112889373;1,22448001849554;1,57391116751393;1,72268738934523;1,88268488418809;1,51541495520003;2,0105765664805;1,66769611430012;-21,1792549398174;-4,18947293818984;-6,65286241433163;-7,1809515973989;-5,54687814313434;-5,65488769770684;-9,8092163636125;-12,4411986438902;-5,52180832075962;-13,2792363051043;-11,5843475719452;-18,3650380350894;-25,6680975326532;-25,1712093050069;-26,5444579296166;-15,5048909875234;-16,7391415748164;-20,2654847460006;-14,0704407964278;-18,8612253266302;2,68199219822906;1,52838389719892;1,55555567096163;0,906735395569924;0,505569093294629;0,505568510213577;0,542423295383888;0,645128743653648;0,999999654320567;0,839312184375599;0,686365732674007;0,484882772849465;0,338111817657018;-2,15412013791303;-2,42226812127019;-2,55906686800296;-3,10311669832069;-3,99474654545801;-3,97671217514574;-3,35263255597489;-2,70563138978424;-2,14672192447882;-1,19499808741355;-1,84815310840112;-2,22452115757888;-2,90058670842152;-5,11453698104553;-5,02170503837136;-4,05149685492326;-3,42456171028843;-2,69556160947629;0,0719810978515742;0,0157773726842686;0,0505370955583641;0,0170367760222954;0,0271365841219972;0,00815598019131003;0,0102300072942366;0,0079209892374245;-1,5601221441181743;-3;1;1;1;-3;-3;1;1;0,39949289832580526;-11215,1954658478;NA;All
3720;1,89389554888044;2,77668417838003;2,33533711420516;2,68774121246616;2,72309010659783;2,29408906685468;2,47326676471914;2,24097751517347;2,55320778110794;2,07780597554461;1,87229485914894;1,63386438152965;1,4456112889373;1,22448001849554;1,57391116751393;1,72268738934523;1,88268488418809;1,51541495520003;2,0105765664805;1,66769611430012;-21,1792549398174;-4,18947293818984;-6,65286241433163;-7,1809515973989;-5,54687814313434;-5,65488769770684;-9,8092163636125;-12,4411986438902;-5,52180832075962;-13,2792363051043;-11,5843475719452;-18,3650380350894;-25,6680975326532;-25,1712093050069;-26,5444579296166;-15,5048909875234;-16,7391415748164;-20,2654847460006;-14,0704407964278;-18,8612253266302;2,68199219822906;1,52838389719892;1,55555567096163;0,906735395569924;0,505569093294629;0,505568510213577;0,542423295383888;0,645128743653648;0,999999654320567;0,839312184375599;0,686365732674007;0,484882772849465;0,338111817657018;-2,15412013791303;-2,42226812127019;-2,55906686800296;-3,10311669832069;-3,99474654545801;-3,97671217514574;-3,35263255597489;-2,70563138978424;-2,14672192447882;-1,19499808741355;-1,84815310840112;-2,22452115757888;-2,90058670842152;-5,11453698104553;-5,02170503837136;-4,05149685492326;-3,42456171028843;-2,69556160947629;0,0719810978515742;0,0157773726842686;0,0505370955583641;0,0170367760222954;0,0271365841219972;0,00815598019131003;0,0102300072942366;0,0079209892374245;-3,5874278962621422;-3;1;1;1;-3;-3;1;1;0,61909827542797347;-11215,1519721046;NA;All
3730;1,89389554888044;2,77668417838003;2,33533711420516;2,68774121246616;2,72309010659783;2,29408906685468;2,47326676471914;2,24097751517347;2,55320778110794;2,07780597554461;1,87229485914894;1,63386438152965;1,4456112889373;1,22448001849554;1,57391116751393;1,72268738934523;1,88268488418809;1,51541495520003;2,0105765664805;1,66769611430012;-21,1792549398174;-4,18947293818984;-6,65286241433163;-7,1809515973989;-5,54687814313434;-5,65488769770684;-9,8092163636125;-12,4411986438902;-5,52180832075962;-13,2792363051043;-11,5843475719452;-18,3650380350894;-25,6680975326532;-25,1712093050069;-26,5444579296166;-15,5048909875234;-16,7391415748164;-20,2654847460006;-14,0704407964278;-18,8612253266302;2,68199219822906;1,52838389719892;1,55555567096163;0,906735395569924;0,505569093294629;0,505568510213577;0,542423295383888;0,645128743653648;0,999999654320567;0,839312184375599;0,686365732674007;0,484882772849465;0,338111817657018;-2,15412013791303;-2,42226812127019;-2,55906686800296;-3,10311669832069;-3,99474654545801;-3,97671217514574;-3,35263255597489;-2,70563138978424;-2,14672192447882;-1,19499808741355;-1,84815310840112;-2,22452115757888;-2,90058670842152;-5,11453698104553;-5,02170503837136;-4,05149685492326;-3,42456171028843;-2,69556160947629;0,0719810978515742;0,0157773726842686;0,0505370955583641;0,0170367760222954;0,0271365841219972;0,00815598019131003;0,0102300072942366;0,0079209892374245;-0,5663974688951883;-3;1;1;1;-3;-3;1;1;0,04280391951502927;-11215,0618852486;NA;All
3740;1,89389554888044;2,77668417838003;2,33533711420516;2,68774121246616;2,72309010659783;2,29408906685468;2,47326676471914;2,24097751517347;2,55320778110794;2,07780597554461;1,87229485914894;1,63386438152965;1,4456112889373;1,22448001849554;1,57391116751393;1,72268738934523;1,88268488418809;1,51541495520003;2,0105765664805;1,66769611430012;-21,1792549398174;-4,18947293818984;-6,65286241433163;-7,1809515973989;-5,54687814313434;-5,65488769770684;-9,8092163636125;-12,4411986438902;-5,52180832075962;-13,2792363051043;-11,5843475719452;-18,3650380350894;-25,6680975326532;-25,1712093050069;-26,5444579296166;-15,5048909875234;-16,7391415748164;-20,2654847460006;-14,0704407964278;-18,8612253266302;2,68199219822906;1,52838389719892;1,55555567096163;0,906735395569924;0,505569093294629;0,505568510213577;0,542423295383888;0,645128743653648;0,999999654320567;0,839312184375599;0,686365732674007;0,484882772849465;0,338111817657018;-2,15412013791303;-2,42226812127019;-2,55906686800296;-3,10311669832069;-3,99474654545801;-3,97671217514574;-3,35263255597489;-2,70563138978424;-2,14672192447882;-1,19499808741355;-1,84815310840112;-2,22452115757888;-2,90058670842152;-5,11453698104553;-5,02170503837136;-4,05149685492326;-3,42456171028843;-2,69556160947629;0,0719810978515742;0,0157773726842686;0,0505370955583641;0,0170367760222954;0,0271365841219972;0,00815598019131003;0,0102300072942366;0,0079209892374245;-3,2237346778090568;-3;1;1;1;-3;-3;1;1;0,62370058920767524;-11215,1582354840;NA;All
3750;1,89389554888044;2,77668417838003;2,33533711420516;2,68774121246616;2,72309010659783;2,29408906685468;2,47326676471914;2,24097751517347;2,55320778110794;2,07780597554461;1,87229485914894;1,63386438152965;1,4456112889373;1,22448001849554;1,57391116751393;1,72268738934523;1,88268488418809;1,51541495520003;2,0105765664805;1,66769611430012;-21,1792549398174;-4,18947293818984;-6,65286241433163;-7,1809515973989;-5,54687814313434;-5,65488769770684;-9,8092163636125;-12,4411986438902;-5,52180832075962;-13,2792363051043;-11,5843475719452;-18,3650380350894;-25,6680975326532;-25,1712093050069;-26,5444579296166;-15,5048909875234;-16,7391415748164;-20,2654847460006;-14,0704407964278;-18,8612253266302;2,68199219822906;1,52838389719892;1,55555567096163;0,906735395569924;0,505569093294629;0,505568510213577;0,542423295383888;0,645128743653648;0,999999654320567;0,839312184375599;0,686365732674007;0,484882772849465;0,338111817657018;-2,15412013791303;-2,42226812127019;-2,55906686800296;-3,10311669832069;-3,99474654545801;-3,97671217514574;-3,35263255597489;-2,70563138978424;-2,14672192447882;-1,19499808741355;-1,84815310840112;-2,22452115757888;-2,90058670842152;-5,11453698104553;-5,02170503837136;-4,05149685492326;-3,42456171028843;-2,69556160947629;0,0719810978515742;0,0157773726842686;0,0505370955583641;0,0170367760222954;0,0271365841219972;0,00815598019131003;0,0102300072942366;0,0079209892374245;-2,9649092717813441;-3;1;1;1;-3;-3;1;1;0,51895991874613800;-11215,1102918925;NA;All
3760;1,89389554888044;2,77668417838003;2,33533711420516;2,68774121246616;2,72309010659783;2,29408906685468;2,47326676471914;2,24097751517347;2,55320778110794;2,07780597554461;1,87229485914894;1,63386438152965;1,4456112889373;1,22448001849554;1,57391116751393;1,72268738934523;1,88268488418809;1,51541495520003;2,0105765664805;1,66769611430012;-21,1792549398174;-4,18947293818984;-6,65286241433163;-7,1809515973989;-5,54687814313434;-5,65488769770684;-9,8092163636125;-12,4411986438902;-5,52180832075962;-13,2792363051043;-11,5843475719452;-18,3650380350894;-25,6680975326532;-25,1712093050069;-26,5444579296166;-15,5048909875234;-16,7391415748164;-20,2654847460006;-14,0704407964278;-18,8612253266302;2,68199219822906;1,52838389719892;1,55555567096163;0,906735395569924;0,505569093294629;0,505568510213577;0,542423295383888;0,645128743653648;0,999999654320567;0,839312184375599;0,686365732674007;0,484882772849465;0,338111817657018;-2,15412013791303;-2,42226812127019;-2,55906686800296;-3,10311669832069;-3,99474654545801;-3,97671217514574;-3,35263255597489;-2,70563138978424;-2,14672192447882;-1,19499808741355;-1,84815310840112;-2,22452115757888;-2,90058670842152;-5,11453698104553;-5,02170503837136;-4,05149685492326;-3,42456171028843;-2,69556160947629;0,0719810978515742;0,0157773726842686;0,0505370955583641;0,0170367760222954;0,0271365841219972;0,00815598019131003;0,0102300072942366;0,0079209892374245;-3,9148828111188583;-3;1;1;1;-3;-3;1;1;0,45764360561321887;-11215,1980893903;NA;All
3770;1,89389554888044;2,77668417838003;2,33533711420516;2,68774121246616;2,72309010659783;2,29408906685468;2,47326676471914;2,24097751517347;2,55320778110794;2,07780597554461;1,87229485914894;1,63386438152965;1,4456112889373;1,22448001849554;1,57391116751393;1,72268738934523;1,88268488418809;1,51541495520003;2,0105765664805;1,66769611430012;-21,1792549398174;-4,18947293818984;-6,65286241433163;-7,1809515973989;-5,54687814313434;-5,65488769770684;-9,8092163636125;-12,4411986438902;-5,52180832075962;-13,2792363051043;-11,5843475719452;-18,3650380350894;-25,6680975326532;-25,1712093050069;-26,5444579296166;-15,5048909875234;-16,7391415748164;-20,2654847460006;-14,0704407964278;-18,8612253266302;2,68199219822906;1,52838389719892;1,55555567096163;0,906735395569924;0,505569093294629;0,505568510213577;0,542423295383888;0,645128743653648;0,999999654320567;0,839312184375599;0,686365732674007;0,484882772849465;0,338111817657018;-2,15412013791303;-2,42226812127019;-2,55906686800296;-3,10311669832069;-3,99474654545801;-3,97671217514574;-3,35263255597489;-2,70563138978424;-2,14672192447882;-1,19499808741355;-1,84815310840112;-2,22452115757888;-2,90058670842152;-5,11453698104553;-5,02170503837136;-4,05149685492326;-3,42456171028843;-2,69556160947629;0,0719810978515742;0,0157773726842686;0,0505370955583641;0,0170367760222954;0,0271365841219972;0,00815598019131003;0,0102300072942366;0,0079209892374245;-2,6325123377375919;-3;1;1;1;-3;-3;1;1;0,39530084678340016;-11215,3694939312;NA;All
3780;1,89389554888044;2,77668417838003;2,33533711420516;2,68774121246616;2,72309010659783;2,29408906685468;2,47326676471914;2,24097751517347;2,55320778110794;2,07780597554461;1,87229485914894;1,63386438152965;1,4456112889373;1,22448001849554;1,57391116751393;1,72268738934523;1,88268488418809;1,51541495520003;2,0105765664805;1,66769611430012;-21,1792549398174;-4,18947293818984;-6,65286241433163;-7,1809515973989;-5,54687814313434;-5,65488769770684;-9,8092163636125;-12,4411986438902;-5,52180832075962;-13,2792363051043;-11,5843475719452;-18,3650380350894;-25,6680975326532;-25,1712093050069;-26,5444579296166;-15,5048909875234;-16,7391415748164;-20,2654847460006;-14,0704407964278;-18,8612253266302;2,68199219822906;1,52838389719892;1,55555567096163;0,906735395569924;0,505569093294629;0,505568510213577;0,542423295383888;0,645128743653648;0,999999654320567;0,839312184375599;0,686365732674007;0,484882772849465;0,338111817657018;-2,15412013791303;-2,42226812127019;-2,55906686800296;-3,10311669832069;-3,99474654545801;-3,97671217514574;-3,35263255597489;-2,70563138978424;-2,14672192447882;-1,19499808741355;-1,84815310840112;-2,22452115757888;-2,90058670842152;-5,11453698104553;-5,02170503837136;-4,05149685492326;-3,42456171028843;-2,69556160947629;0,0719810978515742;0,0157773726842686;0,0505370955583641;0,0170367760222954;0,0271365841219972;0,00815598019131003;0,0102300072942366;0,0079209892374245;-0,6448855250715899;-3;1;1;1;-3;-3;1;1;0,40486737357280606;-11215,1892754600;NA;All
3790;1,89389554888044;2,77668417838003;2,33533711420516;2,68774121246616;2,72309010659783;2,29408906685468;2,47326676471914;2,24097751517347;2,55320778110794;2,07780597554461;1,87229485914894;1,63386438152965;1,4456112889373;1,22448001849554;1,57391116751393;1,72268738934523;1,88268488418809;1,51541495520003;2,0105765664805;1,66769611430012;-21,1792549398174;-4,18947293818984;-6,65286241433163;-7,1809515973989;-5,54687814313434;-5,65488769770684;-9,8092163636125;-12,4411986438902;-5,52180832075962;-13,2792363051043;-11,5843475719452;-18,3650380350894;-25,6680975326532;-25,1712093050069;-26,5444579296166;-15,5048909875234;-16,7391415748164;-20,2654847460006;-14,0704407964278;-18,8612253266302;2,68199219822906;1,52838389719892;1,55555567096163;0,906735395569924;0,505569093294629;0,505568510213577;0,542423295383888;0,645128743653648;0,999999654320567;0,839312184375599;0,686365732674007;0,484882772849465;0,338111817657018;-2,15412013791303;-2,42226812127019;-2,55906686800296;-3,10311669832069;-3,99474654545801;-3,97671217514574;-3,35263255597489;-2,70563138978424;-2,14672192447882;-1,19499808741355;-1,84815310840112;-2,22452115757888;-2,90058670842152;-5,11453698104553;-5,02170503837136;-4,05149685492326;-3,42456171028843;-2,69556160947629;0,0719810978515742;0,0157773726842686;0,0505370955583641;0,0170367760222954;0,0271365841219972;0,00815598019131003;0,0102300072942366;0,0079209892374245;-3,7277790033651734;-3;1;1;1;-3;-3;1;1;0,56699755061598933;-11215,1067006721;NA;All
3800;1,89389554888044;2,77668417838003;2,33533711420516;2,68774121246616;2,72309010659783;2,29408906685468;2,47326676471914;2,24097751517347;2,55320778110794;2,07780597554461;1,87229485914894;1,63386438152965;1,4456112889373;1,22448001849554;1,57391116751393;1,72268738934523;1,88268488418809;1,51541495520003;2,0105765664805;1,66769611430012;-21,1792549398174;-4,18947293818984;-6,65286241433163;-7,1809515973989;-5,54687814313434;-5,65488769770684;-9,8092163636125;-12,4411986438902;-5,52180832075962;-13,2792363051043;-11,5843475719452;-18,3650380350894;-25,6680975326532;-25,1712093050069;-26,5444579296166;-15,5048909875234;-16,7391415748164;-20,2654847460006;-14,0704407964278;-18,8612253266302;2,68199219822906;1,52838389719892;1,55555567096163;0,906735395569924;0,505569093294629;0,505568510213577;0,542423295383888;0,645128743653648;0,999999654320567;0,839312184375599;0,686365732674007;0,484882772849465;0,338111817657018;-2,15412013791303;-2,42226812127019;-2,55906686800296;-3,10311669832069;-3,99474654545801;-3,97671217514574;-3,35263255597489;-2,70563138978424;-2,14672192447882;-1,19499808741355;-1,84815310840112;-2,22452115757888;-2,90058670842152;-5,11453698104553;-5,02170503837136;-4,05149685492326;-3,42456171028843;-2,69556160947629;0,0719810978515742;0,0157773726842686;0,0505370955583641;0,0170367760222954;0,0271365841219972;0,00815598019131003;0,0102300072942366;0,0079209892374245;-2,0505748665172279;-3;1;1;1;-3;-3;1;1;0,38498949833290824;-11215,3602330076;NA;All
3810;1,89389554888044;2,77668417838003;2,33533711420516;2,68774121246616;2,72309010659783;2,29408906685468;2,47326676471914;2,24097751517347;2,55320778110794;2,07780597554461;1,87229485914894;1,63386438152965;1,4456112889373;1,22448001849554;1,57391116751393;1,72268738934523;1,88268488418809;1,51541495520003;2,0105765664805;1,66769611430012;-21,1792549398174;-4,18947293818984;-6,65286241433163;-7,1809515973989;-5,54687814313434;-5,65488769770684;-9,8092163636125;-12,4411986438902;-5,52180832075962;-13,2792363051043;-11,5843475719452;-18,3650380350894;-25,6680975326532;-25,1712093050069;-26,5444579296166;-15,5048909875234;-16,7391415748164;-20,2654847460006;-14,0704407964278;-18,8612253266302;2,68199219822906;1,52838389719892;1,55555567096163;0,906735395569924;0,505569093294629;0,505568510213577;0,542423295383888;0,645128743653648;0,999999654320567;0,839312184375599;0,686365732674007;0,484882772849465;0,338111817657018;-2,15412013791303;-2,42226812127019;-2,55906686800296;-3,10311669832069;-3,99474654545801;-3,97671217514574;-3,35263255597489;-2,70563138978424;-2,14672192447882;-1,19499808741355;-1,84815310840112;-2,22452115757888;-2,90058670842152;-5,11453698104553;-5,02170503837136;-4,05149685492326;-3,42456171028843;-2,69556160947629;0,0719810978515742;0,0157773726842686;0,0505370955583641;0,0170367760222954;0,0271365841219972;0,00815598019131003;0,0102300072942366;0,0079209892374245;-1,6312132696323709;-3;1;1;1;-3;-3;1;1;0,78056740680991477;-11215,6881521602;NA;All
3820;1,89389554888044;2,77668417838003;2,33533711420516;2,68774121246616;2,72309010659783;2,29408906685468;2,47326676471914;2,24097751517347;2,55320778110794;2,07780597554461;1,87229485914894;1,63386438152965;1,4456112889373;1,22448001849554;1,57391116751393;1,72268738934523;1,88268488418809;1,51541495520003;2,0105765664805;1,66769611430012;-21,1792549398174;-4,18947293818984;-6,65286241433163;-7,1809515973989;-5,54687814313434;-5,65488769770684;-9,8092163636125;-12,4411986438902;-5,52180832075962;-13,2792363051043;-11,5843475719452;-18,3650380350894;-25,6680975326532;-25,1712093050069;-26,5444579296166;-15,5048909875234;-16,7391415748164;-20,2654847460006;-14,0704407964278;-18,8612253266302;2,68199219822906;1,52838389719892;1,55555567096163;0,906735395569924;0,505569093294629;0,505568510213577;0,542423295383888;0,645128743653648;0,999999654320567;0,839312184375599;0,686365732674007;0,484882772849465;0,338111817657018;-2,15412013791303;-2,42226812127019;-2,55906686800296;-3,10311669832069;-3,99474654545801;-3,97671217514574;-3,35263255597489;-2,70563138978424;-2,14672192447882;-1,19499808741355;-1,84815310840112;-2,22452115757888;-2,90058670842152;-5,11453698104553;-5,02170503837136;-4,05149685492326;-3,42456171028843;-2,69556160947629;0,0719810978515742;0,0157773726842686;0,0505370955583641;0,0170367760222954;0,0271365841219972;0,00815598019131003;0,0102300072942366;0,0079209892374245;-3,1732274313784563;-3;1;1;1;-3;-3;1;1;0,68862973927696547;-11215,2890306899;NA;All
3830;1,89389554888044;2,77668417838003;2,33533711420516;2,68774121246616;2,72309010659783;2,29408906685468;2,47326676471914;2,24097751517347;2,55320778110794;2,07780597554461;1,87229485914894;1,63386438152965;1,4456112889373;1,22448001849554;1,57391116751393;1,72268738934523;1,88268488418809;1,51541495520003;2,0105765664805;1,66769611430012;-21,1792549398174;-4,18947293818984;-6,65286241433163;-7,1809515973989;-5,54687814313434;-5,65488769770684;-9,8092163636125;-12,4411986438902;-5,52180832075962;-13,2792363051043;-11,5843475719452;-18,3650380350894;-25,6680975326532;-25,1712093050069;-26,5444579296166;-15,5048909875234;-16,7391415748164;-20,2654847460006;-14,0704407964278;-18,8612253266302;2,68199219822906;1,52838389719892;1,55555567096163;0,906735395569924;0,505569093294629;0,505568510213577;0,542423295383888;0,645128743653648;0,999999654320567;0,839312184375599;0,686365732674007;0,484882772849465;0,338111817657018;-2,15412013791303;-2,42226812127019;-2,55906686800296;-3,10311669832069;-3,99474654545801;-3,97671217514574;-3,35263255597489;-2,70563138978424;-2,14672192447882;-1,19499808741355;-1,84815310840112;-2,22452115757888;-2,90058670842152;-5,11453698104553;-5,02170503837136;-4,05149685492326;-3,42456171028843;-2,69556160947629;0,0719810978515742;0,0157773726842686;0,0505370955583641;0,0170367760222954;0,0271365841219972;0,00815598019131003;0,0102300072942366;0,0079209892374245;-1,6537570130823709;-3;1;1;1;-3;-3;1;1;0,69295229305245931;-11215,3595856425;NA;All
3840;1,89389554888044;2,77668417838003;2,33533711420516;2,68774121246616;2,72309010659783;2,29408906685468;2,47326676471914;2,24097751517347;2,55320778110794;2,07780597554461;1,87229485914894;1,63386438152965;1,4456112889373;1,22448001849554;1,57391116751393;1,72268738934523;1,88268488418809;1,51541495520003;2,0105765664805;1,66769611430012;-21,1792549398174;-4,18947293818984;-6,65286241433163;-7,1809515973989;-5,54687814313434;-5,65488769770684;-9,8092163636125;-12,4411986438902;-5,52180832075962;-13,2792363051043;-11,5843475719452;-18,3650380350894;-25,6680975326532;-25,1712093050069;-26,5444579296166;-15,5048909875234;-16,7391415748164;-20,2654847460006;-14,0704407964278;-18,8612253266302;2,68199219822906;1,52838389719892;1,55555567096163;0,906735395569924;0,505569093294629;0,505568510213577;0,542423295383888;0,645128743653648;0,999999654320567;0,839312184375599;0,686365732674007;0,484882772849465;0,338111817657018;-2,15412013791303;-2,42226812127019;-2,55906686800296;-3,10311669832069;-3,99474654545801;-3,97671217514574;-3,35263255597489;-2,70563138978424;-2,14672192447882;-1,19499808741355;-1,84815310840112;-2,22452115757888;-2,90058670842152;-5,11453698104553;-5,02170503837136;-4,05149685492326;-3,42456171028843;-2,69556160947629;0,0719810978515742;0,0157773726842686;0,0505370955583641;0,0170367760222954;0,0271365841219972;0,00815598019131003;0,0102300072942366;0,0079209892374245;-0,2507874141869174;-3;1;1;1;-3;-3;1;1;0,08496111078832308;-11215,7059751236;NA;All
3850;1,89389554888044;2,77668417838003;2,33533711420516;2,68774121246616;2,72309010659783;2,29408906685468;2,47326676471914;2,24097751517347;2,55320778110794;2,07780597554461;1,87229485914894;1,63386438152965;1,4456112889373;1,22448001849554;1,57391116751393;1,72268738934523;1,88268488418809;1,51541495520003;2,0105765664805;1,66769611430012;-21,1792549398174;-4,18947293818984;-6,65286241433163;-7,1809515973989;-5,54687814313434;-5,65488769770684;-9,8092163636125;-12,4411986438902;-5,52180832075962;-13,2792363051043;-11,5843475719452;-18,3650380350894;-25,6680975326532;-25,1712093050069;-26,5444579296166;-15,5048909875234;-16,7391415748164;-20,2654847460006;-14,0704407964278;-18,8612253266302;2,68199219822906;1,52838389719892;1,55555567096163;0,906735395569924;0,505569093294629;0,505568510213577;0,542423295383888;0,645128743653648;0,999999654320567;0,839312184375599;0,686365732674007;0,484882772849465;0,338111817657018;-2,15412013791303;-2,42226812127019;-2,55906686800296;-3,10311669832069;-3,99474654545801;-3,97671217514574;-3,35263255597489;-2,70563138978424;-2,14672192447882;-1,19499808741355;-1,84815310840112;-2,22452115757888;-2,90058670842152;-5,11453698104553;-5,02170503837136;-4,05149685492326;-3,42456171028843;-2,69556160947629;0,0719810978515742;0,0157773726842686;0,0505370955583641;0,0170367760222954;0,0271365841219972;0,00815598019131003;0,0102300072942366;0,0079209892374245;-2,8363918440627289;-3;1;1;1;-3;-3;1;1;0,22356969292930984;-11216,5918981880;NA;All
3860;1,89389554888044;2,77668417838003;2,33533711420516;2,68774121246616;2,72309010659783;2,29408906685468;2,47326676471914;2,24097751517347;2,55320778110794;2,07780597554461;1,87229485914894;1,63386438152965;1,4456112889373;1,22448001849554;1,57391116751393;1,72268738934523;1,88268488418809;1,51541495520003;2,0105765664805;1,66769611430012;-21,1792549398174;-4,18947293818984;-6,65286241433163;-7,1809515973989;-5,54687814313434;-5,65488769770684;-9,8092163636125;-12,4411986438902;-5,52180832075962;-13,2792363051043;-11,5843475719452;-18,3650380350894;-25,6680975326532;-25,1712093050069;-26,5444579296166;-15,5048909875234;-16,7391415748164;-20,2654847460006;-14,0704407964278;-18,8612253266302;2,68199219822906;1,52838389719892;1,55555567096163;0,906735395569924;0,505569093294629;0,505568510213577;0,542423295383888;0,645128743653648;0,999999654320567;0,839312184375599;0,686365732674007;0,484882772849465;0,338111817657018;-2,15412013791303;-2,42226812127019;-2,55906686800296;-3,10311669832069;-3,99474654545801;-3,97671217514574;-3,35263255597489;-2,70563138978424;-2,14672192447882;-1,19499808741355;-1,84815310840112;-2,22452115757888;-2,90058670842152;-5,11453698104553;-5,02170503837136;-4,05149685492326;-3,42456171028843;-2,69556160947629;0,0719810978515742;0,0157773726842686;0,0505370955583641;0,0170367760222954;0,0271365841219972;0,00815598019131003;0,0102300072942366;0,0079209892374245;-2,8765411056609822;-3;1;1;1;-3;-3;1;1;0,62796722864853827;-11215,1660568531;NA;All
3870;1,89389554888044;2,77668417838003;2,33533711420516;2,68774121246616;2,72309010659783;2,29408906685468;2,47326676471914;2,24097751517347;2,55320778110794;2,07780597554461;1,87229485914894;1,63386438152965;1,4456112889373;1,22448001849554;1,57391116751393;1,72268738934523;1,88268488418809;1,51541495520003;2,0105765664805;1,66769611430012;-21,1792549398174;-4,18947293818984;-6,65286241433163;-7,1809515973989;-5,54687814313434;-5,65488769770684;-9,8092163636125;-12,4411986438902;-5,52180832075962;-13,2792363051043;-11,5843475719452;-18,3650380350894;-25,6680975326532;-25,1712093050069;-26,5444579296166;-15,5048909875234;-16,7391415748164;-20,2654847460006;-14,0704407964278;-18,8612253266302;2,68199219822906;1,52838389719892;1,55555567096163;0,906735395569924;0,505569093294629;0,505568510213577;0,542423295383888;0,645128743653648;0,999999654320567;0,839312184375599;0,686365732674007;0,484882772849465;0,338111817657018;-2,15412013791303;-2,42226812127019;-2,55906686800296;-3,10311669832069;-3,99474654545801;-3,97671217514574;-3,35263255597489;-2,70563138978424;-2,14672192447882;-1,19499808741355;-1,84815310840112;-2,22452115757888;-2,90058670842152;-5,11453698104553;-5,02170503837136;-4,05149685492326;-3,42456171028843;-2,69556160947629;0,0719810978515742;0,0157773726842686;0,0505370955583641;0,0170367760222954;0,0271365841219972;0,00815598019131003;0,0102300072942366;0,0079209892374245;-0,7994223459216176;-3;1;1;1;-3;-3;1;1;0,41733060274534928;-11215,0196187860;NA;All
3880;1,89389554888044;2,77668417838003;2,33533711420516;2,68774121246616;2,72309010659783;2,29408906685468;2,47326676471914;2,24097751517347;2,55320778110794;2,07780597554461;1,87229485914894;1,63386438152965;1,4456112889373;1,22448001849554;1,57391116751393;1,72268738934523;1,88268488418809;1,51541495520003;2,0105765664805;1,66769611430012;-21,1792549398174;-4,18947293818984;-6,65286241433163;-7,1809515973989;-5,54687814313434;-5,65488769770684;-9,8092163636125;-12,4411986438902;-5,52180832075962;-13,2792363051043;-11,5843475719452;-18,3650380350894;-25,6680975326532;-25,1712093050069;-26,5444579296166;-15,5048909875234;-16,7391415748164;-20,2654847460006;-14,0704407964278;-18,8612253266302;2,68199219822906;1,52838389719892;1,55555567096163;0,906735395569924;0,505569093294629;0,505568510213577;0,542423295383888;0,645128743653648;0,999999654320567;0,839312184375599;0,686365732674007;0,484882772849465;0,338111817657018;-2,15412013791303;-2,42226812127019;-2,55906686800296;-3,10311669832069;-3,99474654545801;-3,97671217514574;-3,35263255597489;-2,70563138978424;-2,14672192447882;-1,19499808741355;-1,84815310840112;-2,22452115757888;-2,90058670842152;-5,11453698104553;-5,02170503837136;-4,05149685492326;-3,42456171028843;-2,69556160947629;0,0719810978515742;0,0157773726842686;0,0505370955583641;0,0170367760222954;0,0271365841219972;0,00815598019131003;0,0102300072942366;0,0079209892374245;-1,1597201712915779;-3;1;1;1;-3;-3;1;1;0,56628636019569611;-11215,1452941900;NA;All
3890;1,89389554888044;2,77668417838003;2,33533711420516;2,68774121246616;2,72309010659783;2,29408906685468;2,47326676471914;2,24097751517347;2,55320778110794;2,07780597554461;1,87229485914894;1,63386438152965;1,4456112889373;1,22448001849554;1,57391116751393;1,72268738934523;1,88268488418809;1,51541495520003;2,0105765664805;1,66769611430012;-21,1792549398174;-4,18947293818984;-6,65286241433163;-7,1809515973989;-5,54687814313434;-5,65488769770684;-9,8092163636125;-12,4411986438902;-5,52180832075962;-13,2792363051043;-11,5843475719452;-18,3650380350894;-25,6680975326532;-25,1712093050069;-26,5444579296166;-15,5048909875234;-16,7391415748164;-20,2654847460006;-14,0704407964278;-18,8612253266302;2,68199219822906;1,52838389719892;1,55555567096163;0,906735395569924;0,505569093294629;0,505568510213577;0,542423295383888;0,645128743653648;0,999999654320567;0,839312184375599;0,686365732674007;0,484882772849465;0,338111817657018;-2,15412013791303;-2,42226812127019;-2,55906686800296;-3,10311669832069;-3,99474654545801;-3,97671217514574;-3,35263255597489;-2,70563138978424;-2,14672192447882;-1,19499808741355;-1,84815310840112;-2,22452115757888;-2,90058670842152;-5,11453698104553;-5,02170503837136;-4,05149685492326;-3,42456171028843;-2,69556160947629;0,0719810978515742;0,0157773726842686;0,0505370955583641;0,0170367760222954;0,0271365841219972;0,00815598019131003;0,0102300072942366;0,0079209892374245;-1,5374317413369665;-3;1;1;1;-3;-3;1;1;0,63771525724681954;-11215,2255797018;NA;All
3900;1,89389554888044;2,77668417838003;2,33533711420516;2,68774121246616;2,72309010659783;2,29408906685468;2,47326676471914;2,24097751517347;2,55320778110794;2,07780597554461;1,87229485914894;1,63386438152965;1,4456112889373;1,22448001849554;1,57391116751393;1,72268738934523;1,88268488418809;1,51541495520003;2,0105765664805;1,66769611430012;-21,1792549398174;-4,18947293818984;-6,65286241433163;-7,1809515973989;-5,54687814313434;-5,65488769770684;-9,8092163636125;-12,4411986438902;-5,52180832075962;-13,2792363051043;-11,5843475719452;-18,3650380350894;-25,6680975326532;-25,1712093050069;-26,5444579296166;-15,5048909875234;-16,7391415748164;-20,2654847460006;-14,0704407964278;-18,8612253266302;2,68199219822906;1,52838389719892;1,55555567096163;0,906735395569924;0,505569093294629;0,505568510213577;0,542423295383888;0,645128743653648;0,999999654320567;0,839312184375599;0,686365732674007;0,484882772849465;0,338111817657018;-2,15412013791303;-2,42226812127019;-2,55906686800296;-3,10311669832069;-3,99474654545801;-3,97671217514574;-3,35263255597489;-2,70563138978424;-2,14672192447882;-1,19499808741355;-1,84815310840112;-2,22452115757888;-2,90058670842152;-5,11453698104553;-5,02170503837136;-4,05149685492326;-3,42456171028843;-2,69556160947629;0,0719810978515742;0,0157773726842686;0,0505370955583641;0,0170367760222954;0,0271365841219972;0,00815598019131003;0,0102300072942366;0,0079209892374245;-1,6552073403293537;-3;1;1;1;-3;-3;1;1;0,81501470816309107;-11215,8348750675;NA;All
3910;1,89389554888044;2,77668417838003;2,33533711420516;2,68774121246616;2,72309010659783;2,29408906685468;2,47326676471914;2,24097751517347;2,55320778110794;2,07780597554461;1,87229485914894;1,63386438152965;1,4456112889373;1,22448001849554;1,57391116751393;1,72268738934523;1,88268488418809;1,51541495520003;2,0105765664805;1,66769611430012;-21,1792549398174;-4,18947293818984;-6,65286241433163;-7,1809515973989;-5,54687814313434;-5,65488769770684;-9,8092163636125;-12,4411986438902;-5,52180832075962;-13,2792363051043;-11,5843475719452;-18,3650380350894;-25,6680975326532;-25,1712093050069;-26,5444579296166;-15,5048909875234;-16,7391415748164;-20,2654847460006;-14,0704407964278;-18,8612253266302;2,68199219822906;1,52838389719892;1,55555567096163;0,906735395569924;0,505569093294629;0,505568510213577;0,542423295383888;0,645128743653648;0,999999654320567;0,839312184375599;0,686365732674007;0,484882772849465;0,338111817657018;-2,15412013791303;-2,42226812127019;-2,55906686800296;-3,10311669832069;-3,99474654545801;-3,97671217514574;-3,35263255597489;-2,70563138978424;-2,14672192447882;-1,19499808741355;-1,84815310840112;-2,22452115757888;-2,90058670842152;-5,11453698104553;-5,02170503837136;-4,05149685492326;-3,42456171028843;-2,69556160947629;0,0719810978515742;0,0157773726842686;0,0505370955583641;0,0170367760222954;0,0271365841219972;0,00815598019131003;0,0102300072942366;0,0079209892374245;-1,8180517708901005;-3;1;1;1;-3;-3;1;1;0,27551107003028502;-11215,9045673596;NA;All
3920;1,89389554888044;2,77668417838003;2,33533711420516;2,68774121246616;2,72309010659783;2,29408906685468;2,47326676471914;2,24097751517347;2,55320778110794;2,07780597554461;1,87229485914894;1,63386438152965;1,4456112889373;1,22448001849554;1,57391116751393;1,72268738934523;1,88268488418809;1,51541495520003;2,0105765664805;1,66769611430012;-21,1792549398174;-4,18947293818984;-6,65286241433163;-7,1809515973989;-5,54687814313434;-5,65488769770684;-9,8092163636125;-12,4411986438902;-5,52180832075962;-13,2792363051043;-11,5843475719452;-18,3650380350894;-25,6680975326532;-25,1712093050069;-26,5444579296166;-15,5048909875234;-16,7391415748164;-20,2654847460006;-14,0704407964278;-18,8612253266302;2,68199219822906;1,52838389719892;1,55555567096163;0,906735395569924;0,505569093294629;0,505568510213577;0,542423295383888;0,645128743653648;0,999999654320567;0,839312184375599;0,686365732674007;0,484882772849465;0,338111817657018;-2,15412013791303;-2,42226812127019;-2,55906686800296;-3,10311669832069;-3,99474654545801;-3,97671217514574;-3,35263255597489;-2,70563138978424;-2,14672192447882;-1,19499808741355;-1,84815310840112;-2,22452115757888;-2,90058670842152;-5,11453698104553;-5,02170503837136;-4,05149685492326;-3,42456171028843;-2,69556160947629;0,0719810978515742;0,0157773726842686;0,0505370955583641;0,0170367760222954;0,0271365841219972;0,00815598019131003;0,0102300072942366;0,0079209892374245;-3,0506347535149976;-3;1;1;1;-3;-3;1;1;0,57779097386192224;-11215,1110358735;NA;All
3930;1,89389554888044;2,77668417838003;2,33533711420516;2,68774121246616;2,72309010659783;2,29408906685468;2,47326676471914;2,24097751517347;2,55320778110794;2,07780597554461;1,87229485914894;1,63386438152965;1,4456112889373;1,22448001849554;1,57391116751393;1,72268738934523;1,88268488418809;1,51541495520003;2,0105765664805;1,66769611430012;-21,1792549398174;-4,18947293818984;-6,65286241433163;-7,1809515973989;-5,54687814313434;-5,65488769770684;-9,8092163636125;-12,4411986438902;-5,52180832075962;-13,2792363051043;-11,5843475719452;-18,3650380350894;-25,6680975326532;-25,1712093050069;-26,5444579296166;-15,5048909875234;-16,7391415748164;-20,2654847460006;-14,0704407964278;-18,8612253266302;2,68199219822906;1,52838389719892;1,55555567096163;0,906735395569924;0,505569093294629;0,505568510213577;0,542423295383888;0,645128743653648;0,999999654320567;0,839312184375599;0,686365732674007;0,484882772849465;0,338111817657018;-2,15412013791303;-2,42226812127019;-2,55906686800296;-3,10311669832069;-3,99474654545801;-3,97671217514574;-3,35263255597489;-2,70563138978424;-2,14672192447882;-1,19499808741355;-1,84815310840112;-2,22452115757888;-2,90058670842152;-5,11453698104553;-5,02170503837136;-4,05149685492326;-3,42456171028843;-2,69556160947629;0,0719810978515742;0,0157773726842686;0,0505370955583641;0,0170367760222954;0,0271365841219972;0,00815598019131003;0,0102300072942366;0,0079209892374245;-3,0335501208142928;-3;1;1;1;-3;-3;1;1;0,27893818003670490;-11216,0712775451;NA;All
3940;1,89389554888044;2,77668417838003;2,33533711420516;2,68774121246616;2,72309010659783;2,29408906685468;2,47326676471914;2,24097751517347;2,55320778110794;2,07780597554461;1,87229485914894;1,63386438152965;1,4456112889373;1,22448001849554;1,57391116751393;1,72268738934523;1,88268488418809;1,51541495520003;2,0105765664805;1,66769611430012;-21,1792549398174;-4,18947293818984;-6,65286241433163;-7,1809515973989;-5,54687814313434;-5,65488769770684;-9,8092163636125;-12,4411986438902;-5,52180832075962;-13,2792363051043;-11,5843475719452;-18,3650380350894;-25,6680975326532;-25,1712093050069;-26,5444579296166;-15,5048909875234;-16,7391415748164;-20,2654847460006;-14,0704407964278;-18,8612253266302;2,68199219822906;1,52838389719892;1,55555567096163;0,906735395569924;0,505569093294629;0,505568510213577;0,542423295383888;0,645128743653648;0,999999654320567;0,839312184375599;0,686365732674007;0,484882772849465;0,338111817657018;-2,15412013791303;-2,42226812127019;-2,55906686800296;-3,10311669832069;-3,99474654545801;-3,97671217514574;-3,35263255597489;-2,70563138978424;-2,14672192447882;-1,19499808741355;-1,84815310840112;-2,22452115757888;-2,90058670842152;-5,11453698104553;-5,02170503837136;-4,05149685492326;-3,42456171028843;-2,69556160947629;0,0719810978515742;0,0157773726842686;0,0505370955583641;0,0170367760222954;0,0271365841219972;0,00815598019131003;0,0102300072942366;0,0079209892374245;-2,7882938271016569;-3;1;1;1;-3;-3;1;1;0,51548367933214367;-11215,1110923815;NA;All
3950;1,89389554888044;2,77668417838003;2,33533711420516;2,68774121246616;2,72309010659783;2,29408906685468;2,47326676471914;2,24097751517347;2,55320778110794;2,07780597554461;1,87229485914894;1,63386438152965;1,4456112889373;1,22448001849554;1,57391116751393;1,72268738934523;1,88268488418809;1,51541495520003;2,0105765664805;1,66769611430012;-21,1792549398174;-4,18947293818984;-6,65286241433163;-7,1809515973989;-5,54687814313434;-5,65488769770684;-9,8092163636125;-12,4411986438902;-5,52180832075962;-13,2792363051043;-11,5843475719452;-18,3650380350894;-25,6680975326532;-25,1712093050069;-26,5444579296166;-15,5048909875234;-16,7391415748164;-20,2654847460006;-14,0704407964278;-18,8612253266302;2,68199219822906;1,52838389719892;1,55555567096163;0,906735395569924;0,505569093294629;0,505568510213577;0,542423295383888;0,645128743653648;0,999999654320567;0,839312184375599;0,686365732674007;0,484882772849465;0,338111817657018;-2,15412013791303;-2,42226812127019;-2,55906686800296;-3,10311669832069;-3,99474654545801;-3,97671217514574;-3,35263255597489;-2,70563138978424;-2,14672192447882;-1,19499808741355;-1,84815310840112;-2,22452115757888;-2,90058670842152;-5,11453698104553;-5,02170503837136;-4,05149685492326;-3,42456171028843;-2,69556160947629;0,0719810978515742;0,0157773726842686;0,0505370955583641;0,0170367760222954;0,0271365841219972;0,00815598019131003;0,0102300072942366;0,0079209892374245;-1,0608968499983145;-3;1;1;1;-3;-3;1;1;0,61471163289915631;-11215,3326416082;NA;All
3960;1,89389554888044;2,77668417838003;2,33533711420516;2,68774121246616;2,72309010659783;2,29408906685468;2,47326676471914;2,24097751517347;2,55320778110794;2,07780597554461;1,87229485914894;1,63386438152965;1,4456112889373;1,22448001849554;1,57391116751393;1,72268738934523;1,88268488418809;1,51541495520003;2,0105765664805;1,66769611430012;-21,1792549398174;-4,18947293818984;-6,65286241433163;-7,1809515973989;-5,54687814313434;-5,65488769770684;-9,8092163636125;-12,4411986438902;-5,52180832075962;-13,2792363051043;-11,5843475719452;-18,3650380350894;-25,6680975326532;-25,1712093050069;-26,5444579296166;-15,5048909875234;-16,7391415748164;-20,2654847460006;-14,0704407964278;-18,8612253266302;2,68199219822906;1,52838389719892;1,55555567096163;0,906735395569924;0,505569093294629;0,505568510213577;0,542423295383888;0,645128743653648;0,999999654320567;0,839312184375599;0,686365732674007;0,484882772849465;0,338111817657018;-2,15412013791303;-2,42226812127019;-2,55906686800296;-3,10311669832069;-3,99474654545801;-3,97671217514574;-3,35263255597489;-2,70563138978424;-2,14672192447882;-1,19499808741355;-1,84815310840112;-2,22452115757888;-2,90058670842152;-5,11453698104553;-5,02170503837136;-4,05149685492326;-3,42456171028843;-2,69556160947629;0,0719810978515742;0,0157773726842686;0,0505370955583641;0,0170367760222954;0,0271365841219972;0,00815598019131003;0,0102300072942366;0,0079209892374245;-3,6274996903601799;-3;1;1;1;-3;-3;1;1;0,36282644292292776;-11215,5290279361;NA;All
3970;1,89389554888044;2,77668417838003;2,33533711420516;2,68774121246616;2,72309010659783;2,29408906685468;2,47326676471914;2,24097751517347;2,55320778110794;2,07780597554461;1,87229485914894;1,63386438152965;1,4456112889373;1,22448001849554;1,57391116751393;1,72268738934523;1,88268488418809;1,51541495520003;2,0105765664805;1,66769611430012;-21,1792549398174;-4,18947293818984;-6,65286241433163;-7,1809515973989;-5,54687814313434;-5,65488769770684;-9,8092163636125;-12,4411986438902;-5,52180832075962;-13,2792363051043;-11,5843475719452;-18,3650380350894;-25,6680975326532;-25,1712093050069;-26,5444579296166;-15,5048909875234;-16,7391415748164;-20,2654847460006;-14,0704407964278;-18,8612253266302;2,68199219822906;1,52838389719892;1,55555567096163;0,906735395569924;0,505569093294629;0,505568510213577;0,542423295383888;0,645128743653648;0,999999654320567;0,839312184375599;0,686365732674007;0,484882772849465;0,338111817657018;-2,15412013791303;-2,42226812127019;-2,55906686800296;-3,10311669832069;-3,99474654545801;-3,97671217514574;-3,35263255597489;-2,70563138978424;-2,14672192447882;-1,19499808741355;-1,84815310840112;-2,22452115757888;-2,90058670842152;-5,11453698104553;-5,02170503837136;-4,05149685492326;-3,42456171028843;-2,69556160947629;0,0719810978515742;0,0157773726842686;0,0505370955583641;0,0170367760222954;0,0271365841219972;0,00815598019131003;0,0102300072942366;0,0079209892374245;-3,7948596765191063;-3;1;1;1;-3;-3;1;1;0,66450682497750591;-11215,2310538950;NA;All
3980;1,89389554888044;2,77668417838003;2,33533711420516;2,68774121246616;2,72309010659783;2,29408906685468;2,47326676471914;2,24097751517347;2,55320778110794;2,07780597554461;1,87229485914894;1,63386438152965;1,4456112889373;1,22448001849554;1,57391116751393;1,72268738934523;1,88268488418809;1,51541495520003;2,0105765664805;1,66769611430012;-21,1792549398174;-4,18947293818984;-6,65286241433163;-7,1809515973989;-5,54687814313434;-5,65488769770684;-9,8092163636125;-12,4411986438902;-5,52180832075962;-13,2792363051043;-11,5843475719452;-18,3650380350894;-25,6680975326532;-25,1712093050069;-26,5444579296166;-15,5048909875234;-16,7391415748164;-20,2654847460006;-14,0704407964278;-18,8612253266302;2,68199219822906;1,52838389719892;1,55555567096163;0,906735395569924;0,505569093294629;0,505568510213577;0,542423295383888;0,645128743653648;0,999999654320567;0,839312184375599;0,686365732674007;0,484882772849465;0,338111817657018;-2,15412013791303;-2,42226812127019;-2,55906686800296;-3,10311669832069;-3,99474654545801;-3,97671217514574;-3,35263255597489;-2,70563138978424;-2,14672192447882;-1,19499808741355;-1,84815310840112;-2,22452115757888;-2,90058670842152;-5,11453698104553;-5,02170503837136;-4,05149685492326;-3,42456171028843;-2,69556160947629;0,0719810978515742;0,0157773726842686;0,0505370955583641;0,0170367760222954;0,0271365841219972;0,00815598019131003;0,0102300072942366;0,0079209892374245;-1,3564268316996742;-3;1;1;1;-3;-3;1;1;1,08828298987920169;-11217,7015241122;NA;All
3990;1,89389554888044;2,77668417838003;2,33533711420516;2,68774121246616;2,72309010659783;2,29408906685468;2,47326676471914;2,24097751517347;2,55320778110794;2,07780597554461;1,87229485914894;1,63386438152965;1,4456112889373;1,22448001849554;1,57391116751393;1,72268738934523;1,88268488418809;1,51541495520003;2,0105765664805;1,66769611430012;-21,1792549398174;-4,18947293818984;-6,65286241433163;-7,1809515973989;-5,54687814313434;-5,65488769770684;-9,8092163636125;-12,4411986438902;-5,52180832075962;-13,2792363051043;-11,5843475719452;-18,3650380350894;-25,6680975326532;-25,1712093050069;-26,5444579296166;-15,5048909875234;-16,7391415748164;-20,2654847460006;-14,0704407964278;-18,8612253266302;2,68199219822906;1,52838389719892;1,55555567096163;0,906735395569924;0,505569093294629;0,505568510213577;0,542423295383888;0,645128743653648;0,999999654320567;0,839312184375599;0,686365732674007;0,484882772849465;0,338111817657018;-2,15412013791303;-2,42226812127019;-2,55906686800296;-3,10311669832069;-3,99474654545801;-3,97671217514574;-3,35263255597489;-2,70563138978424;-2,14672192447882;-1,19499808741355;-1,84815310840112;-2,22452115757888;-2,90058670842152;-5,11453698104553;-5,02170503837136;-4,05149685492326;-3,42456171028843;-2,69556160947629;0,0719810978515742;0,0157773726842686;0,0505370955583641;0,0170367760222954;0,0271365841219972;0,00815598019131003;0,0102300072942366;0,0079209892374245;-0,8059571794711469;-3;1;1;1;-3;-3;1;1;0,75567838868003634;-11216,4230938107;NA;All
4000;1,89389554888044;2,77668417838003;2,33533711420516;2,68774121246616;2,72309010659783;2,29408906685468;2,47326676471914;2,24097751517347;2,55320778110794;2,07780597554461;1,87229485914894;1,63386438152965;1,4456112889373;1,22448001849554;1,57391116751393;1,72268738934523;1,88268488418809;1,51541495520003;2,0105765664805;1,66769611430012;-21,1792549398174;-4,18947293818984;-6,65286241433163;-7,1809515973989;-5,54687814313434;-5,65488769770684;-9,8092163636125;-12,4411986438902;-5,52180832075962;-13,2792363051043;-11,5843475719452;-18,3650380350894;-25,6680975326532;-25,1712093050069;-26,5444579296166;-15,5048909875234;-16,7391415748164;-20,2654847460006;-14,0704407964278;-18,8612253266302;2,68199219822906;1,52838389719892;1,55555567096163;0,906735395569924;0,505569093294629;0,505568510213577;0,542423295383888;0,645128743653648;0,999999654320567;0,839312184375599;0,686365732674007;0,484882772849465;0,338111817657018;-2,15412013791303;-2,42226812127019;-2,55906686800296;-3,10311669832069;-3,99474654545801;-3,97671217514574;-3,35263255597489;-2,70563138978424;-2,14672192447882;-1,19499808741355;-1,84815310840112;-2,22452115757888;-2,90058670842152;-5,11453698104553;-5,02170503837136;-4,05149685492326;-3,42456171028843;-2,69556160947629;0,0719810978515742;0,0157773726842686;0,0505370955583641;0,0170367760222954;0,0271365841219972;0,00815598019131003;0,0102300072942366;0,0079209892374245;-0,4798092666445460;-3;1;1;1;-3;-3;1;1;0,73821486771582290;-11217,8898326614;NA;All
4010;1,89389554888044;2,77668417838003;2,33533711420516;2,68774121246616;2,72309010659783;2,29408906685468;2,47326676471914;2,24097751517347;2,55320778110794;2,07780597554461;1,87229485914894;1,63386438152965;1,4456112889373;1,22448001849554;1,57391116751393;1,72268738934523;1,88268488418809;1,51541495520003;2,0105765664805;1,66769611430012;-21,1792549398174;-4,18947293818984;-6,65286241433163;-7,1809515973989;-5,54687814313434;-5,65488769770684;-9,8092163636125;-12,4411986438902;-5,52180832075962;-13,2792363051043;-11,5843475719452;-18,3650380350894;-25,6680975326532;-25,1712093050069;-26,5444579296166;-15,5048909875234;-16,7391415748164;-20,2654847460006;-14,0704407964278;-18,8612253266302;2,68199219822906;1,52838389719892;1,55555567096163;0,906735395569924;0,505569093294629;0,505568510213577;0,542423295383888;0,645128743653648;0,999999654320567;0,839312184375599;0,686365732674007;0,484882772849465;0,338111817657018;-2,15412013791303;-2,42226812127019;-2,55906686800296;-3,10311669832069;-3,99474654545801;-3,97671217514574;-3,35263255597489;-2,70563138978424;-2,14672192447882;-1,19499808741355;-1,84815310840112;-2,22452115757888;-2,90058670842152;-5,11453698104553;-5,02170503837136;-4,05149685492326;-3,42456171028843;-2,69556160947629;0,0719810978515742;0,0157773726842686;0,0505370955583641;0,0170367760222954;0,0271365841219972;0,00815598019131003;0,0102300072942366;0,0079209892374245;-0,4952783359754199;-3;1;1;1;-3;-3;1;1;0,36132707716996210;-11215,4702365044;NA;All
4020;1,89389554888044;2,77668417838003;2,33533711420516;2,68774121246616;2,72309010659783;2,29408906685468;2,47326676471914;2,24097751517347;2,55320778110794;2,07780597554461;1,87229485914894;1,63386438152965;1,4456112889373;1,22448001849554;1,57391116751393;1,72268738934523;1,88268488418809;1,51541495520003;2,0105765664805;1,66769611430012;-21,1792549398174;-4,18947293818984;-6,65286241433163;-7,1809515973989;-5,54687814313434;-5,65488769770684;-9,8092163636125;-12,4411986438902;-5,52180832075962;-13,2792363051043;-11,5843475719452;-18,3650380350894;-25,6680975326532;-25,1712093050069;-26,5444579296166;-15,5048909875234;-16,7391415748164;-20,2654847460006;-14,0704407964278;-18,8612253266302;2,68199219822906;1,52838389719892;1,55555567096163;0,906735395569924;0,505569093294629;0,505568510213577;0,542423295383888;0,645128743653648;0,999999654320567;0,839312184375599;0,686365732674007;0,484882772849465;0,338111817657018;-2,15412013791303;-2,42226812127019;-2,55906686800296;-3,10311669832069;-3,99474654545801;-3,97671217514574;-3,35263255597489;-2,70563138978424;-2,14672192447882;-1,19499808741355;-1,84815310840112;-2,22452115757888;-2,90058670842152;-5,11453698104553;-5,02170503837136;-4,05149685492326;-3,42456171028843;-2,69556160947629;0,0719810978515742;0,0157773726842686;0,0505370955583641;0,0170367760222954;0,0271365841219972;0,00815598019131003;0,0102300072942366;0,0079209892374245;-0,8340859082576072;-3;1;1;1;-3;-3;1;1;0,20890919754401055;-11215,1160040695;NA;All
4030;1,89389554888044;2,77668417838003;2,33533711420516;2,68774121246616;2,72309010659783;2,29408906685468;2,47326676471914;2,24097751517347;2,55320778110794;2,07780597554461;1,87229485914894;1,63386438152965;1,4456112889373;1,22448001849554;1,57391116751393;1,72268738934523;1,88268488418809;1,51541495520003;2,0105765664805;1,66769611430012;-21,1792549398174;-4,18947293818984;-6,65286241433163;-7,1809515973989;-5,54687814313434;-5,65488769770684;-9,8092163636125;-12,4411986438902;-5,52180832075962;-13,2792363051043;-11,5843475719452;-18,3650380350894;-25,6680975326532;-25,1712093050069;-26,5444579296166;-15,5048909875234;-16,7391415748164;-20,2654847460006;-14,0704407964278;-18,8612253266302;2,68199219822906;1,52838389719892;1,55555567096163;0,906735395569924;0,505569093294629;0,505568510213577;0,542423295383888;0,645128743653648;0,999999654320567;0,839312184375599;0,686365732674007;0,484882772849465;0,338111817657018;-2,15412013791303;-2,42226812127019;-2,55906686800296;-3,10311669832069;-3,99474654545801;-3,97671217514574;-3,35263255597489;-2,70563138978424;-2,14672192447882;-1,19499808741355;-1,84815310840112;-2,22452115757888;-2,90058670842152;-5,11453698104553;-5,02170503837136;-4,05149685492326;-3,42456171028843;-2,69556160947629;0,0719810978515742;0,0157773726842686;0,0505370955583641;0,0170367760222954;0,0271365841219972;0,00815598019131003;0,0102300072942366;0,0079209892374245;-0,6434130399793853;-3;1;1;1;-3;-3;1;1;0,30962847576222879;-11214,9629390819;NA;All
4040;1,89389554888044;2,77668417838003;2,33533711420516;2,68774121246616;2,72309010659783;2,29408906685468;2,47326676471914;2,24097751517347;2,55320778110794;2,07780597554461;1,87229485914894;1,63386438152965;1,4456112889373;1,22448001849554;1,57391116751393;1,72268738934523;1,88268488418809;1,51541495520003;2,0105765664805;1,66769611430012;-21,1792549398174;-4,18947293818984;-6,65286241433163;-7,1809515973989;-5,54687814313434;-5,65488769770684;-9,8092163636125;-12,4411986438902;-5,52180832075962;-13,2792363051043;-11,5843475719452;-18,3650380350894;-25,6680975326532;-25,1712093050069;-26,5444579296166;-15,5048909875234;-16,7391415748164;-20,2654847460006;-14,0704407964278;-18,8612253266302;2,68199219822906;1,52838389719892;1,55555567096163;0,906735395569924;0,505569093294629;0,505568510213577;0,542423295383888;0,645128743653648;0,999999654320567;0,839312184375599;0,686365732674007;0,484882772849465;0,338111817657018;-2,15412013791303;-2,42226812127019;-2,55906686800296;-3,10311669832069;-3,99474654545801;-3,97671217514574;-3,35263255597489;-2,70563138978424;-2,14672192447882;-1,19499808741355;-1,84815310840112;-2,22452115757888;-2,90058670842152;-5,11453698104553;-5,02170503837136;-4,05149685492326;-3,42456171028843;-2,69556160947629;0,0719810978515742;0,0157773726842686;0,0505370955583641;0,0170367760222954;0,0271365841219972;0,00815598019131003;0,0102300072942366;0,0079209892374245;-0,3957230799750535;-3;1;1;1;-3;-3;1;1;0,19450301286443525;-11215,2634827393;NA;All
4050;1,89389554888044;2,77668417838003;2,33533711420516;2,68774121246616;2,72309010659783;2,29408906685468;2,47326676471914;2,24097751517347;2,55320778110794;2,07780597554461;1,87229485914894;1,63386438152965;1,4456112889373;1,22448001849554;1,57391116751393;1,72268738934523;1,88268488418809;1,51541495520003;2,0105765664805;1,66769611430012;-21,1792549398174;-4,18947293818984;-6,65286241433163;-7,1809515973989;-5,54687814313434;-5,65488769770684;-9,8092163636125;-12,4411986438902;-5,52180832075962;-13,2792363051043;-11,5843475719452;-18,3650380350894;-25,6680975326532;-25,1712093050069;-26,5444579296166;-15,5048909875234;-16,7391415748164;-20,2654847460006;-14,0704407964278;-18,8612253266302;2,68199219822906;1,52838389719892;1,55555567096163;0,906735395569924;0,505569093294629;0,505568510213577;0,542423295383888;0,645128743653648;0,999999654320567;0,839312184375599;0,686365732674007;0,484882772849465;0,338111817657018;-2,15412013791303;-2,42226812127019;-2,55906686800296;-3,10311669832069;-3,99474654545801;-3,97671217514574;-3,35263255597489;-2,70563138978424;-2,14672192447882;-1,19499808741355;-1,84815310840112;-2,22452115757888;-2,90058670842152;-5,11453698104553;-5,02170503837136;-4,05149685492326;-3,42456171028843;-2,69556160947629;0,0719810978515742;0,0157773726842686;0,0505370955583641;0,0170367760222954;0,0271365841219972;0,00815598019131003;0,0102300072942366;0,0079209892374245;-0,2739249087260480;-3;1;1;1;-3;-3;1;1;0,00747664126669234;-11215,2826096376;NA;All
4060;1,89389554888044;2,77668417838003;2,33533711420516;2,68774121246616;2,72309010659783;2,29408906685468;2,47326676471914;2,24097751517347;2,55320778110794;2,07780597554461;1,87229485914894;1,63386438152965;1,4456112889373;1,22448001849554;1,57391116751393;1,72268738934523;1,88268488418809;1,51541495520003;2,0105765664805;1,66769611430012;-21,1792549398174;-4,18947293818984;-6,65286241433163;-7,1809515973989;-5,54687814313434;-5,65488769770684;-9,8092163636125;-12,4411986438902;-5,52180832075962;-13,2792363051043;-11,5843475719452;-18,3650380350894;-25,6680975326532;-25,1712093050069;-26,5444579296166;-15,5048909875234;-16,7391415748164;-20,2654847460006;-14,0704407964278;-18,8612253266302;2,68199219822906;1,52838389719892;1,55555567096163;0,906735395569924;0,505569093294629;0,505568510213577;0,542423295383888;0,645128743653648;0,999999654320567;0,839312184375599;0,686365732674007;0,484882772849465;0,338111817657018;-2,15412013791303;-2,42226812127019;-2,55906686800296;-3,10311669832069;-3,99474654545801;-3,97671217514574;-3,35263255597489;-2,70563138978424;-2,14672192447882;-1,19499808741355;-1,84815310840112;-2,22452115757888;-2,90058670842152;-5,11453698104553;-5,02170503837136;-4,05149685492326;-3,42456171028843;-2,69556160947629;0,0719810978515742;0,0157773726842686;0,0505370955583641;0,0170367760222954;0,0271365841219972;0,00815598019131003;0,0102300072942366;0,0079209892374245;-0,6198801926033920;-3;1;1;1;-3;-3;1;1;0,25884437463913429;-11214,9152036786;NA;All
4070;1,89389554888044;2,77668417838003;2,33533711420516;2,68774121246616;2,72309010659783;2,29408906685468;2,47326676471914;2,24097751517347;2,55320778110794;2,07780597554461;1,87229485914894;1,63386438152965;1,4456112889373;1,22448001849554;1,57391116751393;1,72268738934523;1,88268488418809;1,51541495520003;2,0105765664805;1,66769611430012;-21,1792549398174;-4,18947293818984;-6,65286241433163;-7,1809515973989;-5,54687814313434;-5,65488769770684;-9,8092163636125;-12,4411986438902;-5,52180832075962;-13,2792363051043;-11,5843475719452;-18,3650380350894;-25,6680975326532;-25,1712093050069;-26,5444579296166;-15,5048909875234;-16,7391415748164;-20,2654847460006;-14,0704407964278;-18,8612253266302;2,68199219822906;1,52838389719892;1,55555567096163;0,906735395569924;0,505569093294629;0,505568510213577;0,542423295383888;0,645128743653648;0,999999654320567;0,839312184375599;0,686365732674007;0,484882772849465;0,338111817657018;-2,15412013791303;-2,42226812127019;-2,55906686800296;-3,10311669832069;-3,99474654545801;-3,97671217514574;-3,35263255597489;-2,70563138978424;-2,14672192447882;-1,19499808741355;-1,84815310840112;-2,22452115757888;-2,90058670842152;-5,11453698104553;-5,02170503837136;-4,05149685492326;-3,42456171028843;-2,69556160947629;0,0719810978515742;0,0157773726842686;0,0505370955583641;0,0170367760222954;0,0271365841219972;0,00815598019131003;0,0102300072942366;0,0079209892374245;-1,2409619273668555;-3;1;1;1;-3;-3;1;1;0,61854812655292379;-11215,2476038183;NA;All
4080;1,89389554888044;2,77668417838003;2,33533711420516;2,68774121246616;2,72309010659783;2,29408906685468;2,47326676471914;2,24097751517347;2,55320778110794;2,07780597554461;1,87229485914894;1,63386438152965;1,4456112889373;1,22448001849554;1,57391116751393;1,72268738934523;1,88268488418809;1,51541495520003;2,0105765664805;1,66769611430012;-21,1792549398174;-4,18947293818984;-6,65286241433163;-7,1809515973989;-5,54687814313434;-5,65488769770684;-9,8092163636125;-12,4411986438902;-5,52180832075962;-13,2792363051043;-11,5843475719452;-18,3650380350894;-25,6680975326532;-25,1712093050069;-26,5444579296166;-15,5048909875234;-16,7391415748164;-20,2654847460006;-14,0704407964278;-18,8612253266302;2,68199219822906;1,52838389719892;1,55555567096163;0,906735395569924;0,505569093294629;0,505568510213577;0,542423295383888;0,645128743653648;0,999999654320567;0,839312184375599;0,686365732674007;0,484882772849465;0,338111817657018;-2,15412013791303;-2,42226812127019;-2,55906686800296;-3,10311669832069;-3,99474654545801;-3,97671217514574;-3,35263255597489;-2,70563138978424;-2,14672192447882;-1,19499808741355;-1,84815310840112;-2,22452115757888;-2,90058670842152;-5,11453698104553;-5,02170503837136;-4,05149685492326;-3,42456171028843;-2,69556160947629;0,0719810978515742;0,0157773726842686;0,0505370955583641;0,0170367760222954;0,0271365841219972;0,00815598019131003;0,0102300072942366;0,0079209892374245;-2,8095398217563687;-3;1;1;1;-3;-3;1;1;1,11185516903722448;-11217,4680208828;NA;All
4090;1,89389554888044;2,77668417838003;2,33533711420516;2,68774121246616;2,72309010659783;2,29408906685468;2,47326676471914;2,24097751517347;2,55320778110794;2,07780597554461;1,87229485914894;1,63386438152965;1,4456112889373;1,22448001849554;1,57391116751393;1,72268738934523;1,88268488418809;1,51541495520003;2,0105765664805;1,66769611430012;-21,1792549398174;-4,18947293818984;-6,65286241433163;-7,1809515973989;-5,54687814313434;-5,65488769770684;-9,8092163636125;-12,4411986438902;-5,52180832075962;-13,2792363051043;-11,5843475719452;-18,3650380350894;-25,6680975326532;-25,1712093050069;-26,5444579296166;-15,5048909875234;-16,7391415748164;-20,2654847460006;-14,0704407964278;-18,8612253266302;2,68199219822906;1,52838389719892;1,55555567096163;0,906735395569924;0,505569093294629;0,505568510213577;0,542423295383888;0,645128743653648;0,999999654320567;0,839312184375599;0,686365732674007;0,484882772849465;0,338111817657018;-2,15412013791303;-2,42226812127019;-2,55906686800296;-3,10311669832069;-3,99474654545801;-3,97671217514574;-3,35263255597489;-2,70563138978424;-2,14672192447882;-1,19499808741355;-1,84815310840112;-2,22452115757888;-2,90058670842152;-5,11453698104553;-5,02170503837136;-4,05149685492326;-3,42456171028843;-2,69556160947629;0,0719810978515742;0,0157773726842686;0,0505370955583641;0,0170367760222954;0,0271365841219972;0,00815598019131003;0,0102300072942366;0,0079209892374245;-2,8020581890053080;-3;1;1;1;-3;-3;1;1;0,45417501779842018;-11215,1979139986;NA;All
4100;1,89389554888044;2,77668417838003;2,33533711420516;2,68774121246616;2,72309010659783;2,29408906685468;2,47326676471914;2,24097751517347;2,55320778110794;2,07780597554461;1,87229485914894;1,63386438152965;1,4456112889373;1,22448001849554;1,57391116751393;1,72268738934523;1,88268488418809;1,51541495520003;2,0105765664805;1,66769611430012;-21,1792549398174;-4,18947293818984;-6,65286241433163;-7,1809515973989;-5,54687814313434;-5,65488769770684;-9,8092163636125;-12,4411986438902;-5,52180832075962;-13,2792363051043;-11,5843475719452;-18,3650380350894;-25,6680975326532;-25,1712093050069;-26,5444579296166;-15,5048909875234;-16,7391415748164;-20,2654847460006;-14,0704407964278;-18,8612253266302;2,68199219822906;1,52838389719892;1,55555567096163;0,906735395569924;0,505569093294629;0,505568510213577;0,542423295383888;0,645128743653648;0,999999654320567;0,839312184375599;0,686365732674007;0,484882772849465;0,338111817657018;-2,15412013791303;-2,42226812127019;-2,55906686800296;-3,10311669832069;-3,99474654545801;-3,97671217514574;-3,35263255597489;-2,70563138978424;-2,14672192447882;-1,19499808741355;-1,84815310840112;-2,22452115757888;-2,90058670842152;-5,11453698104553;-5,02170503837136;-4,05149685492326;-3,42456171028843;-2,69556160947629;0,0719810978515742;0,0157773726842686;0,0505370955583641;0,0170367760222954;0,0271365841219972;0,00815598019131003;0,0102300072942366;0,0079209892374245;-2,2912158078013074;-3;1;1;1;-3;-3;1;1;1,04235917494168340;-11217,0166938114;NA;All
4110;1,89389554888044;2,77668417838003;2,33533711420516;2,68774121246616;2,72309010659783;2,29408906685468;2,47326676471914;2,24097751517347;2,55320778110794;2,07780597554461;1,87229485914894;1,63386438152965;1,4456112889373;1,22448001849554;1,57391116751393;1,72268738934523;1,88268488418809;1,51541495520003;2,0105765664805;1,66769611430012;-21,1792549398174;-4,18947293818984;-6,65286241433163;-7,1809515973989;-5,54687814313434;-5,65488769770684;-9,8092163636125;-12,4411986438902;-5,52180832075962;-13,2792363051043;-11,5843475719452;-18,3650380350894;-25,6680975326532;-25,1712093050069;-26,5444579296166;-15,5048909875234;-16,7391415748164;-20,2654847460006;-14,0704407964278;-18,8612253266302;2,68199219822906;1,52838389719892;1,55555567096163;0,906735395569924;0,505569093294629;0,505568510213577;0,542423295383888;0,645128743653648;0,999999654320567;0,839312184375599;0,686365732674007;0,484882772849465;0,338111817657018;-2,15412013791303;-2,42226812127019;-2,55906686800296;-3,10311669832069;-3,99474654545801;-3,97671217514574;-3,35263255597489;-2,70563138978424;-2,14672192447882;-1,19499808741355;-1,84815310840112;-2,22452115757888;-2,90058670842152;-5,11453698104553;-5,02170503837136;-4,05149685492326;-3,42456171028843;-2,69556160947629;0,0719810978515742;0,0157773726842686;0,0505370955583641;0,0170367760222954;0,0271365841219972;0,00815598019131003;0,0102300072942366;0,0079209892374245;-2,5843124418385575;-3;1;1;1;-3;-3;1;1;0,41902268179558566;-11215,2854717386;NA;All
4120;1,89389554888044;2,77668417838003;2,33533711420516;2,68774121246616;2,72309010659783;2,29408906685468;2,47326676471914;2,24097751517347;2,55320778110794;2,07780597554461;1,87229485914894;1,63386438152965;1,4456112889373;1,22448001849554;1,57391116751393;1,72268738934523;1,88268488418809;1,51541495520003;2,0105765664805;1,66769611430012;-21,1792549398174;-4,18947293818984;-6,65286241433163;-7,1809515973989;-5,54687814313434;-5,65488769770684;-9,8092163636125;-12,4411986438902;-5,52180832075962;-13,2792363051043;-11,5843475719452;-18,3650380350894;-25,6680975326532;-25,1712093050069;-26,5444579296166;-15,5048909875234;-16,7391415748164;-20,2654847460006;-14,0704407964278;-18,8612253266302;2,68199219822906;1,52838389719892;1,55555567096163;0,906735395569924;0,505569093294629;0,505568510213577;0,542423295383888;0,645128743653648;0,999999654320567;0,839312184375599;0,686365732674007;0,484882772849465;0,338111817657018;-2,15412013791303;-2,42226812127019;-2,55906686800296;-3,10311669832069;-3,99474654545801;-3,97671217514574;-3,35263255597489;-2,70563138978424;-2,14672192447882;-1,19499808741355;-1,84815310840112;-2,22452115757888;-2,90058670842152;-5,11453698104553;-5,02170503837136;-4,05149685492326;-3,42456171028843;-2,69556160947629;0,0719810978515742;0,0157773726842686;0,0505370955583641;0,0170367760222954;0,0271365841219972;0,00815598019131003;0,0102300072942366;0,0079209892374245;-0,9831959291226884;-3;1;1;1;-3;-3;1;1;0,45172703068391473;-11215,0006553002;NA;All
4130;1,89389554888044;2,77668417838003;2,33533711420516;2,68774121246616;2,72309010659783;2,29408906685468;2,47326676471914;2,24097751517347;2,55320778110794;2,07780597554461;1,87229485914894;1,63386438152965;1,4456112889373;1,22448001849554;1,57391116751393;1,72268738934523;1,88268488418809;1,51541495520003;2,0105765664805;1,66769611430012;-21,1792549398174;-4,18947293818984;-6,65286241433163;-7,1809515973989;-5,54687814313434;-5,65488769770684;-9,8092163636125;-12,4411986438902;-5,52180832075962;-13,2792363051043;-11,5843475719452;-18,3650380350894;-25,6680975326532;-25,1712093050069;-26,5444579296166;-15,5048909875234;-16,7391415748164;-20,2654847460006;-14,0704407964278;-18,8612253266302;2,68199219822906;1,52838389719892;1,55555567096163;0,906735395569924;0,505569093294629;0,505568510213577;0,542423295383888;0,645128743653648;0,999999654320567;0,839312184375599;0,686365732674007;0,484882772849465;0,338111817657018;-2,15412013791303;-2,42226812127019;-2,55906686800296;-3,10311669832069;-3,99474654545801;-3,97671217514574;-3,35263255597489;-2,70563138978424;-2,14672192447882;-1,19499808741355;-1,84815310840112;-2,22452115757888;-2,90058670842152;-5,11453698104553;-5,02170503837136;-4,05149685492326;-3,42456171028843;-2,69556160947629;0,0719810978515742;0,0157773726842686;0,0505370955583641;0,0170367760222954;0,0271365841219972;0,00815598019131003;0,0102300072942366;0,0079209892374245;-3,3253274868188867;-3;1;1;1;-3;-3;1;1;0,37097892153692430;-11215,4872622120;NA;All
4140;1,89389554888044;2,77668417838003;2,33533711420516;2,68774121246616;2,72309010659783;2,29408906685468;2,47326676471914;2,24097751517347;2,55320778110794;2,07780597554461;1,87229485914894;1,63386438152965;1,4456112889373;1,22448001849554;1,57391116751393;1,72268738934523;1,88268488418809;1,51541495520003;2,0105765664805;1,66769611430012;-21,1792549398174;-4,18947293818984;-6,65286241433163;-7,1809515973989;-5,54687814313434;-5,65488769770684;-9,8092163636125;-12,4411986438902;-5,52180832075962;-13,2792363051043;-11,5843475719452;-18,3650380350894;-25,6680975326532;-25,1712093050069;-26,5444579296166;-15,5048909875234;-16,7391415748164;-20,2654847460006;-14,0704407964278;-18,8612253266302;2,68199219822906;1,52838389719892;1,55555567096163;0,906735395569924;0,505569093294629;0,505568510213577;0,542423295383888;0,645128743653648;0,999999654320567;0,839312184375599;0,686365732674007;0,484882772849465;0,338111817657018;-2,15412013791303;-2,42226812127019;-2,55906686800296;-3,10311669832069;-3,99474654545801;-3,97671217514574;-3,35263255597489;-2,70563138978424;-2,14672192447882;-1,19499808741355;-1,84815310840112;-2,22452115757888;-2,90058670842152;-5,11453698104553;-5,02170503837136;-4,05149685492326;-3,42456171028843;-2,69556160947629;0,0719810978515742;0,0157773726842686;0,0505370955583641;0,0170367760222954;0,0271365841219972;0,00815598019131003;0,0102300072942366;0,0079209892374245;-1,5854341963986889;-3;1;1;1;-3;-3;1;1;0,28884464926326153;-11215,6861251564;NA;All
4150;1,89389554888044;2,77668417838003;2,33533711420516;2,68774121246616;2,72309010659783;2,29408906685468;2,47326676471914;2,24097751517347;2,55320778110794;2,07780597554461;1,87229485914894;1,63386438152965;1,4456112889373;1,22448001849554;1,57391116751393;1,72268738934523;1,88268488418809;1,51541495520003;2,0105765664805;1,66769611430012;-21,1792549398174;-4,18947293818984;-6,65286241433163;-7,1809515973989;-5,54687814313434;-5,65488769770684;-9,8092163636125;-12,4411986438902;-5,52180832075962;-13,2792363051043;-11,5843475719452;-18,3650380350894;-25,6680975326532;-25,1712093050069;-26,5444579296166;-15,5048909875234;-16,7391415748164;-20,2654847460006;-14,0704407964278;-18,8612253266302;2,68199219822906;1,52838389719892;1,55555567096163;0,906735395569924;0,505569093294629;0,505568510213577;0,542423295383888;0,645128743653648;0,999999654320567;0,839312184375599;0,686365732674007;0,484882772849465;0,338111817657018;-2,15412013791303;-2,42226812127019;-2,55906686800296;-3,10311669832069;-3,99474654545801;-3,97671217514574;-3,35263255597489;-2,70563138978424;-2,14672192447882;-1,19499808741355;-1,84815310840112;-2,22452115757888;-2,90058670842152;-5,11453698104553;-5,02170503837136;-4,05149685492326;-3,42456171028843;-2,69556160947629;0,0719810978515742;0,0157773726842686;0,0505370955583641;0,0170367760222954;0,0271365841219972;0,00815598019131003;0,0102300072942366;0,0079209892374245;-2,7523763403484769;-3;1;1;1;-3;-3;1;1;0,97032933043058878;-11216,5326106613;NA;All
4160;1,89389554888044;2,77668417838003;2,33533711420516;2,68774121246616;2,72309010659783;2,29408906685468;2,47326676471914;2,24097751517347;2,55320778110794;2,07780597554461;1,87229485914894;1,63386438152965;1,4456112889373;1,22448001849554;1,57391116751393;1,72268738934523;1,88268488418809;1,51541495520003;2,0105765664805;1,66769611430012;-21,1792549398174;-4,18947293818984;-6,65286241433163;-7,1809515973989;-5,54687814313434;-5,65488769770684;-9,8092163636125;-12,4411986438902;-5,52180832075962;-13,2792363051043;-11,5843475719452;-18,3650380350894;-25,6680975326532;-25,1712093050069;-26,5444579296166;-15,5048909875234;-16,7391415748164;-20,2654847460006;-14,0704407964278;-18,8612253266302;2,68199219822906;1,52838389719892;1,55555567096163;0,906735395569924;0,505569093294629;0,505568510213577;0,542423295383888;0,645128743653648;0,999999654320567;0,839312184375599;0,686365732674007;0,484882772849465;0,338111817657018;-2,15412013791303;-2,42226812127019;-2,55906686800296;-3,10311669832069;-3,99474654545801;-3,97671217514574;-3,35263255597489;-2,70563138978424;-2,14672192447882;-1,19499808741355;-1,84815310840112;-2,22452115757888;-2,90058670842152;-5,11453698104553;-5,02170503837136;-4,05149685492326;-3,42456171028843;-2,69556160947629;0,0719810978515742;0,0157773726842686;0,0505370955583641;0,0170367760222954;0,0271365841219972;0,00815598019131003;0,0102300072942366;0,0079209892374245;-3,2182244855565147;-3;1;1;1;-3;-3;1;1;0,44493074791767473;-11215,2251583179;NA;All
4170;1,89389554888044;2,77668417838003;2,33533711420516;2,68774121246616;2,72309010659783;2,29408906685468;2,47326676471914;2,24097751517347;2,55320778110794;2,07780597554461;1,87229485914894;1,63386438152965;1,4456112889373;1,22448001849554;1,57391116751393;1,72268738934523;1,88268488418809;1,51541495520003;2,0105765664805;1,66769611430012;-21,1792549398174;-4,18947293818984;-6,65286241433163;-7,1809515973989;-5,54687814313434;-5,65488769770684;-9,8092163636125;-12,4411986438902;-5,52180832075962;-13,2792363051043;-11,5843475719452;-18,3650380350894;-25,6680975326532;-25,1712093050069;-26,5444579296166;-15,5048909875234;-16,7391415748164;-20,2654847460006;-14,0704407964278;-18,8612253266302;2,68199219822906;1,52838389719892;1,55555567096163;0,906735395569924;0,505569093294629;0,505568510213577;0,542423295383888;0,645128743653648;0,999999654320567;0,839312184375599;0,686365732674007;0,484882772849465;0,338111817657018;-2,15412013791303;-2,42226812127019;-2,55906686800296;-3,10311669832069;-3,99474654545801;-3,97671217514574;-3,35263255597489;-2,70563138978424;-2,14672192447882;-1,19499808741355;-1,84815310840112;-2,22452115757888;-2,90058670842152;-5,11453698104553;-5,02170503837136;-4,05149685492326;-3,42456171028843;-2,69556160947629;0,0719810978515742;0,0157773726842686;0,0505370955583641;0,0170367760222954;0,0271365841219972;0,00815598019131003;0,0102300072942366;0,0079209892374245;-3,9451109077468902;-3;1;1;1;-3;-3;1;1;0,21777516379977707;-11216,6828893950;NA;All
4180;1,89389554888044;2,77668417838003;2,33533711420516;2,68774121246616;2,72309010659783;2,29408906685468;2,47326676471914;2,24097751517347;2,55320778110794;2,07780597554461;1,87229485914894;1,63386438152965;1,4456112889373;1,22448001849554;1,57391116751393;1,72268738934523;1,88268488418809;1,51541495520003;2,0105765664805;1,66769611430012;-21,1792549398174;-4,18947293818984;-6,65286241433163;-7,1809515973989;-5,54687814313434;-5,65488769770684;-9,8092163636125;-12,4411986438902;-5,52180832075962;-13,2792363051043;-11,5843475719452;-18,3650380350894;-25,6680975326532;-25,1712093050069;-26,5444579296166;-15,5048909875234;-16,7391415748164;-20,2654847460006;-14,0704407964278;-18,8612253266302;2,68199219822906;1,52838389719892;1,55555567096163;0,906735395569924;0,505569093294629;0,505568510213577;0,542423295383888;0,645128743653648;0,999999654320567;0,839312184375599;0,686365732674007;0,484882772849465;0,338111817657018;-2,15412013791303;-2,42226812127019;-2,55906686800296;-3,10311669832069;-3,99474654545801;-3,97671217514574;-3,35263255597489;-2,70563138978424;-2,14672192447882;-1,19499808741355;-1,84815310840112;-2,22452115757888;-2,90058670842152;-5,11453698104553;-5,02170503837136;-4,05149685492326;-3,42456171028843;-2,69556160947629;0,0719810978515742;0,0157773726842686;0,0505370955583641;0,0170367760222954;0,0271365841219972;0,00815598019131003;0,0102300072942366;0,0079209892374245;-2,9744652977845294;-3;1;1;1;-3;-3;1;1;0,33137404576331958;-11215,6952230634;NA;All
4190;1,89389554888044;2,77668417838003;2,33533711420516;2,68774121246616;2,72309010659783;2,29408906685468;2,47326676471914;2,24097751517347;2,55320778110794;2,07780597554461;1,87229485914894;1,63386438152965;1,4456112889373;1,22448001849554;1,57391116751393;1,72268738934523;1,88268488418809;1,51541495520003;2,0105765664805;1,66769611430012;-21,1792549398174;-4,18947293818984;-6,65286241433163;-7,1809515973989;-5,54687814313434;-5,65488769770684;-9,8092163636125;-12,4411986438902;-5,52180832075962;-13,2792363051043;-11,5843475719452;-18,3650380350894;-25,6680975326532;-25,1712093050069;-26,5444579296166;-15,5048909875234;-16,7391415748164;-20,2654847460006;-14,0704407964278;-18,8612253266302;2,68199219822906;1,52838389719892;1,55555567096163;0,906735395569924;0,505569093294629;0,505568510213577;0,542423295383888;0,645128743653648;0,999999654320567;0,839312184375599;0,686365732674007;0,484882772849465;0,338111817657018;-2,15412013791303;-2,42226812127019;-2,55906686800296;-3,10311669832069;-3,99474654545801;-3,97671217514574;-3,35263255597489;-2,70563138978424;-2,14672192447882;-1,19499808741355;-1,84815310840112;-2,22452115757888;-2,90058670842152;-5,11453698104553;-5,02170503837136;-4,05149685492326;-3,42456171028843;-2,69556160947629;0,0719810978515742;0,0157773726842686;0,0505370955583641;0,0170367760222954;0,0271365841219972;0,00815598019131003;0,0102300072942366;0,0079209892374245;-3,1377924655452780;-3;1;1;1;-3;-3;1;1;0,27871413598483114;-11216,0760711870;NA;All
4200;1,89389554888044;2,77668417838003;2,33533711420516;2,68774121246616;2,72309010659783;2,29408906685468;2,47326676471914;2,24097751517347;2,55320778110794;2,07780597554461;1,87229485914894;1,63386438152965;1,4456112889373;1,22448001849554;1,57391116751393;1,72268738934523;1,88268488418809;1,51541495520003;2,0105765664805;1,66769611430012;-21,1792549398174;-4,18947293818984;-6,65286241433163;-7,1809515973989;-5,54687814313434;-5,65488769770684;-9,8092163636125;-12,4411986438902;-5,52180832075962;-13,2792363051043;-11,5843475719452;-18,3650380350894;-25,6680975326532;-25,1712093050069;-26,5444579296166;-15,5048909875234;-16,7391415748164;-20,2654847460006;-14,0704407964278;-18,8612253266302;2,68199219822906;1,52838389719892;1,55555567096163;0,906735395569924;0,505569093294629;0,505568510213577;0,542423295383888;0,645128743653648;0,999999654320567;0,839312184375599;0,686365732674007;0,484882772849465;0,338111817657018;-2,15412013791303;-2,42226812127019;-2,55906686800296;-3,10311669832069;-3,99474654545801;-3,97671217514574;-3,35263255597489;-2,70563138978424;-2,14672192447882;-1,19499808741355;-1,84815310840112;-2,22452115757888;-2,90058670842152;-5,11453698104553;-5,02170503837136;-4,05149685492326;-3,42456171028843;-2,69556160947629;0,0719810978515742;0,0157773726842686;0,0505370955583641;0,0170367760222954;0,0271365841219972;0,00815598019131003;0,0102300072942366;0,0079209892374245;-3,3209980067804148;-3;1;1;1;-3;-3;1;1;0,33429877212211545;-11215,6838064640;NA;All
4210;1,89389554888044;2,77668417838003;2,33533711420516;2,68774121246616;2,72309010659783;2,29408906685468;2,47326676471914;2,24097751517347;2,55320778110794;2,07780597554461;1,87229485914894;1,63386438152965;1,4456112889373;1,22448001849554;1,57391116751393;1,72268738934523;1,88268488418809;1,51541495520003;2,0105765664805;1,66769611430012;-21,1792549398174;-4,18947293818984;-6,65286241433163;-7,1809515973989;-5,54687814313434;-5,65488769770684;-9,8092163636125;-12,4411986438902;-5,52180832075962;-13,2792363051043;-11,5843475719452;-18,3650380350894;-25,6680975326532;-25,1712093050069;-26,5444579296166;-15,5048909875234;-16,7391415748164;-20,2654847460006;-14,0704407964278;-18,8612253266302;2,68199219822906;1,52838389719892;1,55555567096163;0,906735395569924;0,505569093294629;0,505568510213577;0,542423295383888;0,645128743653648;0,999999654320567;0,839312184375599;0,686365732674007;0,484882772849465;0,338111817657018;-2,15412013791303;-2,42226812127019;-2,55906686800296;-3,10311669832069;-3,99474654545801;-3,97671217514574;-3,35263255597489;-2,70563138978424;-2,14672192447882;-1,19499808741355;-1,84815310840112;-2,22452115757888;-2,90058670842152;-5,11453698104553;-5,02170503837136;-4,05149685492326;-3,42456171028843;-2,69556160947629;0,0719810978515742;0,0157773726842686;0,0505370955583641;0,0170367760222954;0,0271365841219972;0,00815598019131003;0,0102300072942366;0,0079209892374245;-0,8733473181204090;-3;1;1;1;-3;-3;1;1;0,06393857402263575;-11216,0807816509;NA;All
4220;1,89389554888044;2,77668417838003;2,33533711420516;2,68774121246616;2,72309010659783;2,29408906685468;2,47326676471914;2,24097751517347;2,55320778110794;2,07780597554461;1,87229485914894;1,63386438152965;1,4456112889373;1,22448001849554;1,57391116751393;1,72268738934523;1,88268488418809;1,51541495520003;2,0105765664805;1,66769611430012;-21,1792549398174;-4,18947293818984;-6,65286241433163;-7,1809515973989;-5,54687814313434;-5,65488769770684;-9,8092163636125;-12,4411986438902;-5,52180832075962;-13,2792363051043;-11,5843475719452;-18,3650380350894;-25,6680975326532;-25,1712093050069;-26,5444579296166;-15,5048909875234;-16,7391415748164;-20,2654847460006;-14,0704407964278;-18,8612253266302;2,68199219822906;1,52838389719892;1,55555567096163;0,906735395569924;0,505569093294629;0,505568510213577;0,542423295383888;0,645128743653648;0,999999654320567;0,839312184375599;0,686365732674007;0,484882772849465;0,338111817657018;-2,15412013791303;-2,42226812127019;-2,55906686800296;-3,10311669832069;-3,99474654545801;-3,97671217514574;-3,35263255597489;-2,70563138978424;-2,14672192447882;-1,19499808741355;-1,84815310840112;-2,22452115757888;-2,90058670842152;-5,11453698104553;-5,02170503837136;-4,05149685492326;-3,42456171028843;-2,69556160947629;0,0719810978515742;0,0157773726842686;0,0505370955583641;0,0170367760222954;0,0271365841219972;0,00815598019131003;0,0102300072942366;0,0079209892374245;-3,8461824025064417;-3;1;1;1;-3;-3;1;1;0,25030590051924428;-11216,3392222318;NA;All
4230;1,89389554888044;2,77668417838003;2,33533711420516;2,68774121246616;2,72309010659783;2,29408906685468;2,47326676471914;2,24097751517347;2,55320778110794;2,07780597554461;1,87229485914894;1,63386438152965;1,4456112889373;1,22448001849554;1,57391116751393;1,72268738934523;1,88268488418809;1,51541495520003;2,0105765664805;1,66769611430012;-21,1792549398174;-4,18947293818984;-6,65286241433163;-7,1809515973989;-5,54687814313434;-5,65488769770684;-9,8092163636125;-12,4411986438902;-5,52180832075962;-13,2792363051043;-11,5843475719452;-18,3650380350894;-25,6680975326532;-25,1712093050069;-26,5444579296166;-15,5048909875234;-16,7391415748164;-20,2654847460006;-14,0704407964278;-18,8612253266302;2,68199219822906;1,52838389719892;1,55555567096163;0,906735395569924;0,505569093294629;0,505568510213577;0,542423295383888;0,645128743653648;0,999999654320567;0,839312184375599;0,686365732674007;0,484882772849465;0,338111817657018;-2,15412013791303;-2,42226812127019;-2,55906686800296;-3,10311669832069;-3,99474654545801;-3,97671217514574;-3,35263255597489;-2,70563138978424;-2,14672192447882;-1,19499808741355;-1,84815310840112;-2,22452115757888;-2,90058670842152;-5,11453698104553;-5,02170503837136;-4,05149685492326;-3,42456171028843;-2,69556160947629;0,0719810978515742;0,0157773726842686;0,0505370955583641;0,0170367760222954;0,0271365841219972;0,00815598019131003;0,0102300072942366;0,0079209892374245;-3,8461824025064417;-3;1;1;1;-3;-3;1;1;0,25030590051924428;-11216,3392222318;NA;All
4240;1,89389554888044;2,77668417838003;2,33533711420516;2,68774121246616;2,72309010659783;2,29408906685468;2,47326676471914;2,24097751517347;2,55320778110794;2,07780597554461;1,87229485914894;1,63386438152965;1,4456112889373;1,22448001849554;1,57391116751393;1,72268738934523;1,88268488418809;1,51541495520003;2,0105765664805;1,66769611430012;-21,1792549398174;-4,18947293818984;-6,65286241433163;-7,1809515973989;-5,54687814313434;-5,65488769770684;-9,8092163636125;-12,4411986438902;-5,52180832075962;-13,2792363051043;-11,5843475719452;-18,3650380350894;-25,6680975326532;-25,1712093050069;-26,5444579296166;-15,5048909875234;-16,7391415748164;-20,2654847460006;-14,0704407964278;-18,8612253266302;2,68199219822906;1,52838389719892;1,55555567096163;0,906735395569924;0,505569093294629;0,505568510213577;0,542423295383888;0,645128743653648;0,999999654320567;0,839312184375599;0,686365732674007;0,484882772849465;0,338111817657018;-2,15412013791303;-2,42226812127019;-2,55906686800296;-3,10311669832069;-3,99474654545801;-3,97671217514574;-3,35263255597489;-2,70563138978424;-2,14672192447882;-1,19499808741355;-1,84815310840112;-2,22452115757888;-2,90058670842152;-5,11453698104553;-5,02170503837136;-4,05149685492326;-3,42456171028843;-2,69556160947629;0,0719810978515742;0,0157773726842686;0,0505370955583641;0,0170367760222954;0,0271365841219972;0,00815598019131003;0,0102300072942366;0,0079209892374245;-0,6996563032356147;-3;1;1;1;-3;-3;1;1;0,76695793184216188;-11216,8540354418;NA;All
4250;1,89389554888044;2,77668417838003;2,33533711420516;2,68774121246616;2,72309010659783;2,29408906685468;2,47326676471914;2,24097751517347;2,55320778110794;2,07780597554461;1,87229485914894;1,63386438152965;1,4456112889373;1,22448001849554;1,57391116751393;1,72268738934523;1,88268488418809;1,51541495520003;2,0105765664805;1,66769611430012;-21,1792549398174;-4,18947293818984;-6,65286241433163;-7,1809515973989;-5,54687814313434;-5,65488769770684;-9,8092163636125;-12,4411986438902;-5,52180832075962;-13,2792363051043;-11,5843475719452;-18,3650380350894;-25,6680975326532;-25,1712093050069;-26,5444579296166;-15,5048909875234;-16,7391415748164;-20,2654847460006;-14,0704407964278;-18,8612253266302;2,68199219822906;1,52838389719892;1,55555567096163;0,906735395569924;0,505569093294629;0,505568510213577;0,542423295383888;0,645128743653648;0,999999654320567;0,839312184375599;0,686365732674007;0,484882772849465;0,338111817657018;-2,15412013791303;-2,42226812127019;-2,55906686800296;-3,10311669832069;-3,99474654545801;-3,97671217514574;-3,35263255597489;-2,70563138978424;-2,14672192447882;-1,19499808741355;-1,84815310840112;-2,22452115757888;-2,90058670842152;-5,11453698104553;-5,02170503837136;-4,05149685492326;-3,42456171028843;-2,69556160947629;0,0719810978515742;0,0157773726842686;0,0505370955583641;0,0170367760222954;0,0271365841219972;0,00815598019131003;0,0102300072942366;0,0079209892374245;-1,6208064949438741;-3;1;1;1;-3;-3;1;1;0,40797253087356278;-11215,1923023654;NA;All
4260;1,89389554888044;2,77668417838003;2,33533711420516;2,68774121246616;2,72309010659783;2,29408906685468;2,47326676471914;2,24097751517347;2,55320778110794;2,07780597554461;1,87229485914894;1,63386438152965;1,4456112889373;1,22448001849554;1,57391116751393;1,72268738934523;1,88268488418809;1,51541495520003;2,0105765664805;1,66769611430012;-21,1792549398174;-4,18947293818984;-6,65286241433163;-7,1809515973989;-5,54687814313434;-5,65488769770684;-9,8092163636125;-12,4411986438902;-5,52180832075962;-13,2792363051043;-11,5843475719452;-18,3650380350894;-25,6680975326532;-25,1712093050069;-26,5444579296166;-15,5048909875234;-16,7391415748164;-20,2654847460006;-14,0704407964278;-18,8612253266302;2,68199219822906;1,52838389719892;1,55555567096163;0,906735395569924;0,505569093294629;0,505568510213577;0,542423295383888;0,645128743653648;0,999999654320567;0,839312184375599;0,686365732674007;0,484882772849465;0,338111817657018;-2,15412013791303;-2,42226812127019;-2,55906686800296;-3,10311669832069;-3,99474654545801;-3,97671217514574;-3,35263255597489;-2,70563138978424;-2,14672192447882;-1,19499808741355;-1,84815310840112;-2,22452115757888;-2,90058670842152;-5,11453698104553;-5,02170503837136;-4,05149685492326;-3,42456171028843;-2,69556160947629;0,0719810978515742;0,0157773726842686;0,0505370955583641;0,0170367760222954;0,0271365841219972;0,00815598019131003;0,0102300072942366;0,0079209892374245;-3,8302853446035137;-3;1;1;1;-3;-3;1;1;0,61795388338759516;-11215,1506421736;NA;All
4270;1,89389554888044;2,77668417838003;2,33533711420516;2,68774121246616;2,72309010659783;2,29408906685468;2,47326676471914;2,24097751517347;2,55320778110794;2,07780597554461;1,87229485914894;1,63386438152965;1,4456112889373;1,22448001849554;1,57391116751393;1,72268738934523;1,88268488418809;1,51541495520003;2,0105765664805;1,66769611430012;-21,1792549398174;-4,18947293818984;-6,65286241433163;-7,1809515973989;-5,54687814313434;-5,65488769770684;-9,8092163636125;-12,4411986438902;-5,52180832075962;-13,2792363051043;-11,5843475719452;-18,3650380350894;-25,6680975326532;-25,1712093050069;-26,5444579296166;-15,5048909875234;-16,7391415748164;-20,2654847460006;-14,0704407964278;-18,8612253266302;2,68199219822906;1,52838389719892;1,55555567096163;0,906735395569924;0,505569093294629;0,505568510213577;0,542423295383888;0,645128743653648;0,999999654320567;0,839312184375599;0,686365732674007;0,484882772849465;0,338111817657018;-2,15412013791303;-2,42226812127019;-2,55906686800296;-3,10311669832069;-3,99474654545801;-3,97671217514574;-3,35263255597489;-2,70563138978424;-2,14672192447882;-1,19499808741355;-1,84815310840112;-2,22452115757888;-2,90058670842152;-5,11453698104553;-5,02170503837136;-4,05149685492326;-3,42456171028843;-2,69556160947629;0,0719810978515742;0,0157773726842686;0,0505370955583641;0,0170367760222954;0,0271365841219972;0,00815598019131003;0,0102300072942366;0,0079209892374245;-2,6897128910060548;-3;1;1;1;-3;-3;1;1;0,22087318617133961;-11216,6115466323;NA;All
4280;1,89389554888044;2,77668417838003;2,33533711420516;2,68774121246616;2,72309010659783;2,29408906685468;2,47326676471914;2,24097751517347;2,55320778110794;2,07780597554461;1,87229485914894;1,63386438152965;1,4456112889373;1,22448001849554;1,57391116751393;1,72268738934523;1,88268488418809;1,51541495520003;2,0105765664805;1,66769611430012;-21,1792549398174;-4,18947293818984;-6,65286241433163;-7,1809515973989;-5,54687814313434;-5,65488769770684;-9,8092163636125;-12,4411986438902;-5,52180832075962;-13,2792363051043;-11,5843475719452;-18,3650380350894;-25,6680975326532;-25,1712093050069;-26,5444579296166;-15,5048909875234;-16,7391415748164;-20,2654847460006;-14,0704407964278;-18,8612253266302;2,68199219822906;1,52838389719892;1,55555567096163;0,906735395569924;0,505569093294629;0,505568510213577;0,542423295383888;0,645128743653648;0,999999654320567;0,839312184375599;0,686365732674007;0,484882772849465;0,338111817657018;-2,15412013791303;-2,42226812127019;-2,55906686800296;-3,10311669832069;-3,99474654545801;-3,97671217514574;-3,35263255597489;-2,70563138978424;-2,14672192447882;-1,19499808741355;-1,84815310840112;-2,22452115757888;-2,90058670842152;-5,11453698104553;-5,02170503837136;-4,05149685492326;-3,42456171028843;-2,69556160947629;0,0719810978515742;0,0157773726842686;0,0505370955583641;0,0170367760222954;0,0271365841219972;0,00815598019131003;0,0102300072942366;0,0079209892374245;-1,3475175096879093;-3;1;1;1;-3;-3;1;1;0,33369221324979431;-11215,2967958310;NA;All
4290;1,89389554888044;2,77668417838003;2,33533711420516;2,68774121246616;2,72309010659783;2,29408906685468;2,47326676471914;2,24097751517347;2,55320778110794;2,07780597554461;1,87229485914894;1,63386438152965;1,4456112889373;1,22448001849554;1,57391116751393;1,72268738934523;1,88268488418809;1,51541495520003;2,0105765664805;1,66769611430012;-21,1792549398174;-4,18947293818984;-6,65286241433163;-7,1809515973989;-5,54687814313434;-5,65488769770684;-9,8092163636125;-12,4411986438902;-5,52180832075962;-13,2792363051043;-11,5843475719452;-18,3650380350894;-25,6680975326532;-25,1712093050069;-26,5444579296166;-15,5048909875234;-16,7391415748164;-20,2654847460006;-14,0704407964278;-18,8612253266302;2,68199219822906;1,52838389719892;1,55555567096163;0,906735395569924;0,505569093294629;0,505568510213577;0,542423295383888;0,645128743653648;0,999999654320567;0,839312184375599;0,686365732674007;0,484882772849465;0,338111817657018;-2,15412013791303;-2,42226812127019;-2,55906686800296;-3,10311669832069;-3,99474654545801;-3,97671217514574;-3,35263255597489;-2,70563138978424;-2,14672192447882;-1,19499808741355;-1,84815310840112;-2,22452115757888;-2,90058670842152;-5,11453698104553;-5,02170503837136;-4,05149685492326;-3,42456171028843;-2,69556160947629;0,0719810978515742;0,0157773726842686;0,0505370955583641;0,0170367760222954;0,0271365841219972;0,00815598019131003;0,0102300072942366;0,0079209892374245;-1,4500133214848523;-3;1;1;1;-3;-3;1;1;0,50011436223713324;-11215,0501388292;NA;All
4300;1,89389554888044;2,77668417838003;2,33533711420516;2,68774121246616;2,72309010659783;2,29408906685468;2,47326676471914;2,24097751517347;2,55320778110794;2,07780597554461;1,87229485914894;1,63386438152965;1,4456112889373;1,22448001849554;1,57391116751393;1,72268738934523;1,88268488418809;1,51541495520003;2,0105765664805;1,66769611430012;-21,1792549398174;-4,18947293818984;-6,65286241433163;-7,1809515973989;-5,54687814313434;-5,65488769770684;-9,8092163636125;-12,4411986438902;-5,52180832075962;-13,2792363051043;-11,5843475719452;-18,3650380350894;-25,6680975326532;-25,1712093050069;-26,5444579296166;-15,5048909875234;-16,7391415748164;-20,2654847460006;-14,0704407964278;-18,8612253266302;2,68199219822906;1,52838389719892;1,55555567096163;0,906735395569924;0,505569093294629;0,505568510213577;0,542423295383888;0,645128743653648;0,999999654320567;0,839312184375599;0,686365732674007;0,484882772849465;0,338111817657018;-2,15412013791303;-2,42226812127019;-2,55906686800296;-3,10311669832069;-3,99474654545801;-3,97671217514574;-3,35263255597489;-2,70563138978424;-2,14672192447882;-1,19499808741355;-1,84815310840112;-2,22452115757888;-2,90058670842152;-5,11453698104553;-5,02170503837136;-4,05149685492326;-3,42456171028843;-2,69556160947629;0,0719810978515742;0,0157773726842686;0,0505370955583641;0,0170367760222954;0,0271365841219972;0,00815598019131003;0,0102300072942366;0,0079209892374245;-3,4896713826923804;-3;1;1;1;-3;-3;1;1;0,27861634895875409;-11216,0812896079;NA;All
4310;1,89389554888044;2,77668417838003;2,33533711420516;2,68774121246616;2,72309010659783;2,29408906685468;2,47326676471914;2,24097751517347;2,55320778110794;2,07780597554461;1,87229485914894;1,63386438152965;1,4456112889373;1,22448001849554;1,57391116751393;1,72268738934523;1,88268488418809;1,51541495520003;2,0105765664805;1,66769611430012;-21,1792549398174;-4,18947293818984;-6,65286241433163;-7,1809515973989;-5,54687814313434;-5,65488769770684;-9,8092163636125;-12,4411986438902;-5,52180832075962;-13,2792363051043;-11,5843475719452;-18,3650380350894;-25,6680975326532;-25,1712093050069;-26,5444579296166;-15,5048909875234;-16,7391415748164;-20,2654847460006;-14,0704407964278;-18,8612253266302;2,68199219822906;1,52838389719892;1,55555567096163;0,906735395569924;0,505569093294629;0,505568510213577;0,542423295383888;0,645128743653648;0,999999654320567;0,839312184375599;0,686365732674007;0,484882772849465;0,338111817657018;-2,15412013791303;-2,42226812127019;-2,55906686800296;-3,10311669832069;-3,99474654545801;-3,97671217514574;-3,35263255597489;-2,70563138978424;-2,14672192447882;-1,19499808741355;-1,84815310840112;-2,22452115757888;-2,90058670842152;-5,11453698104553;-5,02170503837136;-4,05149685492326;-3,42456171028843;-2,69556160947629;0,0719810978515742;0,0157773726842686;0,0505370955583641;0,0170367760222954;0,0271365841219972;0,00815598019131003;0,0102300072942366;0,0079209892374245;-1,8836129976717040;-3;1;1;1;-3;-3;1;1;0,81835684125996133;-11215,8019386406;NA;All
4320;1,89389554888044;2,77668417838003;2,33533711420516;2,68774121246616;2,72309010659783;2,29408906685468;2,47326676471914;2,24097751517347;2,55320778110794;2,07780597554461;1,87229485914894;1,63386438152965;1,4456112889373;1,22448001849554;1,57391116751393;1,72268738934523;1,88268488418809;1,51541495520003;2,0105765664805;1,66769611430012;-21,1792549398174;-4,18947293818984;-6,65286241433163;-7,1809515973989;-5,54687814313434;-5,65488769770684;-9,8092163636125;-12,4411986438902;-5,52180832075962;-13,2792363051043;-11,5843475719452;-18,3650380350894;-25,6680975326532;-25,1712093050069;-26,5444579296166;-15,5048909875234;-16,7391415748164;-20,2654847460006;-14,0704407964278;-18,8612253266302;2,68199219822906;1,52838389719892;1,55555567096163;0,906735395569924;0,505569093294629;0,505568510213577;0,542423295383888;0,645128743653648;0,999999654320567;0,839312184375599;0,686365732674007;0,484882772849465;0,338111817657018;-2,15412013791303;-2,42226812127019;-2,55906686800296;-3,10311669832069;-3,99474654545801;-3,97671217514574;-3,35263255597489;-2,70563138978424;-2,14672192447882;-1,19499808741355;-1,84815310840112;-2,22452115757888;-2,90058670842152;-5,11453698104553;-5,02170503837136;-4,05149685492326;-3,42456171028843;-2,69556160947629;0,0719810978515742;0,0157773726842686;0,0505370955583641;0,0170367760222954;0,0271365841219972;0,00815598019131003;0,0102300072942366;0,0079209892374245;-3,0148690196582510;-3;1;1;1;-3;-3;1;1;0,65613444304048951;-11215,2152447381;NA;All
4330;1,89389554888044;2,77668417838003;2,33533711420516;2,68774121246616;2,72309010659783;2,29408906685468;2,47326676471914;2,24097751517347;2,55320778110794;2,07780597554461;1,87229485914894;1,63386438152965;1,4456112889373;1,22448001849554;1,57391116751393;1,72268738934523;1,88268488418809;1,51541495520003;2,0105765664805;1,66769611430012;-21,1792549398174;-4,18947293818984;-6,65286241433163;-7,1809515973989;-5,54687814313434;-5,65488769770684;-9,8092163636125;-12,4411986438902;-5,52180832075962;-13,2792363051043;-11,5843475719452;-18,3650380350894;-25,6680975326532;-25,1712093050069;-26,5444579296166;-15,5048909875234;-16,7391415748164;-20,2654847460006;-14,0704407964278;-18,8612253266302;2,68199219822906;1,52838389719892;1,55555567096163;0,906735395569924;0,505569093294629;0,505568510213577;0,542423295383888;0,645128743653648;0,999999654320567;0,839312184375599;0,686365732674007;0,484882772849465;0,338111817657018;-2,15412013791303;-2,42226812127019;-2,55906686800296;-3,10311669832069;-3,99474654545801;-3,97671217514574;-3,35263255597489;-2,70563138978424;-2,14672192447882;-1,19499808741355;-1,84815310840112;-2,22452115757888;-2,90058670842152;-5,11453698104553;-5,02170503837136;-4,05149685492326;-3,42456171028843;-2,69556160947629;0,0719810978515742;0,0157773726842686;0,0505370955583641;0,0170367760222954;0,0271365841219972;0,00815598019131003;0,0102300072942366;0,0079209892374245;-1,0265948931765827;-3;1;1;1;-3;-3;1;1;0,14007689664159145;-11215,9495010917;NA;All
4340;1,89389554888044;2,77668417838003;2,33533711420516;2,68774121246616;2,72309010659783;2,29408906685468;2,47326676471914;2,24097751517347;2,55320778110794;2,07780597554461;1,87229485914894;1,63386438152965;1,4456112889373;1,22448001849554;1,57391116751393;1,72268738934523;1,88268488418809;1,51541495520003;2,0105765664805;1,66769611430012;-21,1792549398174;-4,18947293818984;-6,65286241433163;-7,1809515973989;-5,54687814313434;-5,65488769770684;-9,8092163636125;-12,4411986438902;-5,52180832075962;-13,2792363051043;-11,5843475719452;-18,3650380350894;-25,6680975326532;-25,1712093050069;-26,5444579296166;-15,5048909875234;-16,7391415748164;-20,2654847460006;-14,0704407964278;-18,8612253266302;2,68199219822906;1,52838389719892;1,55555567096163;0,906735395569924;0,505569093294629;0,505568510213577;0,542423295383888;0,645128743653648;0,999999654320567;0,839312184375599;0,686365732674007;0,484882772849465;0,338111817657018;-2,15412013791303;-2,42226812127019;-2,55906686800296;-3,10311669832069;-3,99474654545801;-3,97671217514574;-3,35263255597489;-2,70563138978424;-2,14672192447882;-1,19499808741355;-1,84815310840112;-2,22452115757888;-2,90058670842152;-5,11453698104553;-5,02170503837136;-4,05149685492326;-3,42456171028843;-2,69556160947629;0,0719810978515742;0,0157773726842686;0,0505370955583641;0,0170367760222954;0,0271365841219972;0,00815598019131003;0,0102300072942366;0,0079209892374245;-1,0179017112882742;-3;1;1;1;-3;-3;1;1;0,85835702221038068;-11216,5794410465;NA;All
4350;1,89389554888044;2,77668417838003;2,33533711420516;2,68774121246616;2,72309010659783;2,29408906685468;2,47326676471914;2,24097751517347;2,55320778110794;2,07780597554461;1,87229485914894;1,63386438152965;1,4456112889373;1,22448001849554;1,57391116751393;1,72268738934523;1,88268488418809;1,51541495520003;2,0105765664805;1,66769611430012;-21,1792549398174;-4,18947293818984;-6,65286241433163;-7,1809515973989;-5,54687814313434;-5,65488769770684;-9,8092163636125;-12,4411986438902;-5,52180832075962;-13,2792363051043;-11,5843475719452;-18,3650380350894;-25,6680975326532;-25,1712093050069;-26,5444579296166;-15,5048909875234;-16,7391415748164;-20,2654847460006;-14,0704407964278;-18,8612253266302;2,68199219822906;1,52838389719892;1,55555567096163;0,906735395569924;0,505569093294629;0,505568510213577;0,542423295383888;0,645128743653648;0,999999654320567;0,839312184375599;0,686365732674007;0,484882772849465;0,338111817657018;-2,15412013791303;-2,42226812127019;-2,55906686800296;-3,10311669832069;-3,99474654545801;-3,97671217514574;-3,35263255597489;-2,70563138978424;-2,14672192447882;-1,19499808741355;-1,84815310840112;-2,22452115757888;-2,90058670842152;-5,11453698104553;-5,02170503837136;-4,05149685492326;-3,42456171028843;-2,69556160947629;0,0719810978515742;0,0157773726842686;0,0505370955583641;0,0170367760222954;0,0271365841219972;0,00815598019131003;0,0102300072942366;0,0079209892374245;-1,2070687439627910;-3;1;1;1;-3;-3;1;1;0,34715056527857258;-11215,1511411346;NA;All
4360;1,89389554888044;2,77668417838003;2,33533711420516;2,68774121246616;2,72309010659783;2,29408906685468;2,47326676471914;2,24097751517347;2,55320778110794;2,07780597554461;1,87229485914894;1,63386438152965;1,4456112889373;1,22448001849554;1,57391116751393;1,72268738934523;1,88268488418809;1,51541495520003;2,0105765664805;1,66769611430012;-21,1792549398174;-4,18947293818984;-6,65286241433163;-7,1809515973989;-5,54687814313434;-5,65488769770684;-9,8092163636125;-12,4411986438902;-5,52180832075962;-13,2792363051043;-11,5843475719452;-18,3650380350894;-25,6680975326532;-25,1712093050069;-26,5444579296166;-15,5048909875234;-16,7391415748164;-20,2654847460006;-14,0704407964278;-18,8612253266302;2,68199219822906;1,52838389719892;1,55555567096163;0,906735395569924;0,505569093294629;0,505568510213577;0,542423295383888;0,645128743653648;0,999999654320567;0,839312184375599;0,686365732674007;0,484882772849465;0,338111817657018;-2,15412013791303;-2,42226812127019;-2,55906686800296;-3,10311669832069;-3,99474654545801;-3,97671217514574;-3,35263255597489;-2,70563138978424;-2,14672192447882;-1,19499808741355;-1,84815310840112;-2,22452115757888;-2,90058670842152;-5,11453698104553;-5,02170503837136;-4,05149685492326;-3,42456171028843;-2,69556160947629;0,0719810978515742;0,0157773726842686;0,0505370955583641;0,0170367760222954;0,0271365841219972;0,00815598019131003;0,0102300072942366;0,0079209892374245;-2,5870019023035722;-3;1;1;1;-3;-3;1;1;0,55569192805982792;-11215,1005219025;NA;All
4370;1,89389554888044;2,77668417838003;2,33533711420516;2,68774121246616;2,72309010659783;2,29408906685468;2,47326676471914;2,24097751517347;2,55320778110794;2,07780597554461;1,87229485914894;1,63386438152965;1,4456112889373;1,22448001849554;1,57391116751393;1,72268738934523;1,88268488418809;1,51541495520003;2,0105765664805;1,66769611430012;-21,1792549398174;-4,18947293818984;-6,65286241433163;-7,1809515973989;-5,54687814313434;-5,65488769770684;-9,8092163636125;-12,4411986438902;-5,52180832075962;-13,2792363051043;-11,5843475719452;-18,3650380350894;-25,6680975326532;-25,1712093050069;-26,5444579296166;-15,5048909875234;-16,7391415748164;-20,2654847460006;-14,0704407964278;-18,8612253266302;2,68199219822906;1,52838389719892;1,55555567096163;0,906735395569924;0,505569093294629;0,505568510213577;0,542423295383888;0,645128743653648;0,999999654320567;0,839312184375599;0,686365732674007;0,484882772849465;0,338111817657018;-2,15412013791303;-2,42226812127019;-2,55906686800296;-3,10311669832069;-3,99474654545801;-3,97671217514574;-3,35263255597489;-2,70563138978424;-2,14672192447882;-1,19499808741355;-1,84815310840112;-2,22452115757888;-2,90058670842152;-5,11453698104553;-5,02170503837136;-4,05149685492326;-3,42456171028843;-2,69556160947629;0,0719810978515742;0,0157773726842686;0,0505370955583641;0,0170367760222954;0,0271365841219972;0,00815598019131003;0,0102300072942366;0,0079209892374245;-2,2359673531241069;-3;1;1;1;-3;-3;1;1;0,32732750814813610;-11215,6683911488;NA;All
4380;1,89389554888044;2,77668417838003;2,33533711420516;2,68774121246616;2,72309010659783;2,29408906685468;2,47326676471914;2,24097751517347;2,55320778110794;2,07780597554461;1,87229485914894;1,63386438152965;1,4456112889373;1,22448001849554;1,57391116751393;1,72268738934523;1,88268488418809;1,51541495520003;2,0105765664805;1,66769611430012;-21,1792549398174;-4,18947293818984;-6,65286241433163;-7,1809515973989;-5,54687814313434;-5,65488769770684;-9,8092163636125;-12,4411986438902;-5,52180832075962;-13,2792363051043;-11,5843475719452;-18,3650380350894;-25,6680975326532;-25,1712093050069;-26,5444579296166;-15,5048909875234;-16,7391415748164;-20,2654847460006;-14,0704407964278;-18,8612253266302;2,68199219822906;1,52838389719892;1,55555567096163;0,906735395569924;0,505569093294629;0,505568510213577;0,542423295383888;0,645128743653648;0,999999654320567;0,839312184375599;0,686365732674007;0,484882772849465;0,338111817657018;-2,15412013791303;-2,42226812127019;-2,55906686800296;-3,10311669832069;-3,99474654545801;-3,97671217514574;-3,35263255597489;-2,70563138978424;-2,14672192447882;-1,19499808741355;-1,84815310840112;-2,22452115757888;-2,90058670842152;-5,11453698104553;-5,02170503837136;-4,05149685492326;-3,42456171028843;-2,69556160947629;0,0719810978515742;0,0157773726842686;0,0505370955583641;0,0170367760222954;0,0271365841219972;0,00815598019131003;0,0102300072942366;0,0079209892374245;-2,6199628045791883;-3;1;1;1;-3;-3;1;1;0,30485722979119612;-11215,8526810609;NA;All
4390;1,89389554888044;2,77668417838003;2,33533711420516;2,68774121246616;2,72309010659783;2,29408906685468;2,47326676471914;2,24097751517347;2,55320778110794;2,07780597554461;1,87229485914894;1,63386438152965;1,4456112889373;1,22448001849554;1,57391116751393;1,72268738934523;1,88268488418809;1,51541495520003;2,0105765664805;1,66769611430012;-21,1792549398174;-4,18947293818984;-6,65286241433163;-7,1809515973989;-5,54687814313434;-5,65488769770684;-9,8092163636125;-12,4411986438902;-5,52180832075962;-13,2792363051043;-11,5843475719452;-18,3650380350894;-25,6680975326532;-25,1712093050069;-26,5444579296166;-15,5048909875234;-16,7391415748164;-20,2654847460006;-14,0704407964278;-18,8612253266302;2,68199219822906;1,52838389719892;1,55555567096163;0,906735395569924;0,505569093294629;0,505568510213577;0,542423295383888;0,645128743653648;0,999999654320567;0,839312184375599;0,686365732674007;0,484882772849465;0,338111817657018;-2,15412013791303;-2,42226812127019;-2,55906686800296;-3,10311669832069;-3,99474654545801;-3,97671217514574;-3,35263255597489;-2,70563138978424;-2,14672192447882;-1,19499808741355;-1,84815310840112;-2,22452115757888;-2,90058670842152;-5,11453698104553;-5,02170503837136;-4,05149685492326;-3,42456171028843;-2,69556160947629;0,0719810978515742;0,0157773726842686;0,0505370955583641;0,0170367760222954;0,0271365841219972;0,00815598019131003;0,0102300072942366;0,0079209892374245;-1,1767372415598292;-3;1;1;1;-3;-3;1;1;0,48338717846698215;-11215,0202674767;NA;All
4400;1,89389554888044;2,77668417838003;2,33533711420516;2,68774121246616;2,72309010659783;2,29408906685468;2,47326676471914;2,24097751517347;2,55320778110794;2,07780597554461;1,87229485914894;1,63386438152965;1,4456112889373;1,22448001849554;1,57391116751393;1,72268738934523;1,88268488418809;1,51541495520003;2,0105765664805;1,66769611430012;-21,1792549398174;-4,18947293818984;-6,65286241433163;-7,1809515973989;-5,54687814313434;-5,65488769770684;-9,8092163636125;-12,4411986438902;-5,52180832075962;-13,2792363051043;-11,5843475719452;-18,3650380350894;-25,6680975326532;-25,1712093050069;-26,5444579296166;-15,5048909875234;-16,7391415748164;-20,2654847460006;-14,0704407964278;-18,8612253266302;2,68199219822906;1,52838389719892;1,55555567096163;0,906735395569924;0,505569093294629;0,505568510213577;0,542423295383888;0,645128743653648;0,999999654320567;0,839312184375599;0,686365732674007;0,484882772849465;0,338111817657018;-2,15412013791303;-2,42226812127019;-2,55906686800296;-3,10311669832069;-3,99474654545801;-3,97671217514574;-3,35263255597489;-2,70563138978424;-2,14672192447882;-1,19499808741355;-1,84815310840112;-2,22452115757888;-2,90058670842152;-5,11453698104553;-5,02170503837136;-4,05149685492326;-3,42456171028843;-2,69556160947629;0,0719810978515742;0,0157773726842686;0,0505370955583641;0,0170367760222954;0,0271365841219972;0,00815598019131003;0,0102300072942366;0,0079209892374245;-2,3947587274311273;-3;1;1;1;-3;-3;1;1;0,33105170448877508;-11215,6646974805;NA;All
4410;1,89389554888044;2,77668417838003;2,33533711420516;2,68774121246616;2,72309010659783;2,29408906685468;2,47326676471914;2,24097751517347;2,55320778110794;2,07780597554461;1,87229485914894;1,63386438152965;1,4456112889373;1,22448001849554;1,57391116751393;1,72268738934523;1,88268488418809;1,51541495520003;2,0105765664805;1,66769611430012;-21,1792549398174;-4,18947293818984;-6,65286241433163;-7,1809515973989;-5,54687814313434;-5,65488769770684;-9,8092163636125;-12,4411986438902;-5,52180832075962;-13,2792363051043;-11,5843475719452;-18,3650380350894;-25,6680975326532;-25,1712093050069;-26,5444579296166;-15,5048909875234;-16,7391415748164;-20,2654847460006;-14,0704407964278;-18,8612253266302;2,68199219822906;1,52838389719892;1,55555567096163;0,906735395569924;0,505569093294629;0,505568510213577;0,542423295383888;0,645128743653648;0,999999654320567;0,839312184375599;0,686365732674007;0,484882772849465;0,338111817657018;-2,15412013791303;-2,42226812127019;-2,55906686800296;-3,10311669832069;-3,99474654545801;-3,97671217514574;-3,35263255597489;-2,70563138978424;-2,14672192447882;-1,19499808741355;-1,84815310840112;-2,22452115757888;-2,90058670842152;-5,11453698104553;-5,02170503837136;-4,05149685492326;-3,42456171028843;-2,69556160947629;0,0719810978515742;0,0157773726842686;0,0505370955583641;0,0170367760222954;0,0271365841219972;0,00815598019131003;0,0102300072942366;0,0079209892374245;-3,7713232242757222;-3;1;1;1;-3;-3;1;1;0,67689572847149337;-11215,2594650714;NA;All
4420;1,89389554888044;2,77668417838003;2,33533711420516;2,68774121246616;2,72309010659783;2,29408906685468;2,47326676471914;2,24097751517347;2,55320778110794;2,07780597554461;1,87229485914894;1,63386438152965;1,4456112889373;1,22448001849554;1,57391116751393;1,72268738934523;1,88268488418809;1,51541495520003;2,0105765664805;1,66769611430012;-21,1792549398174;-4,18947293818984;-6,65286241433163;-7,1809515973989;-5,54687814313434;-5,65488769770684;-9,8092163636125;-12,4411986438902;-5,52180832075962;-13,2792363051043;-11,5843475719452;-18,3650380350894;-25,6680975326532;-25,1712093050069;-26,5444579296166;-15,5048909875234;-16,7391415748164;-20,2654847460006;-14,0704407964278;-18,8612253266302;2,68199219822906;1,52838389719892;1,55555567096163;0,906735395569924;0,505569093294629;0,505568510213577;0,542423295383888;0,645128743653648;0,999999654320567;0,839312184375599;0,686365732674007;0,484882772849465;0,338111817657018;-2,15412013791303;-2,42226812127019;-2,55906686800296;-3,10311669832069;-3,99474654545801;-3,97671217514574;-3,35263255597489;-2,70563138978424;-2,14672192447882;-1,19499808741355;-1,84815310840112;-2,22452115757888;-2,90058670842152;-5,11453698104553;-5,02170503837136;-4,05149685492326;-3,42456171028843;-2,69556160947629;0,0719810978515742;0,0157773726842686;0,0505370955583641;0,0170367760222954;0,0271365841219972;0,00815598019131003;0,0102300072942366;0,0079209892374245;-3,7713232242757222;-3;1;1;1;-3;-3;1;1;0,67689572847149337;-11215,2594650714;NA;All
4430;1,89389554888044;2,77668417838003;2,33533711420516;2,68774121246616;2,72309010659783;2,29408906685468;2,47326676471914;2,24097751517347;2,55320778110794;2,07780597554461;1,87229485914894;1,63386438152965;1,4456112889373;1,22448001849554;1,57391116751393;1,72268738934523;1,88268488418809;1,51541495520003;2,0105765664805;1,66769611430012;-21,1792549398174;-4,18947293818984;-6,65286241433163;-7,1809515973989;-5,54687814313434;-5,65488769770684;-9,8092163636125;-12,4411986438902;-5,52180832075962;-13,2792363051043;-11,5843475719452;-18,3650380350894;-25,6680975326532;-25,1712093050069;-26,5444579296166;-15,5048909875234;-16,7391415748164;-20,2654847460006;-14,0704407964278;-18,8612253266302;2,68199219822906;1,52838389719892;1,55555567096163;0,906735395569924;0,505569093294629;0,505568510213577;0,542423295383888;0,645128743653648;0,999999654320567;0,839312184375599;0,686365732674007;0,484882772849465;0,338111817657018;-2,15412013791303;-2,42226812127019;-2,55906686800296;-3,10311669832069;-3,99474654545801;-3,97671217514574;-3,35263255597489;-2,70563138978424;-2,14672192447882;-1,19499808741355;-1,84815310840112;-2,22452115757888;-2,90058670842152;-5,11453698104553;-5,02170503837136;-4,05149685492326;-3,42456171028843;-2,69556160947629;0,0719810978515742;0,0157773726842686;0,0505370955583641;0,0170367760222954;0,0271365841219972;0,00815598019131003;0,0102300072942366;0,0079209892374245;-2,5000758376103729;-3;1;1;1;-3;-3;1;1;0,58006398115790470;-11215,1115065675;NA;All
4440;1,89389554888044;2,77668417838003;2,33533711420516;2,68774121246616;2,72309010659783;2,29408906685468;2,47326676471914;2,24097751517347;2,55320778110794;2,07780597554461;1,87229485914894;1,63386438152965;1,4456112889373;1,22448001849554;1,57391116751393;1,72268738934523;1,88268488418809;1,51541495520003;2,0105765664805;1,66769611430012;-21,1792549398174;-4,18947293818984;-6,65286241433163;-7,1809515973989;-5,54687814313434;-5,65488769770684;-9,8092163636125;-12,4411986438902;-5,52180832075962;-13,2792363051043;-11,5843475719452;-18,3650380350894;-25,6680975326532;-25,1712093050069;-26,5444579296166;-15,5048909875234;-16,7391415748164;-20,2654847460006;-14,0704407964278;-18,8612253266302;2,68199219822906;1,52838389719892;1,55555567096163;0,906735395569924;0,505569093294629;0,505568510213577;0,542423295383888;0,645128743653648;0,999999654320567;0,839312184375599;0,686365732674007;0,484882772849465;0,338111817657018;-2,15412013791303;-2,42226812127019;-2,55906686800296;-3,10311669832069;-3,99474654545801;-3,97671217514574;-3,35263255597489;-2,70563138978424;-2,14672192447882;-1,19499808741355;-1,84815310840112;-2,22452115757888;-2,90058670842152;-5,11453698104553;-5,02170503837136;-4,05149685492326;-3,42456171028843;-2,69556160947629;0,0719810978515742;0,0157773726842686;0,0505370955583641;0,0170367760222954;0,0271365841219972;0,00815598019131003;0,0102300072942366;0,0079209892374245;-2,5778002206538693;-3;1;1;1;-3;-3;1;1;0,80240936135015284;-11215,6794813119;NA;All
4450;1,89389554888044;2,77668417838003;2,33533711420516;2,68774121246616;2,72309010659783;2,29408906685468;2,47326676471914;2,24097751517347;2,55320778110794;2,07780597554461;1,87229485914894;1,63386438152965;1,4456112889373;1,22448001849554;1,57391116751393;1,72268738934523;1,88268488418809;1,51541495520003;2,0105765664805;1,66769611430012;-21,1792549398174;-4,18947293818984;-6,65286241433163;-7,1809515973989;-5,54687814313434;-5,65488769770684;-9,8092163636125;-12,4411986438902;-5,52180832075962;-13,2792363051043;-11,5843475719452;-18,3650380350894;-25,6680975326532;-25,1712093050069;-26,5444579296166;-15,5048909875234;-16,7391415748164;-20,2654847460006;-14,0704407964278;-18,8612253266302;2,68199219822906;1,52838389719892;1,55555567096163;0,906735395569924;0,505569093294629;0,505568510213577;0,542423295383888;0,645128743653648;0,999999654320567;0,839312184375599;0,686365732674007;0,484882772849465;0,338111817657018;-2,15412013791303;-2,42226812127019;-2,55906686800296;-3,10311669832069;-3,99474654545801;-3,97671217514574;-3,35263255597489;-2,70563138978424;-2,14672192447882;-1,19499808741355;-1,84815310840112;-2,22452115757888;-2,90058670842152;-5,11453698104553;-5,02170503837136;-4,05149685492326;-3,42456171028843;-2,69556160947629;0,0719810978515742;0,0157773726842686;0,0505370955583641;0,0170367760222954;0,0271365841219972;0,00815598019131003;0,0102300072942366;0,0079209892374245;-0,9377706974267990;-3;1;1;1;-3;-3;1;1;0,69253270695328117;-11215,7930256758;NA;All
4460;1,89389554888044;2,77668417838003;2,33533711420516;2,68774121246616;2,72309010659783;2,29408906685468;2,47326676471914;2,24097751517347;2,55320778110794;2,07780597554461;1,87229485914894;1,63386438152965;1,4456112889373;1,22448001849554;1,57391116751393;1,72268738934523;1,88268488418809;1,51541495520003;2,0105765664805;1,66769611430012;-21,1792549398174;-4,18947293818984;-6,65286241433163;-7,1809515973989;-5,54687814313434;-5,65488769770684;-9,8092163636125;-12,4411986438902;-5,52180832075962;-13,2792363051043;-11,5843475719452;-18,3650380350894;-25,6680975326532;-25,1712093050069;-26,5444579296166;-15,5048909875234;-16,7391415748164;-20,2654847460006;-14,0704407964278;-18,8612253266302;2,68199219822906;1,52838389719892;1,55555567096163;0,906735395569924;0,505569093294629;0,505568510213577;0,542423295383888;0,645128743653648;0,999999654320567;0,839312184375599;0,686365732674007;0,484882772849465;0,338111817657018;-2,15412013791303;-2,42226812127019;-2,55906686800296;-3,10311669832069;-3,99474654545801;-3,97671217514574;-3,35263255597489;-2,70563138978424;-2,14672192447882;-1,19499808741355;-1,84815310840112;-2,22452115757888;-2,90058670842152;-5,11453698104553;-5,02170503837136;-4,05149685492326;-3,42456171028843;-2,69556160947629;0,0719810978515742;0,0157773726842686;0,0505370955583641;0,0170367760222954;0,0271365841219972;0,00815598019131003;0,0102300072942366;0,0079209892374245;-3,6191114181782553;-3;1;1;1;-3;-3;1;1;0,29055241014151517;-11215,9868459649;NA;All
4470;1,89389554888044;2,77668417838003;2,33533711420516;2,68774121246616;2,72309010659783;2,29408906685468;2,47326676471914;2,24097751517347;2,55320778110794;2,07780597554461;1,87229485914894;1,63386438152965;1,4456112889373;1,22448001849554;1,57391116751393;1,72268738934523;1,88268488418809;1,51541495520003;2,0105765664805;1,66769611430012;-21,1792549398174;-4,18947293818984;-6,65286241433163;-7,1809515973989;-5,54687814313434;-5,65488769770684;-9,8092163636125;-12,4411986438902;-5,52180832075962;-13,2792363051043;-11,5843475719452;-18,3650380350894;-25,6680975326532;-25,1712093050069;-26,5444579296166;-15,5048909875234;-16,7391415748164;-20,2654847460006;-14,0704407964278;-18,8612253266302;2,68199219822906;1,52838389719892;1,55555567096163;0,906735395569924;0,505569093294629;0,505568510213577;0,542423295383888;0,645128743653648;0,999999654320567;0,839312184375599;0,686365732674007;0,484882772849465;0,338111817657018;-2,15412013791303;-2,42226812127019;-2,55906686800296;-3,10311669832069;-3,99474654545801;-3,97671217514574;-3,35263255597489;-2,70563138978424;-2,14672192447882;-1,19499808741355;-1,84815310840112;-2,22452115757888;-2,90058670842152;-5,11453698104553;-5,02170503837136;-4,05149685492326;-3,42456171028843;-2,69556160947629;0,0719810978515742;0,0157773726842686;0,0505370955583641;0,0170367760222954;0,0271365841219972;0,00815598019131003;0,0102300072942366;0,0079209892374245;-2,0377285912056768;-3;1;1;1;-3;-3;1;1;0,25270941898826094;-11216,1751406260;NA;All
4480;1,89389554888044;2,77668417838003;2,33533711420516;2,68774121246616;2,72309010659783;2,29408906685468;2,47326676471914;2,24097751517347;2,55320778110794;2,07780597554461;1,87229485914894;1,63386438152965;1,4456112889373;1,22448001849554;1,57391116751393;1,72268738934523;1,88268488418809;1,51541495520003;2,0105765664805;1,66769611430012;-21,1792549398174;-4,18947293818984;-6,65286241433163;-7,1809515973989;-5,54687814313434;-5,65488769770684;-9,8092163636125;-12,4411986438902;-5,52180832075962;-13,2792363051043;-11,5843475719452;-18,3650380350894;-25,6680975326532;-25,1712093050069;-26,5444579296166;-15,5048909875234;-16,7391415748164;-20,2654847460006;-14,0704407964278;-18,8612253266302;2,68199219822906;1,52838389719892;1,55555567096163;0,906735395569924;0,505569093294629;0,505568510213577;0,542423295383888;0,645128743653648;0,999999654320567;0,839312184375599;0,686365732674007;0,484882772849465;0,338111817657018;-2,15412013791303;-2,42226812127019;-2,55906686800296;-3,10311669832069;-3,99474654545801;-3,97671217514574;-3,35263255597489;-2,70563138978424;-2,14672192447882;-1,19499808741355;-1,84815310840112;-2,22452115757888;-2,90058670842152;-5,11453698104553;-5,02170503837136;-4,05149685492326;-3,42456171028843;-2,69556160947629;0,0719810978515742;0,0157773726842686;0,0505370955583641;0,0170367760222954;0,0271365841219972;0,00815598019131003;0,0102300072942366;0,0079209892374245;-1,0949957804176125;-3;1;1;1;-3;-3;1;1;0,42392828697846074;-11214,9937091426;NA;All
4490;1,89389554888044;2,77668417838003;2,33533711420516;2,68774121246616;2,72309010659783;2,29408906685468;2,47326676471914;2,24097751517347;2,55320778110794;2,07780597554461;1,87229485914894;1,63386438152965;1,4456112889373;1,22448001849554;1,57391116751393;1,72268738934523;1,88268488418809;1,51541495520003;2,0105765664805;1,66769611430012;-21,1792549398174;-4,18947293818984;-6,65286241433163;-7,1809515973989;-5,54687814313434;-5,65488769770684;-9,8092163636125;-12,4411986438902;-5,52180832075962;-13,2792363051043;-11,5843475719452;-18,3650380350894;-25,6680975326532;-25,1712093050069;-26,5444579296166;-15,5048909875234;-16,7391415748164;-20,2654847460006;-14,0704407964278;-18,8612253266302;2,68199219822906;1,52838389719892;1,55555567096163;0,906735395569924;0,505569093294629;0,505568510213577;0,542423295383888;0,645128743653648;0,999999654320567;0,839312184375599;0,686365732674007;0,484882772849465;0,338111817657018;-2,15412013791303;-2,42226812127019;-2,55906686800296;-3,10311669832069;-3,99474654545801;-3,97671217514574;-3,35263255597489;-2,70563138978424;-2,14672192447882;-1,19499808741355;-1,84815310840112;-2,22452115757888;-2,90058670842152;-5,11453698104553;-5,02170503837136;-4,05149685492326;-3,42456171028843;-2,69556160947629;0,0719810978515742;0,0157773726842686;0,0505370955583641;0,0170367760222954;0,0271365841219972;0,00815598019131003;0,0102300072942366;0,0079209892374245;-2,3043994414137652;-3;1;1;1;-3;-3;1;1;0,20005269523245783;-11216,7960097785;NA;All
4500;1,89389554888044;2,77668417838003;2,33533711420516;2,68774121246616;2,72309010659783;2,29408906685468;2,47326676471914;2,24097751517347;2,55320778110794;2,07780597554461;1,87229485914894;1,63386438152965;1,4456112889373;1,22448001849554;1,57391116751393;1,72268738934523;1,88268488418809;1,51541495520003;2,0105765664805;1,66769611430012;-21,1792549398174;-4,18947293818984;-6,65286241433163;-7,1809515973989;-5,54687814313434;-5,65488769770684;-9,8092163636125;-12,4411986438902;-5,52180832075962;-13,2792363051043;-11,5843475719452;-18,3650380350894;-25,6680975326532;-25,1712093050069;-26,5444579296166;-15,5048909875234;-16,7391415748164;-20,2654847460006;-14,0704407964278;-18,8612253266302;2,68199219822906;1,52838389719892;1,55555567096163;0,906735395569924;0,505569093294629;0,505568510213577;0,542423295383888;0,645128743653648;0,999999654320567;0,839312184375599;0,686365732674007;0,484882772849465;0,338111817657018;-2,15412013791303;-2,42226812127019;-2,55906686800296;-3,10311669832069;-3,99474654545801;-3,97671217514574;-3,35263255597489;-2,70563138978424;-2,14672192447882;-1,19499808741355;-1,84815310840112;-2,22452115757888;-2,90058670842152;-5,11453698104553;-5,02170503837136;-4,05149685492326;-3,42456171028843;-2,69556160947629;0,0719810978515742;0,0157773726842686;0,0505370955583641;0,0170367760222954;0,0271365841219972;0,00815598019131003;0,0102300072942366;0,0079209892374245;-3,6583894597713642;-3;1;1;1;-3;-3;1;1;0,84315072856923023;-11215,8464278368;NA;All
4510;1,89389554888044;2,77668417838003;2,33533711420516;2,68774121246616;2,72309010659783;2,29408906685468;2,47326676471914;2,24097751517347;2,55320778110794;2,07780597554461;1,87229485914894;1,63386438152965;1,4456112889373;1,22448001849554;1,57391116751393;1,72268738934523;1,88268488418809;1,51541495520003;2,0105765664805;1,66769611430012;-21,1792549398174;-4,18947293818984;-6,65286241433163;-7,1809515973989;-5,54687814313434;-5,65488769770684;-9,8092163636125;-12,4411986438902;-5,52180832075962;-13,2792363051043;-11,5843475719452;-18,3650380350894;-25,6680975326532;-25,1712093050069;-26,5444579296166;-15,5048909875234;-16,7391415748164;-20,2654847460006;-14,0704407964278;-18,8612253266302;2,68199219822906;1,52838389719892;1,55555567096163;0,906735395569924;0,505569093294629;0,505568510213577;0,542423295383888;0,645128743653648;0,999999654320567;0,839312184375599;0,686365732674007;0,484882772849465;0,338111817657018;-2,15412013791303;-2,42226812127019;-2,55906686800296;-3,10311669832069;-3,99474654545801;-3,97671217514574;-3,35263255597489;-2,70563138978424;-2,14672192447882;-1,19499808741355;-1,84815310840112;-2,22452115757888;-2,90058670842152;-5,11453698104553;-5,02170503837136;-4,05149685492326;-3,42456171028843;-2,69556160947629;0,0719810978515742;0,0157773726842686;0,0505370955583641;0,0170367760222954;0,0271365841219972;0,00815598019131003;0,0102300072942366;0,0079209892374245;-2,2418028485568633;-3;1;1;1;-3;-3;1;1;0,49222460717901567;-11215,1202053077;NA;All
4520;1,89389554888044;2,77668417838003;2,33533711420516;2,68774121246616;2,72309010659783;2,29408906685468;2,47326676471914;2,24097751517347;2,55320778110794;2,07780597554461;1,87229485914894;1,63386438152965;1,4456112889373;1,22448001849554;1,57391116751393;1,72268738934523;1,88268488418809;1,51541495520003;2,0105765664805;1,66769611430012;-21,1792549398174;-4,18947293818984;-6,65286241433163;-7,1809515973989;-5,54687814313434;-5,65488769770684;-9,8092163636125;-12,4411986438902;-5,52180832075962;-13,2792363051043;-11,5843475719452;-18,3650380350894;-25,6680975326532;-25,1712093050069;-26,5444579296166;-15,5048909875234;-16,7391415748164;-20,2654847460006;-14,0704407964278;-18,8612253266302;2,68199219822906;1,52838389719892;1,55555567096163;0,906735395569924;0,505569093294629;0,505568510213577;0,542423295383888;0,645128743653648;0,999999654320567;0,839312184375599;0,686365732674007;0,484882772849465;0,338111817657018;-2,15412013791303;-2,42226812127019;-2,55906686800296;-3,10311669832069;-3,99474654545801;-3,97671217514574;-3,35263255597489;-2,70563138978424;-2,14672192447882;-1,19499808741355;-1,84815310840112;-2,22452115757888;-2,90058670842152;-5,11453698104553;-5,02170503837136;-4,05149685492326;-3,42456171028843;-2,69556160947629;0,0719810978515742;0,0157773726842686;0,0505370955583641;0,0170367760222954;0,0271365841219972;0,00815598019131003;0,0102300072942366;0,0079209892374245;-0,4393396457292771;-3;1;1;1;-3;-3;1;1;0,17248618440074312;-11215,0511037443;NA;All
4530;1,89389554888044;2,77668417838003;2,33533711420516;2,68774121246616;2,72309010659783;2,29408906685468;2,47326676471914;2,24097751517347;2,55320778110794;2,07780597554461;1,87229485914894;1,63386438152965;1,4456112889373;1,22448001849554;1,57391116751393;1,72268738934523;1,88268488418809;1,51541495520003;2,0105765664805;1,66769611430012;-21,1792549398174;-4,18947293818984;-6,65286241433163;-7,1809515973989;-5,54687814313434;-5,65488769770684;-9,8092163636125;-12,4411986438902;-5,52180832075962;-13,2792363051043;-11,5843475719452;-18,3650380350894;-25,6680975326532;-25,1712093050069;-26,5444579296166;-15,5048909875234;-16,7391415748164;-20,2654847460006;-14,0704407964278;-18,8612253266302;2,68199219822906;1,52838389719892;1,55555567096163;0,906735395569924;0,505569093294629;0,505568510213577;0,542423295383888;0,645128743653648;0,999999654320567;0,839312184375599;0,686365732674007;0,484882772849465;0,338111817657018;-2,15412013791303;-2,42226812127019;-2,55906686800296;-3,10311669832069;-3,99474654545801;-3,97671217514574;-3,35263255597489;-2,70563138978424;-2,14672192447882;-1,19499808741355;-1,84815310840112;-2,22452115757888;-2,90058670842152;-5,11453698104553;-5,02170503837136;-4,05149685492326;-3,42456171028843;-2,69556160947629;0,0719810978515742;0,0157773726842686;0,0505370955583641;0,0170367760222954;0,0271365841219972;0,00815598019131003;0,0102300072942366;0,0079209892374245;-1,3720813748169438;-3;1;1;1;-3;-3;1;1;0,47118526104583475;-11215,0420329175;NA;All
4540;1,89389554888044;2,77668417838003;2,33533711420516;2,68774121246616;2,72309010659783;2,29408906685468;2,47326676471914;2,24097751517347;2,55320778110794;2,07780597554461;1,87229485914894;1,63386438152965;1,4456112889373;1,22448001849554;1,57391116751393;1,72268738934523;1,88268488418809;1,51541495520003;2,0105765664805;1,66769611430012;-21,1792549398174;-4,18947293818984;-6,65286241433163;-7,1809515973989;-5,54687814313434;-5,65488769770684;-9,8092163636125;-12,4411986438902;-5,52180832075962;-13,2792363051043;-11,5843475719452;-18,3650380350894;-25,6680975326532;-25,1712093050069;-26,5444579296166;-15,5048909875234;-16,7391415748164;-20,2654847460006;-14,0704407964278;-18,8612253266302;2,68199219822906;1,52838389719892;1,55555567096163;0,906735395569924;0,505569093294629;0,505568510213577;0,542423295383888;0,645128743653648;0,999999654320567;0,839312184375599;0,686365732674007;0,484882772849465;0,338111817657018;-2,15412013791303;-2,42226812127019;-2,55906686800296;-3,10311669832069;-3,99474654545801;-3,97671217514574;-3,35263255597489;-2,70563138978424;-2,14672192447882;-1,19499808741355;-1,84815310840112;-2,22452115757888;-2,90058670842152;-5,11453698104553;-5,02170503837136;-4,05149685492326;-3,42456171028843;-2,69556160947629;0,0719810978515742;0,0157773726842686;0,0505370955583641;0,0170367760222954;0,0271365841219972;0,00815598019131003;0,0102300072942366;0,0079209892374245;-3,0514740769088502;-3;1;1;1;-3;-3;1;1;0,20621923124882241;-11216,8030796058;NA;All
4550;1,89389554888044;2,77668417838003;2,33533711420516;2,68774121246616;2,72309010659783;2,29408906685468;2,47326676471914;2,24097751517347;2,55320778110794;2,07780597554461;1,87229485914894;1,63386438152965;1,4456112889373;1,22448001849554;1,57391116751393;1,72268738934523;1,88268488418809;1,51541495520003;2,0105765664805;1,66769611430012;-21,1792549398174;-4,18947293818984;-6,65286241433163;-7,1809515973989;-5,54687814313434;-5,65488769770684;-9,8092163636125;-12,4411986438902;-5,52180832075962;-13,2792363051043;-11,5843475719452;-18,3650380350894;-25,6680975326532;-25,1712093050069;-26,5444579296166;-15,5048909875234;-16,7391415748164;-20,2654847460006;-14,0704407964278;-18,8612253266302;2,68199219822906;1,52838389719892;1,55555567096163;0,906735395569924;0,505569093294629;0,505568510213577;0,542423295383888;0,645128743653648;0,999999654320567;0,839312184375599;0,686365732674007;0,484882772849465;0,338111817657018;-2,15412013791303;-2,42226812127019;-2,55906686800296;-3,10311669832069;-3,99474654545801;-3,97671217514574;-3,35263255597489;-2,70563138978424;-2,14672192447882;-1,19499808741355;-1,84815310840112;-2,22452115757888;-2,90058670842152;-5,11453698104553;-5,02170503837136;-4,05149685492326;-3,42456171028843;-2,69556160947629;0,0719810978515742;0,0157773726842686;0,0505370955583641;0,0170367760222954;0,0271365841219972;0,00815598019131003;0,0102300072942366;0,0079209892374245;-2,3879802600446873;-3;1;1;1;-3;-3;1;1;0,42697828481742983;-11215,2520645447;NA;All
4560;1,89389554888044;2,77668417838003;2,33533711420516;2,68774121246616;2,72309010659783;2,29408906685468;2,47326676471914;2,24097751517347;2,55320778110794;2,07780597554461;1,87229485914894;1,63386438152965;1,4456112889373;1,22448001849554;1,57391116751393;1,72268738934523;1,88268488418809;1,51541495520003;2,0105765664805;1,66769611430012;-21,1792549398174;-4,18947293818984;-6,65286241433163;-7,1809515973989;-5,54687814313434;-5,65488769770684;-9,8092163636125;-12,4411986438902;-5,52180832075962;-13,2792363051043;-11,5843475719452;-18,3650380350894;-25,6680975326532;-25,1712093050069;-26,5444579296166;-15,5048909875234;-16,7391415748164;-20,2654847460006;-14,0704407964278;-18,8612253266302;2,68199219822906;1,52838389719892;1,55555567096163;0,906735395569924;0,505569093294629;0,505568510213577;0,542423295383888;0,645128743653648;0,999999654320567;0,839312184375599;0,686365732674007;0,484882772849465;0,338111817657018;-2,15412013791303;-2,42226812127019;-2,55906686800296;-3,10311669832069;-3,99474654545801;-3,97671217514574;-3,35263255597489;-2,70563138978424;-2,14672192447882;-1,19499808741355;-1,84815310840112;-2,22452115757888;-2,90058670842152;-5,11453698104553;-5,02170503837136;-4,05149685492326;-3,42456171028843;-2,69556160947629;0,0719810978515742;0,0157773726842686;0,0505370955583641;0,0170367760222954;0,0271365841219972;0,00815598019131003;0,0102300072942366;0,0079209892374245;-1,1535472551352042;-3;1;1;1;-3;-3;1;1;0,37066877527691811;-11215,0647113521;NA;All
4570;1,89389554888044;2,77668417838003;2,33533711420516;2,68774121246616;2,72309010659783;2,29408906685468;2,47326676471914;2,24097751517347;2,55320778110794;2,07780597554461;1,87229485914894;1,63386438152965;1,4456112889373;1,22448001849554;1,57391116751393;1,72268738934523;1,88268488418809;1,51541495520003;2,0105765664805;1,66769611430012;-21,1792549398174;-4,18947293818984;-6,65286241433163;-7,1809515973989;-5,54687814313434;-5,65488769770684;-9,8092163636125;-12,4411986438902;-5,52180832075962;-13,2792363051043;-11,5843475719452;-18,3650380350894;-25,6680975326532;-25,1712093050069;-26,5444579296166;-15,5048909875234;-16,7391415748164;-20,2654847460006;-14,0704407964278;-18,8612253266302;2,68199219822906;1,52838389719892;1,55555567096163;0,906735395569924;0,505569093294629;0,505568510213577;0,542423295383888;0,645128743653648;0,999999654320567;0,839312184375599;0,686365732674007;0,484882772849465;0,338111817657018;-2,15412013791303;-2,42226812127019;-2,55906686800296;-3,10311669832069;-3,99474654545801;-3,97671217514574;-3,35263255597489;-2,70563138978424;-2,14672192447882;-1,19499808741355;-1,84815310840112;-2,22452115757888;-2,90058670842152;-5,11453698104553;-5,02170503837136;-4,05149685492326;-3,42456171028843;-2,69556160947629;0,0719810978515742;0,0157773726842686;0,0505370955583641;0,0170367760222954;0,0271365841219972;0,00815598019131003;0,0102300072942366;0,0079209892374245;-0,0542359362404632;-3;1;1;1;-3;-3;1;1;0,12100712143022974;-11218,5154288010;NA;All
4580;1,89389554888044;2,77668417838003;2,33533711420516;2,68774121246616;2,72309010659783;2,29408906685468;2,47326676471914;2,24097751517347;2,55320778110794;2,07780597554461;1,87229485914894;1,63386438152965;1,4456112889373;1,22448001849554;1,57391116751393;1,72268738934523;1,88268488418809;1,51541495520003;2,0105765664805;1,66769611430012;-21,1792549398174;-4,18947293818984;-6,65286241433163;-7,1809515973989;-5,54687814313434;-5,65488769770684;-9,8092163636125;-12,4411986438902;-5,52180832075962;-13,2792363051043;-11,5843475719452;-18,3650380350894;-25,6680975326532;-25,1712093050069;-26,5444579296166;-15,5048909875234;-16,7391415748164;-20,2654847460006;-14,0704407964278;-18,8612253266302;2,68199219822906;1,52838389719892;1,55555567096163;0,906735395569924;0,505569093294629;0,505568510213577;0,542423295383888;0,645128743653648;0,999999654320567;0,839312184375599;0,686365732674007;0,484882772849465;0,338111817657018;-2,15412013791303;-2,42226812127019;-2,55906686800296;-3,10311669832069;-3,99474654545801;-3,97671217514574;-3,35263255597489;-2,70563138978424;-2,14672192447882;-1,19499808741355;-1,84815310840112;-2,22452115757888;-2,90058670842152;-5,11453698104553;-5,02170503837136;-4,05149685492326;-3,42456171028843;-2,69556160947629;0,0719810978515742;0,0157773726842686;0,0505370955583641;0,0170367760222954;0,0271365841219972;0,00815598019131003;0,0102300072942366;0,0079209892374245;-1,3957500142932735;-3;1;1;1;-3;-3;1;1;1,13817009578226691;-11218,0469645957;NA;All
4590;1,89389554888044;2,77668417838003;2,33533711420516;2,68774121246616;2,72309010659783;2,29408906685468;2,47326676471914;2,24097751517347;2,55320778110794;2,07780597554461;1,87229485914894;1,63386438152965;1,4456112889373;1,22448001849554;1,57391116751393;1,72268738934523;1,88268488418809;1,51541495520003;2,0105765664805;1,66769611430012;-21,1792549398174;-4,18947293818984;-6,65286241433163;-7,1809515973989;-5,54687814313434;-5,65488769770684;-9,8092163636125;-12,4411986438902;-5,52180832075962;-13,2792363051043;-11,5843475719452;-18,3650380350894;-25,6680975326532;-25,1712093050069;-26,5444579296166;-15,5048909875234;-16,7391415748164;-20,2654847460006;-14,0704407964278;-18,8612253266302;2,68199219822906;1,52838389719892;1,55555567096163;0,906735395569924;0,505569093294629;0,505568510213577;0,542423295383888;0,645128743653648;0,999999654320567;0,839312184375599;0,686365732674007;0,484882772849465;0,338111817657018;-2,15412013791303;-2,42226812127019;-2,55906686800296;-3,10311669832069;-3,99474654545801;-3,97671217514574;-3,35263255597489;-2,70563138978424;-2,14672192447882;-1,19499808741355;-1,84815310840112;-2,22452115757888;-2,90058670842152;-5,11453698104553;-5,02170503837136;-4,05149685492326;-3,42456171028843;-2,69556160947629;0,0719810978515742;0,0157773726842686;0,0505370955583641;0,0170367760222954;0,0271365841219972;0,00815598019131003;0,0102300072942366;0,0079209892374245;-1,1478923178996974;-3;1;1;1;-3;-3;1;1;0,57636894872764444;-11215,1728920250;NA;All
4600;1,89389554888044;2,77668417838003;2,33533711420516;2,68774121246616;2,72309010659783;2,29408906685468;2,47326676471914;2,24097751517347;2,55320778110794;2,07780597554461;1,87229485914894;1,63386438152965;1,4456112889373;1,22448001849554;1,57391116751393;1,72268738934523;1,88268488418809;1,51541495520003;2,0105765664805;1,66769611430012;-21,1792549398174;-4,18947293818984;-6,65286241433163;-7,1809515973989;-5,54687814313434;-5,65488769770684;-9,8092163636125;-12,4411986438902;-5,52180832075962;-13,2792363051043;-11,5843475719452;-18,3650380350894;-25,6680975326532;-25,1712093050069;-26,5444579296166;-15,5048909875234;-16,7391415748164;-20,2654847460006;-14,0704407964278;-18,8612253266302;2,68199219822906;1,52838389719892;1,55555567096163;0,906735395569924;0,505569093294629;0,505568510213577;0,542423295383888;0,645128743653648;0,999999654320567;0,839312184375599;0,686365732674007;0,484882772849465;0,338111817657018;-2,15412013791303;-2,42226812127019;-2,55906686800296;-3,10311669832069;-3,99474654545801;-3,97671217514574;-3,35263255597489;-2,70563138978424;-2,14672192447882;-1,19499808741355;-1,84815310840112;-2,22452115757888;-2,90058670842152;-5,11453698104553;-5,02170503837136;-4,05149685492326;-3,42456171028843;-2,69556160947629;0,0719810978515742;0,0157773726842686;0,0505370955583641;0,0170367760222954;0,0271365841219972;0,00815598019131003;0,0102300072942366;0,0079209892374245;-2,6325091907775446;-3;1;1;1;-3;-3;1;1;0,21065300701814721;-11216,7226389327;NA;All
4610;1,89389554888044;2,77668417838003;2,33533711420516;2,68774121246616;2,72309010659783;2,29408906685468;2,47326676471914;2,24097751517347;2,55320778110794;2,07780597554461;1,87229485914894;1,63386438152965;1,4456112889373;1,22448001849554;1,57391116751393;1,72268738934523;1,88268488418809;1,51541495520003;2,0105765664805;1,66769611430012;-21,1792549398174;-4,18947293818984;-6,65286241433163;-7,1809515973989;-5,54687814313434;-5,65488769770684;-9,8092163636125;-12,4411986438902;-5,52180832075962;-13,2792363051043;-11,5843475719452;-18,3650380350894;-25,6680975326532;-25,1712093050069;-26,5444579296166;-15,5048909875234;-16,7391415748164;-20,2654847460006;-14,0704407964278;-18,8612253266302;2,68199219822906;1,52838389719892;1,55555567096163;0,906735395569924;0,505569093294629;0,505568510213577;0,542423295383888;0,645128743653648;0,999999654320567;0,839312184375599;0,686365732674007;0,484882772849465;0,338111817657018;-2,15412013791303;-2,42226812127019;-2,55906686800296;-3,10311669832069;-3,99474654545801;-3,97671217514574;-3,35263255597489;-2,70563138978424;-2,14672192447882;-1,19499808741355;-1,84815310840112;-2,22452115757888;-2,90058670842152;-5,11453698104553;-5,02170503837136;-4,05149685492326;-3,42456171028843;-2,69556160947629;0,0719810978515742;0,0157773726842686;0,0505370955583641;0,0170367760222954;0,0271365841219972;0,00815598019131003;0,0102300072942366;0,0079209892374245;-3,0968956133728804;-3;1;1;1;-3;-3;1;1;0,77179047017946112;-11215,5502953453;NA;All
4620;1,89389554888044;2,77668417838003;2,33533711420516;2,68774121246616;2,72309010659783;2,29408906685468;2,47326676471914;2,24097751517347;2,55320778110794;2,07780597554461;1,87229485914894;1,63386438152965;1,4456112889373;1,22448001849554;1,57391116751393;1,72268738934523;1,88268488418809;1,51541495520003;2,0105765664805;1,66769611430012;-21,1792549398174;-4,18947293818984;-6,65286241433163;-7,1809515973989;-5,54687814313434;-5,65488769770684;-9,8092163636125;-12,4411986438902;-5,52180832075962;-13,2792363051043;-11,5843475719452;-18,3650380350894;-25,6680975326532;-25,1712093050069;-26,5444579296166;-15,5048909875234;-16,7391415748164;-20,2654847460006;-14,0704407964278;-18,8612253266302;2,68199219822906;1,52838389719892;1,55555567096163;0,906735395569924;0,505569093294629;0,505568510213577;0,542423295383888;0,645128743653648;0,999999654320567;0,839312184375599;0,686365732674007;0,484882772849465;0,338111817657018;-2,15412013791303;-2,42226812127019;-2,55906686800296;-3,10311669832069;-3,99474654545801;-3,97671217514574;-3,35263255597489;-2,70563138978424;-2,14672192447882;-1,19499808741355;-1,84815310840112;-2,22452115757888;-2,90058670842152;-5,11453698104553;-5,02170503837136;-4,05149685492326;-3,42456171028843;-2,69556160947629;0,0719810978515742;0,0157773726842686;0,0505370955583641;0,0170367760222954;0,0271365841219972;0,00815598019131003;0,0102300072942366;0,0079209892374245;-0,5174478628343000;-3;1;1;1;-3;-3;1;1;0,22221055073708032;-11214,9805468104;NA;All
4630;1,89389554888044;2,77668417838003;2,33533711420516;2,68774121246616;2,72309010659783;2,29408906685468;2,47326676471914;2,24097751517347;2,55320778110794;2,07780597554461;1,87229485914894;1,63386438152965;1,4456112889373;1,22448001849554;1,57391116751393;1,72268738934523;1,88268488418809;1,51541495520003;2,0105765664805;1,66769611430012;-21,1792549398174;-4,18947293818984;-6,65286241433163;-7,1809515973989;-5,54687814313434;-5,65488769770684;-9,8092163636125;-12,4411986438902;-5,52180832075962;-13,2792363051043;-11,5843475719452;-18,3650380350894;-25,6680975326532;-25,1712093050069;-26,5444579296166;-15,5048909875234;-16,7391415748164;-20,2654847460006;-14,0704407964278;-18,8612253266302;2,68199219822906;1,52838389719892;1,55555567096163;0,906735395569924;0,505569093294629;0,505568510213577;0,542423295383888;0,645128743653648;0,999999654320567;0,839312184375599;0,686365732674007;0,484882772849465;0,338111817657018;-2,15412013791303;-2,42226812127019;-2,55906686800296;-3,10311669832069;-3,99474654545801;-3,97671217514574;-3,35263255597489;-2,70563138978424;-2,14672192447882;-1,19499808741355;-1,84815310840112;-2,22452115757888;-2,90058670842152;-5,11453698104553;-5,02170503837136;-4,05149685492326;-3,42456171028843;-2,69556160947629;0,0719810978515742;0,0157773726842686;0,0505370955583641;0,0170367760222954;0,0271365841219972;0,00815598019131003;0,0102300072942366;0,0079209892374245;-0,5174478628343000;-3;1;1;1;-3;-3;1;1;0,22221055073708032;-11214,9805468104;NA;All
4640;1,89389554888044;2,77668417838003;2,33533711420516;2,68774121246616;2,72309010659783;2,29408906685468;2,47326676471914;2,24097751517347;2,55320778110794;2,07780597554461;1,87229485914894;1,63386438152965;1,4456112889373;1,22448001849554;1,57391116751393;1,72268738934523;1,88268488418809;1,51541495520003;2,0105765664805;1,66769611430012;-21,1792549398174;-4,18947293818984;-6,65286241433163;-7,1809515973989;-5,54687814313434;-5,65488769770684;-9,8092163636125;-12,4411986438902;-5,52180832075962;-13,2792363051043;-11,5843475719452;-18,3650380350894;-25,6680975326532;-25,1712093050069;-26,5444579296166;-15,5048909875234;-16,7391415748164;-20,2654847460006;-14,0704407964278;-18,8612253266302;2,68199219822906;1,52838389719892;1,55555567096163;0,906735395569924;0,505569093294629;0,505568510213577;0,542423295383888;0,645128743653648;0,999999654320567;0,839312184375599;0,686365732674007;0,484882772849465;0,338111817657018;-2,15412013791303;-2,42226812127019;-2,55906686800296;-3,10311669832069;-3,99474654545801;-3,97671217514574;-3,35263255597489;-2,70563138978424;-2,14672192447882;-1,19499808741355;-1,84815310840112;-2,22452115757888;-2,90058670842152;-5,11453698104553;-5,02170503837136;-4,05149685492326;-3,42456171028843;-2,69556160947629;0,0719810978515742;0,0157773726842686;0,0505370955583641;0,0170367760222954;0,0271365841219972;0,00815598019131003;0,0102300072942366;0,0079209892374245;-3,0898841324605337;-3;1;1;1;-3;-3;1;1;0,58706301423175322;-11215,1176899454;NA;All
4650;1,89389554888044;2,77668417838003;2,33533711420516;2,68774121246616;2,72309010659783;2,29408906685468;2,47326676471914;2,24097751517347;2,55320778110794;2,07780597554461;1,87229485914894;1,63386438152965;1,4456112889373;1,22448001849554;1,57391116751393;1,72268738934523;1,88268488418809;1,51541495520003;2,0105765664805;1,66769611430012;-21,1792549398174;-4,18947293818984;-6,65286241433163;-7,1809515973989;-5,54687814313434;-5,65488769770684;-9,8092163636125;-12,4411986438902;-5,52180832075962;-13,2792363051043;-11,5843475719452;-18,3650380350894;-25,6680975326532;-25,1712093050069;-26,5444579296166;-15,5048909875234;-16,7391415748164;-20,2654847460006;-14,0704407964278;-18,8612253266302;2,68199219822906;1,52838389719892;1,55555567096163;0,906735395569924;0,505569093294629;0,505568510213577;0,542423295383888;0,645128743653648;0,999999654320567;0,839312184375599;0,686365732674007;0,484882772849465;0,338111817657018;-2,15412013791303;-2,42226812127019;-2,55906686800296;-3,10311669832069;-3,99474654545801;-3,97671217514574;-3,35263255597489;-2,70563138978424;-2,14672192447882;-1,19499808741355;-1,84815310840112;-2,22452115757888;-2,90058670842152;-5,11453698104553;-5,02170503837136;-4,05149685492326;-3,42456171028843;-2,69556160947629;0,0719810978515742;0,0157773726842686;0,0505370955583641;0,0170367760222954;0,0271365841219972;0,00815598019131003;0,0102300072942366;0,0079209892374245;-2,6635191775177014;-3;1;1;1;-3;-3;1;1;0,48883756824141206;-11215,1355068020;NA;All
4660;1,89389554888044;2,77668417838003;2,33533711420516;2,68774121246616;2,72309010659783;2,29408906685468;2,47326676471914;2,24097751517347;2,55320778110794;2,07780597554461;1,87229485914894;1,63386438152965;1,4456112889373;1,22448001849554;1,57391116751393;1,72268738934523;1,88268488418809;1,51541495520003;2,0105765664805;1,66769611430012;-21,1792549398174;-4,18947293818984;-6,65286241433163;-7,1809515973989;-5,54687814313434;-5,65488769770684;-9,8092163636125;-12,4411986438902;-5,52180832075962;-13,2792363051043;-11,5843475719452;-18,3650380350894;-25,6680975326532;-25,1712093050069;-26,5444579296166;-15,5048909875234;-16,7391415748164;-20,2654847460006;-14,0704407964278;-18,8612253266302;2,68199219822906;1,52838389719892;1,55555567096163;0,906735395569924;0,505569093294629;0,505568510213577;0,542423295383888;0,645128743653648;0,999999654320567;0,839312184375599;0,686365732674007;0,484882772849465;0,338111817657018;-2,15412013791303;-2,42226812127019;-2,55906686800296;-3,10311669832069;-3,99474654545801;-3,97671217514574;-3,35263255597489;-2,70563138978424;-2,14672192447882;-1,19499808741355;-1,84815310840112;-2,22452115757888;-2,90058670842152;-5,11453698104553;-5,02170503837136;-4,05149685492326;-3,42456171028843;-2,69556160947629;0,0719810978515742;0,0157773726842686;0,0505370955583641;0,0170367760222954;0,0271365841219972;0,00815598019131003;0,0102300072942366;0,0079209892374245;-3,2987948498788633;-3;1;1;1;-3;-3;1;1;0,75239617786667956;-11215,4795705461;NA;All
4670;1,89389554888044;2,77668417838003;2,33533711420516;2,68774121246616;2,72309010659783;2,29408906685468;2,47326676471914;2,24097751517347;2,55320778110794;2,07780597554461;1,87229485914894;1,63386438152965;1,4456112889373;1,22448001849554;1,57391116751393;1,72268738934523;1,88268488418809;1,51541495520003;2,0105765664805;1,66769611430012;-21,1792549398174;-4,18947293818984;-6,65286241433163;-7,1809515973989;-5,54687814313434;-5,65488769770684;-9,8092163636125;-12,4411986438902;-5,52180832075962;-13,2792363051043;-11,5843475719452;-18,3650380350894;-25,6680975326532;-25,1712093050069;-26,5444579296166;-15,5048909875234;-16,7391415748164;-20,2654847460006;-14,0704407964278;-18,8612253266302;2,68199219822906;1,52838389719892;1,55555567096163;0,906735395569924;0,505569093294629;0,505568510213577;0,542423295383888;0,645128743653648;0,999999654320567;0,839312184375599;0,686365732674007;0,484882772849465;0,338111817657018;-2,15412013791303;-2,42226812127019;-2,55906686800296;-3,10311669832069;-3,99474654545801;-3,97671217514574;-3,35263255597489;-2,70563138978424;-2,14672192447882;-1,19499808741355;-1,84815310840112;-2,22452115757888;-2,90058670842152;-5,11453698104553;-5,02170503837136;-4,05149685492326;-3,42456171028843;-2,69556160947629;0,0719810978515742;0,0157773726842686;0,0505370955583641;0,0170367760222954;0,0271365841219972;0,00815598019131003;0,0102300072942366;0,0079209892374245;-0,4975899611737298;-3;1;1;1;-3;-3;1;1;0,27130840587082033;-11215,1428002787;NA;All
4680;1,89389554888044;2,77668417838003;2,33533711420516;2,68774121246616;2,72309010659783;2,29408906685468;2,47326676471914;2,24097751517347;2,55320778110794;2,07780597554461;1,87229485914894;1,63386438152965;1,4456112889373;1,22448001849554;1,57391116751393;1,72268738934523;1,88268488418809;1,51541495520003;2,0105765664805;1,66769611430012;-21,1792549398174;-4,18947293818984;-6,65286241433163;-7,1809515973989;-5,54687814313434;-5,65488769770684;-9,8092163636125;-12,4411986438902;-5,52180832075962;-13,2792363051043;-11,5843475719452;-18,3650380350894;-25,6680975326532;-25,1712093050069;-26,5444579296166;-15,5048909875234;-16,7391415748164;-20,2654847460006;-14,0704407964278;-18,8612253266302;2,68199219822906;1,52838389719892;1,55555567096163;0,906735395569924;0,505569093294629;0,505568510213577;0,542423295383888;0,645128743653648;0,999999654320567;0,839312184375599;0,686365732674007;0,484882772849465;0,338111817657018;-2,15412013791303;-2,42226812127019;-2,55906686800296;-3,10311669832069;-3,99474654545801;-3,97671217514574;-3,35263255597489;-2,70563138978424;-2,14672192447882;-1,19499808741355;-1,84815310840112;-2,22452115757888;-2,90058670842152;-5,11453698104553;-5,02170503837136;-4,05149685492326;-3,42456171028843;-2,69556160947629;0,0719810978515742;0,0157773726842686;0,0505370955583641;0,0170367760222954;0,0271365841219972;0,00815598019131003;0,0102300072942366;0,0079209892374245;-3,9255430440411216;-3;1;1;1;-3;-3;1;1;0,60006776189759348;-11215,1295178189;NA;All
4690;1,89389554888044;2,77668417838003;2,33533711420516;2,68774121246616;2,72309010659783;2,29408906685468;2,47326676471914;2,24097751517347;2,55320778110794;2,07780597554461;1,87229485914894;1,63386438152965;1,4456112889373;1,22448001849554;1,57391116751393;1,72268738934523;1,88268488418809;1,51541495520003;2,0105765664805;1,66769611430012;-21,1792549398174;-4,18947293818984;-6,65286241433163;-7,1809515973989;-5,54687814313434;-5,65488769770684;-9,8092163636125;-12,4411986438902;-5,52180832075962;-13,2792363051043;-11,5843475719452;-18,3650380350894;-25,6680975326532;-25,1712093050069;-26,5444579296166;-15,5048909875234;-16,7391415748164;-20,2654847460006;-14,0704407964278;-18,8612253266302;2,68199219822906;1,52838389719892;1,55555567096163;0,906735395569924;0,505569093294629;0,505568510213577;0,542423295383888;0,645128743653648;0,999999654320567;0,839312184375599;0,686365732674007;0,484882772849465;0,338111817657018;-2,15412013791303;-2,42226812127019;-2,55906686800296;-3,10311669832069;-3,99474654545801;-3,97671217514574;-3,35263255597489;-2,70563138978424;-2,14672192447882;-1,19499808741355;-1,84815310840112;-2,22452115757888;-2,90058670842152;-5,11453698104553;-5,02170503837136;-4,05149685492326;-3,42456171028843;-2,69556160947629;0,0719810978515742;0,0157773726842686;0,0505370955583641;0,0170367760222954;0,0271365841219972;0,00815598019131003;0,0102300072942366;0,0079209892374245;-1,9784569764624211;-3;1;1;1;-3;-3;1;1;0,24608758421926091;-11216,2142606674;NA;All
4700;1,89389554888044;2,77668417838003;2,33533711420516;2,68774121246616;2,72309010659783;2,29408906685468;2,47326676471914;2,24097751517347;2,55320778110794;2,07780597554461;1,87229485914894;1,63386438152965;1,4456112889373;1,22448001849554;1,57391116751393;1,72268738934523;1,88268488418809;1,51541495520003;2,0105765664805;1,66769611430012;-21,1792549398174;-4,18947293818984;-6,65286241433163;-7,1809515973989;-5,54687814313434;-5,65488769770684;-9,8092163636125;-12,4411986438902;-5,52180832075962;-13,2792363051043;-11,5843475719452;-18,3650380350894;-25,6680975326532;-25,1712093050069;-26,5444579296166;-15,5048909875234;-16,7391415748164;-20,2654847460006;-14,0704407964278;-18,8612253266302;2,68199219822906;1,52838389719892;1,55555567096163;0,906735395569924;0,505569093294629;0,505568510213577;0,542423295383888;0,645128743653648;0,999999654320567;0,839312184375599;0,686365732674007;0,484882772849465;0,338111817657018;-2,15412013791303;-2,42226812127019;-2,55906686800296;-3,10311669832069;-3,99474654545801;-3,97671217514574;-3,35263255597489;-2,70563138978424;-2,14672192447882;-1,19499808741355;-1,84815310840112;-2,22452115757888;-2,90058670842152;-5,11453698104553;-5,02170503837136;-4,05149685492326;-3,42456171028843;-2,69556160947629;0,0719810978515742;0,0157773726842686;0,0505370955583641;0,0170367760222954;0,0271365841219972;0,00815598019131003;0,0102300072942366;0,0079209892374245;-0,6408417668050133;-3;1;1;1;-3;-3;1;1;0,56511232444016157;-11215,8728135963;NA;All
4710;1,89389554888044;2,77668417838003;2,33533711420516;2,68774121246616;2,72309010659783;2,29408906685468;2,47326676471914;2,24097751517347;2,55320778110794;2,07780597554461;1,87229485914894;1,63386438152965;1,4456112889373;1,22448001849554;1,57391116751393;1,72268738934523;1,88268488418809;1,51541495520003;2,0105765664805;1,66769611430012;-21,1792549398174;-4,18947293818984;-6,65286241433163;-7,1809515973989;-5,54687814313434;-5,65488769770684;-9,8092163636125;-12,4411986438902;-5,52180832075962;-13,2792363051043;-11,5843475719452;-18,3650380350894;-25,6680975326532;-25,1712093050069;-26,5444579296166;-15,5048909875234;-16,7391415748164;-20,2654847460006;-14,0704407964278;-18,8612253266302;2,68199219822906;1,52838389719892;1,55555567096163;0,906735395569924;0,505569093294629;0,505568510213577;0,542423295383888;0,645128743653648;0,999999654320567;0,839312184375599;0,686365732674007;0,484882772849465;0,338111817657018;-2,15412013791303;-2,42226812127019;-2,55906686800296;-3,10311669832069;-3,99474654545801;-3,97671217514574;-3,35263255597489;-2,70563138978424;-2,14672192447882;-1,19499808741355;-1,84815310840112;-2,22452115757888;-2,90058670842152;-5,11453698104553;-5,02170503837136;-4,05149685492326;-3,42456171028843;-2,69556160947629;0,0719810978515742;0,0157773726842686;0,0505370955583641;0,0170367760222954;0,0271365841219972;0,00815598019131003;0,0102300072942366;0,0079209892374245;-2,5314138231465275;-3;1;1;1;-3;-3;1;1;0,73106644477623861;-11215,4174203502;NA;All
4720;1,89389554888044;2,77668417838003;2,33533711420516;2,68774121246616;2,72309010659783;2,29408906685468;2,47326676471914;2,24097751517347;2,55320778110794;2,07780597554461;1,87229485914894;1,63386438152965;1,4456112889373;1,22448001849554;1,57391116751393;1,72268738934523;1,88268488418809;1,51541495520003;2,0105765664805;1,66769611430012;-21,1792549398174;-4,18947293818984;-6,65286241433163;-7,1809515973989;-5,54687814313434;-5,65488769770684;-9,8092163636125;-12,4411986438902;-5,52180832075962;-13,2792363051043;-11,5843475719452;-18,3650380350894;-25,6680975326532;-25,1712093050069;-26,5444579296166;-15,5048909875234;-16,7391415748164;-20,2654847460006;-14,0704407964278;-18,8612253266302;2,68199219822906;1,52838389719892;1,55555567096163;0,906735395569924;0,505569093294629;0,505568510213577;0,542423295383888;0,645128743653648;0,999999654320567;0,839312184375599;0,686365732674007;0,484882772849465;0,338111817657018;-2,15412013791303;-2,42226812127019;-2,55906686800296;-3,10311669832069;-3,99474654545801;-3,97671217514574;-3,35263255597489;-2,70563138978424;-2,14672192447882;-1,19499808741355;-1,84815310840112;-2,22452115757888;-2,90058670842152;-5,11453698104553;-5,02170503837136;-4,05149685492326;-3,42456171028843;-2,69556160947629;0,0719810978515742;0,0157773726842686;0,0505370955583641;0,0170367760222954;0,0271365841219972;0,00815598019131003;0,0102300072942366;0,0079209892374245;-1,4417218578600006;-3;1;1;1;-3;-3;1;1;0,45988758234546750;-11215,0622198345;NA;All
4730;1,89389554888044;2,77668417838003;2,33533711420516;2,68774121246616;2,72309010659783;2,29408906685468;2,47326676471914;2,24097751517347;2,55320778110794;2,07780597554461;1,87229485914894;1,63386438152965;1,4456112889373;1,22448001849554;1,57391116751393;1,72268738934523;1,88268488418809;1,51541495520003;2,0105765664805;1,66769611430012;-21,1792549398174;-4,18947293818984;-6,65286241433163;-7,1809515973989;-5,54687814313434;-5,65488769770684;-9,8092163636125;-12,4411986438902;-5,52180832075962;-13,2792363051043;-11,5843475719452;-18,3650380350894;-25,6680975326532;-25,1712093050069;-26,5444579296166;-15,5048909875234;-16,7391415748164;-20,2654847460006;-14,0704407964278;-18,8612253266302;2,68199219822906;1,52838389719892;1,55555567096163;0,906735395569924;0,505569093294629;0,505568510213577;0,542423295383888;0,645128743653648;0,999999654320567;0,839312184375599;0,686365732674007;0,484882772849465;0,338111817657018;-2,15412013791303;-2,42226812127019;-2,55906686800296;-3,10311669832069;-3,99474654545801;-3,97671217514574;-3,35263255597489;-2,70563138978424;-2,14672192447882;-1,19499808741355;-1,84815310840112;-2,22452115757888;-2,90058670842152;-5,11453698104553;-5,02170503837136;-4,05149685492326;-3,42456171028843;-2,69556160947629;0,0719810978515742;0,0157773726842686;0,0505370955583641;0,0170367760222954;0,0271365841219972;0,00815598019131003;0,0102300072942366;0,0079209892374245;-1,6285626297635207;-3;1;1;1;-3;-3;1;1;0,37164447679096912;-11215,3057035152;NA;All
4740;1,89389554888044;2,77668417838003;2,33533711420516;2,68774121246616;2,72309010659783;2,29408906685468;2,47326676471914;2,24097751517347;2,55320778110794;2,07780597554461;1,87229485914894;1,63386438152965;1,4456112889373;1,22448001849554;1,57391116751393;1,72268738934523;1,88268488418809;1,51541495520003;2,0105765664805;1,66769611430012;-21,1792549398174;-4,18947293818984;-6,65286241433163;-7,1809515973989;-5,54687814313434;-5,65488769770684;-9,8092163636125;-12,4411986438902;-5,52180832075962;-13,2792363051043;-11,5843475719452;-18,3650380350894;-25,6680975326532;-25,1712093050069;-26,5444579296166;-15,5048909875234;-16,7391415748164;-20,2654847460006;-14,0704407964278;-18,8612253266302;2,68199219822906;1,52838389719892;1,55555567096163;0,906735395569924;0,505569093294629;0,505568510213577;0,542423295383888;0,645128743653648;0,999999654320567;0,839312184375599;0,686365732674007;0,484882772849465;0,338111817657018;-2,15412013791303;-2,42226812127019;-2,55906686800296;-3,10311669832069;-3,99474654545801;-3,97671217514574;-3,35263255597489;-2,70563138978424;-2,14672192447882;-1,19499808741355;-1,84815310840112;-2,22452115757888;-2,90058670842152;-5,11453698104553;-5,02170503837136;-4,05149685492326;-3,42456171028843;-2,69556160947629;0,0719810978515742;0,0157773726842686;0,0505370955583641;0,0170367760222954;0,0271365841219972;0,00815598019131003;0,0102300072942366;0,0079209892374245;-3,3455908677079802;-3;1;1;1;-3;-3;1;1;0,67336508756706970;-11215,2513227867;NA;All
4750;1,89389554888044;2,77668417838003;2,33533711420516;2,68774121246616;2,72309010659783;2,29408906685468;2,47326676471914;2,24097751517347;2,55320778110794;2,07780597554461;1,87229485914894;1,63386438152965;1,4456112889373;1,22448001849554;1,57391116751393;1,72268738934523;1,88268488418809;1,51541495520003;2,0105765664805;1,66769611430012;-21,1792549398174;-4,18947293818984;-6,65286241433163;-7,1809515973989;-5,54687814313434;-5,65488769770684;-9,8092163636125;-12,4411986438902;-5,52180832075962;-13,2792363051043;-11,5843475719452;-18,3650380350894;-25,6680975326532;-25,1712093050069;-26,5444579296166;-15,5048909875234;-16,7391415748164;-20,2654847460006;-14,0704407964278;-18,8612253266302;2,68199219822906;1,52838389719892;1,55555567096163;0,906735395569924;0,505569093294629;0,505568510213577;0,542423295383888;0,645128743653648;0,999999654320567;0,839312184375599;0,686365732674007;0,484882772849465;0,338111817657018;-2,15412013791303;-2,42226812127019;-2,55906686800296;-3,10311669832069;-3,99474654545801;-3,97671217514574;-3,35263255597489;-2,70563138978424;-2,14672192447882;-1,19499808741355;-1,84815310840112;-2,22452115757888;-2,90058670842152;-5,11453698104553;-5,02170503837136;-4,05149685492326;-3,42456171028843;-2,69556160947629;0,0719810978515742;0,0157773726842686;0,0505370955583641;0,0170367760222954;0,0271365841219972;0,00815598019131003;0,0102300072942366;0,0079209892374245;-3,8804367666625712;-3;1;1;1;-3;-3;1;1;0,28111875395256863;-11216,0642073273;NA;All
4760;1,89389554888044;2,77668417838003;2,33533711420516;2,68774121246616;2,72309010659783;2,29408906685468;2,47326676471914;2,24097751517347;2,55320778110794;2,07780597554461;1,87229485914894;1,63386438152965;1,4456112889373;1,22448001849554;1,57391116751393;1,72268738934523;1,88268488418809;1,51541495520003;2,0105765664805;1,66769611430012;-21,1792549398174;-4,18947293818984;-6,65286241433163;-7,1809515973989;-5,54687814313434;-5,65488769770684;-9,8092163636125;-12,4411986438902;-5,52180832075962;-13,2792363051043;-11,5843475719452;-18,3650380350894;-25,6680975326532;-25,1712093050069;-26,5444579296166;-15,5048909875234;-16,7391415748164;-20,2654847460006;-14,0704407964278;-18,8612253266302;2,68199219822906;1,52838389719892;1,55555567096163;0,906735395569924;0,505569093294629;0,505568510213577;0,542423295383888;0,645128743653648;0,999999654320567;0,839312184375599;0,686365732674007;0,484882772849465;0,338111817657018;-2,15412013791303;-2,42226812127019;-2,55906686800296;-3,10311669832069;-3,99474654545801;-3,97671217514574;-3,35263255597489;-2,70563138978424;-2,14672192447882;-1,19499808741355;-1,84815310840112;-2,22452115757888;-2,90058670842152;-5,11453698104553;-5,02170503837136;-4,05149685492326;-3,42456171028843;-2,69556160947629;0,0719810978515742;0,0157773726842686;0,0505370955583641;0,0170367760222954;0,0271365841219972;0,00815598019131003;0,0102300072942366;0,0079209892374245;-2,4401212951594595;-3;1;1;1;-3;-3;1;1;0,84513125001280331;-11215,8740626286;NA;All
4770;1,89389554888044;2,77668417838003;2,33533711420516;2,68774121246616;2,72309010659783;2,29408906685468;2,47326676471914;2,24097751517347;2,55320778110794;2,07780597554461;1,87229485914894;1,63386438152965;1,4456112889373;1,22448001849554;1,57391116751393;1,72268738934523;1,88268488418809;1,51541495520003;2,0105765664805;1,66769611430012;-21,1792549398174;-4,18947293818984;-6,65286241433163;-7,1809515973989;-5,54687814313434;-5,65488769770684;-9,8092163636125;-12,4411986438902;-5,52180832075962;-13,2792363051043;-11,5843475719452;-18,3650380350894;-25,6680975326532;-25,1712093050069;-26,5444579296166;-15,5048909875234;-16,7391415748164;-20,2654847460006;-14,0704407964278;-18,8612253266302;2,68199219822906;1,52838389719892;1,55555567096163;0,906735395569924;0,505569093294629;0,505568510213577;0,542423295383888;0,645128743653648;0,999999654320567;0,839312184375599;0,686365732674007;0,484882772849465;0,338111817657018;-2,15412013791303;-2,42226812127019;-2,55906686800296;-3,10311669832069;-3,99474654545801;-3,97671217514574;-3,35263255597489;-2,70563138978424;-2,14672192447882;-1,19499808741355;-1,84815310840112;-2,22452115757888;-2,90058670842152;-5,11453698104553;-5,02170503837136;-4,05149685492326;-3,42456171028843;-2,69556160947629;0,0719810978515742;0,0157773726842686;0,0505370955583641;0,0170367760222954;0,0271365841219972;0,00815598019131003;0,0102300072942366;0,0079209892374245;-1,1898820890153536;-3;1;1;1;-3;-3;1;1;0,37068412531283151;-11215,0869786356;NA;All
4780;1,89389554888044;2,77668417838003;2,33533711420516;2,68774121246616;2,72309010659783;2,29408906685468;2,47326676471914;2,24097751517347;2,55320778110794;2,07780597554461;1,87229485914894;1,63386438152965;1,4456112889373;1,22448001849554;1,57391116751393;1,72268738934523;1,88268488418809;1,51541495520003;2,0105765664805;1,66769611430012;-21,1792549398174;-4,18947293818984;-6,65286241433163;-7,1809515973989;-5,54687814313434;-5,65488769770684;-9,8092163636125;-12,4411986438902;-5,52180832075962;-13,2792363051043;-11,5843475719452;-18,3650380350894;-25,6680975326532;-25,1712093050069;-26,5444579296166;-15,5048909875234;-16,7391415748164;-20,2654847460006;-14,0704407964278;-18,8612253266302;2,68199219822906;1,52838389719892;1,55555567096163;0,906735395569924;0,505569093294629;0,505568510213577;0,542423295383888;0,645128743653648;0,999999654320567;0,839312184375599;0,686365732674007;0,484882772849465;0,338111817657018;-2,15412013791303;-2,42226812127019;-2,55906686800296;-3,10311669832069;-3,99474654545801;-3,97671217514574;-3,35263255597489;-2,70563138978424;-2,14672192447882;-1,19499808741355;-1,84815310840112;-2,22452115757888;-2,90058670842152;-5,11453698104553;-5,02170503837136;-4,05149685492326;-3,42456171028843;-2,69556160947629;0,0719810978515742;0,0157773726842686;0,0505370955583641;0,0170367760222954;0,0271365841219972;0,00815598019131003;0,0102300072942366;0,0079209892374245;-1,6508408194244510;-3;1;1;1;-3;-3;1;1;0,44434952457065963;-11215,1245747711;NA;All
4790;1,89389554888044;2,77668417838003;2,33533711420516;2,68774121246616;2,72309010659783;2,29408906685468;2,47326676471914;2,24097751517347;2,55320778110794;2,07780597554461;1,87229485914894;1,63386438152965;1,4456112889373;1,22448001849554;1,57391116751393;1,72268738934523;1,88268488418809;1,51541495520003;2,0105765664805;1,66769611430012;-21,1792549398174;-4,18947293818984;-6,65286241433163;-7,1809515973989;-5,54687814313434;-5,65488769770684;-9,8092163636125;-12,4411986438902;-5,52180832075962;-13,2792363051043;-11,5843475719452;-18,3650380350894;-25,6680975326532;-25,1712093050069;-26,5444579296166;-15,5048909875234;-16,7391415748164;-20,2654847460006;-14,0704407964278;-18,8612253266302;2,68199219822906;1,52838389719892;1,55555567096163;0,906735395569924;0,505569093294629;0,505568510213577;0,542423295383888;0,645128743653648;0,999999654320567;0,839312184375599;0,686365732674007;0,484882772849465;0,338111817657018;-2,15412013791303;-2,42226812127019;-2,55906686800296;-3,10311669832069;-3,99474654545801;-3,97671217514574;-3,35263255597489;-2,70563138978424;-2,14672192447882;-1,19499808741355;-1,84815310840112;-2,22452115757888;-2,90058670842152;-5,11453698104553;-5,02170503837136;-4,05149685492326;-3,42456171028843;-2,69556160947629;0,0719810978515742;0,0157773726842686;0,0505370955583641;0,0170367760222954;0,0271365841219972;0,00815598019131003;0,0102300072942366;0,0079209892374245;-3,6212301276199335;-3;1;1;1;-3;-3;1;1;0,49894439237830168;-11215,1306851295;NA;All
4800;1,89389554888044;2,77668417838003;2,33533711420516;2,68774121246616;2,72309010659783;2,29408906685468;2,47326676471914;2,24097751517347;2,55320778110794;2,07780597554461;1,87229485914894;1,63386438152965;1,4456112889373;1,22448001849554;1,57391116751393;1,72268738934523;1,88268488418809;1,51541495520003;2,0105765664805;1,66769611430012;-21,1792549398174;-4,18947293818984;-6,65286241433163;-7,1809515973989;-5,54687814313434;-5,65488769770684;-9,8092163636125;-12,4411986438902;-5,52180832075962;-13,2792363051043;-11,5843475719452;-18,3650380350894;-25,6680975326532;-25,1712093050069;-26,5444579296166;-15,5048909875234;-16,7391415748164;-20,2654847460006;-14,0704407964278;-18,8612253266302;2,68199219822906;1,52838389719892;1,55555567096163;0,906735395569924;0,505569093294629;0,505568510213577;0,542423295383888;0,645128743653648;0,999999654320567;0,839312184375599;0,686365732674007;0,484882772849465;0,338111817657018;-2,15412013791303;-2,42226812127019;-2,55906686800296;-3,10311669832069;-3,99474654545801;-3,97671217514574;-3,35263255597489;-2,70563138978424;-2,14672192447882;-1,19499808741355;-1,84815310840112;-2,22452115757888;-2,90058670842152;-5,11453698104553;-5,02170503837136;-4,05149685492326;-3,42456171028843;-2,69556160947629;0,0719810978515742;0,0157773726842686;0,0505370955583641;0,0170367760222954;0,0271365841219972;0,00815598019131003;0,0102300072942366;0,0079209892374245;-2,3001796380243662;-3;1;1;1;-3;-3;1;1;0,70881781294447022;-11215,3550809928;NA;All
4810;1,89389554888044;2,77668417838003;2,33533711420516;2,68774121246616;2,72309010659783;2,29408906685468;2,47326676471914;2,24097751517347;2,55320778110794;2,07780597554461;1,87229485914894;1,63386438152965;1,4456112889373;1,22448001849554;1,57391116751393;1,72268738934523;1,88268488418809;1,51541495520003;2,0105765664805;1,66769611430012;-21,1792549398174;-4,18947293818984;-6,65286241433163;-7,1809515973989;-5,54687814313434;-5,65488769770684;-9,8092163636125;-12,4411986438902;-5,52180832075962;-13,2792363051043;-11,5843475719452;-18,3650380350894;-25,6680975326532;-25,1712093050069;-26,5444579296166;-15,5048909875234;-16,7391415748164;-20,2654847460006;-14,0704407964278;-18,8612253266302;2,68199219822906;1,52838389719892;1,55555567096163;0,906735395569924;0,505569093294629;0,505568510213577;0,542423295383888;0,645128743653648;0,999999654320567;0,839312184375599;0,686365732674007;0,484882772849465;0,338111817657018;-2,15412013791303;-2,42226812127019;-2,55906686800296;-3,10311669832069;-3,99474654545801;-3,97671217514574;-3,35263255597489;-2,70563138978424;-2,14672192447882;-1,19499808741355;-1,84815310840112;-2,22452115757888;-2,90058670842152;-5,11453698104553;-5,02170503837136;-4,05149685492326;-3,42456171028843;-2,69556160947629;0,0719810978515742;0,0157773726842686;0,0505370955583641;0,0170367760222954;0,0271365841219972;0,00815598019131003;0,0102300072942366;0,0079209892374245;-1,5899551441015407;-3;1;1;1;-3;-3;1;1;0,99661951535211957;-11216,8890017958;NA;All
4820;1,89389554888044;2,77668417838003;2,33533711420516;2,68774121246616;2,72309010659783;2,29408906685468;2,47326676471914;2,24097751517347;2,55320778110794;2,07780597554461;1,87229485914894;1,63386438152965;1,4456112889373;1,22448001849554;1,57391116751393;1,72268738934523;1,88268488418809;1,51541495520003;2,0105765664805;1,66769611430012;-21,1792549398174;-4,18947293818984;-6,65286241433163;-7,1809515973989;-5,54687814313434;-5,65488769770684;-9,8092163636125;-12,4411986438902;-5,52180832075962;-13,2792363051043;-11,5843475719452;-18,3650380350894;-25,6680975326532;-25,1712093050069;-26,5444579296166;-15,5048909875234;-16,7391415748164;-20,2654847460006;-14,0704407964278;-18,8612253266302;2,68199219822906;1,52838389719892;1,55555567096163;0,906735395569924;0,505569093294629;0,505568510213577;0,542423295383888;0,645128743653648;0,999999654320567;0,839312184375599;0,686365732674007;0,484882772849465;0,338111817657018;-2,15412013791303;-2,42226812127019;-2,55906686800296;-3,10311669832069;-3,99474654545801;-3,97671217514574;-3,35263255597489;-2,70563138978424;-2,14672192447882;-1,19499808741355;-1,84815310840112;-2,22452115757888;-2,90058670842152;-5,11453698104553;-5,02170503837136;-4,05149685492326;-3,42456171028843;-2,69556160947629;0,0719810978515742;0,0157773726842686;0,0505370955583641;0,0170367760222954;0,0271365841219972;0,00815598019131003;0,0102300072942366;0,0079209892374245;-1,6509284000344946;-3;1;1;1;-3;-3;1;1;0,68399740060581538;-11215,3328641276;NA;All
4830;1,89389554888044;2,77668417838003;2,33533711420516;2,68774121246616;2,72309010659783;2,29408906685468;2,47326676471914;2,24097751517347;2,55320778110794;2,07780597554461;1,87229485914894;1,63386438152965;1,4456112889373;1,22448001849554;1,57391116751393;1,72268738934523;1,88268488418809;1,51541495520003;2,0105765664805;1,66769611430012;-21,1792549398174;-4,18947293818984;-6,65286241433163;-7,1809515973989;-5,54687814313434;-5,65488769770684;-9,8092163636125;-12,4411986438902;-5,52180832075962;-13,2792363051043;-11,5843475719452;-18,3650380350894;-25,6680975326532;-25,1712093050069;-26,5444579296166;-15,5048909875234;-16,7391415748164;-20,2654847460006;-14,0704407964278;-18,8612253266302;2,68199219822906;1,52838389719892;1,55555567096163;0,906735395569924;0,505569093294629;0,505568510213577;0,542423295383888;0,645128743653648;0,999999654320567;0,839312184375599;0,686365732674007;0,484882772849465;0,338111817657018;-2,15412013791303;-2,42226812127019;-2,55906686800296;-3,10311669832069;-3,99474654545801;-3,97671217514574;-3,35263255597489;-2,70563138978424;-2,14672192447882;-1,19499808741355;-1,84815310840112;-2,22452115757888;-2,90058670842152;-5,11453698104553;-5,02170503837136;-4,05149685492326;-3,42456171028843;-2,69556160947629;0,0719810978515742;0,0157773726842686;0,0505370955583641;0,0170367760222954;0,0271365841219972;0,00815598019131003;0,0102300072942366;0,0079209892374245;-2,9519339812566230;-3;1;1;1;-3;-3;1;1;0,83744826330242883;-11215,8248867800;NA;All
4840;1,89389554888044;2,77668417838003;2,33533711420516;2,68774121246616;2,72309010659783;2,29408906685468;2,47326676471914;2,24097751517347;2,55320778110794;2,07780597554461;1,87229485914894;1,63386438152965;1,4456112889373;1,22448001849554;1,57391116751393;1,72268738934523;1,88268488418809;1,51541495520003;2,0105765664805;1,66769611430012;-21,1792549398174;-4,18947293818984;-6,65286241433163;-7,1809515973989;-5,54687814313434;-5,65488769770684;-9,8092163636125;-12,4411986438902;-5,52180832075962;-13,2792363051043;-11,5843475719452;-18,3650380350894;-25,6680975326532;-25,1712093050069;-26,5444579296166;-15,5048909875234;-16,7391415748164;-20,2654847460006;-14,0704407964278;-18,8612253266302;2,68199219822906;1,52838389719892;1,55555567096163;0,906735395569924;0,505569093294629;0,505568510213577;0,542423295383888;0,645128743653648;0,999999654320567;0,839312184375599;0,686365732674007;0,484882772849465;0,338111817657018;-2,15412013791303;-2,42226812127019;-2,55906686800296;-3,10311669832069;-3,99474654545801;-3,97671217514574;-3,35263255597489;-2,70563138978424;-2,14672192447882;-1,19499808741355;-1,84815310840112;-2,22452115757888;-2,90058670842152;-5,11453698104553;-5,02170503837136;-4,05149685492326;-3,42456171028843;-2,69556160947629;0,0719810978515742;0,0157773726842686;0,0505370955583641;0,0170367760222954;0,0271365841219972;0,00815598019131003;0,0102300072942366;0,0079209892374245;-2,0971966564565925;-3;1;1;1;-3;-3;1;1;0,38328314518991585;-11215,3733416280;NA;All
4850;1,89389554888044;2,77668417838003;2,33533711420516;2,68774121246616;2,72309010659783;2,29408906685468;2,47326676471914;2,24097751517347;2,55320778110794;2,07780597554461;1,87229485914894;1,63386438152965;1,4456112889373;1,22448001849554;1,57391116751393;1,72268738934523;1,88268488418809;1,51541495520003;2,0105765664805;1,66769611430012;-21,1792549398174;-4,18947293818984;-6,65286241433163;-7,1809515973989;-5,54687814313434;-5,65488769770684;-9,8092163636125;-12,4411986438902;-5,52180832075962;-13,2792363051043;-11,5843475719452;-18,3650380350894;-25,6680975326532;-25,1712093050069;-26,5444579296166;-15,5048909875234;-16,7391415748164;-20,2654847460006;-14,0704407964278;-18,8612253266302;2,68199219822906;1,52838389719892;1,55555567096163;0,906735395569924;0,505569093294629;0,505568510213577;0,542423295383888;0,645128743653648;0,999999654320567;0,839312184375599;0,686365732674007;0,484882772849465;0,338111817657018;-2,15412013791303;-2,42226812127019;-2,55906686800296;-3,10311669832069;-3,99474654545801;-3,97671217514574;-3,35263255597489;-2,70563138978424;-2,14672192447882;-1,19499808741355;-1,84815310840112;-2,22452115757888;-2,90058670842152;-5,11453698104553;-5,02170503837136;-4,05149685492326;-3,42456171028843;-2,69556160947629;0,0719810978515742;0,0157773726842686;0,0505370955583641;0,0170367760222954;0,0271365841219972;0,00815598019131003;0,0102300072942366;0,0079209892374245;-0,2728523179689080;-3;1;1;1;-3;-3;1;1;0,29431384904387736;-11216,6063265851;NA;All
4860;1,89389554888044;2,77668417838003;2,33533711420516;2,68774121246616;2,72309010659783;2,29408906685468;2,47326676471914;2,24097751517347;2,55320778110794;2,07780597554461;1,87229485914894;1,63386438152965;1,4456112889373;1,22448001849554;1,57391116751393;1,72268738934523;1,88268488418809;1,51541495520003;2,0105765664805;1,66769611430012;-21,1792549398174;-4,18947293818984;-6,65286241433163;-7,1809515973989;-5,54687814313434;-5,65488769770684;-9,8092163636125;-12,4411986438902;-5,52180832075962;-13,2792363051043;-11,5843475719452;-18,3650380350894;-25,6680975326532;-25,1712093050069;-26,5444579296166;-15,5048909875234;-16,7391415748164;-20,2654847460006;-14,0704407964278;-18,8612253266302;2,68199219822906;1,52838389719892;1,55555567096163;0,906735395569924;0,505569093294629;0,505568510213577;0,542423295383888;0,645128743653648;0,999999654320567;0,839312184375599;0,686365732674007;0,484882772849465;0,338111817657018;-2,15412013791303;-2,42226812127019;-2,55906686800296;-3,10311669832069;-3,99474654545801;-3,97671217514574;-3,35263255597489;-2,70563138978424;-2,14672192447882;-1,19499808741355;-1,84815310840112;-2,22452115757888;-2,90058670842152;-5,11453698104553;-5,02170503837136;-4,05149685492326;-3,42456171028843;-2,69556160947629;0,0719810978515742;0,0157773726842686;0,0505370955583641;0,0170367760222954;0,0271365841219972;0,00815598019131003;0,0102300072942366;0,0079209892374245;-2,8031216377181516;-3;1;1;1;-3;-3;1;1;0,48033660967453345;-11215,1498861636;NA;All
4870;1,89389554888044;2,77668417838003;2,33533711420516;2,68774121246616;2,72309010659783;2,29408906685468;2,47326676471914;2,24097751517347;2,55320778110794;2,07780597554461;1,87229485914894;1,63386438152965;1,4456112889373;1,22448001849554;1,57391116751393;1,72268738934523;1,88268488418809;1,51541495520003;2,0105765664805;1,66769611430012;-21,1792549398174;-4,18947293818984;-6,65286241433163;-7,1809515973989;-5,54687814313434;-5,65488769770684;-9,8092163636125;-12,4411986438902;-5,52180832075962;-13,2792363051043;-11,5843475719452;-18,3650380350894;-25,6680975326532;-25,1712093050069;-26,5444579296166;-15,5048909875234;-16,7391415748164;-20,2654847460006;-14,0704407964278;-18,8612253266302;2,68199219822906;1,52838389719892;1,55555567096163;0,906735395569924;0,505569093294629;0,505568510213577;0,542423295383888;0,645128743653648;0,999999654320567;0,839312184375599;0,686365732674007;0,484882772849465;0,338111817657018;-2,15412013791303;-2,42226812127019;-2,55906686800296;-3,10311669832069;-3,99474654545801;-3,97671217514574;-3,35263255597489;-2,70563138978424;-2,14672192447882;-1,19499808741355;-1,84815310840112;-2,22452115757888;-2,90058670842152;-5,11453698104553;-5,02170503837136;-4,05149685492326;-3,42456171028843;-2,69556160947629;0,0719810978515742;0,0157773726842686;0,0505370955583641;0,0170367760222954;0,0271365841219972;0,00815598019131003;0,0102300072942366;0,0079209892374245;-2,8301631613856397;-3;1;1;1;-3;-3;1;1;0,52776334234493216;-11215,1052884190;NA;All
4880;1,89389554888044;2,77668417838003;2,33533711420516;2,68774121246616;2,72309010659783;2,29408906685468;2,47326676471914;2,24097751517347;2,55320778110794;2,07780597554461;1,87229485914894;1,63386438152965;1,4456112889373;1,22448001849554;1,57391116751393;1,72268738934523;1,88268488418809;1,51541495520003;2,0105765664805;1,66769611430012;-21,1792549398174;-4,18947293818984;-6,65286241433163;-7,1809515973989;-5,54687814313434;-5,65488769770684;-9,8092163636125;-12,4411986438902;-5,52180832075962;-13,2792363051043;-11,5843475719452;-18,3650380350894;-25,6680975326532;-25,1712093050069;-26,5444579296166;-15,5048909875234;-16,7391415748164;-20,2654847460006;-14,0704407964278;-18,8612253266302;2,68199219822906;1,52838389719892;1,55555567096163;0,906735395569924;0,505569093294629;0,505568510213577;0,542423295383888;0,645128743653648;0,999999654320567;0,839312184375599;0,686365732674007;0,484882772849465;0,338111817657018;-2,15412013791303;-2,42226812127019;-2,55906686800296;-3,10311669832069;-3,99474654545801;-3,97671217514574;-3,35263255597489;-2,70563138978424;-2,14672192447882;-1,19499808741355;-1,84815310840112;-2,22452115757888;-2,90058670842152;-5,11453698104553;-5,02170503837136;-4,05149685492326;-3,42456171028843;-2,69556160947629;0,0719810978515742;0,0157773726842686;0,0505370955583641;0,0170367760222954;0,0271365841219972;0,00815598019131003;0,0102300072942366;0,0079209892374245;-2,5298270610014679;-3;1;1;1;-3;-3;1;1;0,53029837714670047;-11215,1008399888;NA;All
4890;1,89389554888044;2,77668417838003;2,33533711420516;2,68774121246616;2,72309010659783;2,29408906685468;2,47326676471914;2,24097751517347;2,55320778110794;2,07780597554461;1,87229485914894;1,63386438152965;1,4456112889373;1,22448001849554;1,57391116751393;1,72268738934523;1,88268488418809;1,51541495520003;2,0105765664805;1,66769611430012;-21,1792549398174;-4,18947293818984;-6,65286241433163;-7,1809515973989;-5,54687814313434;-5,65488769770684;-9,8092163636125;-12,4411986438902;-5,52180832075962;-13,2792363051043;-11,5843475719452;-18,3650380350894;-25,6680975326532;-25,1712093050069;-26,5444579296166;-15,5048909875234;-16,7391415748164;-20,2654847460006;-14,0704407964278;-18,8612253266302;2,68199219822906;1,52838389719892;1,55555567096163;0,906735395569924;0,505569093294629;0,505568510213577;0,542423295383888;0,645128743653648;0,999999654320567;0,839312184375599;0,686365732674007;0,484882772849465;0,338111817657018;-2,15412013791303;-2,42226812127019;-2,55906686800296;-3,10311669832069;-3,99474654545801;-3,97671217514574;-3,35263255597489;-2,70563138978424;-2,14672192447882;-1,19499808741355;-1,84815310840112;-2,22452115757888;-2,90058670842152;-5,11453698104553;-5,02170503837136;-4,05149685492326;-3,42456171028843;-2,69556160947629;0,0719810978515742;0,0157773726842686;0,0505370955583641;0,0170367760222954;0,0271365841219972;0,00815598019131003;0,0102300072942366;0,0079209892374245;-1,9619335083454184;-3;1;1;1;-3;-3;1;1;0,63797839552002922;-11215,1933344071;NA;All
4900;1,89389554888044;2,77668417838003;2,33533711420516;2,68774121246616;2,72309010659783;2,29408906685468;2,47326676471914;2,24097751517347;2,55320778110794;2,07780597554461;1,87229485914894;1,63386438152965;1,4456112889373;1,22448001849554;1,57391116751393;1,72268738934523;1,88268488418809;1,51541495520003;2,0105765664805;1,66769611430012;-21,1792549398174;-4,18947293818984;-6,65286241433163;-7,1809515973989;-5,54687814313434;-5,65488769770684;-9,8092163636125;-12,4411986438902;-5,52180832075962;-13,2792363051043;-11,5843475719452;-18,3650380350894;-25,6680975326532;-25,1712093050069;-26,5444579296166;-15,5048909875234;-16,7391415748164;-20,2654847460006;-14,0704407964278;-18,8612253266302;2,68199219822906;1,52838389719892;1,55555567096163;0,906735395569924;0,505569093294629;0,505568510213577;0,542423295383888;0,645128743653648;0,999999654320567;0,839312184375599;0,686365732674007;0,484882772849465;0,338111817657018;-2,15412013791303;-2,42226812127019;-2,55906686800296;-3,10311669832069;-3,99474654545801;-3,97671217514574;-3,35263255597489;-2,70563138978424;-2,14672192447882;-1,19499808741355;-1,84815310840112;-2,22452115757888;-2,90058670842152;-5,11453698104553;-5,02170503837136;-4,05149685492326;-3,42456171028843;-2,69556160947629;0,0719810978515742;0,0157773726842686;0,0505370955583641;0,0170367760222954;0,0271365841219972;0,00815598019131003;0,0102300072942366;0,0079209892374245;-1,6900201340671608;-3;1;1;1;-3;-3;1;1;0,39021448725412550;-11215,2629353881;NA;All
4910;1,89389554888044;2,77668417838003;2,33533711420516;2,68774121246616;2,72309010659783;2,29408906685468;2,47326676471914;2,24097751517347;2,55320778110794;2,07780597554461;1,87229485914894;1,63386438152965;1,4456112889373;1,22448001849554;1,57391116751393;1,72268738934523;1,88268488418809;1,51541495520003;2,0105765664805;1,66769611430012;-21,1792549398174;-4,18947293818984;-6,65286241433163;-7,1809515973989;-5,54687814313434;-5,65488769770684;-9,8092163636125;-12,4411986438902;-5,52180832075962;-13,2792363051043;-11,5843475719452;-18,3650380350894;-25,6680975326532;-25,1712093050069;-26,5444579296166;-15,5048909875234;-16,7391415748164;-20,2654847460006;-14,0704407964278;-18,8612253266302;2,68199219822906;1,52838389719892;1,55555567096163;0,906735395569924;0,505569093294629;0,505568510213577;0,542423295383888;0,645128743653648;0,999999654320567;0,839312184375599;0,686365732674007;0,484882772849465;0,338111817657018;-2,15412013791303;-2,42226812127019;-2,55906686800296;-3,10311669832069;-3,99474654545801;-3,97671217514574;-3,35263255597489;-2,70563138978424;-2,14672192447882;-1,19499808741355;-1,84815310840112;-2,22452115757888;-2,90058670842152;-5,11453698104553;-5,02170503837136;-4,05149685492326;-3,42456171028843;-2,69556160947629;0,0719810978515742;0,0157773726842686;0,0505370955583641;0,0170367760222954;0,0271365841219972;0,00815598019131003;0,0102300072942366;0,0079209892374245;-1,3629419896224091;-3;1;1;1;-3;-3;1;1;0,54791173203080268;-11215,0792408368;NA;All
4920;1,89389554888044;2,77668417838003;2,33533711420516;2,68774121246616;2,72309010659783;2,29408906685468;2,47326676471914;2,24097751517347;2,55320778110794;2,07780597554461;1,87229485914894;1,63386438152965;1,4456112889373;1,22448001849554;1,57391116751393;1,72268738934523;1,88268488418809;1,51541495520003;2,0105765664805;1,66769611430012;-21,1792549398174;-4,18947293818984;-6,65286241433163;-7,1809515973989;-5,54687814313434;-5,65488769770684;-9,8092163636125;-12,4411986438902;-5,52180832075962;-13,2792363051043;-11,5843475719452;-18,3650380350894;-25,6680975326532;-25,1712093050069;-26,5444579296166;-15,5048909875234;-16,7391415748164;-20,2654847460006;-14,0704407964278;-18,8612253266302;2,68199219822906;1,52838389719892;1,55555567096163;0,906735395569924;0,505569093294629;0,505568510213577;0,542423295383888;0,645128743653648;0,999999654320567;0,839312184375599;0,686365732674007;0,484882772849465;0,338111817657018;-2,15412013791303;-2,42226812127019;-2,55906686800296;-3,10311669832069;-3,99474654545801;-3,97671217514574;-3,35263255597489;-2,70563138978424;-2,14672192447882;-1,19499808741355;-1,84815310840112;-2,22452115757888;-2,90058670842152;-5,11453698104553;-5,02170503837136;-4,05149685492326;-3,42456171028843;-2,69556160947629;0,0719810978515742;0,0157773726842686;0,0505370955583641;0,0170367760222954;0,0271365841219972;0,00815598019131003;0,0102300072942366;0,0079209892374245;-3,0070668378139400;-3;1;1;1;-3;-3;1;1;0,48570256196392986;-11215,1447649991;NA;All
4930;1,89389554888044;2,77668417838003;2,33533711420516;2,68774121246616;2,72309010659783;2,29408906685468;2,47326676471914;2,24097751517347;2,55320778110794;2,07780597554461;1,87229485914894;1,63386438152965;1,4456112889373;1,22448001849554;1,57391116751393;1,72268738934523;1,88268488418809;1,51541495520003;2,0105765664805;1,66769611430012;-21,1792549398174;-4,18947293818984;-6,65286241433163;-7,1809515973989;-5,54687814313434;-5,65488769770684;-9,8092163636125;-12,4411986438902;-5,52180832075962;-13,2792363051043;-11,5843475719452;-18,3650380350894;-25,6680975326532;-25,1712093050069;-26,5444579296166;-15,5048909875234;-16,7391415748164;-20,2654847460006;-14,0704407964278;-18,8612253266302;2,68199219822906;1,52838389719892;1,55555567096163;0,906735395569924;0,505569093294629;0,505568510213577;0,542423295383888;0,645128743653648;0,999999654320567;0,839312184375599;0,686365732674007;0,484882772849465;0,338111817657018;-2,15412013791303;-2,42226812127019;-2,55906686800296;-3,10311669832069;-3,99474654545801;-3,97671217514574;-3,35263255597489;-2,70563138978424;-2,14672192447882;-1,19499808741355;-1,84815310840112;-2,22452115757888;-2,90058670842152;-5,11453698104553;-5,02170503837136;-4,05149685492326;-3,42456171028843;-2,69556160947629;0,0719810978515742;0,0157773726842686;0,0505370955583641;0,0170367760222954;0,0271365841219972;0,00815598019131003;0,0102300072942366;0,0079209892374245;-3,0597123445037440;-3;1;1;1;-3;-3;1;1;0,59658154458161106;-11215,1256886852;NA;All
4940;1,89389554888044;2,77668417838003;2,33533711420516;2,68774121246616;2,72309010659783;2,29408906685468;2,47326676471914;2,24097751517347;2,55320778110794;2,07780597554461;1,87229485914894;1,63386438152965;1,4456112889373;1,22448001849554;1,57391116751393;1,72268738934523;1,88268488418809;1,51541495520003;2,0105765664805;1,66769611430012;-21,1792549398174;-4,18947293818984;-6,65286241433163;-7,1809515973989;-5,54687814313434;-5,65488769770684;-9,8092163636125;-12,4411986438902;-5,52180832075962;-13,2792363051043;-11,5843475719452;-18,3650380350894;-25,6680975326532;-25,1712093050069;-26,5444579296166;-15,5048909875234;-16,7391415748164;-20,2654847460006;-14,0704407964278;-18,8612253266302;2,68199219822906;1,52838389719892;1,55555567096163;0,906735395569924;0,505569093294629;0,505568510213577;0,542423295383888;0,645128743653648;0,999999654320567;0,839312184375599;0,686365732674007;0,484882772849465;0,338111817657018;-2,15412013791303;-2,42226812127019;-2,55906686800296;-3,10311669832069;-3,99474654545801;-3,97671217514574;-3,35263255597489;-2,70563138978424;-2,14672192447882;-1,19499808741355;-1,84815310840112;-2,22452115757888;-2,90058670842152;-5,11453698104553;-5,02170503837136;-4,05149685492326;-3,42456171028843;-2,69556160947629;0,0719810978515742;0,0157773726842686;0,0505370955583641;0,0170367760222954;0,0271365841219972;0,00815598019131003;0,0102300072942366;0,0079209892374245;-2,8120001387388740;-3;1;1;1;-3;-3;1;1;0,84913292309908317;-11215,8810143995;NA;All
4950;1,89389554888044;2,77668417838003;2,33533711420516;2,68774121246616;2,72309010659783;2,29408906685468;2,47326676471914;2,24097751517347;2,55320778110794;2,07780597554461;1,87229485914894;1,63386438152965;1,4456112889373;1,22448001849554;1,57391116751393;1,72268738934523;1,88268488418809;1,51541495520003;2,0105765664805;1,66769611430012;-21,1792549398174;-4,18947293818984;-6,65286241433163;-7,1809515973989;-5,54687814313434;-5,65488769770684;-9,8092163636125;-12,4411986438902;-5,52180832075962;-13,2792363051043;-11,5843475719452;-18,3650380350894;-25,6680975326532;-25,1712093050069;-26,5444579296166;-15,5048909875234;-16,7391415748164;-20,2654847460006;-14,0704407964278;-18,8612253266302;2,68199219822906;1,52838389719892;1,55555567096163;0,906735395569924;0,505569093294629;0,505568510213577;0,542423295383888;0,645128743653648;0,999999654320567;0,839312184375599;0,686365732674007;0,484882772849465;0,338111817657018;-2,15412013791303;-2,42226812127019;-2,55906686800296;-3,10311669832069;-3,99474654545801;-3,97671217514574;-3,35263255597489;-2,70563138978424;-2,14672192447882;-1,19499808741355;-1,84815310840112;-2,22452115757888;-2,90058670842152;-5,11453698104553;-5,02170503837136;-4,05149685492326;-3,42456171028843;-2,69556160947629;0,0719810978515742;0,0157773726842686;0,0505370955583641;0,0170367760222954;0,0271365841219972;0,00815598019131003;0,0102300072942366;0,0079209892374245;-2,4613333515619069;-3;1;1;1;-3;-3;1;1;0,79129787077646740;-11215,6382301681;NA;All
4960;1,89389554888044;2,77668417838003;2,33533711420516;2,68774121246616;2,72309010659783;2,29408906685468;2,47326676471914;2,24097751517347;2,55320778110794;2,07780597554461;1,87229485914894;1,63386438152965;1,4456112889373;1,22448001849554;1,57391116751393;1,72268738934523;1,88268488418809;1,51541495520003;2,0105765664805;1,66769611430012;-21,1792549398174;-4,18947293818984;-6,65286241433163;-7,1809515973989;-5,54687814313434;-5,65488769770684;-9,8092163636125;-12,4411986438902;-5,52180832075962;-13,2792363051043;-11,5843475719452;-18,3650380350894;-25,6680975326532;-25,1712093050069;-26,5444579296166;-15,5048909875234;-16,7391415748164;-20,2654847460006;-14,0704407964278;-18,8612253266302;2,68199219822906;1,52838389719892;1,55555567096163;0,906735395569924;0,505569093294629;0,505568510213577;0,542423295383888;0,645128743653648;0,999999654320567;0,839312184375599;0,686365732674007;0,484882772849465;0,338111817657018;-2,15412013791303;-2,42226812127019;-2,55906686800296;-3,10311669832069;-3,99474654545801;-3,97671217514574;-3,35263255597489;-2,70563138978424;-2,14672192447882;-1,19499808741355;-1,84815310840112;-2,22452115757888;-2,90058670842152;-5,11453698104553;-5,02170503837136;-4,05149685492326;-3,42456171028843;-2,69556160947629;0,0719810978515742;0,0157773726842686;0,0505370955583641;0,0170367760222954;0,0271365841219972;0,00815598019131003;0,0102300072942366;0,0079209892374245;-1,5983907537777211;-3;1;1;1;-3;-3;1;1;0,41542503629300015;-11215,1679295647;NA;All
4970;1,89389554888044;2,77668417838003;2,33533711420516;2,68774121246616;2,72309010659783;2,29408906685468;2,47326676471914;2,24097751517347;2,55320778110794;2,07780597554461;1,87229485914894;1,63386438152965;1,4456112889373;1,22448001849554;1,57391116751393;1,72268738934523;1,88268488418809;1,51541495520003;2,0105765664805;1,66769611430012;-21,1792549398174;-4,18947293818984;-6,65286241433163;-7,1809515973989;-5,54687814313434;-5,65488769770684;-9,8092163636125;-12,4411986438902;-5,52180832075962;-13,2792363051043;-11,5843475719452;-18,3650380350894;-25,6680975326532;-25,1712093050069;-26,5444579296166;-15,5048909875234;-16,7391415748164;-20,2654847460006;-14,0704407964278;-18,8612253266302;2,68199219822906;1,52838389719892;1,55555567096163;0,906735395569924;0,505569093294629;0,505568510213577;0,542423295383888;0,645128743653648;0,999999654320567;0,839312184375599;0,686365732674007;0,484882772849465;0,338111817657018;-2,15412013791303;-2,42226812127019;-2,55906686800296;-3,10311669832069;-3,99474654545801;-3,97671217514574;-3,35263255597489;-2,70563138978424;-2,14672192447882;-1,19499808741355;-1,84815310840112;-2,22452115757888;-2,90058670842152;-5,11453698104553;-5,02170503837136;-4,05149685492326;-3,42456171028843;-2,69556160947629;0,0719810978515742;0,0157773726842686;0,0505370955583641;0,0170367760222954;0,0271365841219972;0,00815598019131003;0,0102300072942366;0,0079209892374245;-0,8015938467933227;-3;1;1;1;-3;-3;1;1;0,31822261233689930;-11214,9238984969;NA;All
4980;1,89389554888044;2,77668417838003;2,33533711420516;2,68774121246616;2,72309010659783;2,29408906685468;2,47326676471914;2,24097751517347;2,55320778110794;2,07780597554461;1,87229485914894;1,63386438152965;1,4456112889373;1,22448001849554;1,57391116751393;1,72268738934523;1,88268488418809;1,51541495520003;2,0105765664805;1,66769611430012;-21,1792549398174;-4,18947293818984;-6,65286241433163;-7,1809515973989;-5,54687814313434;-5,65488769770684;-9,8092163636125;-12,4411986438902;-5,52180832075962;-13,2792363051043;-11,5843475719452;-18,3650380350894;-25,6680975326532;-25,1712093050069;-26,5444579296166;-15,5048909875234;-16,7391415748164;-20,2654847460006;-14,0704407964278;-18,8612253266302;2,68199219822906;1,52838389719892;1,55555567096163;0,906735395569924;0,505569093294629;0,505568510213577;0,542423295383888;0,645128743653648;0,999999654320567;0,839312184375599;0,686365732674007;0,484882772849465;0,338111817657018;-2,15412013791303;-2,42226812127019;-2,55906686800296;-3,10311669832069;-3,99474654545801;-3,97671217514574;-3,35263255597489;-2,70563138978424;-2,14672192447882;-1,19499808741355;-1,84815310840112;-2,22452115757888;-2,90058670842152;-5,11453698104553;-5,02170503837136;-4,05149685492326;-3,42456171028843;-2,69556160947629;0,0719810978515742;0,0157773726842686;0,0505370955583641;0,0170367760222954;0,0271365841219972;0,00815598019131003;0,0102300072942366;0,0079209892374245;-3,2224166981247535;-3;1;1;1;-3;-3;1;1;0,69119187969908435;-11215,2951012955;NA;All
4990;1,89389554888044;2,77668417838003;2,33533711420516;2,68774121246616;2,72309010659783;2,29408906685468;2,47326676471914;2,24097751517347;2,55320778110794;2,07780597554461;1,87229485914894;1,63386438152965;1,4456112889373;1,22448001849554;1,57391116751393;1,72268738934523;1,88268488418809;1,51541495520003;2,0105765664805;1,66769611430012;-21,1792549398174;-4,18947293818984;-6,65286241433163;-7,1809515973989;-5,54687814313434;-5,65488769770684;-9,8092163636125;-12,4411986438902;-5,52180832075962;-13,2792363051043;-11,5843475719452;-18,3650380350894;-25,6680975326532;-25,1712093050069;-26,5444579296166;-15,5048909875234;-16,7391415748164;-20,2654847460006;-14,0704407964278;-18,8612253266302;2,68199219822906;1,52838389719892;1,55555567096163;0,906735395569924;0,505569093294629;0,505568510213577;0,542423295383888;0,645128743653648;0,999999654320567;0,839312184375599;0,686365732674007;0,484882772849465;0,338111817657018;-2,15412013791303;-2,42226812127019;-2,55906686800296;-3,10311669832069;-3,99474654545801;-3,97671217514574;-3,35263255597489;-2,70563138978424;-2,14672192447882;-1,19499808741355;-1,84815310840112;-2,22452115757888;-2,90058670842152;-5,11453698104553;-5,02170503837136;-4,05149685492326;-3,42456171028843;-2,69556160947629;0,0719810978515742;0,0157773726842686;0,0505370955583641;0,0170367760222954;0,0271365841219972;0,00815598019131003;0,0102300072942366;0,0079209892374245;-2,7920769784335127;-3;1;1;1;-3;-3;1;1;0,80761694174668819;-11215,6963121724;NA;All
5000;1,89389554888044;2,77668417838003;2,33533711420516;2,68774121246616;2,72309010659783;2,29408906685468;2,47326676471914;2,24097751517347;2,55320778110794;2,07780597554461;1,87229485914894;1,63386438152965;1,4456112889373;1,22448001849554;1,57391116751393;1,72268738934523;1,88268488418809;1,51541495520003;2,0105765664805;1,66769611430012;-21,1792549398174;-4,18947293818984;-6,65286241433163;-7,1809515973989;-5,54687814313434;-5,65488769770684;-9,8092163636125;-12,4411986438902;-5,52180832075962;-13,2792363051043;-11,5843475719452;-18,3650380350894;-25,6680975326532;-25,1712093050069;-26,5444579296166;-15,5048909875234;-16,7391415748164;-20,2654847460006;-14,0704407964278;-18,8612253266302;2,68199219822906;1,52838389719892;1,55555567096163;0,906735395569924;0,505569093294629;0,505568510213577;0,542423295383888;0,645128743653648;0,999999654320567;0,839312184375599;0,686365732674007;0,484882772849465;0,338111817657018;-2,15412013791303;-2,42226812127019;-2,55906686800296;-3,10311669832069;-3,99474654545801;-3,97671217514574;-3,35263255597489;-2,70563138978424;-2,14672192447882;-1,19499808741355;-1,84815310840112;-2,22452115757888;-2,90058670842152;-5,11453698104553;-5,02170503837136;-4,05149685492326;-3,42456171028843;-2,69556160947629;0,0719810978515742;0,0157773726842686;0,0505370955583641;0,0170367760222954;0,0271365841219972;0,00815598019131003;0,0102300072942366;0,0079209892374245;-1,9439446009286228;-3;1;1;1;-3;-3;1;1;0,80045766244589212;-11215,7140844936;NA;All
5010;1,89389554888044;2,77668417838003;2,33533711420516;2,68774121246616;2,72309010659783;2,29408906685468;2,47326676471914;2,24097751517347;2,55320778110794;2,07780597554461;1,87229485914894;1,63386438152965;1,4456112889373;1,22448001849554;1,57391116751393;1,72268738934523;1,88268488418809;1,51541495520003;2,0105765664805;1,66769611430012;-21,1792549398174;-4,18947293818984;-6,65286241433163;-7,1809515973989;-5,54687814313434;-5,65488769770684;-9,8092163636125;-12,4411986438902;-5,52180832075962;-13,2792363051043;-11,5843475719452;-18,3650380350894;-25,6680975326532;-25,1712093050069;-26,5444579296166;-15,5048909875234;-16,7391415748164;-20,2654847460006;-14,0704407964278;-18,8612253266302;2,68199219822906;1,52838389719892;1,55555567096163;0,906735395569924;0,505569093294629;0,505568510213577;0,542423295383888;0,645128743653648;0,999999654320567;0,839312184375599;0,686365732674007;0,484882772849465;0,338111817657018;-2,15412013791303;-2,42226812127019;-2,55906686800296;-3,10311669832069;-3,99474654545801;-3,97671217514574;-3,35263255597489;-2,70563138978424;-2,14672192447882;-1,19499808741355;-1,84815310840112;-2,22452115757888;-2,90058670842152;-5,11453698104553;-5,02170503837136;-4,05149685492326;-3,42456171028843;-2,69556160947629;0,0719810978515742;0,0157773726842686;0,0505370955583641;0,0170367760222954;0,0271365841219972;0,00815598019131003;0,0102300072942366;0,0079209892374245;-2,3082270259316524;-3;1;1;1;-3;-3;1;1;0,57527303750650638;-11215,1075596203;NA;All
5020;1,89389554888044;2,77668417838003;2,33533711420516;2,68774121246616;2,72309010659783;2,29408906685468;2,47326676471914;2,24097751517347;2,55320778110794;2,07780597554461;1,87229485914894;1,63386438152965;1,4456112889373;1,22448001849554;1,57391116751393;1,72268738934523;1,88268488418809;1,51541495520003;2,0105765664805;1,66769611430012;-21,1792549398174;-4,18947293818984;-6,65286241433163;-7,1809515973989;-5,54687814313434;-5,65488769770684;-9,8092163636125;-12,4411986438902;-5,52180832075962;-13,2792363051043;-11,5843475719452;-18,3650380350894;-25,6680975326532;-25,1712093050069;-26,5444579296166;-15,5048909875234;-16,7391415748164;-20,2654847460006;-14,0704407964278;-18,8612253266302;2,68199219822906;1,52838389719892;1,55555567096163;0,906735395569924;0,505569093294629;0,505568510213577;0,542423295383888;0,645128743653648;0,999999654320567;0,839312184375599;0,686365732674007;0,484882772849465;0,338111817657018;-2,15412013791303;-2,42226812127019;-2,55906686800296;-3,10311669832069;-3,99474654545801;-3,97671217514574;-3,35263255597489;-2,70563138978424;-2,14672192447882;-1,19499808741355;-1,84815310840112;-2,22452115757888;-2,90058670842152;-5,11453698104553;-5,02170503837136;-4,05149685492326;-3,42456171028843;-2,69556160947629;0,0719810978515742;0,0157773726842686;0,0505370955583641;0,0170367760222954;0,0271365841219972;0,00815598019131003;0,0102300072942366;0,0079209892374245;-2,4152115438537143;-3;1;1;1;-3;-3;1;1;0,51852684257506321;-11215,1046177128;NA;All
5030;1,89389554888044;2,77668417838003;2,33533711420516;2,68774121246616;2,72309010659783;2,29408906685468;2,47326676471914;2,24097751517347;2,55320778110794;2,07780597554461;1,87229485914894;1,63386438152965;1,4456112889373;1,22448001849554;1,57391116751393;1,72268738934523;1,88268488418809;1,51541495520003;2,0105765664805;1,66769611430012;-21,1792549398174;-4,18947293818984;-6,65286241433163;-7,1809515973989;-5,54687814313434;-5,65488769770684;-9,8092163636125;-12,4411986438902;-5,52180832075962;-13,2792363051043;-11,5843475719452;-18,3650380350894;-25,6680975326532;-25,1712093050069;-26,5444579296166;-15,5048909875234;-16,7391415748164;-20,2654847460006;-14,0704407964278;-18,8612253266302;2,68199219822906;1,52838389719892;1,55555567096163;0,906735395569924;0,505569093294629;0,505568510213577;0,542423295383888;0,645128743653648;0,999999654320567;0,839312184375599;0,686365732674007;0,484882772849465;0,338111817657018;-2,15412013791303;-2,42226812127019;-2,55906686800296;-3,10311669832069;-3,99474654545801;-3,97671217514574;-3,35263255597489;-2,70563138978424;-2,14672192447882;-1,19499808741355;-1,84815310840112;-2,22452115757888;-2,90058670842152;-5,11453698104553;-5,02170503837136;-4,05149685492326;-3,42456171028843;-2,69556160947629;0,0719810978515742;0,0157773726842686;0,0505370955583641;0,0170367760222954;0,0271365841219972;0,00815598019131003;0,0102300072942366;0,0079209892374245;-2,2209119220973261;-3;1;1;1;-3;-3;1;1;0,41248445336994494;-11215,2841107567;NA;All
5040;1,89389554888044;2,77668417838003;2,33533711420516;2,68774121246616;2,72309010659783;2,29408906685468;2,47326676471914;2,24097751517347;2,55320778110794;2,07780597554461;1,87229485914894;1,63386438152965;1,4456112889373;1,22448001849554;1,57391116751393;1,72268738934523;1,88268488418809;1,51541495520003;2,0105765664805;1,66769611430012;-21,1792549398174;-4,18947293818984;-6,65286241433163;-7,1809515973989;-5,54687814313434;-5,65488769770684;-9,8092163636125;-12,4411986438902;-5,52180832075962;-13,2792363051043;-11,5843475719452;-18,3650380350894;-25,6680975326532;-25,1712093050069;-26,5444579296166;-15,5048909875234;-16,7391415748164;-20,2654847460006;-14,0704407964278;-18,8612253266302;2,68199219822906;1,52838389719892;1,55555567096163;0,906735395569924;0,505569093294629;0,505568510213577;0,542423295383888;0,645128743653648;0,999999654320567;0,839312184375599;0,686365732674007;0,484882772849465;0,338111817657018;-2,15412013791303;-2,42226812127019;-2,55906686800296;-3,10311669832069;-3,99474654545801;-3,97671217514574;-3,35263255597489;-2,70563138978424;-2,14672192447882;-1,19499808741355;-1,84815310840112;-2,22452115757888;-2,90058670842152;-5,11453698104553;-5,02170503837136;-4,05149685492326;-3,42456171028843;-2,69556160947629;0,0719810978515742;0,0157773726842686;0,0505370955583641;0,0170367760222954;0,0271365841219972;0,00815598019131003;0,0102300072942366;0,0079209892374245;-2,4869537403567854;-3;1;1;1;-3;-3;1;1;0,62608665187677937;-11215,1635192598;NA;All
5050;1,89389554888044;2,77668417838003;2,33533711420516;2,68774121246616;2,72309010659783;2,29408906685468;2,47326676471914;2,24097751517347;2,55320778110794;2,07780597554461;1,87229485914894;1,63386438152965;1,4456112889373;1,22448001849554;1,57391116751393;1,72268738934523;1,88268488418809;1,51541495520003;2,0105765664805;1,66769611430012;-21,1792549398174;-4,18947293818984;-6,65286241433163;-7,1809515973989;-5,54687814313434;-5,65488769770684;-9,8092163636125;-12,4411986438902;-5,52180832075962;-13,2792363051043;-11,5843475719452;-18,3650380350894;-25,6680975326532;-25,1712093050069;-26,5444579296166;-15,5048909875234;-16,7391415748164;-20,2654847460006;-14,0704407964278;-18,8612253266302;2,68199219822906;1,52838389719892;1,55555567096163;0,906735395569924;0,505569093294629;0,505568510213577;0,542423295383888;0,645128743653648;0,999999654320567;0,839312184375599;0,686365732674007;0,484882772849465;0,338111817657018;-2,15412013791303;-2,42226812127019;-2,55906686800296;-3,10311669832069;-3,99474654545801;-3,97671217514574;-3,35263255597489;-2,70563138978424;-2,14672192447882;-1,19499808741355;-1,84815310840112;-2,22452115757888;-2,90058670842152;-5,11453698104553;-5,02170503837136;-4,05149685492326;-3,42456171028843;-2,69556160947629;0,0719810978515742;0,0157773726842686;0,0505370955583641;0,0170367760222954;0,0271365841219972;0,00815598019131003;0,0102300072942366;0,0079209892374245;-2,2671944591370683;-3;1;1;1;-3;-3;1;1;0,36453445575327387;-11215,4746951512;NA;All
5060;1,89389554888044;2,77668417838003;2,33533711420516;2,68774121246616;2,72309010659783;2,29408906685468;2,47326676471914;2,24097751517347;2,55320778110794;2,07780597554461;1,87229485914894;1,63386438152965;1,4456112889373;1,22448001849554;1,57391116751393;1,72268738934523;1,88268488418809;1,51541495520003;2,0105765664805;1,66769611430012;-21,1792549398174;-4,18947293818984;-6,65286241433163;-7,1809515973989;-5,54687814313434;-5,65488769770684;-9,8092163636125;-12,4411986438902;-5,52180832075962;-13,2792363051043;-11,5843475719452;-18,3650380350894;-25,6680975326532;-25,1712093050069;-26,5444579296166;-15,5048909875234;-16,7391415748164;-20,2654847460006;-14,0704407964278;-18,8612253266302;2,68199219822906;1,52838389719892;1,55555567096163;0,906735395569924;0,505569093294629;0,505568510213577;0,542423295383888;0,645128743653648;0,999999654320567;0,839312184375599;0,686365732674007;0,484882772849465;0,338111817657018;-2,15412013791303;-2,42226812127019;-2,55906686800296;-3,10311669832069;-3,99474654545801;-3,97671217514574;-3,35263255597489;-2,70563138978424;-2,14672192447882;-1,19499808741355;-1,84815310840112;-2,22452115757888;-2,90058670842152;-5,11453698104553;-5,02170503837136;-4,05149685492326;-3,42456171028843;-2,69556160947629;0,0719810978515742;0,0157773726842686;0,0505370955583641;0,0170367760222954;0,0271365841219972;0,00815598019131003;0,0102300072942366;0,0079209892374245;-2,0243996415386261;-3;1;1;1;-3;-3;1;1;0,32240621006525516;-11215,6582679984;NA;All
5070;1,89389554888044;2,77668417838003;2,33533711420516;2,68774121246616;2,72309010659783;2,29408906685468;2,47326676471914;2,24097751517347;2,55320778110794;2,07780597554461;1,87229485914894;1,63386438152965;1,4456112889373;1,22448001849554;1,57391116751393;1,72268738934523;1,88268488418809;1,51541495520003;2,0105765664805;1,66769611430012;-21,1792549398174;-4,18947293818984;-6,65286241433163;-7,1809515973989;-5,54687814313434;-5,65488769770684;-9,8092163636125;-12,4411986438902;-5,52180832075962;-13,2792363051043;-11,5843475719452;-18,3650380350894;-25,6680975326532;-25,1712093050069;-26,5444579296166;-15,5048909875234;-16,7391415748164;-20,2654847460006;-14,0704407964278;-18,8612253266302;2,68199219822906;1,52838389719892;1,55555567096163;0,906735395569924;0,505569093294629;0,505568510213577;0,542423295383888;0,645128743653648;0,999999654320567;0,839312184375599;0,686365732674007;0,484882772849465;0,338111817657018;-2,15412013791303;-2,42226812127019;-2,55906686800296;-3,10311669832069;-3,99474654545801;-3,97671217514574;-3,35263255597489;-2,70563138978424;-2,14672192447882;-1,19499808741355;-1,84815310840112;-2,22452115757888;-2,90058670842152;-5,11453698104553;-5,02170503837136;-4,05149685492326;-3,42456171028843;-2,69556160947629;0,0719810978515742;0,0157773726842686;0,0505370955583641;0,0170367760222954;0,0271365841219972;0,00815598019131003;0,0102300072942366;0,0079209892374245;-1,4692307201959824;-3;1;1;1;-3;-3;1;1;0,99590570965623826;-11216,9539203439;NA;All
5080;1,89389554888044;2,77668417838003;2,33533711420516;2,68774121246616;2,72309010659783;2,29408906685468;2,47326676471914;2,24097751517347;2,55320778110794;2,07780597554461;1,87229485914894;1,63386438152965;1,4456112889373;1,22448001849554;1,57391116751393;1,72268738934523;1,88268488418809;1,51541495520003;2,0105765664805;1,66769611430012;-21,1792549398174;-4,18947293818984;-6,65286241433163;-7,1809515973989;-5,54687814313434;-5,65488769770684;-9,8092163636125;-12,4411986438902;-5,52180832075962;-13,2792363051043;-11,5843475719452;-18,3650380350894;-25,6680975326532;-25,1712093050069;-26,5444579296166;-15,5048909875234;-16,7391415748164;-20,2654847460006;-14,0704407964278;-18,8612253266302;2,68199219822906;1,52838389719892;1,55555567096163;0,906735395569924;0,505569093294629;0,505568510213577;0,542423295383888;0,645128743653648;0,999999654320567;0,839312184375599;0,686365732674007;0,484882772849465;0,338111817657018;-2,15412013791303;-2,42226812127019;-2,55906686800296;-3,10311669832069;-3,99474654545801;-3,97671217514574;-3,35263255597489;-2,70563138978424;-2,14672192447882;-1,19499808741355;-1,84815310840112;-2,22452115757888;-2,90058670842152;-5,11453698104553;-5,02170503837136;-4,05149685492326;-3,42456171028843;-2,69556160947629;0,0719810978515742;0,0157773726842686;0,0505370955583641;0,0170367760222954;0,0271365841219972;0,00815598019131003;0,0102300072942366;0,0079209892374245;-1,9726903701733527;-3;1;1;1;-3;-3;1;1;0,54544150059904162;-11215,0881108514;NA;All
5090;1,89389554888044;2,77668417838003;2,33533711420516;2,68774121246616;2,72309010659783;2,29408906685468;2,47326676471914;2,24097751517347;2,55320778110794;2,07780597554461;1,87229485914894;1,63386438152965;1,4456112889373;1,22448001849554;1,57391116751393;1,72268738934523;1,88268488418809;1,51541495520003;2,0105765664805;1,66769611430012;-21,1792549398174;-4,18947293818984;-6,65286241433163;-7,1809515973989;-5,54687814313434;-5,65488769770684;-9,8092163636125;-12,4411986438902;-5,52180832075962;-13,2792363051043;-11,5843475719452;-18,3650380350894;-25,6680975326532;-25,1712093050069;-26,5444579296166;-15,5048909875234;-16,7391415748164;-20,2654847460006;-14,0704407964278;-18,8612253266302;2,68199219822906;1,52838389719892;1,55555567096163;0,906735395569924;0,505569093294629;0,505568510213577;0,542423295383888;0,645128743653648;0,999999654320567;0,839312184375599;0,686365732674007;0,484882772849465;0,338111817657018;-2,15412013791303;-2,42226812127019;-2,55906686800296;-3,10311669832069;-3,99474654545801;-3,97671217514574;-3,35263255597489;-2,70563138978424;-2,14672192447882;-1,19499808741355;-1,84815310840112;-2,22452115757888;-2,90058670842152;-5,11453698104553;-5,02170503837136;-4,05149685492326;-3,42456171028843;-2,69556160947629;0,0719810978515742;0,0157773726842686;0,0505370955583641;0,0170367760222954;0,0271365841219972;0,00815598019131003;0,0102300072942366;0,0079209892374245;-1,4283122786978959;-3;1;1;1;-3;-3;1;1;0,82329925335602161;-11215,9643987662;NA;All
5100;1,89389554888044;2,77668417838003;2,33533711420516;2,68774121246616;2,72309010659783;2,29408906685468;2,47326676471914;2,24097751517347;2,55320778110794;2,07780597554461;1,87229485914894;1,63386438152965;1,4456112889373;1,22448001849554;1,57391116751393;1,72268738934523;1,88268488418809;1,51541495520003;2,0105765664805;1,66769611430012;-21,1792549398174;-4,18947293818984;-6,65286241433163;-7,1809515973989;-5,54687814313434;-5,65488769770684;-9,8092163636125;-12,4411986438902;-5,52180832075962;-13,2792363051043;-11,5843475719452;-18,3650380350894;-25,6680975326532;-25,1712093050069;-26,5444579296166;-15,5048909875234;-16,7391415748164;-20,2654847460006;-14,0704407964278;-18,8612253266302;2,68199219822906;1,52838389719892;1,55555567096163;0,906735395569924;0,505569093294629;0,505568510213577;0,542423295383888;0,645128743653648;0,999999654320567;0,839312184375599;0,686365732674007;0,484882772849465;0,338111817657018;-2,15412013791303;-2,42226812127019;-2,55906686800296;-3,10311669832069;-3,99474654545801;-3,97671217514574;-3,35263255597489;-2,70563138978424;-2,14672192447882;-1,19499808741355;-1,84815310840112;-2,22452115757888;-2,90058670842152;-5,11453698104553;-5,02170503837136;-4,05149685492326;-3,42456171028843;-2,69556160947629;0,0719810978515742;0,0157773726842686;0,0505370955583641;0,0170367760222954;0,0271365841219972;0,00815598019131003;0,0102300072942366;0,0079209892374245;-1,5049645803909142;-3;1;1;1;-3;-3;1;1;1,26141374871871248;-11218,9615136448;NA;All
5110;1,89389554888044;2,77668417838003;2,33533711420516;2,68774121246616;2,72309010659783;2,29408906685468;2,47326676471914;2,24097751517347;2,55320778110794;2,07780597554461;1,87229485914894;1,63386438152965;1,4456112889373;1,22448001849554;1,57391116751393;1,72268738934523;1,88268488418809;1,51541495520003;2,0105765664805;1,66769611430012;-21,1792549398174;-4,18947293818984;-6,65286241433163;-7,1809515973989;-5,54687814313434;-5,65488769770684;-9,8092163636125;-12,4411986438902;-5,52180832075962;-13,2792363051043;-11,5843475719452;-18,3650380350894;-25,6680975326532;-25,1712093050069;-26,5444579296166;-15,5048909875234;-16,7391415748164;-20,2654847460006;-14,0704407964278;-18,8612253266302;2,68199219822906;1,52838389719892;1,55555567096163;0,906735395569924;0,505569093294629;0,505568510213577;0,542423295383888;0,645128743653648;0,999999654320567;0,839312184375599;0,686365732674007;0,484882772849465;0,338111817657018;-2,15412013791303;-2,42226812127019;-2,55906686800296;-3,10311669832069;-3,99474654545801;-3,97671217514574;-3,35263255597489;-2,70563138978424;-2,14672192447882;-1,19499808741355;-1,84815310840112;-2,22452115757888;-2,90058670842152;-5,11453698104553;-5,02170503837136;-4,05149685492326;-3,42456171028843;-2,69556160947629;0,0719810978515742;0,0157773726842686;0,0505370955583641;0,0170367760222954;0,0271365841219972;0,00815598019131003;0,0102300072942366;0,0079209892374245;-1,3254741618096564;-3;1;1;1;-3;-3;1;1;0,37771032795955134;-11215,1482871173;NA;All
5120;1,89389554888044;2,77668417838003;2,33533711420516;2,68774121246616;2,72309010659783;2,29408906685468;2,47326676471914;2,24097751517347;2,55320778110794;2,07780597554461;1,87229485914894;1,63386438152965;1,4456112889373;1,22448001849554;1,57391116751393;1,72268738934523;1,88268488418809;1,51541495520003;2,0105765664805;1,66769611430012;-21,1792549398174;-4,18947293818984;-6,65286241433163;-7,1809515973989;-5,54687814313434;-5,65488769770684;-9,8092163636125;-12,4411986438902;-5,52180832075962;-13,2792363051043;-11,5843475719452;-18,3650380350894;-25,6680975326532;-25,1712093050069;-26,5444579296166;-15,5048909875234;-16,7391415748164;-20,2654847460006;-14,0704407964278;-18,8612253266302;2,68199219822906;1,52838389719892;1,55555567096163;0,906735395569924;0,505569093294629;0,505568510213577;0,542423295383888;0,645128743653648;0,999999654320567;0,839312184375599;0,686365732674007;0,484882772849465;0,338111817657018;-2,15412013791303;-2,42226812127019;-2,55906686800296;-3,10311669832069;-3,99474654545801;-3,97671217514574;-3,35263255597489;-2,70563138978424;-2,14672192447882;-1,19499808741355;-1,84815310840112;-2,22452115757888;-2,90058670842152;-5,11453698104553;-5,02170503837136;-4,05149685492326;-3,42456171028843;-2,69556160947629;0,0719810978515742;0,0157773726842686;0,0505370955583641;0,0170367760222954;0,0271365841219972;0,00815598019131003;0,0102300072942366;0,0079209892374245;-1,9277257617373500;-3;1;1;1;-3;-3;1;1;0,50677308561804435;-11215,0910405517;NA;All
5130;1,89389554888044;2,77668417838003;2,33533711420516;2,68774121246616;2,72309010659783;2,29408906685468;2,47326676471914;2,24097751517347;2,55320778110794;2,07780597554461;1,87229485914894;1,63386438152965;1,4456112889373;1,22448001849554;1,57391116751393;1,72268738934523;1,88268488418809;1,51541495520003;2,0105765664805;1,66769611430012;-21,1792549398174;-4,18947293818984;-6,65286241433163;-7,1809515973989;-5,54687814313434;-5,65488769770684;-9,8092163636125;-12,4411986438902;-5,52180832075962;-13,2792363051043;-11,5843475719452;-18,3650380350894;-25,6680975326532;-25,1712093050069;-26,5444579296166;-15,5048909875234;-16,7391415748164;-20,2654847460006;-14,0704407964278;-18,8612253266302;2,68199219822906;1,52838389719892;1,55555567096163;0,906735395569924;0,505569093294629;0,505568510213577;0,542423295383888;0,645128743653648;0,999999654320567;0,839312184375599;0,686365732674007;0,484882772849465;0,338111817657018;-2,15412013791303;-2,42226812127019;-2,55906686800296;-3,10311669832069;-3,99474654545801;-3,97671217514574;-3,35263255597489;-2,70563138978424;-2,14672192447882;-1,19499808741355;-1,84815310840112;-2,22452115757888;-2,90058670842152;-5,11453698104553;-5,02170503837136;-4,05149685492326;-3,42456171028843;-2,69556160947629;0,0719810978515742;0,0157773726842686;0,0505370955583641;0,0170367760222954;0,0271365841219972;0,00815598019131003;0,0102300072942366;0,0079209892374245;-0,3574505759757975;-3;1;1;1;-3;-3;1;1;0,07735053585381613;-11215,0917743931;NA;All
5140;1,89389554888044;2,77668417838003;2,33533711420516;2,68774121246616;2,72309010659783;2,29408906685468;2,47326676471914;2,24097751517347;2,55320778110794;2,07780597554461;1,87229485914894;1,63386438152965;1,4456112889373;1,22448001849554;1,57391116751393;1,72268738934523;1,88268488418809;1,51541495520003;2,0105765664805;1,66769611430012;-21,1792549398174;-4,18947293818984;-6,65286241433163;-7,1809515973989;-5,54687814313434;-5,65488769770684;-9,8092163636125;-12,4411986438902;-5,52180832075962;-13,2792363051043;-11,5843475719452;-18,3650380350894;-25,6680975326532;-25,1712093050069;-26,5444579296166;-15,5048909875234;-16,7391415748164;-20,2654847460006;-14,0704407964278;-18,8612253266302;2,68199219822906;1,52838389719892;1,55555567096163;0,906735395569924;0,505569093294629;0,505568510213577;0,542423295383888;0,645128743653648;0,999999654320567;0,839312184375599;0,686365732674007;0,484882772849465;0,338111817657018;-2,15412013791303;-2,42226812127019;-2,55906686800296;-3,10311669832069;-3,99474654545801;-3,97671217514574;-3,35263255597489;-2,70563138978424;-2,14672192447882;-1,19499808741355;-1,84815310840112;-2,22452115757888;-2,90058670842152;-5,11453698104553;-5,02170503837136;-4,05149685492326;-3,42456171028843;-2,69556160947629;0,0719810978515742;0,0157773726842686;0,0505370955583641;0,0170367760222954;0,0271365841219972;0,00815598019131003;0,0102300072942366;0,0079209892374245;-1,8964214394064989;-3;1;1;1;-3;-3;1;1;0,29010125012108340;-11215,8302277246;NA;All
5150;1,89389554888044;2,77668417838003;2,33533711420516;2,68774121246616;2,72309010659783;2,29408906685468;2,47326676471914;2,24097751517347;2,55320778110794;2,07780597554461;1,87229485914894;1,63386438152965;1,4456112889373;1,22448001849554;1,57391116751393;1,72268738934523;1,88268488418809;1,51541495520003;2,0105765664805;1,66769611430012;-21,1792549398174;-4,18947293818984;-6,65286241433163;-7,1809515973989;-5,54687814313434;-5,65488769770684;-9,8092163636125;-12,4411986438902;-5,52180832075962;-13,2792363051043;-11,5843475719452;-18,3650380350894;-25,6680975326532;-25,1712093050069;-26,5444579296166;-15,5048909875234;-16,7391415748164;-20,2654847460006;-14,0704407964278;-18,8612253266302;2,68199219822906;1,52838389719892;1,55555567096163;0,906735395569924;0,505569093294629;0,505568510213577;0,542423295383888;0,645128743653648;0,999999654320567;0,839312184375599;0,686365732674007;0,484882772849465;0,338111817657018;-2,15412013791303;-2,42226812127019;-2,55906686800296;-3,10311669832069;-3,99474654545801;-3,97671217514574;-3,35263255597489;-2,70563138978424;-2,14672192447882;-1,19499808741355;-1,84815310840112;-2,22452115757888;-2,90058670842152;-5,11453698104553;-5,02170503837136;-4,05149685492326;-3,42456171028843;-2,69556160947629;0,0719810978515742;0,0157773726842686;0,0505370955583641;0,0170367760222954;0,0271365841219972;0,00815598019131003;0,0102300072942366;0,0079209892374245;-0,5325309717035740;-3;1;1;1;-3;-3;1;1;0,25048320004119284;-11215,0082945302;NA;All
5160;1,89389554888044;2,77668417838003;2,33533711420516;2,68774121246616;2,72309010659783;2,29408906685468;2,47326676471914;2,24097751517347;2,55320778110794;2,07780597554461;1,87229485914894;1,63386438152965;1,4456112889373;1,22448001849554;1,57391116751393;1,72268738934523;1,88268488418809;1,51541495520003;2,0105765664805;1,66769611430012;-21,1792549398174;-4,18947293818984;-6,65286241433163;-7,1809515973989;-5,54687814313434;-5,65488769770684;-9,8092163636125;-12,4411986438902;-5,52180832075962;-13,2792363051043;-11,5843475719452;-18,3650380350894;-25,6680975326532;-25,1712093050069;-26,5444579296166;-15,5048909875234;-16,7391415748164;-20,2654847460006;-14,0704407964278;-18,8612253266302;2,68199219822906;1,52838389719892;1,55555567096163;0,906735395569924;0,505569093294629;0,505568510213577;0,542423295383888;0,645128743653648;0,999999654320567;0,839312184375599;0,686365732674007;0,484882772849465;0,338111817657018;-2,15412013791303;-2,42226812127019;-2,55906686800296;-3,10311669832069;-3,99474654545801;-3,97671217514574;-3,35263255597489;-2,70563138978424;-2,14672192447882;-1,19499808741355;-1,84815310840112;-2,22452115757888;-2,90058670842152;-5,11453698104553;-5,02170503837136;-4,05149685492326;-3,42456171028843;-2,69556160947629;0,0719810978515742;0,0157773726842686;0,0505370955583641;0,0170367760222954;0,0271365841219972;0,00815598019131003;0,0102300072942366;0,0079209892374245;-2,2159326328954947;-3;1;1;1;-3;-3;1;1;0,71763052423357443;-11215,3849432736;NA;All
5170;1,89389554888044;2,77668417838003;2,33533711420516;2,68774121246616;2,72309010659783;2,29408906685468;2,47326676471914;2,24097751517347;2,55320778110794;2,07780597554461;1,87229485914894;1,63386438152965;1,4456112889373;1,22448001849554;1,57391116751393;1,72268738934523;1,88268488418809;1,51541495520003;2,0105765664805;1,66769611430012;-21,1792549398174;-4,18947293818984;-6,65286241433163;-7,1809515973989;-5,54687814313434;-5,65488769770684;-9,8092163636125;-12,4411986438902;-5,52180832075962;-13,2792363051043;-11,5843475719452;-18,3650380350894;-25,6680975326532;-25,1712093050069;-26,5444579296166;-15,5048909875234;-16,7391415748164;-20,2654847460006;-14,0704407964278;-18,8612253266302;2,68199219822906;1,52838389719892;1,55555567096163;0,906735395569924;0,505569093294629;0,505568510213577;0,542423295383888;0,645128743653648;0,999999654320567;0,839312184375599;0,686365732674007;0,484882772849465;0,338111817657018;-2,15412013791303;-2,42226812127019;-2,55906686800296;-3,10311669832069;-3,99474654545801;-3,97671217514574;-3,35263255597489;-2,70563138978424;-2,14672192447882;-1,19499808741355;-1,84815310840112;-2,22452115757888;-2,90058670842152;-5,11453698104553;-5,02170503837136;-4,05149685492326;-3,42456171028843;-2,69556160947629;0,0719810978515742;0,0157773726842686;0,0505370955583641;0,0170367760222954;0,0271365841219972;0,00815598019131003;0,0102300072942366;0,0079209892374245;-3,1466642566844025;-3;1;1;1;-3;-3;1;1;0,79113721190148356;-11215,6240884817;NA;All
5180;1,89389554888044;2,77668417838003;2,33533711420516;2,68774121246616;2,72309010659783;2,29408906685468;2,47326676471914;2,24097751517347;2,55320778110794;2,07780597554461;1,87229485914894;1,63386438152965;1,4456112889373;1,22448001849554;1,57391116751393;1,72268738934523;1,88268488418809;1,51541495520003;2,0105765664805;1,66769611430012;-21,1792549398174;-4,18947293818984;-6,65286241433163;-7,1809515973989;-5,54687814313434;-5,65488769770684;-9,8092163636125;-12,4411986438902;-5,52180832075962;-13,2792363051043;-11,5843475719452;-18,3650380350894;-25,6680975326532;-25,1712093050069;-26,5444579296166;-15,5048909875234;-16,7391415748164;-20,2654847460006;-14,0704407964278;-18,8612253266302;2,68199219822906;1,52838389719892;1,55555567096163;0,906735395569924;0,505569093294629;0,505568510213577;0,542423295383888;0,645128743653648;0,999999654320567;0,839312184375599;0,686365732674007;0,484882772849465;0,338111817657018;-2,15412013791303;-2,42226812127019;-2,55906686800296;-3,10311669832069;-3,99474654545801;-3,97671217514574;-3,35263255597489;-2,70563138978424;-2,14672192447882;-1,19499808741355;-1,84815310840112;-2,22452115757888;-2,90058670842152;-5,11453698104553;-5,02170503837136;-4,05149685492326;-3,42456171028843;-2,69556160947629;0,0719810978515742;0,0157773726842686;0,0505370955583641;0,0170367760222954;0,0271365841219972;0,00815598019131003;0,0102300072942366;0,0079209892374245;-3,1223519363796171;-3;1;1;1;-3;-3;1;1;0,86125377490775412;-11215,9346299589;NA;All
5190;1,89389554888044;2,77668417838003;2,33533711420516;2,68774121246616;2,72309010659783;2,29408906685468;2,47326676471914;2,24097751517347;2,55320778110794;2,07780597554461;1,87229485914894;1,63386438152965;1,4456112889373;1,22448001849554;1,57391116751393;1,72268738934523;1,88268488418809;1,51541495520003;2,0105765664805;1,66769611430012;-21,1792549398174;-4,18947293818984;-6,65286241433163;-7,1809515973989;-5,54687814313434;-5,65488769770684;-9,8092163636125;-12,4411986438902;-5,52180832075962;-13,2792363051043;-11,5843475719452;-18,3650380350894;-25,6680975326532;-25,1712093050069;-26,5444579296166;-15,5048909875234;-16,7391415748164;-20,2654847460006;-14,0704407964278;-18,8612253266302;2,68199219822906;1,52838389719892;1,55555567096163;0,906735395569924;0,505569093294629;0,505568510213577;0,542423295383888;0,645128743653648;0,999999654320567;0,839312184375599;0,686365732674007;0,484882772849465;0,338111817657018;-2,15412013791303;-2,42226812127019;-2,55906686800296;-3,10311669832069;-3,99474654545801;-3,97671217514574;-3,35263255597489;-2,70563138978424;-2,14672192447882;-1,19499808741355;-1,84815310840112;-2,22452115757888;-2,90058670842152;-5,11453698104553;-5,02170503837136;-4,05149685492326;-3,42456171028843;-2,69556160947629;0,0719810978515742;0,0157773726842686;0,0505370955583641;0,0170367760222954;0,0271365841219972;0,00815598019131003;0,0102300072942366;0,0079209892374245;-1,0317425377044265;-3;1;1;1;-3;-3;1;1;0,21772070018420553;-11215,4426347312;NA;All
5200;1,89389554888044;2,77668417838003;2,33533711420516;2,68774121246616;2,72309010659783;2,29408906685468;2,47326676471914;2,24097751517347;2,55320778110794;2,07780597554461;1,87229485914894;1,63386438152965;1,4456112889373;1,22448001849554;1,57391116751393;1,72268738934523;1,88268488418809;1,51541495520003;2,0105765664805;1,66769611430012;-21,1792549398174;-4,18947293818984;-6,65286241433163;-7,1809515973989;-5,54687814313434;-5,65488769770684;-9,8092163636125;-12,4411986438902;-5,52180832075962;-13,2792363051043;-11,5843475719452;-18,3650380350894;-25,6680975326532;-25,1712093050069;-26,5444579296166;-15,5048909875234;-16,7391415748164;-20,2654847460006;-14,0704407964278;-18,8612253266302;2,68199219822906;1,52838389719892;1,55555567096163;0,906735395569924;0,505569093294629;0,505568510213577;0,542423295383888;0,645128743653648;0,999999654320567;0,839312184375599;0,686365732674007;0,484882772849465;0,338111817657018;-2,15412013791303;-2,42226812127019;-2,55906686800296;-3,10311669832069;-3,99474654545801;-3,97671217514574;-3,35263255597489;-2,70563138978424;-2,14672192447882;-1,19499808741355;-1,84815310840112;-2,22452115757888;-2,90058670842152;-5,11453698104553;-5,02170503837136;-4,05149685492326;-3,42456171028843;-2,69556160947629;0,0719810978515742;0,0157773726842686;0,0505370955583641;0,0170367760222954;0,0271365841219972;0,00815598019131003;0,0102300072942366;0,0079209892374245;-3,4734236013601514;-3;1;1;1;-3;-3;1;1;0,70755070056324065;-11215,3385031100;NA;All
5210;1,89389554888044;2,77668417838003;2,33533711420516;2,68774121246616;2,72309010659783;2,29408906685468;2,47326676471914;2,24097751517347;2,55320778110794;2,07780597554461;1,87229485914894;1,63386438152965;1,4456112889373;1,22448001849554;1,57391116751393;1,72268738934523;1,88268488418809;1,51541495520003;2,0105765664805;1,66769611430012;-21,1792549398174;-4,18947293818984;-6,65286241433163;-7,1809515973989;-5,54687814313434;-5,65488769770684;-9,8092163636125;-12,4411986438902;-5,52180832075962;-13,2792363051043;-11,5843475719452;-18,3650380350894;-25,6680975326532;-25,1712093050069;-26,5444579296166;-15,5048909875234;-16,7391415748164;-20,2654847460006;-14,0704407964278;-18,8612253266302;2,68199219822906;1,52838389719892;1,55555567096163;0,906735395569924;0,505569093294629;0,505568510213577;0,542423295383888;0,645128743653648;0,999999654320567;0,839312184375599;0,686365732674007;0,484882772849465;0,338111817657018;-2,15412013791303;-2,42226812127019;-2,55906686800296;-3,10311669832069;-3,99474654545801;-3,97671217514574;-3,35263255597489;-2,70563138978424;-2,14672192447882;-1,19499808741355;-1,84815310840112;-2,22452115757888;-2,90058670842152;-5,11453698104553;-5,02170503837136;-4,05149685492326;-3,42456171028843;-2,69556160947629;0,0719810978515742;0,0157773726842686;0,0505370955583641;0,0170367760222954;0,0271365841219972;0,00815598019131003;0,0102300072942366;0,0079209892374245;-1,8421690181069228;-3;1;1;1;-3;-3;1;1;0,91999517403179343;-11216,3314477530;NA;All
5220;1,89389554888044;2,77668417838003;2,33533711420516;2,68774121246616;2,72309010659783;2,29408906685468;2,47326676471914;2,24097751517347;2,55320778110794;2,07780597554461;1,87229485914894;1,63386438152965;1,4456112889373;1,22448001849554;1,57391116751393;1,72268738934523;1,88268488418809;1,51541495520003;2,0105765664805;1,66769611430012;-21,1792549398174;-4,18947293818984;-6,65286241433163;-7,1809515973989;-5,54687814313434;-5,65488769770684;-9,8092163636125;-12,4411986438902;-5,52180832075962;-13,2792363051043;-11,5843475719452;-18,3650380350894;-25,6680975326532;-25,1712093050069;-26,5444579296166;-15,5048909875234;-16,7391415748164;-20,2654847460006;-14,0704407964278;-18,8612253266302;2,68199219822906;1,52838389719892;1,55555567096163;0,906735395569924;0,505569093294629;0,505568510213577;0,542423295383888;0,645128743653648;0,999999654320567;0,839312184375599;0,686365732674007;0,484882772849465;0,338111817657018;-2,15412013791303;-2,42226812127019;-2,55906686800296;-3,10311669832069;-3,99474654545801;-3,97671217514574;-3,35263255597489;-2,70563138978424;-2,14672192447882;-1,19499808741355;-1,84815310840112;-2,22452115757888;-2,90058670842152;-5,11453698104553;-5,02170503837136;-4,05149685492326;-3,42456171028843;-2,69556160947629;0,0719810978515742;0,0157773726842686;0,0505370955583641;0,0170367760222954;0,0271365841219972;0,00815598019131003;0,0102300072942366;0,0079209892374245;-3,6141331089199999;-3;1;1;1;-3;-3;1;1;1,03546774650829132;-11216,9297546923;NA;All
5230;1,89389554888044;2,77668417838003;2,33533711420516;2,68774121246616;2,72309010659783;2,29408906685468;2,47326676471914;2,24097751517347;2,55320778110794;2,07780597554461;1,87229485914894;1,63386438152965;1,4456112889373;1,22448001849554;1,57391116751393;1,72268738934523;1,88268488418809;1,51541495520003;2,0105765664805;1,66769611430012;-21,1792549398174;-4,18947293818984;-6,65286241433163;-7,1809515973989;-5,54687814313434;-5,65488769770684;-9,8092163636125;-12,4411986438902;-5,52180832075962;-13,2792363051043;-11,5843475719452;-18,3650380350894;-25,6680975326532;-25,1712093050069;-26,5444579296166;-15,5048909875234;-16,7391415748164;-20,2654847460006;-14,0704407964278;-18,8612253266302;2,68199219822906;1,52838389719892;1,55555567096163;0,906735395569924;0,505569093294629;0,505568510213577;0,542423295383888;0,645128743653648;0,999999654320567;0,839312184375599;0,686365732674007;0,484882772849465;0,338111817657018;-2,15412013791303;-2,42226812127019;-2,55906686800296;-3,10311669832069;-3,99474654545801;-3,97671217514574;-3,35263255597489;-2,70563138978424;-2,14672192447882;-1,19499808741355;-1,84815310840112;-2,22452115757888;-2,90058670842152;-5,11453698104553;-5,02170503837136;-4,05149685492326;-3,42456171028843;-2,69556160947629;0,0719810978515742;0,0157773726842686;0,0505370955583641;0,0170367760222954;0,0271365841219972;0,00815598019131003;0,0102300072942366;0,0079209892374245;-1,1813872189651156;-3;1;1;1;-3;-3;1;1;0,54636554195616338;-11215,0996694517;NA;All
5240;1,89389554888044;2,77668417838003;2,33533711420516;2,68774121246616;2,72309010659783;2,29408906685468;2,47326676471914;2,24097751517347;2,55320778110794;2,07780597554461;1,87229485914894;1,63386438152965;1,4456112889373;1,22448001849554;1,57391116751393;1,72268738934523;1,88268488418809;1,51541495520003;2,0105765664805;1,66769611430012;-21,1792549398174;-4,18947293818984;-6,65286241433163;-7,1809515973989;-5,54687814313434;-5,65488769770684;-9,8092163636125;-12,4411986438902;-5,52180832075962;-13,2792363051043;-11,5843475719452;-18,3650380350894;-25,6680975326532;-25,1712093050069;-26,5444579296166;-15,5048909875234;-16,7391415748164;-20,2654847460006;-14,0704407964278;-18,8612253266302;2,68199219822906;1,52838389719892;1,55555567096163;0,906735395569924;0,505569093294629;0,505568510213577;0,542423295383888;0,645128743653648;0,999999654320567;0,839312184375599;0,686365732674007;0,484882772849465;0,338111817657018;-2,15412013791303;-2,42226812127019;-2,55906686800296;-3,10311669832069;-3,99474654545801;-3,97671217514574;-3,35263255597489;-2,70563138978424;-2,14672192447882;-1,19499808741355;-1,84815310840112;-2,22452115757888;-2,90058670842152;-5,11453698104553;-5,02170503837136;-4,05149685492326;-3,42456171028843;-2,69556160947629;0,0719810978515742;0,0157773726842686;0,0505370955583641;0,0170367760222954;0,0271365841219972;0,00815598019131003;0,0102300072942366;0,0079209892374245;-2,5655235213761127;-3;1;1;1;-3;-3;1;1;0,54603359276269847;-11215,0991733503;NA;All
5250;1,89389554888044;2,77668417838003;2,33533711420516;2,68774121246616;2,72309010659783;2,29408906685468;2,47326676471914;2,24097751517347;2,55320778110794;2,07780597554461;1,87229485914894;1,63386438152965;1,4456112889373;1,22448001849554;1,57391116751393;1,72268738934523;1,88268488418809;1,51541495520003;2,0105765664805;1,66769611430012;-21,1792549398174;-4,18947293818984;-6,65286241433163;-7,1809515973989;-5,54687814313434;-5,65488769770684;-9,8092163636125;-12,4411986438902;-5,52180832075962;-13,2792363051043;-11,5843475719452;-18,3650380350894;-25,6680975326532;-25,1712093050069;-26,5444579296166;-15,5048909875234;-16,7391415748164;-20,2654847460006;-14,0704407964278;-18,8612253266302;2,68199219822906;1,52838389719892;1,55555567096163;0,906735395569924;0,505569093294629;0,505568510213577;0,542423295383888;0,645128743653648;0,999999654320567;0,839312184375599;0,686365732674007;0,484882772849465;0,338111817657018;-2,15412013791303;-2,42226812127019;-2,55906686800296;-3,10311669832069;-3,99474654545801;-3,97671217514574;-3,35263255597489;-2,70563138978424;-2,14672192447882;-1,19499808741355;-1,84815310840112;-2,22452115757888;-2,90058670842152;-5,11453698104553;-5,02170503837136;-4,05149685492326;-3,42456171028843;-2,69556160947629;0,0719810978515742;0,0157773726842686;0,0505370955583641;0,0170367760222954;0,0271365841219972;0,00815598019131003;0,0102300072942366;0,0079209892374245;-0,5426824993978626;-3;1;1;1;-3;-3;1;1;0,01080211912441964;-11215,1011529749;NA;All
5260;1,89389554888044;2,77668417838003;2,33533711420516;2,68774121246616;2,72309010659783;2,29408906685468;2,47326676471914;2,24097751517347;2,55320778110794;2,07780597554461;1,87229485914894;1,63386438152965;1,4456112889373;1,22448001849554;1,57391116751393;1,72268738934523;1,88268488418809;1,51541495520003;2,0105765664805;1,66769611430012;-21,1792549398174;-4,18947293818984;-6,65286241433163;-7,1809515973989;-5,54687814313434;-5,65488769770684;-9,8092163636125;-12,4411986438902;-5,52180832075962;-13,2792363051043;-11,5843475719452;-18,3650380350894;-25,6680975326532;-25,1712093050069;-26,5444579296166;-15,5048909875234;-16,7391415748164;-20,2654847460006;-14,0704407964278;-18,8612253266302;2,68199219822906;1,52838389719892;1,55555567096163;0,906735395569924;0,505569093294629;0,505568510213577;0,542423295383888;0,645128743653648;0,999999654320567;0,839312184375599;0,686365732674007;0,484882772849465;0,338111817657018;-2,15412013791303;-2,42226812127019;-2,55906686800296;-3,10311669832069;-3,99474654545801;-3,97671217514574;-3,35263255597489;-2,70563138978424;-2,14672192447882;-1,19499808741355;-1,84815310840112;-2,22452115757888;-2,90058670842152;-5,11453698104553;-5,02170503837136;-4,05149685492326;-3,42456171028843;-2,69556160947629;0,0719810978515742;0,0157773726842686;0,0505370955583641;0,0170367760222954;0,0271365841219972;0,00815598019131003;0,0102300072942366;0,0079209892374245;-0,3987210486999210;-3;1;1;1;-3;-3;1;1;0,05238784791866498;-11214,9480553389;NA;All
5270;1,89389554888044;2,77668417838003;2,33533711420516;2,68774121246616;2,72309010659783;2,29408906685468;2,47326676471914;2,24097751517347;2,55320778110794;2,07780597554461;1,87229485914894;1,63386438152965;1,4456112889373;1,22448001849554;1,57391116751393;1,72268738934523;1,88268488418809;1,51541495520003;2,0105765664805;1,66769611430012;-21,1792549398174;-4,18947293818984;-6,65286241433163;-7,1809515973989;-5,54687814313434;-5,65488769770684;-9,8092163636125;-12,4411986438902;-5,52180832075962;-13,2792363051043;-11,5843475719452;-18,3650380350894;-25,6680975326532;-25,1712093050069;-26,5444579296166;-15,5048909875234;-16,7391415748164;-20,2654847460006;-14,0704407964278;-18,8612253266302;2,68199219822906;1,52838389719892;1,55555567096163;0,906735395569924;0,505569093294629;0,505568510213577;0,542423295383888;0,645128743653648;0,999999654320567;0,839312184375599;0,686365732674007;0,484882772849465;0,338111817657018;-2,15412013791303;-2,42226812127019;-2,55906686800296;-3,10311669832069;-3,99474654545801;-3,97671217514574;-3,35263255597489;-2,70563138978424;-2,14672192447882;-1,19499808741355;-1,84815310840112;-2,22452115757888;-2,90058670842152;-5,11453698104553;-5,02170503837136;-4,05149685492326;-3,42456171028843;-2,69556160947629;0,0719810978515742;0,0157773726842686;0,0505370955583641;0,0170367760222954;0,0271365841219972;0,00815598019131003;0,0102300072942366;0,0079209892374245;-2,5237834370381291;-3;1;1;1;-3;-3;1;1;0,29086803700276753;-11215,9483141008;NA;All
5280;1,89389554888044;2,77668417838003;2,33533711420516;2,68774121246616;2,72309010659783;2,29408906685468;2,47326676471914;2,24097751517347;2,55320778110794;2,07780597554461;1,87229485914894;1,63386438152965;1,4456112889373;1,22448001849554;1,57391116751393;1,72268738934523;1,88268488418809;1,51541495520003;2,0105765664805;1,66769611430012;-21,1792549398174;-4,18947293818984;-6,65286241433163;-7,1809515973989;-5,54687814313434;-5,65488769770684;-9,8092163636125;-12,4411986438902;-5,52180832075962;-13,2792363051043;-11,5843475719452;-18,3650380350894;-25,6680975326532;-25,1712093050069;-26,5444579296166;-15,5048909875234;-16,7391415748164;-20,2654847460006;-14,0704407964278;-18,8612253266302;2,68199219822906;1,52838389719892;1,55555567096163;0,906735395569924;0,505569093294629;0,505568510213577;0,542423295383888;0,645128743653648;0,999999654320567;0,839312184375599;0,686365732674007;0,484882772849465;0,338111817657018;-2,15412013791303;-2,42226812127019;-2,55906686800296;-3,10311669832069;-3,99474654545801;-3,97671217514574;-3,35263255597489;-2,70563138978424;-2,14672192447882;-1,19499808741355;-1,84815310840112;-2,22452115757888;-2,90058670842152;-5,11453698104553;-5,02170503837136;-4,05149685492326;-3,42456171028843;-2,69556160947629;0,0719810978515742;0,0157773726842686;0,0505370955583641;0,0170367760222954;0,0271365841219972;0,00815598019131003;0,0102300072942366;0,0079209892374245;-3,2340467852923171;-3;1;1;1;-3;-3;1;1;0,56394258212408122;-11215,1055949046;NA;All
5290;1,89389554888044;2,77668417838003;2,33533711420516;2,68774121246616;2,72309010659783;2,29408906685468;2,47326676471914;2,24097751517347;2,55320778110794;2,07780597554461;1,87229485914894;1,63386438152965;1,4456112889373;1,22448001849554;1,57391116751393;1,72268738934523;1,88268488418809;1,51541495520003;2,0105765664805;1,66769611430012;-21,1792549398174;-4,18947293818984;-6,65286241433163;-7,1809515973989;-5,54687814313434;-5,65488769770684;-9,8092163636125;-12,4411986438902;-5,52180832075962;-13,2792363051043;-11,5843475719452;-18,3650380350894;-25,6680975326532;-25,1712093050069;-26,5444579296166;-15,5048909875234;-16,7391415748164;-20,2654847460006;-14,0704407964278;-18,8612253266302;2,68199219822906;1,52838389719892;1,55555567096163;0,906735395569924;0,505569093294629;0,505568510213577;0,542423295383888;0,645128743653648;0,999999654320567;0,839312184375599;0,686365732674007;0,484882772849465;0,338111817657018;-2,15412013791303;-2,42226812127019;-2,55906686800296;-3,10311669832069;-3,99474654545801;-3,97671217514574;-3,35263255597489;-2,70563138978424;-2,14672192447882;-1,19499808741355;-1,84815310840112;-2,22452115757888;-2,90058670842152;-5,11453698104553;-5,02170503837136;-4,05149685492326;-3,42456171028843;-2,69556160947629;0,0719810978515742;0,0157773726842686;0,0505370955583641;0,0170367760222954;0,0271365841219972;0,00815598019131003;0,0102300072942366;0,0079209892374245;-3,0446039650026102;-3;1;1;1;-3;-3;1;1;0,42021323176672865;-11215,2925622334;NA;All
5300;1,89389554888044;2,77668417838003;2,33533711420516;2,68774121246616;2,72309010659783;2,29408906685468;2,47326676471914;2,24097751517347;2,55320778110794;2,07780597554461;1,87229485914894;1,63386438152965;1,4456112889373;1,22448001849554;1,57391116751393;1,72268738934523;1,88268488418809;1,51541495520003;2,0105765664805;1,66769611430012;-21,1792549398174;-4,18947293818984;-6,65286241433163;-7,1809515973989;-5,54687814313434;-5,65488769770684;-9,8092163636125;-12,4411986438902;-5,52180832075962;-13,2792363051043;-11,5843475719452;-18,3650380350894;-25,6680975326532;-25,1712093050069;-26,5444579296166;-15,5048909875234;-16,7391415748164;-20,2654847460006;-14,0704407964278;-18,8612253266302;2,68199219822906;1,52838389719892;1,55555567096163;0,906735395569924;0,505569093294629;0,505568510213577;0,542423295383888;0,645128743653648;0,999999654320567;0,839312184375599;0,686365732674007;0,484882772849465;0,338111817657018;-2,15412013791303;-2,42226812127019;-2,55906686800296;-3,10311669832069;-3,99474654545801;-3,97671217514574;-3,35263255597489;-2,70563138978424;-2,14672192447882;-1,19499808741355;-1,84815310840112;-2,22452115757888;-2,90058670842152;-5,11453698104553;-5,02170503837136;-4,05149685492326;-3,42456171028843;-2,69556160947629;0,0719810978515742;0,0157773726842686;0,0505370955583641;0,0170367760222954;0,0271365841219972;0,00815598019131003;0,0102300072942366;0,0079209892374245;-0,8298250859927003;-3;1;1;1;-3;-3;1;1;0,56258563338056966;-11215,4024115931;NA;All
5310;1,89389554888044;2,77668417838003;2,33533711420516;2,68774121246616;2,72309010659783;2,29408906685468;2,47326676471914;2,24097751517347;2,55320778110794;2,07780597554461;1,87229485914894;1,63386438152965;1,4456112889373;1,22448001849554;1,57391116751393;1,72268738934523;1,88268488418809;1,51541495520003;2,0105765664805;1,66769611430012;-21,1792549398174;-4,18947293818984;-6,65286241433163;-7,1809515973989;-5,54687814313434;-5,65488769770684;-9,8092163636125;-12,4411986438902;-5,52180832075962;-13,2792363051043;-11,5843475719452;-18,3650380350894;-25,6680975326532;-25,1712093050069;-26,5444579296166;-15,5048909875234;-16,7391415748164;-20,2654847460006;-14,0704407964278;-18,8612253266302;2,68199219822906;1,52838389719892;1,55555567096163;0,906735395569924;0,505569093294629;0,505568510213577;0,542423295383888;0,645128743653648;0,999999654320567;0,839312184375599;0,686365732674007;0,484882772849465;0,338111817657018;-2,15412013791303;-2,42226812127019;-2,55906686800296;-3,10311669832069;-3,99474654545801;-3,97671217514574;-3,35263255597489;-2,70563138978424;-2,14672192447882;-1,19499808741355;-1,84815310840112;-2,22452115757888;-2,90058670842152;-5,11453698104553;-5,02170503837136;-4,05149685492326;-3,42456171028843;-2,69556160947629;0,0719810978515742;0,0157773726842686;0,0505370955583641;0,0170367760222954;0,0271365841219972;0,00815598019131003;0,0102300072942366;0,0079209892374245;-3,7934900559804290;-3;1;1;1;-3;-3;1;1;0,78639252415339855;-11215,6037663556;NA;All
5320;1,89389554888044;2,77668417838003;2,33533711420516;2,68774121246616;2,72309010659783;2,29408906685468;2,47326676471914;2,24097751517347;2,55320778110794;2,07780597554461;1,87229485914894;1,63386438152965;1,4456112889373;1,22448001849554;1,57391116751393;1,72268738934523;1,88268488418809;1,51541495520003;2,0105765664805;1,66769611430012;-21,1792549398174;-4,18947293818984;-6,65286241433163;-7,1809515973989;-5,54687814313434;-5,65488769770684;-9,8092163636125;-12,4411986438902;-5,52180832075962;-13,2792363051043;-11,5843475719452;-18,3650380350894;-25,6680975326532;-25,1712093050069;-26,5444579296166;-15,5048909875234;-16,7391415748164;-20,2654847460006;-14,0704407964278;-18,8612253266302;2,68199219822906;1,52838389719892;1,55555567096163;0,906735395569924;0,505569093294629;0,505568510213577;0,542423295383888;0,645128743653648;0,999999654320567;0,839312184375599;0,686365732674007;0,484882772849465;0,338111817657018;-2,15412013791303;-2,42226812127019;-2,55906686800296;-3,10311669832069;-3,99474654545801;-3,97671217514574;-3,35263255597489;-2,70563138978424;-2,14672192447882;-1,19499808741355;-1,84815310840112;-2,22452115757888;-2,90058670842152;-5,11453698104553;-5,02170503837136;-4,05149685492326;-3,42456171028843;-2,69556160947629;0,0719810978515742;0,0157773726842686;0,0505370955583641;0,0170367760222954;0,0271365841219972;0,00815598019131003;0,0102300072942366;0,0079209892374245;-2,5189078173516730;-3;1;1;1;-3;-3;1;1;1,15463631222707042;-11217,7982593633;NA;All
5330;1,89389554888044;2,77668417838003;2,33533711420516;2,68774121246616;2,72309010659783;2,29408906685468;2,47326676471914;2,24097751517347;2,55320778110794;2,07780597554461;1,87229485914894;1,63386438152965;1,4456112889373;1,22448001849554;1,57391116751393;1,72268738934523;1,88268488418809;1,51541495520003;2,0105765664805;1,66769611430012;-21,1792549398174;-4,18947293818984;-6,65286241433163;-7,1809515973989;-5,54687814313434;-5,65488769770684;-9,8092163636125;-12,4411986438902;-5,52180832075962;-13,2792363051043;-11,5843475719452;-18,3650380350894;-25,6680975326532;-25,1712093050069;-26,5444579296166;-15,5048909875234;-16,7391415748164;-20,2654847460006;-14,0704407964278;-18,8612253266302;2,68199219822906;1,52838389719892;1,55555567096163;0,906735395569924;0,505569093294629;0,505568510213577;0,542423295383888;0,645128743653648;0,999999654320567;0,839312184375599;0,686365732674007;0,484882772849465;0,338111817657018;-2,15412013791303;-2,42226812127019;-2,55906686800296;-3,10311669832069;-3,99474654545801;-3,97671217514574;-3,35263255597489;-2,70563138978424;-2,14672192447882;-1,19499808741355;-1,84815310840112;-2,22452115757888;-2,90058670842152;-5,11453698104553;-5,02170503837136;-4,05149685492326;-3,42456171028843;-2,69556160947629;0,0719810978515742;0,0157773726842686;0,0505370955583641;0,0170367760222954;0,0271365841219972;0,00815598019131003;0,0102300072942366;0,0079209892374245;-0,8540712819891272;-3;1;1;1;-3;-3;1;1;0,27753633516250176;-11214,9860099852;NA;All
5340;1,89389554888044;2,77668417838003;2,33533711420516;2,68774121246616;2,72309010659783;2,29408906685468;2,47326676471914;2,24097751517347;2,55320778110794;2,07780597554461;1,87229485914894;1,63386438152965;1,4456112889373;1,22448001849554;1,57391116751393;1,72268738934523;1,88268488418809;1,51541495520003;2,0105765664805;1,66769611430012;-21,1792549398174;-4,18947293818984;-6,65286241433163;-7,1809515973989;-5,54687814313434;-5,65488769770684;-9,8092163636125;-12,4411986438902;-5,52180832075962;-13,2792363051043;-11,5843475719452;-18,3650380350894;-25,6680975326532;-25,1712093050069;-26,5444579296166;-15,5048909875234;-16,7391415748164;-20,2654847460006;-14,0704407964278;-18,8612253266302;2,68199219822906;1,52838389719892;1,55555567096163;0,906735395569924;0,505569093294629;0,505568510213577;0,542423295383888;0,645128743653648;0,999999654320567;0,839312184375599;0,686365732674007;0,484882772849465;0,338111817657018;-2,15412013791303;-2,42226812127019;-2,55906686800296;-3,10311669832069;-3,99474654545801;-3,97671217514574;-3,35263255597489;-2,70563138978424;-2,14672192447882;-1,19499808741355;-1,84815310840112;-2,22452115757888;-2,90058670842152;-5,11453698104553;-5,02170503837136;-4,05149685492326;-3,42456171028843;-2,69556160947629;0,0719810978515742;0,0157773726842686;0,0505370955583641;0,0170367760222954;0,0271365841219972;0,00815598019131003;0,0102300072942366;0,0079209892374245;-3,6772316115406758;-3;1;1;1;-3;-3;1;1;0,78277821361982081;-11215,5898682605;NA;All
5350;1,89389554888044;2,77668417838003;2,33533711420516;2,68774121246616;2,72309010659783;2,29408906685468;2,47326676471914;2,24097751517347;2,55320778110794;2,07780597554461;1,87229485914894;1,63386438152965;1,4456112889373;1,22448001849554;1,57391116751393;1,72268738934523;1,88268488418809;1,51541495520003;2,0105765664805;1,66769611430012;-21,1792549398174;-4,18947293818984;-6,65286241433163;-7,1809515973989;-5,54687814313434;-5,65488769770684;-9,8092163636125;-12,4411986438902;-5,52180832075962;-13,2792363051043;-11,5843475719452;-18,3650380350894;-25,6680975326532;-25,1712093050069;-26,5444579296166;-15,5048909875234;-16,7391415748164;-20,2654847460006;-14,0704407964278;-18,8612253266302;2,68199219822906;1,52838389719892;1,55555567096163;0,906735395569924;0,505569093294629;0,505568510213577;0,542423295383888;0,645128743653648;0,999999654320567;0,839312184375599;0,686365732674007;0,484882772849465;0,338111817657018;-2,15412013791303;-2,42226812127019;-2,55906686800296;-3,10311669832069;-3,99474654545801;-3,97671217514574;-3,35263255597489;-2,70563138978424;-2,14672192447882;-1,19499808741355;-1,84815310840112;-2,22452115757888;-2,90058670842152;-5,11453698104553;-5,02170503837136;-4,05149685492326;-3,42456171028843;-2,69556160947629;0,0719810978515742;0,0157773726842686;0,0505370955583641;0,0170367760222954;0,0271365841219972;0,00815598019131003;0,0102300072942366;0,0079209892374245;-1,0302321408153421;-3;1;1;1;-3;-3;1;1;0,50062200466662954;-11215,0582268549;NA;All
5360;1,89389554888044;2,77668417838003;2,33533711420516;2,68774121246616;2,72309010659783;2,29408906685468;2,47326676471914;2,24097751517347;2,55320778110794;2,07780597554461;1,87229485914894;1,63386438152965;1,4456112889373;1,22448001849554;1,57391116751393;1,72268738934523;1,88268488418809;1,51541495520003;2,0105765664805;1,66769611430012;-21,1792549398174;-4,18947293818984;-6,65286241433163;-7,1809515973989;-5,54687814313434;-5,65488769770684;-9,8092163636125;-12,4411986438902;-5,52180832075962;-13,2792363051043;-11,5843475719452;-18,3650380350894;-25,6680975326532;-25,1712093050069;-26,5444579296166;-15,5048909875234;-16,7391415748164;-20,2654847460006;-14,0704407964278;-18,8612253266302;2,68199219822906;1,52838389719892;1,55555567096163;0,906735395569924;0,505569093294629;0,505568510213577;0,542423295383888;0,645128743653648;0,999999654320567;0,839312184375599;0,686365732674007;0,484882772849465;0,338111817657018;-2,15412013791303;-2,42226812127019;-2,55906686800296;-3,10311669832069;-3,99474654545801;-3,97671217514574;-3,35263255597489;-2,70563138978424;-2,14672192447882;-1,19499808741355;-1,84815310840112;-2,22452115757888;-2,90058670842152;-5,11453698104553;-5,02170503837136;-4,05149685492326;-3,42456171028843;-2,69556160947629;0,0719810978515742;0,0157773726842686;0,0505370955583641;0,0170367760222954;0,0271365841219972;0,00815598019131003;0,0102300072942366;0,0079209892374245;-2,2262377088780103;-3;1;1;1;-3;-3;1;1;0,90122213812866236;-11216,1701451006;NA;All
5370;1,89389554888044;2,77668417838003;2,33533711420516;2,68774121246616;2,72309010659783;2,29408906685468;2,47326676471914;2,24097751517347;2,55320778110794;2,07780597554461;1,87229485914894;1,63386438152965;1,4456112889373;1,22448001849554;1,57391116751393;1,72268738934523;1,88268488418809;1,51541495520003;2,0105765664805;1,66769611430012;-21,1792549398174;-4,18947293818984;-6,65286241433163;-7,1809515973989;-5,54687814313434;-5,65488769770684;-9,8092163636125;-12,4411986438902;-5,52180832075962;-13,2792363051043;-11,5843475719452;-18,3650380350894;-25,6680975326532;-25,1712093050069;-26,5444579296166;-15,5048909875234;-16,7391415748164;-20,2654847460006;-14,0704407964278;-18,8612253266302;2,68199219822906;1,52838389719892;1,55555567096163;0,906735395569924;0,505569093294629;0,505568510213577;0,542423295383888;0,645128743653648;0,999999654320567;0,839312184375599;0,686365732674007;0,484882772849465;0,338111817657018;-2,15412013791303;-2,42226812127019;-2,55906686800296;-3,10311669832069;-3,99474654545801;-3,97671217514574;-3,35263255597489;-2,70563138978424;-2,14672192447882;-1,19499808741355;-1,84815310840112;-2,22452115757888;-2,90058670842152;-5,11453698104553;-5,02170503837136;-4,05149685492326;-3,42456171028843;-2,69556160947629;0,0719810978515742;0,0157773726842686;0,0505370955583641;0,0170367760222954;0,0271365841219972;0,00815598019131003;0,0102300072942366;0,0079209892374245;-1,1779030604979177;-3;1;1;1;-3;-3;1;1;0,67860742865547707;-11215,4771701780;NA;All
5380;1,89389554888044;2,77668417838003;2,33533711420516;2,68774121246616;2,72309010659783;2,29408906685468;2,47326676471914;2,24097751517347;2,55320778110794;2,07780597554461;1,87229485914894;1,63386438152965;1,4456112889373;1,22448001849554;1,57391116751393;1,72268738934523;1,88268488418809;1,51541495520003;2,0105765664805;1,66769611430012;-21,1792549398174;-4,18947293818984;-6,65286241433163;-7,1809515973989;-5,54687814313434;-5,65488769770684;-9,8092163636125;-12,4411986438902;-5,52180832075962;-13,2792363051043;-11,5843475719452;-18,3650380350894;-25,6680975326532;-25,1712093050069;-26,5444579296166;-15,5048909875234;-16,7391415748164;-20,2654847460006;-14,0704407964278;-18,8612253266302;2,68199219822906;1,52838389719892;1,55555567096163;0,906735395569924;0,505569093294629;0,505568510213577;0,542423295383888;0,645128743653648;0,999999654320567;0,839312184375599;0,686365732674007;0,484882772849465;0,338111817657018;-2,15412013791303;-2,42226812127019;-2,55906686800296;-3,10311669832069;-3,99474654545801;-3,97671217514574;-3,35263255597489;-2,70563138978424;-2,14672192447882;-1,19499808741355;-1,84815310840112;-2,22452115757888;-2,90058670842152;-5,11453698104553;-5,02170503837136;-4,05149685492326;-3,42456171028843;-2,69556160947629;0,0719810978515742;0,0157773726842686;0,0505370955583641;0,0170367760222954;0,0271365841219972;0,00815598019131003;0,0102300072942366;0,0079209892374245;-3,5445520826424071;-3;1;1;1;-3;-3;1;1;0,51457846000461005;-11215,1155406238;NA;All
5390;1,89389554888044;2,77668417838003;2,33533711420516;2,68774121246616;2,72309010659783;2,29408906685468;2,47326676471914;2,24097751517347;2,55320778110794;2,07780597554461;1,87229485914894;1,63386438152965;1,4456112889373;1,22448001849554;1,57391116751393;1,72268738934523;1,88268488418809;1,51541495520003;2,0105765664805;1,66769611430012;-21,1792549398174;-4,18947293818984;-6,65286241433163;-7,1809515973989;-5,54687814313434;-5,65488769770684;-9,8092163636125;-12,4411986438902;-5,52180832075962;-13,2792363051043;-11,5843475719452;-18,3650380350894;-25,6680975326532;-25,1712093050069;-26,5444579296166;-15,5048909875234;-16,7391415748164;-20,2654847460006;-14,0704407964278;-18,8612253266302;2,68199219822906;1,52838389719892;1,55555567096163;0,906735395569924;0,505569093294629;0,505568510213577;0,542423295383888;0,645128743653648;0,999999654320567;0,839312184375599;0,686365732674007;0,484882772849465;0,338111817657018;-2,15412013791303;-2,42226812127019;-2,55906686800296;-3,10311669832069;-3,99474654545801;-3,97671217514574;-3,35263255597489;-2,70563138978424;-2,14672192447882;-1,19499808741355;-1,84815310840112;-2,22452115757888;-2,90058670842152;-5,11453698104553;-5,02170503837136;-4,05149685492326;-3,42456171028843;-2,69556160947629;0,0719810978515742;0,0157773726842686;0,0505370955583641;0,0170367760222954;0,0271365841219972;0,00815598019131003;0,0102300072942366;0,0079209892374245;-1,7421965202718004;-3;1;1;1;-3;-3;1;1;0,46555039319497143;-11215,1094080593;NA;All
5400;1,89389554888044;2,77668417838003;2,33533711420516;2,68774121246616;2,72309010659783;2,29408906685468;2,47326676471914;2,24097751517347;2,55320778110794;2,07780597554461;1,87229485914894;1,63386438152965;1,4456112889373;1,22448001849554;1,57391116751393;1,72268738934523;1,88268488418809;1,51541495520003;2,0105765664805;1,66769611430012;-21,1792549398174;-4,18947293818984;-6,65286241433163;-7,1809515973989;-5,54687814313434;-5,65488769770684;-9,8092163636125;-12,4411986438902;-5,52180832075962;-13,2792363051043;-11,5843475719452;-18,3650380350894;-25,6680975326532;-25,1712093050069;-26,5444579296166;-15,5048909875234;-16,7391415748164;-20,2654847460006;-14,0704407964278;-18,8612253266302;2,68199219822906;1,52838389719892;1,55555567096163;0,906735395569924;0,505569093294629;0,505568510213577;0,542423295383888;0,645128743653648;0,999999654320567;0,839312184375599;0,686365732674007;0,484882772849465;0,338111817657018;-2,15412013791303;-2,42226812127019;-2,55906686800296;-3,10311669832069;-3,99474654545801;-3,97671217514574;-3,35263255597489;-2,70563138978424;-2,14672192447882;-1,19499808741355;-1,84815310840112;-2,22452115757888;-2,90058670842152;-5,11453698104553;-5,02170503837136;-4,05149685492326;-3,42456171028843;-2,69556160947629;0,0719810978515742;0,0157773726842686;0,0505370955583641;0,0170367760222954;0,0271365841219972;0,00815598019131003;0,0102300072942366;0,0079209892374245;-3,9777501492938065;-3;1;1;1;-3;-3;1;1;0,52666082184224217;-11215,1093735970;NA;All
5410;1,89389554888044;2,77668417838003;2,33533711420516;2,68774121246616;2,72309010659783;2,29408906685468;2,47326676471914;2,24097751517347;2,55320778110794;2,07780597554461;1,87229485914894;1,63386438152965;1,4456112889373;1,22448001849554;1,57391116751393;1,72268738934523;1,88268488418809;1,51541495520003;2,0105765664805;1,66769611430012;-21,1792549398174;-4,18947293818984;-6,65286241433163;-7,1809515973989;-5,54687814313434;-5,65488769770684;-9,8092163636125;-12,4411986438902;-5,52180832075962;-13,2792363051043;-11,5843475719452;-18,3650380350894;-25,6680975326532;-25,1712093050069;-26,5444579296166;-15,5048909875234;-16,7391415748164;-20,2654847460006;-14,0704407964278;-18,8612253266302;2,68199219822906;1,52838389719892;1,55555567096163;0,906735395569924;0,505569093294629;0,505568510213577;0,542423295383888;0,645128743653648;0,999999654320567;0,839312184375599;0,686365732674007;0,484882772849465;0,338111817657018;-2,15412013791303;-2,42226812127019;-2,55906686800296;-3,10311669832069;-3,99474654545801;-3,97671217514574;-3,35263255597489;-2,70563138978424;-2,14672192447882;-1,19499808741355;-1,84815310840112;-2,22452115757888;-2,90058670842152;-5,11453698104553;-5,02170503837136;-4,05149685492326;-3,42456171028843;-2,69556160947629;0,0719810978515742;0,0157773726842686;0,0505370955583641;0,0170367760222954;0,0271365841219972;0,00815598019131003;0,0102300072942366;0,0079209892374245;-2,8345796315453180;-3;1;1;1;-3;-3;1;1;0,51195894070671444;-11215,1145906881;NA;All
5420;1,89389554888044;2,77668417838003;2,33533711420516;2,68774121246616;2,72309010659783;2,29408906685468;2,47326676471914;2,24097751517347;2,55320778110794;2,07780597554461;1,87229485914894;1,63386438152965;1,4456112889373;1,22448001849554;1,57391116751393;1,72268738934523;1,88268488418809;1,51541495520003;2,0105765664805;1,66769611430012;-21,1792549398174;-4,18947293818984;-6,65286241433163;-7,1809515973989;-5,54687814313434;-5,65488769770684;-9,8092163636125;-12,4411986438902;-5,52180832075962;-13,2792363051043;-11,5843475719452;-18,3650380350894;-25,6680975326532;-25,1712093050069;-26,5444579296166;-15,5048909875234;-16,7391415748164;-20,2654847460006;-14,0704407964278;-18,8612253266302;2,68199219822906;1,52838389719892;1,55555567096163;0,906735395569924;0,505569093294629;0,505568510213577;0,542423295383888;0,645128743653648;0,999999654320567;0,839312184375599;0,686365732674007;0,484882772849465;0,338111817657018;-2,15412013791303;-2,42226812127019;-2,55906686800296;-3,10311669832069;-3,99474654545801;-3,97671217514574;-3,35263255597489;-2,70563138978424;-2,14672192447882;-1,19499808741355;-1,84815310840112;-2,22452115757888;-2,90058670842152;-5,11453698104553;-5,02170503837136;-4,05149685492326;-3,42456171028843;-2,69556160947629;0,0719810978515742;0,0157773726842686;0,0505370955583641;0,0170367760222954;0,0271365841219972;0,00815598019131003;0,0102300072942366;0,0079209892374245;-3,3049283941638512;-3;1;1;1;-3;-3;1;1;0,57575383636944133;-11215,1098419207;NA;All
5430;1,89389554888044;2,77668417838003;2,33533711420516;2,68774121246616;2,72309010659783;2,29408906685468;2,47326676471914;2,24097751517347;2,55320778110794;2,07780597554461;1,87229485914894;1,63386438152965;1,4456112889373;1,22448001849554;1,57391116751393;1,72268738934523;1,88268488418809;1,51541495520003;2,0105765664805;1,66769611430012;-21,1792549398174;-4,18947293818984;-6,65286241433163;-7,1809515973989;-5,54687814313434;-5,65488769770684;-9,8092163636125;-12,4411986438902;-5,52180832075962;-13,2792363051043;-11,5843475719452;-18,3650380350894;-25,6680975326532;-25,1712093050069;-26,5444579296166;-15,5048909875234;-16,7391415748164;-20,2654847460006;-14,0704407964278;-18,8612253266302;2,68199219822906;1,52838389719892;1,55555567096163;0,906735395569924;0,505569093294629;0,505568510213577;0,542423295383888;0,645128743653648;0,999999654320567;0,839312184375599;0,686365732674007;0,484882772849465;0,338111817657018;-2,15412013791303;-2,42226812127019;-2,55906686800296;-3,10311669832069;-3,99474654545801;-3,97671217514574;-3,35263255597489;-2,70563138978424;-2,14672192447882;-1,19499808741355;-1,84815310840112;-2,22452115757888;-2,90058670842152;-5,11453698104553;-5,02170503837136;-4,05149685492326;-3,42456171028843;-2,69556160947629;0,0719810978515742;0,0157773726842686;0,0505370955583641;0,0170367760222954;0,0271365841219972;0,00815598019131003;0,0102300072942366;0,0079209892374245;-0,7846585806889438;-3;1;1;1;-3;-3;1;1;0,41881968333867525;-11215,0338721213;NA;All
5440;1,89389554888044;2,77668417838003;2,33533711420516;2,68774121246616;2,72309010659783;2,29408906685468;2,47326676471914;2,24097751517347;2,55320778110794;2,07780597554461;1,87229485914894;1,63386438152965;1,4456112889373;1,22448001849554;1,57391116751393;1,72268738934523;1,88268488418809;1,51541495520003;2,0105765664805;1,66769611430012;-21,1792549398174;-4,18947293818984;-6,65286241433163;-7,1809515973989;-5,54687814313434;-5,65488769770684;-9,8092163636125;-12,4411986438902;-5,52180832075962;-13,2792363051043;-11,5843475719452;-18,3650380350894;-25,6680975326532;-25,1712093050069;-26,5444579296166;-15,5048909875234;-16,7391415748164;-20,2654847460006;-14,0704407964278;-18,8612253266302;2,68199219822906;1,52838389719892;1,55555567096163;0,906735395569924;0,505569093294629;0,505568510213577;0,542423295383888;0,645128743653648;0,999999654320567;0,839312184375599;0,686365732674007;0,484882772849465;0,338111817657018;-2,15412013791303;-2,42226812127019;-2,55906686800296;-3,10311669832069;-3,99474654545801;-3,97671217514574;-3,35263255597489;-2,70563138978424;-2,14672192447882;-1,19499808741355;-1,84815310840112;-2,22452115757888;-2,90058670842152;-5,11453698104553;-5,02170503837136;-4,05149685492326;-3,42456171028843;-2,69556160947629;0,0719810978515742;0,0157773726842686;0,0505370955583641;0,0170367760222954;0,0271365841219972;0,00815598019131003;0,0102300072942366;0,0079209892374245;-1,9996103033853136;-3;1;1;1;-3;-3;1;1;0,75557657345546914;-11215,5282330450;NA;All
5450;1,89389554888044;2,77668417838003;2,33533711420516;2,68774121246616;2,72309010659783;2,29408906685468;2,47326676471914;2,24097751517347;2,55320778110794;2,07780597554461;1,87229485914894;1,63386438152965;1,4456112889373;1,22448001849554;1,57391116751393;1,72268738934523;1,88268488418809;1,51541495520003;2,0105765664805;1,66769611430012;-21,1792549398174;-4,18947293818984;-6,65286241433163;-7,1809515973989;-5,54687814313434;-5,65488769770684;-9,8092163636125;-12,4411986438902;-5,52180832075962;-13,2792363051043;-11,5843475719452;-18,3650380350894;-25,6680975326532;-25,1712093050069;-26,5444579296166;-15,5048909875234;-16,7391415748164;-20,2654847460006;-14,0704407964278;-18,8612253266302;2,68199219822906;1,52838389719892;1,55555567096163;0,906735395569924;0,505569093294629;0,505568510213577;0,542423295383888;0,645128743653648;0,999999654320567;0,839312184375599;0,686365732674007;0,484882772849465;0,338111817657018;-2,15412013791303;-2,42226812127019;-2,55906686800296;-3,10311669832069;-3,99474654545801;-3,97671217514574;-3,35263255597489;-2,70563138978424;-2,14672192447882;-1,19499808741355;-1,84815310840112;-2,22452115757888;-2,90058670842152;-5,11453698104553;-5,02170503837136;-4,05149685492326;-3,42456171028843;-2,69556160947629;0,0719810978515742;0,0157773726842686;0,0505370955583641;0,0170367760222954;0,0271365841219972;0,00815598019131003;0,0102300072942366;0,0079209892374245;-1,1256186363637175;-3;1;1;1;-3;-3;1;1;0,27368046629749920;-11215,3217256048;NA;All
5460;1,89389554888044;2,77668417838003;2,33533711420516;2,68774121246616;2,72309010659783;2,29408906685468;2,47326676471914;2,24097751517347;2,55320778110794;2,07780597554461;1,87229485914894;1,63386438152965;1,4456112889373;1,22448001849554;1,57391116751393;1,72268738934523;1,88268488418809;1,51541495520003;2,0105765664805;1,66769611430012;-21,1792549398174;-4,18947293818984;-6,65286241433163;-7,1809515973989;-5,54687814313434;-5,65488769770684;-9,8092163636125;-12,4411986438902;-5,52180832075962;-13,2792363051043;-11,5843475719452;-18,3650380350894;-25,6680975326532;-25,1712093050069;-26,5444579296166;-15,5048909875234;-16,7391415748164;-20,2654847460006;-14,0704407964278;-18,8612253266302;2,68199219822906;1,52838389719892;1,55555567096163;0,906735395569924;0,505569093294629;0,505568510213577;0,542423295383888;0,645128743653648;0,999999654320567;0,839312184375599;0,686365732674007;0,484882772849465;0,338111817657018;-2,15412013791303;-2,42226812127019;-2,55906686800296;-3,10311669832069;-3,99474654545801;-3,97671217514574;-3,35263255597489;-2,70563138978424;-2,14672192447882;-1,19499808741355;-1,84815310840112;-2,22452115757888;-2,90058670842152;-5,11453698104553;-5,02170503837136;-4,05149685492326;-3,42456171028843;-2,69556160947629;0,0719810978515742;0,0157773726842686;0,0505370955583641;0,0170367760222954;0,0271365841219972;0,00815598019131003;0,0102300072942366;0,0079209892374245;-3,6612194380688026;-3;1;1;1;-3;-3;1;1;0,48105639709337539;-11215,1551698147;NA;All
5470;1,89389554888044;2,77668417838003;2,33533711420516;2,68774121246616;2,72309010659783;2,29408906685468;2,47326676471914;2,24097751517347;2,55320778110794;2,07780597554461;1,87229485914894;1,63386438152965;1,4456112889373;1,22448001849554;1,57391116751393;1,72268738934523;1,88268488418809;1,51541495520003;2,0105765664805;1,66769611430012;-21,1792549398174;-4,18947293818984;-6,65286241433163;-7,1809515973989;-5,54687814313434;-5,65488769770684;-9,8092163636125;-12,4411986438902;-5,52180832075962;-13,2792363051043;-11,5843475719452;-18,3650380350894;-25,6680975326532;-25,1712093050069;-26,5444579296166;-15,5048909875234;-16,7391415748164;-20,2654847460006;-14,0704407964278;-18,8612253266302;2,68199219822906;1,52838389719892;1,55555567096163;0,906735395569924;0,505569093294629;0,505568510213577;0,542423295383888;0,645128743653648;0,999999654320567;0,839312184375599;0,686365732674007;0,484882772849465;0,338111817657018;-2,15412013791303;-2,42226812127019;-2,55906686800296;-3,10311669832069;-3,99474654545801;-3,97671217514574;-3,35263255597489;-2,70563138978424;-2,14672192447882;-1,19499808741355;-1,84815310840112;-2,22452115757888;-2,90058670842152;-5,11453698104553;-5,02170503837136;-4,05149685492326;-3,42456171028843;-2,69556160947629;0,0719810978515742;0,0157773726842686;0,0505370955583641;0,0170367760222954;0,0271365841219972;0,00815598019131003;0,0102300072942366;0,0079209892374245;-2,0400608569597063;-3;1;1;1;-3;-3;1;1;0,74086434001669388;-11215,4712448857;NA;All
5480;1,89389554888044;2,77668417838003;2,33533711420516;2,68774121246616;2,72309010659783;2,29408906685468;2,47326676471914;2,24097751517347;2,55320778110794;2,07780597554461;1,87229485914894;1,63386438152965;1,4456112889373;1,22448001849554;1,57391116751393;1,72268738934523;1,88268488418809;1,51541495520003;2,0105765664805;1,66769611430012;-21,1792549398174;-4,18947293818984;-6,65286241433163;-7,1809515973989;-5,54687814313434;-5,65488769770684;-9,8092163636125;-12,4411986438902;-5,52180832075962;-13,2792363051043;-11,5843475719452;-18,3650380350894;-25,6680975326532;-25,1712093050069;-26,5444579296166;-15,5048909875234;-16,7391415748164;-20,2654847460006;-14,0704407964278;-18,8612253266302;2,68199219822906;1,52838389719892;1,55555567096163;0,906735395569924;0,505569093294629;0,505568510213577;0,542423295383888;0,645128743653648;0,999999654320567;0,839312184375599;0,686365732674007;0,484882772849465;0,338111817657018;-2,15412013791303;-2,42226812127019;-2,55906686800296;-3,10311669832069;-3,99474654545801;-3,97671217514574;-3,35263255597489;-2,70563138978424;-2,14672192447882;-1,19499808741355;-1,84815310840112;-2,22452115757888;-2,90058670842152;-5,11453698104553;-5,02170503837136;-4,05149685492326;-3,42456171028843;-2,69556160947629;0,0719810978515742;0,0157773726842686;0,0505370955583641;0,0170367760222954;0,0271365841219972;0,00815598019131003;0,0102300072942366;0,0079209892374245;-2,4692417719917312;-3;1;1;1;-3;-3;1;1;0,61381371167212773;-11215,1459106399;NA;All
5490;1,89389554888044;2,77668417838003;2,33533711420516;2,68774121246616;2,72309010659783;2,29408906685468;2,47326676471914;2,24097751517347;2,55320778110794;2,07780597554461;1,87229485914894;1,63386438152965;1,4456112889373;1,22448001849554;1,57391116751393;1,72268738934523;1,88268488418809;1,51541495520003;2,0105765664805;1,66769611430012;-21,1792549398174;-4,18947293818984;-6,65286241433163;-7,1809515973989;-5,54687814313434;-5,65488769770684;-9,8092163636125;-12,4411986438902;-5,52180832075962;-13,2792363051043;-11,5843475719452;-18,3650380350894;-25,6680975326532;-25,1712093050069;-26,5444579296166;-15,5048909875234;-16,7391415748164;-20,2654847460006;-14,0704407964278;-18,8612253266302;2,68199219822906;1,52838389719892;1,55555567096163;0,906735395569924;0,505569093294629;0,505568510213577;0,542423295383888;0,645128743653648;0,999999654320567;0,839312184375599;0,686365732674007;0,484882772849465;0,338111817657018;-2,15412013791303;-2,42226812127019;-2,55906686800296;-3,10311669832069;-3,99474654545801;-3,97671217514574;-3,35263255597489;-2,70563138978424;-2,14672192447882;-1,19499808741355;-1,84815310840112;-2,22452115757888;-2,90058670842152;-5,11453698104553;-5,02170503837136;-4,05149685492326;-3,42456171028843;-2,69556160947629;0,0719810978515742;0,0157773726842686;0,0505370955583641;0,0170367760222954;0,0271365841219972;0,00815598019131003;0,0102300072942366;0,0079209892374245;-3,3462362905802276;-3;1;1;1;-3;-3;1;1;0,57861593818849777;-11215,1122912749;NA;All
5500;1,89389554888044;2,77668417838003;2,33533711420516;2,68774121246616;2,72309010659783;2,29408906685468;2,47326676471914;2,24097751517347;2,55320778110794;2,07780597554461;1,87229485914894;1,63386438152965;1,4456112889373;1,22448001849554;1,57391116751393;1,72268738934523;1,88268488418809;1,51541495520003;2,0105765664805;1,66769611430012;-21,1792549398174;-4,18947293818984;-6,65286241433163;-7,1809515973989;-5,54687814313434;-5,65488769770684;-9,8092163636125;-12,4411986438902;-5,52180832075962;-13,2792363051043;-11,5843475719452;-18,3650380350894;-25,6680975326532;-25,1712093050069;-26,5444579296166;-15,5048909875234;-16,7391415748164;-20,2654847460006;-14,0704407964278;-18,8612253266302;2,68199219822906;1,52838389719892;1,55555567096163;0,906735395569924;0,505569093294629;0,505568510213577;0,542423295383888;0,645128743653648;0,999999654320567;0,839312184375599;0,686365732674007;0,484882772849465;0,338111817657018;-2,15412013791303;-2,42226812127019;-2,55906686800296;-3,10311669832069;-3,99474654545801;-3,97671217514574;-3,35263255597489;-2,70563138978424;-2,14672192447882;-1,19499808741355;-1,84815310840112;-2,22452115757888;-2,90058670842152;-5,11453698104553;-5,02170503837136;-4,05149685492326;-3,42456171028843;-2,69556160947629;0,0719810978515742;0,0157773726842686;0,0505370955583641;0,0170367760222954;0,0271365841219972;0,00815598019131003;0,0102300072942366;0,0079209892374245;-3,0259130272841750;-3;1;1;1;-3;-3;1;1;0,80247168299214411;-11215,6723269978;NA;All
5510;1,89389554888044;2,77668417838003;2,33533711420516;2,68774121246616;2,72309010659783;2,29408906685468;2,47326676471914;2,24097751517347;2,55320778110794;2,07780597554461;1,87229485914894;1,63386438152965;1,4456112889373;1,22448001849554;1,57391116751393;1,72268738934523;1,88268488418809;1,51541495520003;2,0105765664805;1,66769611430012;-21,1792549398174;-4,18947293818984;-6,65286241433163;-7,1809515973989;-5,54687814313434;-5,65488769770684;-9,8092163636125;-12,4411986438902;-5,52180832075962;-13,2792363051043;-11,5843475719452;-18,3650380350894;-25,6680975326532;-25,1712093050069;-26,5444579296166;-15,5048909875234;-16,7391415748164;-20,2654847460006;-14,0704407964278;-18,8612253266302;2,68199219822906;1,52838389719892;1,55555567096163;0,906735395569924;0,505569093294629;0,505568510213577;0,542423295383888;0,645128743653648;0,999999654320567;0,839312184375599;0,686365732674007;0,484882772849465;0,338111817657018;-2,15412013791303;-2,42226812127019;-2,55906686800296;-3,10311669832069;-3,99474654545801;-3,97671217514574;-3,35263255597489;-2,70563138978424;-2,14672192447882;-1,19499808741355;-1,84815310840112;-2,22452115757888;-2,90058670842152;-5,11453698104553;-5,02170503837136;-4,05149685492326;-3,42456171028843;-2,69556160947629;0,0719810978515742;0,0157773726842686;0,0505370955583641;0,0170367760222954;0,0271365841219972;0,00815598019131003;0,0102300072942366;0,0079209892374245;-0,5729839631164310;-3;1;1;1;-3;-3;1;1;0,10675141809875920;-11214,9312982159;NA;All
5520;1,89389554888044;2,77668417838003;2,33533711420516;2,68774121246616;2,72309010659783;2,29408906685468;2,47326676471914;2,24097751517347;2,55320778110794;2,07780597554461;1,87229485914894;1,63386438152965;1,4456112889373;1,22448001849554;1,57391116751393;1,72268738934523;1,88268488418809;1,51541495520003;2,0105765664805;1,66769611430012;-21,1792549398174;-4,18947293818984;-6,65286241433163;-7,1809515973989;-5,54687814313434;-5,65488769770684;-9,8092163636125;-12,4411986438902;-5,52180832075962;-13,2792363051043;-11,5843475719452;-18,3650380350894;-25,6680975326532;-25,1712093050069;-26,5444579296166;-15,5048909875234;-16,7391415748164;-20,2654847460006;-14,0704407964278;-18,8612253266302;2,68199219822906;1,52838389719892;1,55555567096163;0,906735395569924;0,505569093294629;0,505568510213577;0,542423295383888;0,645128743653648;0,999999654320567;0,839312184375599;0,686365732674007;0,484882772849465;0,338111817657018;-2,15412013791303;-2,42226812127019;-2,55906686800296;-3,10311669832069;-3,99474654545801;-3,97671217514574;-3,35263255597489;-2,70563138978424;-2,14672192447882;-1,19499808741355;-1,84815310840112;-2,22452115757888;-2,90058670842152;-5,11453698104553;-5,02170503837136;-4,05149685492326;-3,42456171028843;-2,69556160947629;0,0719810978515742;0,0157773726842686;0,0505370955583641;0,0170367760222954;0,0271365841219972;0,00815598019131003;0,0102300072942366;0,0079209892374245;-0,6401590609275356;-3;1;1;1;-3;-3;1;1;0,03719575288795196;-11215,3102531622;NA;All
5530;1,89389554888044;2,77668417838003;2,33533711420516;2,68774121246616;2,72309010659783;2,29408906685468;2,47326676471914;2,24097751517347;2,55320778110794;2,07780597554461;1,87229485914894;1,63386438152965;1,4456112889373;1,22448001849554;1,57391116751393;1,72268738934523;1,88268488418809;1,51541495520003;2,0105765664805;1,66769611430012;-21,1792549398174;-4,18947293818984;-6,65286241433163;-7,1809515973989;-5,54687814313434;-5,65488769770684;-9,8092163636125;-12,4411986438902;-5,52180832075962;-13,2792363051043;-11,5843475719452;-18,3650380350894;-25,6680975326532;-25,1712093050069;-26,5444579296166;-15,5048909875234;-16,7391415748164;-20,2654847460006;-14,0704407964278;-18,8612253266302;2,68199219822906;1,52838389719892;1,55555567096163;0,906735395569924;0,505569093294629;0,505568510213577;0,542423295383888;0,645128743653648;0,999999654320567;0,839312184375599;0,686365732674007;0,484882772849465;0,338111817657018;-2,15412013791303;-2,42226812127019;-2,55906686800296;-3,10311669832069;-3,99474654545801;-3,97671217514574;-3,35263255597489;-2,70563138978424;-2,14672192447882;-1,19499808741355;-1,84815310840112;-2,22452115757888;-2,90058670842152;-5,11453698104553;-5,02170503837136;-4,05149685492326;-3,42456171028843;-2,69556160947629;0,0719810978515742;0,0157773726842686;0,0505370955583641;0,0170367760222954;0,0271365841219972;0,00815598019131003;0,0102300072942366;0,0079209892374245;-2,3697499828117010;-3;1;1;1;-3;-3;1;1;0,23315723572743527;-11216,4399253487;NA;All
5540;1,89389554888044;2,77668417838003;2,33533711420516;2,68774121246616;2,72309010659783;2,29408906685468;2,47326676471914;2,24097751517347;2,55320778110794;2,07780597554461;1,87229485914894;1,63386438152965;1,4456112889373;1,22448001849554;1,57391116751393;1,72268738934523;1,88268488418809;1,51541495520003;2,0105765664805;1,66769611430012;-21,1792549398174;-4,18947293818984;-6,65286241433163;-7,1809515973989;-5,54687814313434;-5,65488769770684;-9,8092163636125;-12,4411986438902;-5,52180832075962;-13,2792363051043;-11,5843475719452;-18,3650380350894;-25,6680975326532;-25,1712093050069;-26,5444579296166;-15,5048909875234;-16,7391415748164;-20,2654847460006;-14,0704407964278;-18,8612253266302;2,68199219822906;1,52838389719892;1,55555567096163;0,906735395569924;0,505569093294629;0,505568510213577;0,542423295383888;0,645128743653648;0,999999654320567;0,839312184375599;0,686365732674007;0,484882772849465;0,338111817657018;-2,15412013791303;-2,42226812127019;-2,55906686800296;-3,10311669832069;-3,99474654545801;-3,97671217514574;-3,35263255597489;-2,70563138978424;-2,14672192447882;-1,19499808741355;-1,84815310840112;-2,22452115757888;-2,90058670842152;-5,11453698104553;-5,02170503837136;-4,05149685492326;-3,42456171028843;-2,69556160947629;0,0719810978515742;0,0157773726842686;0,0505370955583641;0,0170367760222954;0,0271365841219972;0,00815598019131003;0,0102300072942366;0,0079209892374245;-2,5533057794708096;-3;1;1;1;-3;-3;1;1;0,43882540656837626;-11215,2290933914;NA;All
5550;1,89389554888044;2,77668417838003;2,33533711420516;2,68774121246616;2,72309010659783;2,29408906685468;2,47326676471914;2,24097751517347;2,55320778110794;2,07780597554461;1,87229485914894;1,63386438152965;1,4456112889373;1,22448001849554;1,57391116751393;1,72268738934523;1,88268488418809;1,51541495520003;2,0105765664805;1,66769611430012;-21,1792549398174;-4,18947293818984;-6,65286241433163;-7,1809515973989;-5,54687814313434;-5,65488769770684;-9,8092163636125;-12,4411986438902;-5,52180832075962;-13,2792363051043;-11,5843475719452;-18,3650380350894;-25,6680975326532;-25,1712093050069;-26,5444579296166;-15,5048909875234;-16,7391415748164;-20,2654847460006;-14,0704407964278;-18,8612253266302;2,68199219822906;1,52838389719892;1,55555567096163;0,906735395569924;0,505569093294629;0,505568510213577;0,542423295383888;0,645128743653648;0,999999654320567;0,839312184375599;0,686365732674007;0,484882772849465;0,338111817657018;-2,15412013791303;-2,42226812127019;-2,55906686800296;-3,10311669832069;-3,99474654545801;-3,97671217514574;-3,35263255597489;-2,70563138978424;-2,14672192447882;-1,19499808741355;-1,84815310840112;-2,22452115757888;-2,90058670842152;-5,11453698104553;-5,02170503837136;-4,05149685492326;-3,42456171028843;-2,69556160947629;0,0719810978515742;0,0157773726842686;0,0505370955583641;0,0170367760222954;0,0271365841219972;0,00815598019131003;0,0102300072942366;0,0079209892374245;-0,9420281643479458;-3;1;1;1;-3;-3;1;1;0,90997609108636768;-11217,0756083395;NA;All
5560;1,89389554888044;2,77668417838003;2,33533711420516;2,68774121246616;2,72309010659783;2,29408906685468;2,47326676471914;2,24097751517347;2,55320778110794;2,07780597554461;1,87229485914894;1,63386438152965;1,4456112889373;1,22448001849554;1,57391116751393;1,72268738934523;1,88268488418809;1,51541495520003;2,0105765664805;1,66769611430012;-21,1792549398174;-4,18947293818984;-6,65286241433163;-7,1809515973989;-5,54687814313434;-5,65488769770684;-9,8092163636125;-12,4411986438902;-5,52180832075962;-13,2792363051043;-11,5843475719452;-18,3650380350894;-25,6680975326532;-25,1712093050069;-26,5444579296166;-15,5048909875234;-16,7391415748164;-20,2654847460006;-14,0704407964278;-18,8612253266302;2,68199219822906;1,52838389719892;1,55555567096163;0,906735395569924;0,505569093294629;0,505568510213577;0,542423295383888;0,645128743653648;0,999999654320567;0,839312184375599;0,686365732674007;0,484882772849465;0,338111817657018;-2,15412013791303;-2,42226812127019;-2,55906686800296;-3,10311669832069;-3,99474654545801;-3,97671217514574;-3,35263255597489;-2,70563138978424;-2,14672192447882;-1,19499808741355;-1,84815310840112;-2,22452115757888;-2,90058670842152;-5,11453698104553;-5,02170503837136;-4,05149685492326;-3,42456171028843;-2,69556160947629;0,0719810978515742;0,0157773726842686;0,0505370955583641;0,0170367760222954;0,0271365841219972;0,00815598019131003;0,0102300072942366;0,0079209892374245;-2,3695491771487323;-3;1;1;1;-3;-3;1;1;1,11890753512423657;-11217,5449817364;NA;All
5570;1,89389554888044;2,77668417838003;2,33533711420516;2,68774121246616;2,72309010659783;2,29408906685468;2,47326676471914;2,24097751517347;2,55320778110794;2,07780597554461;1,87229485914894;1,63386438152965;1,4456112889373;1,22448001849554;1,57391116751393;1,72268738934523;1,88268488418809;1,51541495520003;2,0105765664805;1,66769611430012;-21,1792549398174;-4,18947293818984;-6,65286241433163;-7,1809515973989;-5,54687814313434;-5,65488769770684;-9,8092163636125;-12,4411986438902;-5,52180832075962;-13,2792363051043;-11,5843475719452;-18,3650380350894;-25,6680975326532;-25,1712093050069;-26,5444579296166;-15,5048909875234;-16,7391415748164;-20,2654847460006;-14,0704407964278;-18,8612253266302;2,68199219822906;1,52838389719892;1,55555567096163;0,906735395569924;0,505569093294629;0,505568510213577;0,542423295383888;0,645128743653648;0,999999654320567;0,839312184375599;0,686365732674007;0,484882772849465;0,338111817657018;-2,15412013791303;-2,42226812127019;-2,55906686800296;-3,10311669832069;-3,99474654545801;-3,97671217514574;-3,35263255597489;-2,70563138978424;-2,14672192447882;-1,19499808741355;-1,84815310840112;-2,22452115757888;-2,90058670842152;-5,11453698104553;-5,02170503837136;-4,05149685492326;-3,42456171028843;-2,69556160947629;0,0719810978515742;0,0157773726842686;0,0505370955583641;0,0170367760222954;0,0271365841219972;0,00815598019131003;0,0102300072942366;0,0079209892374245;-0,7851128275851310;-3;1;1;1;-3;-3;1;1;0,40843540011273111;-11215,0148423230;NA;All
5580;1,89389554888044;2,77668417838003;2,33533711420516;2,68774121246616;2,72309010659783;2,29408906685468;2,47326676471914;2,24097751517347;2,55320778110794;2,07780597554461;1,87229485914894;1,63386438152965;1,4456112889373;1,22448001849554;1,57391116751393;1,72268738934523;1,88268488418809;1,51541495520003;2,0105765664805;1,66769611430012;-21,1792549398174;-4,18947293818984;-6,65286241433163;-7,1809515973989;-5,54687814313434;-5,65488769770684;-9,8092163636125;-12,4411986438902;-5,52180832075962;-13,2792363051043;-11,5843475719452;-18,3650380350894;-25,6680975326532;-25,1712093050069;-26,5444579296166;-15,5048909875234;-16,7391415748164;-20,2654847460006;-14,0704407964278;-18,8612253266302;2,68199219822906;1,52838389719892;1,55555567096163;0,906735395569924;0,505569093294629;0,505568510213577;0,542423295383888;0,645128743653648;0,999999654320567;0,839312184375599;0,686365732674007;0,484882772849465;0,338111817657018;-2,15412013791303;-2,42226812127019;-2,55906686800296;-3,10311669832069;-3,99474654545801;-3,97671217514574;-3,35263255597489;-2,70563138978424;-2,14672192447882;-1,19499808741355;-1,84815310840112;-2,22452115757888;-2,90058670842152;-5,11453698104553;-5,02170503837136;-4,05149685492326;-3,42456171028843;-2,69556160947629;0,0719810978515742;0,0157773726842686;0,0505370955583641;0,0170367760222954;0,0271365841219972;0,00815598019131003;0,0102300072942366;0,0079209892374245;-0,7851128275851310;-3;1;1;1;-3;-3;1;1;0,40843540011273111;-11215,0148423230;NA;All
5590;1,89389554888044;2,77668417838003;2,33533711420516;2,68774121246616;2,72309010659783;2,29408906685468;2,47326676471914;2,24097751517347;2,55320778110794;2,07780597554461;1,87229485914894;1,63386438152965;1,4456112889373;1,22448001849554;1,57391116751393;1,72268738934523;1,88268488418809;1,51541495520003;2,0105765664805;1,66769611430012;-21,1792549398174;-4,18947293818984;-6,65286241433163;-7,1809515973989;-5,54687814313434;-5,65488769770684;-9,8092163636125;-12,4411986438902;-5,52180832075962;-13,2792363051043;-11,5843475719452;-18,3650380350894;-25,6680975326532;-25,1712093050069;-26,5444579296166;-15,5048909875234;-16,7391415748164;-20,2654847460006;-14,0704407964278;-18,8612253266302;2,68199219822906;1,52838389719892;1,55555567096163;0,906735395569924;0,505569093294629;0,505568510213577;0,542423295383888;0,645128743653648;0,999999654320567;0,839312184375599;0,686365732674007;0,484882772849465;0,338111817657018;-2,15412013791303;-2,42226812127019;-2,55906686800296;-3,10311669832069;-3,99474654545801;-3,97671217514574;-3,35263255597489;-2,70563138978424;-2,14672192447882;-1,19499808741355;-1,84815310840112;-2,22452115757888;-2,90058670842152;-5,11453698104553;-5,02170503837136;-4,05149685492326;-3,42456171028843;-2,69556160947629;0,0719810978515742;0,0157773726842686;0,0505370955583641;0,0170367760222954;0,0271365841219972;0,00815598019131003;0,0102300072942366;0,0079209892374245;-0,8623320710377435;-3;1;1;1;-3;-3;1;1;0,79593858253565375;-11216,5206694674;NA;All
5600;1,89389554888044;2,77668417838003;2,33533711420516;2,68774121246616;2,72309010659783;2,29408906685468;2,47326676471914;2,24097751517347;2,55320778110794;2,07780597554461;1,87229485914894;1,63386438152965;1,4456112889373;1,22448001849554;1,57391116751393;1,72268738934523;1,88268488418809;1,51541495520003;2,0105765664805;1,66769611430012;-21,1792549398174;-4,18947293818984;-6,65286241433163;-7,1809515973989;-5,54687814313434;-5,65488769770684;-9,8092163636125;-12,4411986438902;-5,52180832075962;-13,2792363051043;-11,5843475719452;-18,3650380350894;-25,6680975326532;-25,1712093050069;-26,5444579296166;-15,5048909875234;-16,7391415748164;-20,2654847460006;-14,0704407964278;-18,8612253266302;2,68199219822906;1,52838389719892;1,55555567096163;0,906735395569924;0,505569093294629;0,505568510213577;0,542423295383888;0,645128743653648;0,999999654320567;0,839312184375599;0,686365732674007;0,484882772849465;0,338111817657018;-2,15412013791303;-2,42226812127019;-2,55906686800296;-3,10311669832069;-3,99474654545801;-3,97671217514574;-3,35263255597489;-2,70563138978424;-2,14672192447882;-1,19499808741355;-1,84815310840112;-2,22452115757888;-2,90058670842152;-5,11453698104553;-5,02170503837136;-4,05149685492326;-3,42456171028843;-2,69556160947629;0,0719810978515742;0,0157773726842686;0,0505370955583641;0,0170367760222954;0,0271365841219972;0,00815598019131003;0,0102300072942366;0,0079209892374245;-1,1036617853406150;-3;1;1;1;-3;-3;1;1;0,61058813774164011;-11215,2896037713;NA;All
5610;1,89389554888044;2,77668417838003;2,33533711420516;2,68774121246616;2,72309010659783;2,29408906685468;2,47326676471914;2,24097751517347;2,55320778110794;2,07780597554461;1,87229485914894;1,63386438152965;1,4456112889373;1,22448001849554;1,57391116751393;1,72268738934523;1,88268488418809;1,51541495520003;2,0105765664805;1,66769611430012;-21,1792549398174;-4,18947293818984;-6,65286241433163;-7,1809515973989;-5,54687814313434;-5,65488769770684;-9,8092163636125;-12,4411986438902;-5,52180832075962;-13,2792363051043;-11,5843475719452;-18,3650380350894;-25,6680975326532;-25,1712093050069;-26,5444579296166;-15,5048909875234;-16,7391415748164;-20,2654847460006;-14,0704407964278;-18,8612253266302;2,68199219822906;1,52838389719892;1,55555567096163;0,906735395569924;0,505569093294629;0,505568510213577;0,542423295383888;0,645128743653648;0,999999654320567;0,839312184375599;0,686365732674007;0,484882772849465;0,338111817657018;-2,15412013791303;-2,42226812127019;-2,55906686800296;-3,10311669832069;-3,99474654545801;-3,97671217514574;-3,35263255597489;-2,70563138978424;-2,14672192447882;-1,19499808741355;-1,84815310840112;-2,22452115757888;-2,90058670842152;-5,11453698104553;-5,02170503837136;-4,05149685492326;-3,42456171028843;-2,69556160947629;0,0719810978515742;0,0157773726842686;0,0505370955583641;0,0170367760222954;0,0271365841219972;0,00815598019131003;0,0102300072942366;0,0079209892374245;-0,8610250513395521;-3;1;1;1;-3;-3;1;1;0,31725151611919811;-11214,9479190044;NA;All
5620;1,89389554888044;2,77668417838003;2,33533711420516;2,68774121246616;2,72309010659783;2,29408906685468;2,47326676471914;2,24097751517347;2,55320778110794;2,07780597554461;1,87229485914894;1,63386438152965;1,4456112889373;1,22448001849554;1,57391116751393;1,72268738934523;1,88268488418809;1,51541495520003;2,0105765664805;1,66769611430012;-21,1792549398174;-4,18947293818984;-6,65286241433163;-7,1809515973989;-5,54687814313434;-5,65488769770684;-9,8092163636125;-12,4411986438902;-5,52180832075962;-13,2792363051043;-11,5843475719452;-18,3650380350894;-25,6680975326532;-25,1712093050069;-26,5444579296166;-15,5048909875234;-16,7391415748164;-20,2654847460006;-14,0704407964278;-18,8612253266302;2,68199219822906;1,52838389719892;1,55555567096163;0,906735395569924;0,505569093294629;0,505568510213577;0,542423295383888;0,645128743653648;0,999999654320567;0,839312184375599;0,686365732674007;0,484882772849465;0,338111817657018;-2,15412013791303;-2,42226812127019;-2,55906686800296;-3,10311669832069;-3,99474654545801;-3,97671217514574;-3,35263255597489;-2,70563138978424;-2,14672192447882;-1,19499808741355;-1,84815310840112;-2,22452115757888;-2,90058670842152;-5,11453698104553;-5,02170503837136;-4,05149685492326;-3,42456171028843;-2,69556160947629;0,0719810978515742;0,0157773726842686;0,0505370955583641;0,0170367760222954;0,0271365841219972;0,00815598019131003;0,0102300072942366;0,0079209892374245;-3,1930622420929753;-3;1;1;1;-3;-3;1;1;0,60184447799422791;-11215,1316652362;NA;All
5630;1,89389554888044;2,77668417838003;2,33533711420516;2,68774121246616;2,72309010659783;2,29408906685468;2,47326676471914;2,24097751517347;2,55320778110794;2,07780597554461;1,87229485914894;1,63386438152965;1,4456112889373;1,22448001849554;1,57391116751393;1,72268738934523;1,88268488418809;1,51541495520003;2,0105765664805;1,66769611430012;-21,1792549398174;-4,18947293818984;-6,65286241433163;-7,1809515973989;-5,54687814313434;-5,65488769770684;-9,8092163636125;-12,4411986438902;-5,52180832075962;-13,2792363051043;-11,5843475719452;-18,3650380350894;-25,6680975326532;-25,1712093050069;-26,5444579296166;-15,5048909875234;-16,7391415748164;-20,2654847460006;-14,0704407964278;-18,8612253266302;2,68199219822906;1,52838389719892;1,55555567096163;0,906735395569924;0,505569093294629;0,505568510213577;0,542423295383888;0,645128743653648;0,999999654320567;0,839312184375599;0,686365732674007;0,484882772849465;0,338111817657018;-2,15412013791303;-2,42226812127019;-2,55906686800296;-3,10311669832069;-3,99474654545801;-3,97671217514574;-3,35263255597489;-2,70563138978424;-2,14672192447882;-1,19499808741355;-1,84815310840112;-2,22452115757888;-2,90058670842152;-5,11453698104553;-5,02170503837136;-4,05149685492326;-3,42456171028843;-2,69556160947629;0,0719810978515742;0,0157773726842686;0,0505370955583641;0,0170367760222954;0,0271365841219972;0,00815598019131003;0,0102300072942366;0,0079209892374245;-2,2634795509241821;-3;1;1;1;-3;-3;1;1;0,61179576965159943;-11215,1446427307;NA;All
5640;1,89389554888044;2,77668417838003;2,33533711420516;2,68774121246616;2,72309010659783;2,29408906685468;2,47326676471914;2,24097751517347;2,55320778110794;2,07780597554461;1,87229485914894;1,63386438152965;1,4456112889373;1,22448001849554;1,57391116751393;1,72268738934523;1,88268488418809;1,51541495520003;2,0105765664805;1,66769611430012;-21,1792549398174;-4,18947293818984;-6,65286241433163;-7,1809515973989;-5,54687814313434;-5,65488769770684;-9,8092163636125;-12,4411986438902;-5,52180832075962;-13,2792363051043;-11,5843475719452;-18,3650380350894;-25,6680975326532;-25,1712093050069;-26,5444579296166;-15,5048909875234;-16,7391415748164;-20,2654847460006;-14,0704407964278;-18,8612253266302;2,68199219822906;1,52838389719892;1,55555567096163;0,906735395569924;0,505569093294629;0,505568510213577;0,542423295383888;0,645128743653648;0,999999654320567;0,839312184375599;0,686365732674007;0,484882772849465;0,338111817657018;-2,15412013791303;-2,42226812127019;-2,55906686800296;-3,10311669832069;-3,99474654545801;-3,97671217514574;-3,35263255597489;-2,70563138978424;-2,14672192447882;-1,19499808741355;-1,84815310840112;-2,22452115757888;-2,90058670842152;-5,11453698104553;-5,02170503837136;-4,05149685492326;-3,42456171028843;-2,69556160947629;0,0719810978515742;0,0157773726842686;0,0505370955583641;0,0170367760222954;0,0271365841219972;0,00815598019131003;0,0102300072942366;0,0079209892374245;-2,4147552444711691;-3;1;1;1;-3;-3;1;1;0,67860417100258985;-11215,2705007212;NA;All
5650;1,89389554888044;2,77668417838003;2,33533711420516;2,68774121246616;2,72309010659783;2,29408906685468;2,47326676471914;2,24097751517347;2,55320778110794;2,07780597554461;1,87229485914894;1,63386438152965;1,4456112889373;1,22448001849554;1,57391116751393;1,72268738934523;1,88268488418809;1,51541495520003;2,0105765664805;1,66769611430012;-21,1792549398174;-4,18947293818984;-6,65286241433163;-7,1809515973989;-5,54687814313434;-5,65488769770684;-9,8092163636125;-12,4411986438902;-5,52180832075962;-13,2792363051043;-11,5843475719452;-18,3650380350894;-25,6680975326532;-25,1712093050069;-26,5444579296166;-15,5048909875234;-16,7391415748164;-20,2654847460006;-14,0704407964278;-18,8612253266302;2,68199219822906;1,52838389719892;1,55555567096163;0,906735395569924;0,505569093294629;0,505568510213577;0,542423295383888;0,645128743653648;0,999999654320567;0,839312184375599;0,686365732674007;0,484882772849465;0,338111817657018;-2,15412013791303;-2,42226812127019;-2,55906686800296;-3,10311669832069;-3,99474654545801;-3,97671217514574;-3,35263255597489;-2,70563138978424;-2,14672192447882;-1,19499808741355;-1,84815310840112;-2,22452115757888;-2,90058670842152;-5,11453698104553;-5,02170503837136;-4,05149685492326;-3,42456171028843;-2,69556160947629;0,0719810978515742;0,0157773726842686;0,0505370955583641;0,0170367760222954;0,0271365841219972;0,00815598019131003;0,0102300072942366;0,0079209892374245;-2,9968510719241501;-3;1;1;1;-3;-3;1;1;0,44310801368974551;-11215,2272222664;NA;All
5660;1,89389554888044;2,77668417838003;2,33533711420516;2,68774121246616;2,72309010659783;2,29408906685468;2,47326676471914;2,24097751517347;2,55320778110794;2,07780597554461;1,87229485914894;1,63386438152965;1,4456112889373;1,22448001849554;1,57391116751393;1,72268738934523;1,88268488418809;1,51541495520003;2,0105765664805;1,66769611430012;-21,1792549398174;-4,18947293818984;-6,65286241433163;-7,1809515973989;-5,54687814313434;-5,65488769770684;-9,8092163636125;-12,4411986438902;-5,52180832075962;-13,2792363051043;-11,5843475719452;-18,3650380350894;-25,6680975326532;-25,1712093050069;-26,5444579296166;-15,5048909875234;-16,7391415748164;-20,2654847460006;-14,0704407964278;-18,8612253266302;2,68199219822906;1,52838389719892;1,55555567096163;0,906735395569924;0,505569093294629;0,505568510213577;0,542423295383888;0,645128743653648;0,999999654320567;0,839312184375599;0,686365732674007;0,484882772849465;0,338111817657018;-2,15412013791303;-2,42226812127019;-2,55906686800296;-3,10311669832069;-3,99474654545801;-3,97671217514574;-3,35263255597489;-2,70563138978424;-2,14672192447882;-1,19499808741355;-1,84815310840112;-2,22452115757888;-2,90058670842152;-5,11453698104553;-5,02170503837136;-4,05149685492326;-3,42456171028843;-2,69556160947629;0,0719810978515742;0,0157773726842686;0,0505370955583641;0,0170367760222954;0,0271365841219972;0,00815598019131003;0,0102300072942366;0,0079209892374245;-1,0438072311755238;-3;1;1;1;-3;-3;1;1;0,59880214782268659;-11215,2937574853;NA;All
5670;1,89389554888044;2,77668417838003;2,33533711420516;2,68774121246616;2,72309010659783;2,29408906685468;2,47326676471914;2,24097751517347;2,55320778110794;2,07780597554461;1,87229485914894;1,63386438152965;1,4456112889373;1,22448001849554;1,57391116751393;1,72268738934523;1,88268488418809;1,51541495520003;2,0105765664805;1,66769611430012;-21,1792549398174;-4,18947293818984;-6,65286241433163;-7,1809515973989;-5,54687814313434;-5,65488769770684;-9,8092163636125;-12,4411986438902;-5,52180832075962;-13,2792363051043;-11,5843475719452;-18,3650380350894;-25,6680975326532;-25,1712093050069;-26,5444579296166;-15,5048909875234;-16,7391415748164;-20,2654847460006;-14,0704407964278;-18,8612253266302;2,68199219822906;1,52838389719892;1,55555567096163;0,906735395569924;0,505569093294629;0,505568510213577;0,542423295383888;0,645128743653648;0,999999654320567;0,839312184375599;0,686365732674007;0,484882772849465;0,338111817657018;-2,15412013791303;-2,42226812127019;-2,55906686800296;-3,10311669832069;-3,99474654545801;-3,97671217514574;-3,35263255597489;-2,70563138978424;-2,14672192447882;-1,19499808741355;-1,84815310840112;-2,22452115757888;-2,90058670842152;-5,11453698104553;-5,02170503837136;-4,05149685492326;-3,42456171028843;-2,69556160947629;0,0719810978515742;0,0157773726842686;0,0505370955583641;0,0170367760222954;0,0271365841219972;0,00815598019131003;0,0102300072942366;0,0079209892374245;-1,4476621039853774;-3;1;1;1;-3;-3;1;1;0,05600821778717301;-11218,2581819625;NA;All
5680;1,89389554888044;2,77668417838003;2,33533711420516;2,68774121246616;2,72309010659783;2,29408906685468;2,47326676471914;2,24097751517347;2,55320778110794;2,07780597554461;1,87229485914894;1,63386438152965;1,4456112889373;1,22448001849554;1,57391116751393;1,72268738934523;1,88268488418809;1,51541495520003;2,0105765664805;1,66769611430012;-21,1792549398174;-4,18947293818984;-6,65286241433163;-7,1809515973989;-5,54687814313434;-5,65488769770684;-9,8092163636125;-12,4411986438902;-5,52180832075962;-13,2792363051043;-11,5843475719452;-18,3650380350894;-25,6680975326532;-25,1712093050069;-26,5444579296166;-15,5048909875234;-16,7391415748164;-20,2654847460006;-14,0704407964278;-18,8612253266302;2,68199219822906;1,52838389719892;1,55555567096163;0,906735395569924;0,505569093294629;0,505568510213577;0,542423295383888;0,645128743653648;0,999999654320567;0,839312184375599;0,686365732674007;0,484882772849465;0,338111817657018;-2,15412013791303;-2,42226812127019;-2,55906686800296;-3,10311669832069;-3,99474654545801;-3,97671217514574;-3,35263255597489;-2,70563138978424;-2,14672192447882;-1,19499808741355;-1,84815310840112;-2,22452115757888;-2,90058670842152;-5,11453698104553;-5,02170503837136;-4,05149685492326;-3,42456171028843;-2,69556160947629;0,0719810978515742;0,0157773726842686;0,0505370955583641;0,0170367760222954;0,0271365841219972;0,00815598019131003;0,0102300072942366;0,0079209892374245;-1,3986166543496266;-3;1;1;1;-3;-3;1;1;0,18782070269142015;-11216,3023827639;NA;All
5690;1,89389554888044;2,77668417838003;2,33533711420516;2,68774121246616;2,72309010659783;2,29408906685468;2,47326676471914;2,24097751517347;2,55320778110794;2,07780597554461;1,87229485914894;1,63386438152965;1,4456112889373;1,22448001849554;1,57391116751393;1,72268738934523;1,88268488418809;1,51541495520003;2,0105765664805;1,66769611430012;-21,1792549398174;-4,18947293818984;-6,65286241433163;-7,1809515973989;-5,54687814313434;-5,65488769770684;-9,8092163636125;-12,4411986438902;-5,52180832075962;-13,2792363051043;-11,5843475719452;-18,3650380350894;-25,6680975326532;-25,1712093050069;-26,5444579296166;-15,5048909875234;-16,7391415748164;-20,2654847460006;-14,0704407964278;-18,8612253266302;2,68199219822906;1,52838389719892;1,55555567096163;0,906735395569924;0,505569093294629;0,505568510213577;0,542423295383888;0,645128743653648;0,999999654320567;0,839312184375599;0,686365732674007;0,484882772849465;0,338111817657018;-2,15412013791303;-2,42226812127019;-2,55906686800296;-3,10311669832069;-3,99474654545801;-3,97671217514574;-3,35263255597489;-2,70563138978424;-2,14672192447882;-1,19499808741355;-1,84815310840112;-2,22452115757888;-2,90058670842152;-5,11453698104553;-5,02170503837136;-4,05149685492326;-3,42456171028843;-2,69556160947629;0,0719810978515742;0,0157773726842686;0,0505370955583641;0,0170367760222954;0,0271365841219972;0,00815598019131003;0,0102300072942366;0,0079209892374245;-2,2425151517467663;-3;1;1;1;-3;-3;1;1;0,94034396057876268;-11216,3860344989;NA;All
5700;1,89389554888044;2,77668417838003;2,33533711420516;2,68774121246616;2,72309010659783;2,29408906685468;2,47326676471914;2,24097751517347;2,55320778110794;2,07780597554461;1,87229485914894;1,63386438152965;1,4456112889373;1,22448001849554;1,57391116751393;1,72268738934523;1,88268488418809;1,51541495520003;2,0105765664805;1,66769611430012;-21,1792549398174;-4,18947293818984;-6,65286241433163;-7,1809515973989;-5,54687814313434;-5,65488769770684;-9,8092163636125;-12,4411986438902;-5,52180832075962;-13,2792363051043;-11,5843475719452;-18,3650380350894;-25,6680975326532;-25,1712093050069;-26,5444579296166;-15,5048909875234;-16,7391415748164;-20,2654847460006;-14,0704407964278;-18,8612253266302;2,68199219822906;1,52838389719892;1,55555567096163;0,906735395569924;0,505569093294629;0,505568510213577;0,542423295383888;0,645128743653648;0,999999654320567;0,839312184375599;0,686365732674007;0,484882772849465;0,338111817657018;-2,15412013791303;-2,42226812127019;-2,55906686800296;-3,10311669832069;-3,99474654545801;-3,97671217514574;-3,35263255597489;-2,70563138978424;-2,14672192447882;-1,19499808741355;-1,84815310840112;-2,22452115757888;-2,90058670842152;-5,11453698104553;-5,02170503837136;-4,05149685492326;-3,42456171028843;-2,69556160947629;0,0719810978515742;0,0157773726842686;0,0505370955583641;0,0170367760222954;0,0271365841219972;0,00815598019131003;0,0102300072942366;0,0079209892374245;-2,0042308849527068;-3;1;1;1;-3;-3;1;1;0,36499076044608175;-11215,4346310226;NA;All
5710;1,89389554888044;2,77668417838003;2,33533711420516;2,68774121246616;2,72309010659783;2,29408906685468;2,47326676471914;2,24097751517347;2,55320778110794;2,07780597554461;1,87229485914894;1,63386438152965;1,4456112889373;1,22448001849554;1,57391116751393;1,72268738934523;1,88268488418809;1,51541495520003;2,0105765664805;1,66769611430012;-21,1792549398174;-4,18947293818984;-6,65286241433163;-7,1809515973989;-5,54687814313434;-5,65488769770684;-9,8092163636125;-12,4411986438902;-5,52180832075962;-13,2792363051043;-11,5843475719452;-18,3650380350894;-25,6680975326532;-25,1712093050069;-26,5444579296166;-15,5048909875234;-16,7391415748164;-20,2654847460006;-14,0704407964278;-18,8612253266302;2,68199219822906;1,52838389719892;1,55555567096163;0,906735395569924;0,505569093294629;0,505568510213577;0,542423295383888;0,645128743653648;0,999999654320567;0,839312184375599;0,686365732674007;0,484882772849465;0,338111817657018;-2,15412013791303;-2,42226812127019;-2,55906686800296;-3,10311669832069;-3,99474654545801;-3,97671217514574;-3,35263255597489;-2,70563138978424;-2,14672192447882;-1,19499808741355;-1,84815310840112;-2,22452115757888;-2,90058670842152;-5,11453698104553;-5,02170503837136;-4,05149685492326;-3,42456171028843;-2,69556160947629;0,0719810978515742;0,0157773726842686;0,0505370955583641;0,0170367760222954;0,0271365841219972;0,00815598019131003;0,0102300072942366;0,0079209892374245;-0,8308929950280859;-3;1;1;1;-3;-3;1;1;0,22996907441294692;-11215,0524154138;NA;All
5720;1,89389554888044;2,77668417838003;2,33533711420516;2,68774121246616;2,72309010659783;2,29408906685468;2,47326676471914;2,24097751517347;2,55320778110794;2,07780597554461;1,87229485914894;1,63386438152965;1,4456112889373;1,22448001849554;1,57391116751393;1,72268738934523;1,88268488418809;1,51541495520003;2,0105765664805;1,66769611430012;-21,1792549398174;-4,18947293818984;-6,65286241433163;-7,1809515973989;-5,54687814313434;-5,65488769770684;-9,8092163636125;-12,4411986438902;-5,52180832075962;-13,2792363051043;-11,5843475719452;-18,3650380350894;-25,6680975326532;-25,1712093050069;-26,5444579296166;-15,5048909875234;-16,7391415748164;-20,2654847460006;-14,0704407964278;-18,8612253266302;2,68199219822906;1,52838389719892;1,55555567096163;0,906735395569924;0,505569093294629;0,505568510213577;0,542423295383888;0,645128743653648;0,999999654320567;0,839312184375599;0,686365732674007;0,484882772849465;0,338111817657018;-2,15412013791303;-2,42226812127019;-2,55906686800296;-3,10311669832069;-3,99474654545801;-3,97671217514574;-3,35263255597489;-2,70563138978424;-2,14672192447882;-1,19499808741355;-1,84815310840112;-2,22452115757888;-2,90058670842152;-5,11453698104553;-5,02170503837136;-4,05149685492326;-3,42456171028843;-2,69556160947629;0,0719810978515742;0,0157773726842686;0,0505370955583641;0,0170367760222954;0,0271365841219972;0,00815598019131003;0,0102300072942366;0,0079209892374245;-3,7553802340528022;-3;1;1;1;-3;-3;1;1;0,45485248233539777;-11215,2039536532;NA;All
5730;1,89389554888044;2,77668417838003;2,33533711420516;2,68774121246616;2,72309010659783;2,29408906685468;2,47326676471914;2,24097751517347;2,55320778110794;2,07780597554461;1,87229485914894;1,63386438152965;1,4456112889373;1,22448001849554;1,57391116751393;1,72268738934523;1,88268488418809;1,51541495520003;2,0105765664805;1,66769611430012;-21,1792549398174;-4,18947293818984;-6,65286241433163;-7,1809515973989;-5,54687814313434;-5,65488769770684;-9,8092163636125;-12,4411986438902;-5,52180832075962;-13,2792363051043;-11,5843475719452;-18,3650380350894;-25,6680975326532;-25,1712093050069;-26,5444579296166;-15,5048909875234;-16,7391415748164;-20,2654847460006;-14,0704407964278;-18,8612253266302;2,68199219822906;1,52838389719892;1,55555567096163;0,906735395569924;0,505569093294629;0,505568510213577;0,542423295383888;0,645128743653648;0,999999654320567;0,839312184375599;0,686365732674007;0,484882772849465;0,338111817657018;-2,15412013791303;-2,42226812127019;-2,55906686800296;-3,10311669832069;-3,99474654545801;-3,97671217514574;-3,35263255597489;-2,70563138978424;-2,14672192447882;-1,19499808741355;-1,84815310840112;-2,22452115757888;-2,90058670842152;-5,11453698104553;-5,02170503837136;-4,05149685492326;-3,42456171028843;-2,69556160947629;0,0719810978515742;0,0157773726842686;0,0505370955583641;0,0170367760222954;0,0271365841219972;0,00815598019131003;0,0102300072942366;0,0079209892374245;-2,7375936153734033;-3;1;1;1;-3;-3;1;1;0,60648092413820787;-11215,1365888970;NA;All
5740;1,89389554888044;2,77668417838003;2,33533711420516;2,68774121246616;2,72309010659783;2,29408906685468;2,47326676471914;2,24097751517347;2,55320778110794;2,07780597554461;1,87229485914894;1,63386438152965;1,4456112889373;1,22448001849554;1,57391116751393;1,72268738934523;1,88268488418809;1,51541495520003;2,0105765664805;1,66769611430012;-21,1792549398174;-4,18947293818984;-6,65286241433163;-7,1809515973989;-5,54687814313434;-5,65488769770684;-9,8092163636125;-12,4411986438902;-5,52180832075962;-13,2792363051043;-11,5843475719452;-18,3650380350894;-25,6680975326532;-25,1712093050069;-26,5444579296166;-15,5048909875234;-16,7391415748164;-20,2654847460006;-14,0704407964278;-18,8612253266302;2,68199219822906;1,52838389719892;1,55555567096163;0,906735395569924;0,505569093294629;0,505568510213577;0,542423295383888;0,645128743653648;0,999999654320567;0,839312184375599;0,686365732674007;0,484882772849465;0,338111817657018;-2,15412013791303;-2,42226812127019;-2,55906686800296;-3,10311669832069;-3,99474654545801;-3,97671217514574;-3,35263255597489;-2,70563138978424;-2,14672192447882;-1,19499808741355;-1,84815310840112;-2,22452115757888;-2,90058670842152;-5,11453698104553;-5,02170503837136;-4,05149685492326;-3,42456171028843;-2,69556160947629;0,0719810978515742;0,0157773726842686;0,0505370955583641;0,0170367760222954;0,0271365841219972;0,00815598019131003;0,0102300072942366;0,0079209892374245;-1,1175273483093879;-3;1;1;1;-3;-3;1;1;0,56691458188604138;-11215,1627819245;NA;All
5750;1,89389554888044;2,77668417838003;2,33533711420516;2,68774121246616;2,72309010659783;2,29408906685468;2,47326676471914;2,24097751517347;2,55320778110794;2,07780597554461;1,87229485914894;1,63386438152965;1,4456112889373;1,22448001849554;1,57391116751393;1,72268738934523;1,88268488418809;1,51541495520003;2,0105765664805;1,66769611430012;-21,1792549398174;-4,18947293818984;-6,65286241433163;-7,1809515973989;-5,54687814313434;-5,65488769770684;-9,8092163636125;-12,4411986438902;-5,52180832075962;-13,2792363051043;-11,5843475719452;-18,3650380350894;-25,6680975326532;-25,1712093050069;-26,5444579296166;-15,5048909875234;-16,7391415748164;-20,2654847460006;-14,0704407964278;-18,8612253266302;2,68199219822906;1,52838389719892;1,55555567096163;0,906735395569924;0,505569093294629;0,505568510213577;0,542423295383888;0,645128743653648;0,999999654320567;0,839312184375599;0,686365732674007;0,484882772849465;0,338111817657018;-2,15412013791303;-2,42226812127019;-2,55906686800296;-3,10311669832069;-3,99474654545801;-3,97671217514574;-3,35263255597489;-2,70563138978424;-2,14672192447882;-1,19499808741355;-1,84815310840112;-2,22452115757888;-2,90058670842152;-5,11453698104553;-5,02170503837136;-4,05149685492326;-3,42456171028843;-2,69556160947629;0,0719810978515742;0,0157773726842686;0,0505370955583641;0,0170367760222954;0,0271365841219972;0,00815598019131003;0,0102300072942366;0,0079209892374245;-0,9317607356424982;-3;1;1;1;-3;-3;1;1;0,64692583409054150;-11215,5924764997;NA;All
5760;1,89389554888044;2,77668417838003;2,33533711420516;2,68774121246616;2,72309010659783;2,29408906685468;2,47326676471914;2,24097751517347;2,55320778110794;2,07780597554461;1,87229485914894;1,63386438152965;1,4456112889373;1,22448001849554;1,57391116751393;1,72268738934523;1,88268488418809;1,51541495520003;2,0105765664805;1,66769611430012;-21,1792549398174;-4,18947293818984;-6,65286241433163;-7,1809515973989;-5,54687814313434;-5,65488769770684;-9,8092163636125;-12,4411986438902;-5,52180832075962;-13,2792363051043;-11,5843475719452;-18,3650380350894;-25,6680975326532;-25,1712093050069;-26,5444579296166;-15,5048909875234;-16,7391415748164;-20,2654847460006;-14,0704407964278;-18,8612253266302;2,68199219822906;1,52838389719892;1,55555567096163;0,906735395569924;0,505569093294629;0,505568510213577;0,542423295383888;0,645128743653648;0,999999654320567;0,839312184375599;0,686365732674007;0,484882772849465;0,338111817657018;-2,15412013791303;-2,42226812127019;-2,55906686800296;-3,10311669832069;-3,99474654545801;-3,97671217514574;-3,35263255597489;-2,70563138978424;-2,14672192447882;-1,19499808741355;-1,84815310840112;-2,22452115757888;-2,90058670842152;-5,11453698104553;-5,02170503837136;-4,05149685492326;-3,42456171028843;-2,69556160947629;0,0719810978515742;0,0157773726842686;0,0505370955583641;0,0170367760222954;0,0271365841219972;0,00815598019131003;0,0102300072942366;0,0079209892374245;-1,4306442056559383;-3;1;1;1;-3;-3;1;1;0,55537439061456839;-11215,0859288535;NA;All
5770;1,89389554888044;2,77668417838003;2,33533711420516;2,68774121246616;2,72309010659783;2,29408906685468;2,47326676471914;2,24097751517347;2,55320778110794;2,07780597554461;1,87229485914894;1,63386438152965;1,4456112889373;1,22448001849554;1,57391116751393;1,72268738934523;1,88268488418809;1,51541495520003;2,0105765664805;1,66769611430012;-21,1792549398174;-4,18947293818984;-6,65286241433163;-7,1809515973989;-5,54687814313434;-5,65488769770684;-9,8092163636125;-12,4411986438902;-5,52180832075962;-13,2792363051043;-11,5843475719452;-18,3650380350894;-25,6680975326532;-25,1712093050069;-26,5444579296166;-15,5048909875234;-16,7391415748164;-20,2654847460006;-14,0704407964278;-18,8612253266302;2,68199219822906;1,52838389719892;1,55555567096163;0,906735395569924;0,505569093294629;0,505568510213577;0,542423295383888;0,645128743653648;0,999999654320567;0,839312184375599;0,686365732674007;0,484882772849465;0,338111817657018;-2,15412013791303;-2,42226812127019;-2,55906686800296;-3,10311669832069;-3,99474654545801;-3,97671217514574;-3,35263255597489;-2,70563138978424;-2,14672192447882;-1,19499808741355;-1,84815310840112;-2,22452115757888;-2,90058670842152;-5,11453698104553;-5,02170503837136;-4,05149685492326;-3,42456171028843;-2,69556160947629;0,0719810978515742;0,0157773726842686;0,0505370955583641;0,0170367760222954;0,0271365841219972;0,00815598019131003;0,0102300072942366;0,0079209892374245;-1,5566160150429291;-3;1;1;1;-3;-3;1;1;0,88147974194807643;-11216,2095768097;NA;All
5780;1,89389554888044;2,77668417838003;2,33533711420516;2,68774121246616;2,72309010659783;2,29408906685468;2,47326676471914;2,24097751517347;2,55320778110794;2,07780597554461;1,87229485914894;1,63386438152965;1,4456112889373;1,22448001849554;1,57391116751393;1,72268738934523;1,88268488418809;1,51541495520003;2,0105765664805;1,66769611430012;-21,1792549398174;-4,18947293818984;-6,65286241433163;-7,1809515973989;-5,54687814313434;-5,65488769770684;-9,8092163636125;-12,4411986438902;-5,52180832075962;-13,2792363051043;-11,5843475719452;-18,3650380350894;-25,6680975326532;-25,1712093050069;-26,5444579296166;-15,5048909875234;-16,7391415748164;-20,2654847460006;-14,0704407964278;-18,8612253266302;2,68199219822906;1,52838389719892;1,55555567096163;0,906735395569924;0,505569093294629;0,505568510213577;0,542423295383888;0,645128743653648;0,999999654320567;0,839312184375599;0,686365732674007;0,484882772849465;0,338111817657018;-2,15412013791303;-2,42226812127019;-2,55906686800296;-3,10311669832069;-3,99474654545801;-3,97671217514574;-3,35263255597489;-2,70563138978424;-2,14672192447882;-1,19499808741355;-1,84815310840112;-2,22452115757888;-2,90058670842152;-5,11453698104553;-5,02170503837136;-4,05149685492326;-3,42456171028843;-2,69556160947629;0,0719810978515742;0,0157773726842686;0,0505370955583641;0,0170367760222954;0,0271365841219972;0,00815598019131003;0,0102300072942366;0,0079209892374245;-0,3975309519508962;-3;1;1;1;-3;-3;1;1;0,19209480398615603;-11215,2476173211;NA;All
5790;1,89389554888044;2,77668417838003;2,33533711420516;2,68774121246616;2,72309010659783;2,29408906685468;2,47326676471914;2,24097751517347;2,55320778110794;2,07780597554461;1,87229485914894;1,63386438152965;1,4456112889373;1,22448001849554;1,57391116751393;1,72268738934523;1,88268488418809;1,51541495520003;2,0105765664805;1,66769611430012;-21,1792549398174;-4,18947293818984;-6,65286241433163;-7,1809515973989;-5,54687814313434;-5,65488769770684;-9,8092163636125;-12,4411986438902;-5,52180832075962;-13,2792363051043;-11,5843475719452;-18,3650380350894;-25,6680975326532;-25,1712093050069;-26,5444579296166;-15,5048909875234;-16,7391415748164;-20,2654847460006;-14,0704407964278;-18,8612253266302;2,68199219822906;1,52838389719892;1,55555567096163;0,906735395569924;0,505569093294629;0,505568510213577;0,542423295383888;0,645128743653648;0,999999654320567;0,839312184375599;0,686365732674007;0,484882772849465;0,338111817657018;-2,15412013791303;-2,42226812127019;-2,55906686800296;-3,10311669832069;-3,99474654545801;-3,97671217514574;-3,35263255597489;-2,70563138978424;-2,14672192447882;-1,19499808741355;-1,84815310840112;-2,22452115757888;-2,90058670842152;-5,11453698104553;-5,02170503837136;-4,05149685492326;-3,42456171028843;-2,69556160947629;0,0719810978515742;0,0157773726842686;0,0505370955583641;0,0170367760222954;0,0271365841219972;0,00815598019131003;0,0102300072942366;0,0079209892374245;-1,2756399966382459;-3;1;1;1;-3;-3;1;1;0,27546458999530132;-11215,4924314137;NA;All
5800;1,89389554888044;2,77668417838003;2,33533711420516;2,68774121246616;2,72309010659783;2,29408906685468;2,47326676471914;2,24097751517347;2,55320778110794;2,07780597554461;1,87229485914894;1,63386438152965;1,4456112889373;1,22448001849554;1,57391116751393;1,72268738934523;1,88268488418809;1,51541495520003;2,0105765664805;1,66769611430012;-21,1792549398174;-4,18947293818984;-6,65286241433163;-7,1809515973989;-5,54687814313434;-5,65488769770684;-9,8092163636125;-12,4411986438902;-5,52180832075962;-13,2792363051043;-11,5843475719452;-18,3650380350894;-25,6680975326532;-25,1712093050069;-26,5444579296166;-15,5048909875234;-16,7391415748164;-20,2654847460006;-14,0704407964278;-18,8612253266302;2,68199219822906;1,52838389719892;1,55555567096163;0,906735395569924;0,505569093294629;0,505568510213577;0,542423295383888;0,645128743653648;0,999999654320567;0,839312184375599;0,686365732674007;0,484882772849465;0,338111817657018;-2,15412013791303;-2,42226812127019;-2,55906686800296;-3,10311669832069;-3,99474654545801;-3,97671217514574;-3,35263255597489;-2,70563138978424;-2,14672192447882;-1,19499808741355;-1,84815310840112;-2,22452115757888;-2,90058670842152;-5,11453698104553;-5,02170503837136;-4,05149685492326;-3,42456171028843;-2,69556160947629;0,0719810978515742;0,0157773726842686;0,0505370955583641;0,0170367760222954;0,0271365841219972;0,00815598019131003;0,0102300072942366;0,0079209892374245;-0,9124996841389136;-3;1;1;1;-3;-3;1;1;0,67757604751953915;-11215,7620454407;NA;All
5810;1,89389554888044;2,77668417838003;2,33533711420516;2,68774121246616;2,72309010659783;2,29408906685468;2,47326676471914;2,24097751517347;2,55320778110794;2,07780597554461;1,87229485914894;1,63386438152965;1,4456112889373;1,22448001849554;1,57391116751393;1,72268738934523;1,88268488418809;1,51541495520003;2,0105765664805;1,66769611430012;-21,1792549398174;-4,18947293818984;-6,65286241433163;-7,1809515973989;-5,54687814313434;-5,65488769770684;-9,8092163636125;-12,4411986438902;-5,52180832075962;-13,2792363051043;-11,5843475719452;-18,3650380350894;-25,6680975326532;-25,1712093050069;-26,5444579296166;-15,5048909875234;-16,7391415748164;-20,2654847460006;-14,0704407964278;-18,8612253266302;2,68199219822906;1,52838389719892;1,55555567096163;0,906735395569924;0,505569093294629;0,505568510213577;0,542423295383888;0,645128743653648;0,999999654320567;0,839312184375599;0,686365732674007;0,484882772849465;0,338111817657018;-2,15412013791303;-2,42226812127019;-2,55906686800296;-3,10311669832069;-3,99474654545801;-3,97671217514574;-3,35263255597489;-2,70563138978424;-2,14672192447882;-1,19499808741355;-1,84815310840112;-2,22452115757888;-2,90058670842152;-5,11453698104553;-5,02170503837136;-4,05149685492326;-3,42456171028843;-2,69556160947629;0,0719810978515742;0,0157773726842686;0,0505370955583641;0,0170367760222954;0,0271365841219972;0,00815598019131003;0,0102300072942366;0,0079209892374245;-0,9880524877837484;-3;1;1;1;-3;-3;1;1;0,15370010568468509;-11215,7401071660;NA;All
5820;1,89389554888044;2,77668417838003;2,33533711420516;2,68774121246616;2,72309010659783;2,29408906685468;2,47326676471914;2,24097751517347;2,55320778110794;2,07780597554461;1,87229485914894;1,63386438152965;1,4456112889373;1,22448001849554;1,57391116751393;1,72268738934523;1,88268488418809;1,51541495520003;2,0105765664805;1,66769611430012;-21,1792549398174;-4,18947293818984;-6,65286241433163;-7,1809515973989;-5,54687814313434;-5,65488769770684;-9,8092163636125;-12,4411986438902;-5,52180832075962;-13,2792363051043;-11,5843475719452;-18,3650380350894;-25,6680975326532;-25,1712093050069;-26,5444579296166;-15,5048909875234;-16,7391415748164;-20,2654847460006;-14,0704407964278;-18,8612253266302;2,68199219822906;1,52838389719892;1,55555567096163;0,906735395569924;0,505569093294629;0,505568510213577;0,542423295383888;0,645128743653648;0,999999654320567;0,839312184375599;0,686365732674007;0,484882772849465;0,338111817657018;-2,15412013791303;-2,42226812127019;-2,55906686800296;-3,10311669832069;-3,99474654545801;-3,97671217514574;-3,35263255597489;-2,70563138978424;-2,14672192447882;-1,19499808741355;-1,84815310840112;-2,22452115757888;-2,90058670842152;-5,11453698104553;-5,02170503837136;-4,05149685492326;-3,42456171028843;-2,69556160947629;0,0719810978515742;0,0157773726842686;0,0505370955583641;0,0170367760222954;0,0271365841219972;0,00815598019131003;0,0102300072942366;0,0079209892374245;-0,9956564503530602;-3;1;1;1;-3;-3;1;1;0,82243573268914894;-11216,3991170724;NA;All
5830;1,89389554888044;2,77668417838003;2,33533711420516;2,68774121246616;2,72309010659783;2,29408906685468;2,47326676471914;2,24097751517347;2,55320778110794;2,07780597554461;1,87229485914894;1,63386438152965;1,4456112889373;1,22448001849554;1,57391116751393;1,72268738934523;1,88268488418809;1,51541495520003;2,0105765664805;1,66769611430012;-21,1792549398174;-4,18947293818984;-6,65286241433163;-7,1809515973989;-5,54687814313434;-5,65488769770684;-9,8092163636125;-12,4411986438902;-5,52180832075962;-13,2792363051043;-11,5843475719452;-18,3650380350894;-25,6680975326532;-25,1712093050069;-26,5444579296166;-15,5048909875234;-16,7391415748164;-20,2654847460006;-14,0704407964278;-18,8612253266302;2,68199219822906;1,52838389719892;1,55555567096163;0,906735395569924;0,505569093294629;0,505568510213577;0,542423295383888;0,645128743653648;0,999999654320567;0,839312184375599;0,686365732674007;0,484882772849465;0,338111817657018;-2,15412013791303;-2,42226812127019;-2,55906686800296;-3,10311669832069;-3,99474654545801;-3,97671217514574;-3,35263255597489;-2,70563138978424;-2,14672192447882;-1,19499808741355;-1,84815310840112;-2,22452115757888;-2,90058670842152;-5,11453698104553;-5,02170503837136;-4,05149685492326;-3,42456171028843;-2,69556160947629;0,0719810978515742;0,0157773726842686;0,0505370955583641;0,0170367760222954;0,0271365841219972;0,00815598019131003;0,0102300072942366;0,0079209892374245;-2,4582887866698657;-3;1;1;1;-3;-3;1;1;1,20571100142108434;-11218,1977137108;NA;All
5840;1,89389554888044;2,77668417838003;2,33533711420516;2,68774121246616;2,72309010659783;2,29408906685468;2,47326676471914;2,24097751517347;2,55320778110794;2,07780597554461;1,87229485914894;1,63386438152965;1,4456112889373;1,22448001849554;1,57391116751393;1,72268738934523;1,88268488418809;1,51541495520003;2,0105765664805;1,66769611430012;-21,1792549398174;-4,18947293818984;-6,65286241433163;-7,1809515973989;-5,54687814313434;-5,65488769770684;-9,8092163636125;-12,4411986438902;-5,52180832075962;-13,2792363051043;-11,5843475719452;-18,3650380350894;-25,6680975326532;-25,1712093050069;-26,5444579296166;-15,5048909875234;-16,7391415748164;-20,2654847460006;-14,0704407964278;-18,8612253266302;2,68199219822906;1,52838389719892;1,55555567096163;0,906735395569924;0,505569093294629;0,505568510213577;0,542423295383888;0,645128743653648;0,999999654320567;0,839312184375599;0,686365732674007;0,484882772849465;0,338111817657018;-2,15412013791303;-2,42226812127019;-2,55906686800296;-3,10311669832069;-3,99474654545801;-3,97671217514574;-3,35263255597489;-2,70563138978424;-2,14672192447882;-1,19499808741355;-1,84815310840112;-2,22452115757888;-2,90058670842152;-5,11453698104553;-5,02170503837136;-4,05149685492326;-3,42456171028843;-2,69556160947629;0,0719810978515742;0,0157773726842686;0,0505370955583641;0,0170367760222954;0,0271365841219972;0,00815598019131003;0,0102300072942366;0,0079209892374245;-1,1987493554927438;-3;1;1;1;-3;-3;1;1;0,94762941054887551;-11216,8838406880;NA;All
5850;1,89389554888044;2,77668417838003;2,33533711420516;2,68774121246616;2,72309010659783;2,29408906685468;2,47326676471914;2,24097751517347;2,55320778110794;2,07780597554461;1,87229485914894;1,63386438152965;1,4456112889373;1,22448001849554;1,57391116751393;1,72268738934523;1,88268488418809;1,51541495520003;2,0105765664805;1,66769611430012;-21,1792549398174;-4,18947293818984;-6,65286241433163;-7,1809515973989;-5,54687814313434;-5,65488769770684;-9,8092163636125;-12,4411986438902;-5,52180832075962;-13,2792363051043;-11,5843475719452;-18,3650380350894;-25,6680975326532;-25,1712093050069;-26,5444579296166;-15,5048909875234;-16,7391415748164;-20,2654847460006;-14,0704407964278;-18,8612253266302;2,68199219822906;1,52838389719892;1,55555567096163;0,906735395569924;0,505569093294629;0,505568510213577;0,542423295383888;0,645128743653648;0,999999654320567;0,839312184375599;0,686365732674007;0,484882772849465;0,338111817657018;-2,15412013791303;-2,42226812127019;-2,55906686800296;-3,10311669832069;-3,99474654545801;-3,97671217514574;-3,35263255597489;-2,70563138978424;-2,14672192447882;-1,19499808741355;-1,84815310840112;-2,22452115757888;-2,90058670842152;-5,11453698104553;-5,02170503837136;-4,05149685492326;-3,42456171028843;-2,69556160947629;0,0719810978515742;0,0157773726842686;0,0505370955583641;0,0170367760222954;0,0271365841219972;0,00815598019131003;0,0102300072942366;0,0079209892374245;-3,9364399915960258;-3;1;1;1;-3;-3;1;1;0,73309693069296988;-11215,4140087407;NA;All
5860;1,89389554888044;2,77668417838003;2,33533711420516;2,68774121246616;2,72309010659783;2,29408906685468;2,47326676471914;2,24097751517347;2,55320778110794;2,07780597554461;1,87229485914894;1,63386438152965;1,4456112889373;1,22448001849554;1,57391116751393;1,72268738934523;1,88268488418809;1,51541495520003;2,0105765664805;1,66769611430012;-21,1792549398174;-4,18947293818984;-6,65286241433163;-7,1809515973989;-5,54687814313434;-5,65488769770684;-9,8092163636125;-12,4411986438902;-5,52180832075962;-13,2792363051043;-11,5843475719452;-18,3650380350894;-25,6680975326532;-25,1712093050069;-26,5444579296166;-15,5048909875234;-16,7391415748164;-20,2654847460006;-14,0704407964278;-18,8612253266302;2,68199219822906;1,52838389719892;1,55555567096163;0,906735395569924;0,505569093294629;0,505568510213577;0,542423295383888;0,645128743653648;0,999999654320567;0,839312184375599;0,686365732674007;0,484882772849465;0,338111817657018;-2,15412013791303;-2,42226812127019;-2,55906686800296;-3,10311669832069;-3,99474654545801;-3,97671217514574;-3,35263255597489;-2,70563138978424;-2,14672192447882;-1,19499808741355;-1,84815310840112;-2,22452115757888;-2,90058670842152;-5,11453698104553;-5,02170503837136;-4,05149685492326;-3,42456171028843;-2,69556160947629;0,0719810978515742;0,0157773726842686;0,0505370955583641;0,0170367760222954;0,0271365841219972;0,00815598019131003;0,0102300072942366;0,0079209892374245;-3,9867108416237538;-3;1;1;1;-3;-3;1;1;1,03297034903008633;-11216,9121175988;NA;All
5870;1,89389554888044;2,77668417838003;2,33533711420516;2,68774121246616;2,72309010659783;2,29408906685468;2,47326676471914;2,24097751517347;2,55320778110794;2,07780597554461;1,87229485914894;1,63386438152965;1,4456112889373;1,22448001849554;1,57391116751393;1,72268738934523;1,88268488418809;1,51541495520003;2,0105765664805;1,66769611430012;-21,1792549398174;-4,18947293818984;-6,65286241433163;-7,1809515973989;-5,54687814313434;-5,65488769770684;-9,8092163636125;-12,4411986438902;-5,52180832075962;-13,2792363051043;-11,5843475719452;-18,3650380350894;-25,6680975326532;-25,1712093050069;-26,5444579296166;-15,5048909875234;-16,7391415748164;-20,2654847460006;-14,0704407964278;-18,8612253266302;2,68199219822906;1,52838389719892;1,55555567096163;0,906735395569924;0,505569093294629;0,505568510213577;0,542423295383888;0,645128743653648;0,999999654320567;0,839312184375599;0,686365732674007;0,484882772849465;0,338111817657018;-2,15412013791303;-2,42226812127019;-2,55906686800296;-3,10311669832069;-3,99474654545801;-3,97671217514574;-3,35263255597489;-2,70563138978424;-2,14672192447882;-1,19499808741355;-1,84815310840112;-2,22452115757888;-2,90058670842152;-5,11453698104553;-5,02170503837136;-4,05149685492326;-3,42456171028843;-2,69556160947629;0,0719810978515742;0,0157773726842686;0,0505370955583641;0,0170367760222954;0,0271365841219972;0,00815598019131003;0,0102300072942366;0,0079209892374245;-3,7121902807150193;-3;1;1;1;-3;-3;1;1;0,52404576532776626;-11215,1101714680;NA;All
5880;1,89389554888044;2,77668417838003;2,33533711420516;2,68774121246616;2,72309010659783;2,29408906685468;2,47326676471914;2,24097751517347;2,55320778110794;2,07780597554461;1,87229485914894;1,63386438152965;1,4456112889373;1,22448001849554;1,57391116751393;1,72268738934523;1,88268488418809;1,51541495520003;2,0105765664805;1,66769611430012;-21,1792549398174;-4,18947293818984;-6,65286241433163;-7,1809515973989;-5,54687814313434;-5,65488769770684;-9,8092163636125;-12,4411986438902;-5,52180832075962;-13,2792363051043;-11,5843475719452;-18,3650380350894;-25,6680975326532;-25,1712093050069;-26,5444579296166;-15,5048909875234;-16,7391415748164;-20,2654847460006;-14,0704407964278;-18,8612253266302;2,68199219822906;1,52838389719892;1,55555567096163;0,906735395569924;0,505569093294629;0,505568510213577;0,542423295383888;0,645128743653648;0,999999654320567;0,839312184375599;0,686365732674007;0,484882772849465;0,338111817657018;-2,15412013791303;-2,42226812127019;-2,55906686800296;-3,10311669832069;-3,99474654545801;-3,97671217514574;-3,35263255597489;-2,70563138978424;-2,14672192447882;-1,19499808741355;-1,84815310840112;-2,22452115757888;-2,90058670842152;-5,11453698104553;-5,02170503837136;-4,05149685492326;-3,42456171028843;-2,69556160947629;0,0719810978515742;0,0157773726842686;0,0505370955583641;0,0170367760222954;0,0271365841219972;0,00815598019131003;0,0102300072942366;0,0079209892374245;-1,7680939734818564;-3;1;1;1;-3;-3;1;1;0,39292798789433042;-11215,2755939473;NA;All
5890;1,89389554888044;2,77668417838003;2,33533711420516;2,68774121246616;2,72309010659783;2,29408906685468;2,47326676471914;2,24097751517347;2,55320778110794;2,07780597554461;1,87229485914894;1,63386438152965;1,4456112889373;1,22448001849554;1,57391116751393;1,72268738934523;1,88268488418809;1,51541495520003;2,0105765664805;1,66769611430012;-21,1792549398174;-4,18947293818984;-6,65286241433163;-7,1809515973989;-5,54687814313434;-5,65488769770684;-9,8092163636125;-12,4411986438902;-5,52180832075962;-13,2792363051043;-11,5843475719452;-18,3650380350894;-25,6680975326532;-25,1712093050069;-26,5444579296166;-15,5048909875234;-16,7391415748164;-20,2654847460006;-14,0704407964278;-18,8612253266302;2,68199219822906;1,52838389719892;1,55555567096163;0,906735395569924;0,505569093294629;0,505568510213577;0,542423295383888;0,645128743653648;0,999999654320567;0,839312184375599;0,686365732674007;0,484882772849465;0,338111817657018;-2,15412013791303;-2,42226812127019;-2,55906686800296;-3,10311669832069;-3,99474654545801;-3,97671217514574;-3,35263255597489;-2,70563138978424;-2,14672192447882;-1,19499808741355;-1,84815310840112;-2,22452115757888;-2,90058670842152;-5,11453698104553;-5,02170503837136;-4,05149685492326;-3,42456171028843;-2,69556160947629;0,0719810978515742;0,0157773726842686;0,0505370955583641;0,0170367760222954;0,0271365841219972;0,00815598019131003;0,0102300072942366;0,0079209892374245;-0,3680119449591025;-3;1;1;1;-3;-3;1;1;0,04478633540148635;-11215,0009707015;NA;All
5900;1,89389554888044;2,77668417838003;2,33533711420516;2,68774121246616;2,72309010659783;2,29408906685468;2,47326676471914;2,24097751517347;2,55320778110794;2,07780597554461;1,87229485914894;1,63386438152965;1,4456112889373;1,22448001849554;1,57391116751393;1,72268738934523;1,88268488418809;1,51541495520003;2,0105765664805;1,66769611430012;-21,1792549398174;-4,18947293818984;-6,65286241433163;-7,1809515973989;-5,54687814313434;-5,65488769770684;-9,8092163636125;-12,4411986438902;-5,52180832075962;-13,2792363051043;-11,5843475719452;-18,3650380350894;-25,6680975326532;-25,1712093050069;-26,5444579296166;-15,5048909875234;-16,7391415748164;-20,2654847460006;-14,0704407964278;-18,8612253266302;2,68199219822906;1,52838389719892;1,55555567096163;0,906735395569924;0,505569093294629;0,505568510213577;0,542423295383888;0,645128743653648;0,999999654320567;0,839312184375599;0,686365732674007;0,484882772849465;0,338111817657018;-2,15412013791303;-2,42226812127019;-2,55906686800296;-3,10311669832069;-3,99474654545801;-3,97671217514574;-3,35263255597489;-2,70563138978424;-2,14672192447882;-1,19499808741355;-1,84815310840112;-2,22452115757888;-2,90058670842152;-5,11453698104553;-5,02170503837136;-4,05149685492326;-3,42456171028843;-2,69556160947629;0,0719810978515742;0,0157773726842686;0,0505370955583641;0,0170367760222954;0,0271365841219972;0,00815598019131003;0,0102300072942366;0,0079209892374245;-3,9598911266594135;-3;1;1;1;-3;-3;1;1;0,17349358795331959;-11217,2485230584;NA;All
5910;1,89389554888044;2,77668417838003;2,33533711420516;2,68774121246616;2,72309010659783;2,29408906685468;2,47326676471914;2,24097751517347;2,55320778110794;2,07780597554461;1,87229485914894;1,63386438152965;1,4456112889373;1,22448001849554;1,57391116751393;1,72268738934523;1,88268488418809;1,51541495520003;2,0105765664805;1,66769611430012;-21,1792549398174;-4,18947293818984;-6,65286241433163;-7,1809515973989;-5,54687814313434;-5,65488769770684;-9,8092163636125;-12,4411986438902;-5,52180832075962;-13,2792363051043;-11,5843475719452;-18,3650380350894;-25,6680975326532;-25,1712093050069;-26,5444579296166;-15,5048909875234;-16,7391415748164;-20,2654847460006;-14,0704407964278;-18,8612253266302;2,68199219822906;1,52838389719892;1,55555567096163;0,906735395569924;0,505569093294629;0,505568510213577;0,542423295383888;0,645128743653648;0,999999654320567;0,839312184375599;0,686365732674007;0,484882772849465;0,338111817657018;-2,15412013791303;-2,42226812127019;-2,55906686800296;-3,10311669832069;-3,99474654545801;-3,97671217514574;-3,35263255597489;-2,70563138978424;-2,14672192447882;-1,19499808741355;-1,84815310840112;-2,22452115757888;-2,90058670842152;-5,11453698104553;-5,02170503837136;-4,05149685492326;-3,42456171028843;-2,69556160947629;0,0719810978515742;0,0157773726842686;0,0505370955583641;0,0170367760222954;0,0271365841219972;0,00815598019131003;0,0102300072942366;0,0079209892374245;-0,8188034756924134;-3;1;1;1;-3;-3;1;1;0,02702185564005488;-11216,1787358860;NA;All
5920;1,89389554888044;2,77668417838003;2,33533711420516;2,68774121246616;2,72309010659783;2,29408906685468;2,47326676471914;2,24097751517347;2,55320778110794;2,07780597554461;1,87229485914894;1,63386438152965;1,4456112889373;1,22448001849554;1,57391116751393;1,72268738934523;1,88268488418809;1,51541495520003;2,0105765664805;1,66769611430012;-21,1792549398174;-4,18947293818984;-6,65286241433163;-7,1809515973989;-5,54687814313434;-5,65488769770684;-9,8092163636125;-12,4411986438902;-5,52180832075962;-13,2792363051043;-11,5843475719452;-18,3650380350894;-25,6680975326532;-25,1712093050069;-26,5444579296166;-15,5048909875234;-16,7391415748164;-20,2654847460006;-14,0704407964278;-18,8612253266302;2,68199219822906;1,52838389719892;1,55555567096163;0,906735395569924;0,505569093294629;0,505568510213577;0,542423295383888;0,645128743653648;0,999999654320567;0,839312184375599;0,686365732674007;0,484882772849465;0,338111817657018;-2,15412013791303;-2,42226812127019;-2,55906686800296;-3,10311669832069;-3,99474654545801;-3,97671217514574;-3,35263255597489;-2,70563138978424;-2,14672192447882;-1,19499808741355;-1,84815310840112;-2,22452115757888;-2,90058670842152;-5,11453698104553;-5,02170503837136;-4,05149685492326;-3,42456171028843;-2,69556160947629;0,0719810978515742;0,0157773726842686;0,0505370955583641;0,0170367760222954;0,0271365841219972;0,00815598019131003;0,0102300072942366;0,0079209892374245;-1,7048448709349262;-3;1;1;1;-3;-3;1;1;0,29030515860111850;-11215,7458690048;NA;All
5930;1,89389554888044;2,77668417838003;2,33533711420516;2,68774121246616;2,72309010659783;2,29408906685468;2,47326676471914;2,24097751517347;2,55320778110794;2,07780597554461;1,87229485914894;1,63386438152965;1,4456112889373;1,22448001849554;1,57391116751393;1,72268738934523;1,88268488418809;1,51541495520003;2,0105765664805;1,66769611430012;-21,1792549398174;-4,18947293818984;-6,65286241433163;-7,1809515973989;-5,54687814313434;-5,65488769770684;-9,8092163636125;-12,4411986438902;-5,52180832075962;-13,2792363051043;-11,5843475719452;-18,3650380350894;-25,6680975326532;-25,1712093050069;-26,5444579296166;-15,5048909875234;-16,7391415748164;-20,2654847460006;-14,0704407964278;-18,8612253266302;2,68199219822906;1,52838389719892;1,55555567096163;0,906735395569924;0,505569093294629;0,505568510213577;0,542423295383888;0,645128743653648;0,999999654320567;0,839312184375599;0,686365732674007;0,484882772849465;0,338111817657018;-2,15412013791303;-2,42226812127019;-2,55906686800296;-3,10311669832069;-3,99474654545801;-3,97671217514574;-3,35263255597489;-2,70563138978424;-2,14672192447882;-1,19499808741355;-1,84815310840112;-2,22452115757888;-2,90058670842152;-5,11453698104553;-5,02170503837136;-4,05149685492326;-3,42456171028843;-2,69556160947629;0,0719810978515742;0,0157773726842686;0,0505370955583641;0,0170367760222954;0,0271365841219972;0,00815598019131003;0,0102300072942366;0,0079209892374245;-0,9070163001269390;-3;1;1;1;-3;-3;1;1;0,80136923153964412;-11216,4484842630;NA;All
5940;1,89389554888044;2,77668417838003;2,33533711420516;2,68774121246616;2,72309010659783;2,29408906685468;2,47326676471914;2,24097751517347;2,55320778110794;2,07780597554461;1,87229485914894;1,63386438152965;1,4456112889373;1,22448001849554;1,57391116751393;1,72268738934523;1,88268488418809;1,51541495520003;2,0105765664805;1,66769611430012;-21,1792549398174;-4,18947293818984;-6,65286241433163;-7,1809515973989;-5,54687814313434;-5,65488769770684;-9,8092163636125;-12,4411986438902;-5,52180832075962;-13,2792363051043;-11,5843475719452;-18,3650380350894;-25,6680975326532;-25,1712093050069;-26,5444579296166;-15,5048909875234;-16,7391415748164;-20,2654847460006;-14,0704407964278;-18,8612253266302;2,68199219822906;1,52838389719892;1,55555567096163;0,906735395569924;0,505569093294629;0,505568510213577;0,542423295383888;0,645128743653648;0,999999654320567;0,839312184375599;0,686365732674007;0,484882772849465;0,338111817657018;-2,15412013791303;-2,42226812127019;-2,55906686800296;-3,10311669832069;-3,99474654545801;-3,97671217514574;-3,35263255597489;-2,70563138978424;-2,14672192447882;-1,19499808741355;-1,84815310840112;-2,22452115757888;-2,90058670842152;-5,11453698104553;-5,02170503837136;-4,05149685492326;-3,42456171028843;-2,69556160947629;0,0719810978515742;0,0157773726842686;0,0505370955583641;0,0170367760222954;0,0271365841219972;0,00815598019131003;0,0102300072942366;0,0079209892374245;-3,4096390795931839;-3;1;1;1;-3;-3;1;1;0,81334249162286176;-11215,7149828765;NA;All
5950;1,89389554888044;2,77668417838003;2,33533711420516;2,68774121246616;2,72309010659783;2,29408906685468;2,47326676471914;2,24097751517347;2,55320778110794;2,07780597554461;1,87229485914894;1,63386438152965;1,4456112889373;1,22448001849554;1,57391116751393;1,72268738934523;1,88268488418809;1,51541495520003;2,0105765664805;1,66769611430012;-21,1792549398174;-4,18947293818984;-6,65286241433163;-7,1809515973989;-5,54687814313434;-5,65488769770684;-9,8092163636125;-12,4411986438902;-5,52180832075962;-13,2792363051043;-11,5843475719452;-18,3650380350894;-25,6680975326532;-25,1712093050069;-26,5444579296166;-15,5048909875234;-16,7391415748164;-20,2654847460006;-14,0704407964278;-18,8612253266302;2,68199219822906;1,52838389719892;1,55555567096163;0,906735395569924;0,505569093294629;0,505568510213577;0,542423295383888;0,645128743653648;0,999999654320567;0,839312184375599;0,686365732674007;0,484882772849465;0,338111817657018;-2,15412013791303;-2,42226812127019;-2,55906686800296;-3,10311669832069;-3,99474654545801;-3,97671217514574;-3,35263255597489;-2,70563138978424;-2,14672192447882;-1,19499808741355;-1,84815310840112;-2,22452115757888;-2,90058670842152;-5,11453698104553;-5,02170503837136;-4,05149685492326;-3,42456171028843;-2,69556160947629;0,0719810978515742;0,0157773726842686;0,0505370955583641;0,0170367760222954;0,0271365841219972;0,00815598019131003;0,0102300072942366;0,0079209892374245;-3,3602787747222171;-3;1;1;1;-3;-3;1;1;0,51260358840246290;-11215,1171563947;NA;All
5960;1,89389554888044;2,77668417838003;2,33533711420516;2,68774121246616;2,72309010659783;2,29408906685468;2,47326676471914;2,24097751517347;2,55320778110794;2,07780597554461;1,87229485914894;1,63386438152965;1,4456112889373;1,22448001849554;1,57391116751393;1,72268738934523;1,88268488418809;1,51541495520003;2,0105765664805;1,66769611430012;-21,1792549398174;-4,18947293818984;-6,65286241433163;-7,1809515973989;-5,54687814313434;-5,65488769770684;-9,8092163636125;-12,4411986438902;-5,52180832075962;-13,2792363051043;-11,5843475719452;-18,3650380350894;-25,6680975326532;-25,1712093050069;-26,5444579296166;-15,5048909875234;-16,7391415748164;-20,2654847460006;-14,0704407964278;-18,8612253266302;2,68199219822906;1,52838389719892;1,55555567096163;0,906735395569924;0,505569093294629;0,505568510213577;0,542423295383888;0,645128743653648;0,999999654320567;0,839312184375599;0,686365732674007;0,484882772849465;0,338111817657018;-2,15412013791303;-2,42226812127019;-2,55906686800296;-3,10311669832069;-3,99474654545801;-3,97671217514574;-3,35263255597489;-2,70563138978424;-2,14672192447882;-1,19499808741355;-1,84815310840112;-2,22452115757888;-2,90058670842152;-5,11453698104553;-5,02170503837136;-4,05149685492326;-3,42456171028843;-2,69556160947629;0,0719810978515742;0,0157773726842686;0,0505370955583641;0,0170367760222954;0,0271365841219972;0,00815598019131003;0,0102300072942366;0,0079209892374245;-2,2735531812465539;-3;1;1;1;-3;-3;1;1;0,74773841237117644;-11215,4814582601;NA;All
5970;1,89389554888044;2,77668417838003;2,33533711420516;2,68774121246616;2,72309010659783;2,29408906685468;2,47326676471914;2,24097751517347;2,55320778110794;2,07780597554461;1,87229485914894;1,63386438152965;1,4456112889373;1,22448001849554;1,57391116751393;1,72268738934523;1,88268488418809;1,51541495520003;2,0105765664805;1,66769611430012;-21,1792549398174;-4,18947293818984;-6,65286241433163;-7,1809515973989;-5,54687814313434;-5,65488769770684;-9,8092163636125;-12,4411986438902;-5,52180832075962;-13,2792363051043;-11,5843475719452;-18,3650380350894;-25,6680975326532;-25,1712093050069;-26,5444579296166;-15,5048909875234;-16,7391415748164;-20,2654847460006;-14,0704407964278;-18,8612253266302;2,68199219822906;1,52838389719892;1,55555567096163;0,906735395569924;0,505569093294629;0,505568510213577;0,542423295383888;0,645128743653648;0,999999654320567;0,839312184375599;0,686365732674007;0,484882772849465;0,338111817657018;-2,15412013791303;-2,42226812127019;-2,55906686800296;-3,10311669832069;-3,99474654545801;-3,97671217514574;-3,35263255597489;-2,70563138978424;-2,14672192447882;-1,19499808741355;-1,84815310840112;-2,22452115757888;-2,90058670842152;-5,11453698104553;-5,02170503837136;-4,05149685492326;-3,42456171028843;-2,69556160947629;0,0719810978515742;0,0157773726842686;0,0505370955583641;0,0170367760222954;0,0271365841219972;0,00815598019131003;0,0102300072942366;0,0079209892374245;-3,7248672010273096;-3;1;1;1;-3;-3;1;1;0,38731915078172102;-11215,4177685403;NA;All
5980;1,89389554888044;2,77668417838003;2,33533711420516;2,68774121246616;2,72309010659783;2,29408906685468;2,47326676471914;2,24097751517347;2,55320778110794;2,07780597554461;1,87229485914894;1,63386438152965;1,4456112889373;1,22448001849554;1,57391116751393;1,72268738934523;1,88268488418809;1,51541495520003;2,0105765664805;1,66769611430012;-21,1792549398174;-4,18947293818984;-6,65286241433163;-7,1809515973989;-5,54687814313434;-5,65488769770684;-9,8092163636125;-12,4411986438902;-5,52180832075962;-13,2792363051043;-11,5843475719452;-18,3650380350894;-25,6680975326532;-25,1712093050069;-26,5444579296166;-15,5048909875234;-16,7391415748164;-20,2654847460006;-14,0704407964278;-18,8612253266302;2,68199219822906;1,52838389719892;1,55555567096163;0,906735395569924;0,505569093294629;0,505568510213577;0,542423295383888;0,645128743653648;0,999999654320567;0,839312184375599;0,686365732674007;0,484882772849465;0,338111817657018;-2,15412013791303;-2,42226812127019;-2,55906686800296;-3,10311669832069;-3,99474654545801;-3,97671217514574;-3,35263255597489;-2,70563138978424;-2,14672192447882;-1,19499808741355;-1,84815310840112;-2,22452115757888;-2,90058670842152;-5,11453698104553;-5,02170503837136;-4,05149685492326;-3,42456171028843;-2,69556160947629;0,0719810978515742;0,0157773726842686;0,0505370955583641;0,0170367760222954;0,0271365841219972;0,00815598019131003;0,0102300072942366;0,0079209892374245;-3,8235347409340048;-3;1;1;1;-3;-3;1;1;0,16992624175363549;-11217,2992849936;NA;All
5990;1,89389554888044;2,77668417838003;2,33533711420516;2,68774121246616;2,72309010659783;2,29408906685468;2,47326676471914;2,24097751517347;2,55320778110794;2,07780597554461;1,87229485914894;1,63386438152965;1,4456112889373;1,22448001849554;1,57391116751393;1,72268738934523;1,88268488418809;1,51541495520003;2,0105765664805;1,66769611430012;-21,1792549398174;-4,18947293818984;-6,65286241433163;-7,1809515973989;-5,54687814313434;-5,65488769770684;-9,8092163636125;-12,4411986438902;-5,52180832075962;-13,2792363051043;-11,5843475719452;-18,3650380350894;-25,6680975326532;-25,1712093050069;-26,5444579296166;-15,5048909875234;-16,7391415748164;-20,2654847460006;-14,0704407964278;-18,8612253266302;2,68199219822906;1,52838389719892;1,55555567096163;0,906735395569924;0,505569093294629;0,505568510213577;0,542423295383888;0,645128743653648;0,999999654320567;0,839312184375599;0,686365732674007;0,484882772849465;0,338111817657018;-2,15412013791303;-2,42226812127019;-2,55906686800296;-3,10311669832069;-3,99474654545801;-3,97671217514574;-3,35263255597489;-2,70563138978424;-2,14672192447882;-1,19499808741355;-1,84815310840112;-2,22452115757888;-2,90058670842152;-5,11453698104553;-5,02170503837136;-4,05149685492326;-3,42456171028843;-2,69556160947629;0,0719810978515742;0,0157773726842686;0,0505370955583641;0,0170367760222954;0,0271365841219972;0,00815598019131003;0,0102300072942366;0,0079209892374245;-3,2064868883354580;-3;1;1;1;-3;-3;1;1;0,72795599257510668;-11215,3993631608;NA;All
6000;1,89389554888044;2,77668417838003;2,33533711420516;2,68774121246616;2,72309010659783;2,29408906685468;2,47326676471914;2,24097751517347;2,55320778110794;2,07780597554461;1,87229485914894;1,63386438152965;1,4456112889373;1,22448001849554;1,57391116751393;1,72268738934523;1,88268488418809;1,51541495520003;2,0105765664805;1,66769611430012;-21,1792549398174;-4,18947293818984;-6,65286241433163;-7,1809515973989;-5,54687814313434;-5,65488769770684;-9,8092163636125;-12,4411986438902;-5,52180832075962;-13,2792363051043;-11,5843475719452;-18,3650380350894;-25,6680975326532;-25,1712093050069;-26,5444579296166;-15,5048909875234;-16,7391415748164;-20,2654847460006;-14,0704407964278;-18,8612253266302;2,68199219822906;1,52838389719892;1,55555567096163;0,906735395569924;0,505569093294629;0,505568510213577;0,542423295383888;0,645128743653648;0,999999654320567;0,839312184375599;0,686365732674007;0,484882772849465;0,338111817657018;-2,15412013791303;-2,42226812127019;-2,55906686800296;-3,10311669832069;-3,99474654545801;-3,97671217514574;-3,35263255597489;-2,70563138978424;-2,14672192447882;-1,19499808741355;-1,84815310840112;-2,22452115757888;-2,90058670842152;-5,11453698104553;-5,02170503837136;-4,05149685492326;-3,42456171028843;-2,69556160947629;0,0719810978515742;0,0157773726842686;0,0505370955583641;0,0170367760222954;0,0271365841219972;0,00815598019131003;0,0102300072942366;0,0079209892374245;-3,4469047324648394;-3;1;1;1;-3;-3;1;1;0,66264347779466815;-11215,2287903968;NA;All
