Iteration;beta1_1011;beta1_1112;beta1_1213;beta1_1314;beta1_1415;beta1_1516;beta1_1617;beta1_1718;beta1_1819;beta1_1920;beta2_1011;beta2_1112;beta2_1213;beta2_1314;beta2_1415;beta2_1516;beta2_1617;beta2_1718;beta2_1819;beta2_1920;eta1_1011;eta1_1112;eta1_1213;eta1_1314;eta1_1415;eta1_1516;eta1_1617;eta1_1718;eta1_1819;eta1_1920;eta2_1011;eta2_1112;eta2_1213;eta2_1314;eta2_1415;eta2_1516;eta2_1617;eta2_1718;eta2_1819;eta2_1920;alpha1;gamma1;alpha2;gamma2;pi_<6m;pi_6-12m;pi_1;pi_2-4;pi_5-17;pi_18-49;pi_50-64;pi_65-74;pi_75+;lh1_<6m;lh1_6-12m;lh1_1;lh1_2-4;lh1_5-17;lh1_18-49;lh1_50-64;lh1_65-74;lh1_75+;lh2_<6m;lh2_6-12m;lh2_1;lh2_2-4;lh2_5-17;lh2_18-49;lh2_50-64;lh2_65-74;lh2_75+;kappa1_0-4;kappa1_5-14;kappa1_15-64;kappa1_65+;kappa2_0-4;kappa2_5-14;kappa2_15-64;kappa2_65+;lromega1;lrpsi1;delta1;sigma1;theta1;lromega2;lrpsi2;delta2;sigma2;theta2;Loglik;Accepted;Season
0;1,88304088315069;2,84254900688767;2,29896849114977;2,50980797761203;2,71397452471025;2,28043562394877;2,41260264278576;2,44819771007298;2,45700793771892;1,97913013422064;1,92132520506502;1,63046728101526;1,43501376778664;4,90550357958464;1,52473550763761;1,76609058341847;1,91673558388257;1,51866759986513;1,93717807202571;1,61222558828219;-21,2493949166985;-3,79008603045278;-7,20969029393746;-8,51566303812501;-5,61065921085665;-5,62225021785504;-10,536537451225;-9,44246507450126;-6,41341979102222;-16,1050701691777;-11,9039710737268;-17,958603469274;-25,1241603258947;-42,2201109096562;-17,9934367568665;-15,1495215606078;-15,8921403085173;-20,6995455137417;-14,7704510396926;-19,5432018278614;2,68199219822906;1,52838389719892;1,55555567096163;0,906735395569924;0,505569093294629;0,505568510213577;0,542423295383888;0,645128743653648;0,999999654320567;0,839312184375599;0,686365732674007;0,484882772849465;0,338111817657018;-2,14551609259277;-2,4282524118668;-2,59869384510399;-3,05978324250474;-4,0610219701259;-3,99395385733955;-3,3217977374888;-2,72007905507952;-2,13829182353672;-1,18500861275905;-1,85736416666674;-2,23882456322202;-2,86260508058283;-5,02140762454537;-5,09729664790047;-4,06960428105759;-3,34524631734356;-2,65932913921636;0,0616023919182442;0,0160928837337721;0,0388562224715487;0,0179218411707625;0,0385225292945519;0,00612082035677787;0,015699196058898;0,00918210322227181;-3;-3;1;1,000000000000000;1;-3;-3;1,00000000000000000;1;1;NA;NA;All
10;1,88304088315069;2,84254900688767;2,29896849114977;2,50980797761203;2,71397452471025;2,28043562394877;2,41260264278576;2,44819771007298;2,45700793771892;1,97913013422064;1,92132520506502;1,63046728101526;1,43501376778664;4,90550357958464;1,52473550763761;1,76609058341847;1,91673558388257;1,51866759986513;1,93717807202571;1,61222558828219;-21,2493949166985;-3,79008603045278;-7,20969029393746;-8,51566303812501;-5,61065921085665;-5,62225021785504;-10,536537451225;-9,44246507450126;-6,41341979102222;-16,1050701691777;-11,9039710737268;-17,958603469274;-25,1241603258947;-42,2201109096562;-17,9934367568665;-15,1495215606078;-15,8921403085173;-20,6995455137417;-14,7704510396926;-19,5432018278614;2,68199219822906;1,52838389719892;1,55555567096163;0,906735395569924;0,505569093294629;0,505568510213577;0,542423295383888;0,645128743653648;0,999999654320567;0,839312184375599;0,686365732674007;0,484882772849465;0,338111817657018;-2,14551609259277;-2,4282524118668;-2,59869384510399;-3,05978324250474;-4,0610219701259;-3,99395385733955;-3,3217977374888;-2,72007905507952;-2,13829182353672;-1,18500861275905;-1,85736416666674;-2,23882456322202;-2,86260508058283;-5,02140762454537;-5,09729664790047;-4,06960428105759;-3,34524631734356;-2,65932913921636;0,0616023919182442;0,0160928837337721;0,0388562224715487;0,0179218411707625;0,0385225292945519;0,00612082035677787;0,015699196058898;0,00918210322227181;-3;-3;1;1,040918542267435;1;-3;-3;0,78715244992540379;1;1;-13177,1578751390;NA;All
20;1,88304088315069;2,84254900688767;2,29896849114977;2,50980797761203;2,71397452471025;2,28043562394877;2,41260264278576;2,44819771007298;2,45700793771892;1,97913013422064;1,92132520506502;1,63046728101526;1,43501376778664;4,90550357958464;1,52473550763761;1,76609058341847;1,91673558388257;1,51866759986513;1,93717807202571;1,61222558828219;-21,2493949166985;-3,79008603045278;-7,20969029393746;-8,51566303812501;-5,61065921085665;-5,62225021785504;-10,536537451225;-9,44246507450126;-6,41341979102222;-16,1050701691777;-11,9039710737268;-17,958603469274;-25,1241603258947;-42,2201109096562;-17,9934367568665;-15,1495215606078;-15,8921403085173;-20,6995455137417;-14,7704510396926;-19,5432018278614;2,68199219822906;1,52838389719892;1,55555567096163;0,906735395569924;0,505569093294629;0,505568510213577;0,542423295383888;0,645128743653648;0,999999654320567;0,839312184375599;0,686365732674007;0,484882772849465;0,338111817657018;-2,14551609259277;-2,4282524118668;-2,59869384510399;-3,05978324250474;-4,0610219701259;-3,99395385733955;-3,3217977374888;-2,72007905507952;-2,13829182353672;-1,18500861275905;-1,85736416666674;-2,23882456322202;-2,86260508058283;-5,02140762454537;-5,09729664790047;-4,06960428105759;-3,34524631734356;-2,65932913921636;0,0616023919182442;0,0160928837337721;0,0388562224715487;0,0179218411707625;0,0385225292945519;0,00612082035677787;0,015699196058898;0,00918210322227181;-3;-3;1;0,910669773680316;1;-3;-3;0,77775488443562990;1;1;-13178,6060210602;NA;All
30;1,88304088315069;2,84254900688767;2,29896849114977;2,50980797761203;2,71397452471025;2,28043562394877;2,41260264278576;2,44819771007298;2,45700793771892;1,97913013422064;1,92132520506502;1,63046728101526;1,43501376778664;4,90550357958464;1,52473550763761;1,76609058341847;1,91673558388257;1,51866759986513;1,93717807202571;1,61222558828219;-21,2493949166985;-3,79008603045278;-7,20969029393746;-8,51566303812501;-5,61065921085665;-5,62225021785504;-10,536537451225;-9,44246507450126;-6,41341979102222;-16,1050701691777;-11,9039710737268;-17,958603469274;-25,1241603258947;-42,2201109096562;-17,9934367568665;-15,1495215606078;-15,8921403085173;-20,6995455137417;-14,7704510396926;-19,5432018278614;2,68199219822906;1,52838389719892;1,55555567096163;0,906735395569924;0,505569093294629;0,505568510213577;0,542423295383888;0,645128743653648;0,999999654320567;0,839312184375599;0,686365732674007;0,484882772849465;0,338111817657018;-2,14551609259277;-2,4282524118668;-2,59869384510399;-3,05978324250474;-4,0610219701259;-3,99395385733955;-3,3217977374888;-2,72007905507952;-2,13829182353672;-1,18500861275905;-1,85736416666674;-2,23882456322202;-2,86260508058283;-5,02140762454537;-5,09729664790047;-4,06960428105759;-3,34524631734356;-2,65932913921636;0,0616023919182442;0,0160928837337721;0,0388562224715487;0,0179218411707625;0,0385225292945519;0,00612082035677787;0,015699196058898;0,00918210322227181;-3;-3;1;1,054294009573830;1;-3;-3;0,65395765959351937;1;1;-13176,2208754154;NA;All
40;1,88304088315069;2,84254900688767;2,29896849114977;2,50980797761203;2,71397452471025;2,28043562394877;2,41260264278576;2,44819771007298;2,45700793771892;1,97913013422064;1,92132520506502;1,63046728101526;1,43501376778664;4,90550357958464;1,52473550763761;1,76609058341847;1,91673558388257;1,51866759986513;1,93717807202571;1,61222558828219;-21,2493949166985;-3,79008603045278;-7,20969029393746;-8,51566303812501;-5,61065921085665;-5,62225021785504;-10,536537451225;-9,44246507450126;-6,41341979102222;-16,1050701691777;-11,9039710737268;-17,958603469274;-25,1241603258947;-42,2201109096562;-17,9934367568665;-15,1495215606078;-15,8921403085173;-20,6995455137417;-14,7704510396926;-19,5432018278614;2,68199219822906;1,52838389719892;1,55555567096163;0,906735395569924;0,505569093294629;0,505568510213577;0,542423295383888;0,645128743653648;0,999999654320567;0,839312184375599;0,686365732674007;0,484882772849465;0,338111817657018;-2,14551609259277;-2,4282524118668;-2,59869384510399;-3,05978324250474;-4,0610219701259;-3,99395385733955;-3,3217977374888;-2,72007905507952;-2,13829182353672;-1,18500861275905;-1,85736416666674;-2,23882456322202;-2,86260508058283;-5,02140762454537;-5,09729664790047;-4,06960428105759;-3,34524631734356;-2,65932913921636;0,0616023919182442;0,0160928837337721;0,0388562224715487;0,0179218411707625;0,0385225292945519;0,00612082035677787;0,015699196058898;0,00918210322227181;-3;-3;1;1,010340474260609;1;-3;-3;0,46004518755777457;1;1;-13174,5113938987;NA;All
50;1,88304088315069;2,84254900688767;2,29896849114977;2,50980797761203;2,71397452471025;2,28043562394877;2,41260264278576;2,44819771007298;2,45700793771892;1,97913013422064;1,92132520506502;1,63046728101526;1,43501376778664;4,90550357958464;1,52473550763761;1,76609058341847;1,91673558388257;1,51866759986513;1,93717807202571;1,61222558828219;-21,2493949166985;-3,79008603045278;-7,20969029393746;-8,51566303812501;-5,61065921085665;-5,62225021785504;-10,536537451225;-9,44246507450126;-6,41341979102222;-16,1050701691777;-11,9039710737268;-17,958603469274;-25,1241603258947;-42,2201109096562;-17,9934367568665;-15,1495215606078;-15,8921403085173;-20,6995455137417;-14,7704510396926;-19,5432018278614;2,68199219822906;1,52838389719892;1,55555567096163;0,906735395569924;0,505569093294629;0,505568510213577;0,542423295383888;0,645128743653648;0,999999654320567;0,839312184375599;0,686365732674007;0,484882772849465;0,338111817657018;-2,14551609259277;-2,4282524118668;-2,59869384510399;-3,05978324250474;-4,0610219701259;-3,99395385733955;-3,3217977374888;-2,72007905507952;-2,13829182353672;-1,18500861275905;-1,85736416666674;-2,23882456322202;-2,86260508058283;-5,02140762454537;-5,09729664790047;-4,06960428105759;-3,34524631734356;-2,65932913921636;0,0616023919182442;0,0160928837337721;0,0388562224715487;0,0179218411707625;0,0385225292945519;0,00612082035677787;0,015699196058898;0,00918210322227181;-3;-3;1;1,036913506154725;1;-3;-3;0,23334833664602919;1;1;-13175,0993204806;NA;All
60;1,88304088315069;2,84254900688767;2,29896849114977;2,50980797761203;2,71397452471025;2,28043562394877;2,41260264278576;2,44819771007298;2,45700793771892;1,97913013422064;1,92132520506502;1,63046728101526;1,43501376778664;4,90550357958464;1,52473550763761;1,76609058341847;1,91673558388257;1,51866759986513;1,93717807202571;1,61222558828219;-21,2493949166985;-3,79008603045278;-7,20969029393746;-8,51566303812501;-5,61065921085665;-5,62225021785504;-10,536537451225;-9,44246507450126;-6,41341979102222;-16,1050701691777;-11,9039710737268;-17,958603469274;-25,1241603258947;-42,2201109096562;-17,9934367568665;-15,1495215606078;-15,8921403085173;-20,6995455137417;-14,7704510396926;-19,5432018278614;2,68199219822906;1,52838389719892;1,55555567096163;0,906735395569924;0,505569093294629;0,505568510213577;0,542423295383888;0,645128743653648;0,999999654320567;0,839312184375599;0,686365732674007;0,484882772849465;0,338111817657018;-2,14551609259277;-2,4282524118668;-2,59869384510399;-3,05978324250474;-4,0610219701259;-3,99395385733955;-3,3217977374888;-2,72007905507952;-2,13829182353672;-1,18500861275905;-1,85736416666674;-2,23882456322202;-2,86260508058283;-5,02140762454537;-5,09729664790047;-4,06960428105759;-3,34524631734356;-2,65932913921636;0,0616023919182442;0,0160928837337721;0,0388562224715487;0,0179218411707625;0,0385225292945519;0,00612082035677787;0,015699196058898;0,00918210322227181;-3;-3;1;0,985568615061532;1;-3;-3;0,58162088223449571;1;1;-13174,9726296206;NA;All
70;1,88304088315069;2,84254900688767;2,29896849114977;2,50980797761203;2,71397452471025;2,28043562394877;2,41260264278576;2,44819771007298;2,45700793771892;1,97913013422064;1,92132520506502;1,63046728101526;1,43501376778664;4,90550357958464;1,52473550763761;1,76609058341847;1,91673558388257;1,51866759986513;1,93717807202571;1,61222558828219;-21,2493949166985;-3,79008603045278;-7,20969029393746;-8,51566303812501;-5,61065921085665;-5,62225021785504;-10,536537451225;-9,44246507450126;-6,41341979102222;-16,1050701691777;-11,9039710737268;-17,958603469274;-25,1241603258947;-42,2201109096562;-17,9934367568665;-15,1495215606078;-15,8921403085173;-20,6995455137417;-14,7704510396926;-19,5432018278614;2,68199219822906;1,52838389719892;1,55555567096163;0,906735395569924;0,505569093294629;0,505568510213577;0,542423295383888;0,645128743653648;0,999999654320567;0,839312184375599;0,686365732674007;0,484882772849465;0,338111817657018;-2,14551609259277;-2,4282524118668;-2,59869384510399;-3,05978324250474;-4,0610219701259;-3,99395385733955;-3,3217977374888;-2,72007905507952;-2,13829182353672;-1,18500861275905;-1,85736416666674;-2,23882456322202;-2,86260508058283;-5,02140762454537;-5,09729664790047;-4,06960428105759;-3,34524631734356;-2,65932913921636;0,0616023919182442;0,0160928837337721;0,0388562224715487;0,0179218411707625;0,0385225292945519;0,00612082035677787;0,015699196058898;0,00918210322227181;-3;-3;1;0,982271090902984;1;-3;-3;0,32494891177744084;1;1;-13174,6071256446;NA;All
80;1,88304088315069;2,84254900688767;2,29896849114977;2,50980797761203;2,71397452471025;2,28043562394877;2,41260264278576;2,44819771007298;2,45700793771892;1,97913013422064;1,92132520506502;1,63046728101526;1,43501376778664;4,90550357958464;1,52473550763761;1,76609058341847;1,91673558388257;1,51866759986513;1,93717807202571;1,61222558828219;-21,2493949166985;-3,79008603045278;-7,20969029393746;-8,51566303812501;-5,61065921085665;-5,62225021785504;-10,536537451225;-9,44246507450126;-6,41341979102222;-16,1050701691777;-11,9039710737268;-17,958603469274;-25,1241603258947;-42,2201109096562;-17,9934367568665;-15,1495215606078;-15,8921403085173;-20,6995455137417;-14,7704510396926;-19,5432018278614;2,68199219822906;1,52838389719892;1,55555567096163;0,906735395569924;0,505569093294629;0,505568510213577;0,542423295383888;0,645128743653648;0,999999654320567;0,839312184375599;0,686365732674007;0,484882772849465;0,338111817657018;-2,14551609259277;-2,4282524118668;-2,59869384510399;-3,05978324250474;-4,0610219701259;-3,99395385733955;-3,3217977374888;-2,72007905507952;-2,13829182353672;-1,18500861275905;-1,85736416666674;-2,23882456322202;-2,86260508058283;-5,02140762454537;-5,09729664790047;-4,06960428105759;-3,34524631734356;-2,65932913921636;0,0616023919182442;0,0160928837337721;0,0388562224715487;0,0179218411707625;0,0385225292945519;0,00612082035677787;0,015699196058898;0,00918210322227181;-3;-3;1;1,013114037712673;1;-3;-3;0,43047801791874424;1;1;-13174,4838115533;NA;All
90;1,88304088315069;2,84254900688767;2,29896849114977;2,50980797761203;2,71397452471025;2,28043562394877;2,41260264278576;2,44819771007298;2,45700793771892;1,97913013422064;1,92132520506502;1,63046728101526;1,43501376778664;4,90550357958464;1,52473550763761;1,76609058341847;1,91673558388257;1,51866759986513;1,93717807202571;1,61222558828219;-21,2493949166985;-3,79008603045278;-7,20969029393746;-8,51566303812501;-5,61065921085665;-5,62225021785504;-10,536537451225;-9,44246507450126;-6,41341979102222;-16,1050701691777;-11,9039710737268;-17,958603469274;-25,1241603258947;-42,2201109096562;-17,9934367568665;-15,1495215606078;-15,8921403085173;-20,6995455137417;-14,7704510396926;-19,5432018278614;2,68199219822906;1,52838389719892;1,55555567096163;0,906735395569924;0,505569093294629;0,505568510213577;0,542423295383888;0,645128743653648;0,999999654320567;0,839312184375599;0,686365732674007;0,484882772849465;0,338111817657018;-2,14551609259277;-2,4282524118668;-2,59869384510399;-3,05978324250474;-4,0610219701259;-3,99395385733955;-3,3217977374888;-2,72007905507952;-2,13829182353672;-1,18500861275905;-1,85736416666674;-2,23882456322202;-2,86260508058283;-5,02140762454537;-5,09729664790047;-4,06960428105759;-3,34524631734356;-2,65932913921636;0,0616023919182442;0,0160928837337721;0,0388562224715487;0,0179218411707625;0,0385225292945519;0,00612082035677787;0,015699196058898;0,00918210322227181;-3;-3;1;1,032618642531486;1;-3;-3;0,72438060465797771;1;1;-13176,3070642281;NA;All
100;1,88304088315069;2,84254900688767;2,29896849114977;2,50980797761203;2,71397452471025;2,28043562394877;2,41260264278576;2,44819771007298;2,45700793771892;1,97913013422064;1,92132520506502;1,63046728101526;1,43501376778664;4,90550357958464;1,52473550763761;1,76609058341847;1,91673558388257;1,51866759986513;1,93717807202571;1,61222558828219;-21,2493949166985;-3,79008603045278;-7,20969029393746;-8,51566303812501;-5,61065921085665;-5,62225021785504;-10,536537451225;-9,44246507450126;-6,41341979102222;-16,1050701691777;-11,9039710737268;-17,958603469274;-25,1241603258947;-42,2201109096562;-17,9934367568665;-15,1495215606078;-15,8921403085173;-20,6995455137417;-14,7704510396926;-19,5432018278614;2,68199219822906;1,52838389719892;1,55555567096163;0,906735395569924;0,505569093294629;0,505568510213577;0,542423295383888;0,645128743653648;0,999999654320567;0,839312184375599;0,686365732674007;0,484882772849465;0,338111817657018;-2,14551609259277;-2,4282524118668;-2,59869384510399;-3,05978324250474;-4,0610219701259;-3,99395385733955;-3,3217977374888;-2,72007905507952;-2,13829182353672;-1,18500861275905;-1,85736416666674;-2,23882456322202;-2,86260508058283;-5,02140762454537;-5,09729664790047;-4,06960428105759;-3,34524631734356;-2,65932913921636;0,0616023919182442;0,0160928837337721;0,0388562224715487;0,0179218411707625;0,0385225292945519;0,00612082035677787;0,015699196058898;0,00918210322227181;-3;-3;1;1,078400018207502;1;-3;-3;0,38321198788795097;1;1;-13175,9005611943;NA;All
110;1,88304088315069;2,84254900688767;2,29896849114977;2,50980797761203;2,71397452471025;2,28043562394877;2,41260264278576;2,44819771007298;2,45700793771892;1,97913013422064;1,92132520506502;1,63046728101526;1,43501376778664;4,90550357958464;1,52473550763761;1,76609058341847;1,91673558388257;1,51866759986513;1,93717807202571;1,61222558828219;-21,2493949166985;-3,79008603045278;-7,20969029393746;-8,51566303812501;-5,61065921085665;-5,62225021785504;-10,536537451225;-9,44246507450126;-6,41341979102222;-16,1050701691777;-11,9039710737268;-17,958603469274;-25,1241603258947;-42,2201109096562;-17,9934367568665;-15,1495215606078;-15,8921403085173;-20,6995455137417;-14,7704510396926;-19,5432018278614;2,68199219822906;1,52838389719892;1,55555567096163;0,906735395569924;0,505569093294629;0,505568510213577;0,542423295383888;0,645128743653648;0,999999654320567;0,839312184375599;0,686365732674007;0,484882772849465;0,338111817657018;-2,14551609259277;-2,4282524118668;-2,59869384510399;-3,05978324250474;-4,0610219701259;-3,99395385733955;-3,3217977374888;-2,72007905507952;-2,13829182353672;-1,18500861275905;-1,85736416666674;-2,23882456322202;-2,86260508058283;-5,02140762454537;-5,09729664790047;-4,06960428105759;-3,34524631734356;-2,65932913921636;0,0616023919182442;0,0160928837337721;0,0388562224715487;0,0179218411707625;0,0385225292945519;0,00612082035677787;0,015699196058898;0,00918210322227181;-3;-3;1;0,994069648002824;1;-3;-3;0,39129445410935082;1;1;-13174,4466511360;NA;All
120;1,88304088315069;2,84254900688767;2,29896849114977;2,50980797761203;2,71397452471025;2,28043562394877;2,41260264278576;2,44819771007298;2,45700793771892;1,97913013422064;1,92132520506502;1,63046728101526;1,43501376778664;4,90550357958464;1,52473550763761;1,76609058341847;1,91673558388257;1,51866759986513;1,93717807202571;1,61222558828219;-21,2493949166985;-3,79008603045278;-7,20969029393746;-8,51566303812501;-5,61065921085665;-5,62225021785504;-10,536537451225;-9,44246507450126;-6,41341979102222;-16,1050701691777;-11,9039710737268;-17,958603469274;-25,1241603258947;-42,2201109096562;-17,9934367568665;-15,1495215606078;-15,8921403085173;-20,6995455137417;-14,7704510396926;-19,5432018278614;2,68199219822906;1,52838389719892;1,55555567096163;0,906735395569924;0,505569093294629;0,505568510213577;0,542423295383888;0,645128743653648;0,999999654320567;0,839312184375599;0,686365732674007;0,484882772849465;0,338111817657018;-2,14551609259277;-2,4282524118668;-2,59869384510399;-3,05978324250474;-4,0610219701259;-3,99395385733955;-3,3217977374888;-2,72007905507952;-2,13829182353672;-1,18500861275905;-1,85736416666674;-2,23882456322202;-2,86260508058283;-5,02140762454537;-5,09729664790047;-4,06960428105759;-3,34524631734356;-2,65932913921636;0,0616023919182442;0,0160928837337721;0,0388562224715487;0,0179218411707625;0,0385225292945519;0,00612082035677787;0,015699196058898;0,00918210322227181;-3;-3;1;0,994069648002824;1;-3;-3;0,39129445410935082;1;1;-13174,4466511360;NA;All
130;1,88304088315069;2,84254900688767;2,29896849114977;2,50980797761203;2,71397452471025;2,28043562394877;2,41260264278576;2,44819771007298;2,45700793771892;1,97913013422064;1,92132520506502;1,63046728101526;1,43501376778664;4,90550357958464;1,52473550763761;1,76609058341847;1,91673558388257;1,51866759986513;1,93717807202571;1,61222558828219;-21,2493949166985;-3,79008603045278;-7,20969029393746;-8,51566303812501;-5,61065921085665;-5,62225021785504;-10,536537451225;-9,44246507450126;-6,41341979102222;-16,1050701691777;-11,9039710737268;-17,958603469274;-25,1241603258947;-42,2201109096562;-17,9934367568665;-15,1495215606078;-15,8921403085173;-20,6995455137417;-14,7704510396926;-19,5432018278614;2,68199219822906;1,52838389719892;1,55555567096163;0,906735395569924;0,505569093294629;0,505568510213577;0,542423295383888;0,645128743653648;0,999999654320567;0,839312184375599;0,686365732674007;0,484882772849465;0,338111817657018;-2,14551609259277;-2,4282524118668;-2,59869384510399;-3,05978324250474;-4,0610219701259;-3,99395385733955;-3,3217977374888;-2,72007905507952;-2,13829182353672;-1,18500861275905;-1,85736416666674;-2,23882456322202;-2,86260508058283;-5,02140762454537;-5,09729664790047;-4,06960428105759;-3,34524631734356;-2,65932913921636;0,0616023919182442;0,0160928837337721;0,0388562224715487;0,0179218411707625;0,0385225292945519;0,00612082035677787;0,015699196058898;0,00918210322227181;-3;-3;1;1,043554140522199;1;-3;-3;0,42840323513784079;1;1;-13174,8997298002;NA;All
140;1,88304088315069;2,84254900688767;2,29896849114977;2,50980797761203;2,71397452471025;2,28043562394877;2,41260264278576;2,44819771007298;2,45700793771892;1,97913013422064;1,92132520506502;1,63046728101526;1,43501376778664;4,90550357958464;1,52473550763761;1,76609058341847;1,91673558388257;1,51866759986513;1,93717807202571;1,61222558828219;-21,2493949166985;-3,79008603045278;-7,20969029393746;-8,51566303812501;-5,61065921085665;-5,62225021785504;-10,536537451225;-9,44246507450126;-6,41341979102222;-16,1050701691777;-11,9039710737268;-17,958603469274;-25,1241603258947;-42,2201109096562;-17,9934367568665;-15,1495215606078;-15,8921403085173;-20,6995455137417;-14,7704510396926;-19,5432018278614;2,68199219822906;1,52838389719892;1,55555567096163;0,906735395569924;0,505569093294629;0,505568510213577;0,542423295383888;0,645128743653648;0,999999654320567;0,839312184375599;0,686365732674007;0,484882772849465;0,338111817657018;-2,14551609259277;-2,4282524118668;-2,59869384510399;-3,05978324250474;-4,0610219701259;-3,99395385733955;-3,3217977374888;-2,72007905507952;-2,13829182353672;-1,18500861275905;-1,85736416666674;-2,23882456322202;-2,86260508058283;-5,02140762454537;-5,09729664790047;-4,06960428105759;-3,34524631734356;-2,65932913921636;0,0616023919182442;0,0160928837337721;0,0388562224715487;0,0179218411707625;0,0385225292945519;0,00612082035677787;0,015699196058898;0,00918210322227181;-3;-3;1;1,029343496783102;1;-3;-3;0,32235137398404312;1;1;-13174,6944019897;NA;All
150;1,88304088315069;2,84254900688767;2,29896849114977;2,50980797761203;2,71397452471025;2,28043562394877;2,41260264278576;2,44819771007298;2,45700793771892;1,97913013422064;1,92132520506502;1,63046728101526;1,43501376778664;4,90550357958464;1,52473550763761;1,76609058341847;1,91673558388257;1,51866759986513;1,93717807202571;1,61222558828219;-21,2493949166985;-3,79008603045278;-7,20969029393746;-8,51566303812501;-5,61065921085665;-5,62225021785504;-10,536537451225;-9,44246507450126;-6,41341979102222;-16,1050701691777;-11,9039710737268;-17,958603469274;-25,1241603258947;-42,2201109096562;-17,9934367568665;-15,1495215606078;-15,8921403085173;-20,6995455137417;-14,7704510396926;-19,5432018278614;2,68199219822906;1,52838389719892;1,55555567096163;0,906735395569924;0,505569093294629;0,505568510213577;0,542423295383888;0,645128743653648;0,999999654320567;0,839312184375599;0,686365732674007;0,484882772849465;0,338111817657018;-2,14551609259277;-2,4282524118668;-2,59869384510399;-3,05978324250474;-4,0610219701259;-3,99395385733955;-3,3217977374888;-2,72007905507952;-2,13829182353672;-1,18500861275905;-1,85736416666674;-2,23882456322202;-2,86260508058283;-5,02140762454537;-5,09729664790047;-4,06960428105759;-3,34524631734356;-2,65932913921636;0,0616023919182442;0,0160928837337721;0,0388562224715487;0,0179218411707625;0,0385225292945519;0,00612082035677787;0,015699196058898;0,00918210322227181;-3;-3;1;0,954057173653555;1;-3;-3;0,26466664460119971;1;1;-13175,2630918563;NA;All
160;1,88304088315069;2,84254900688767;2,29896849114977;2,50980797761203;2,71397452471025;2,28043562394877;2,41260264278576;2,44819771007298;2,45700793771892;1,97913013422064;1,92132520506502;1,63046728101526;1,43501376778664;4,90550357958464;1,52473550763761;1,76609058341847;1,91673558388257;1,51866759986513;1,93717807202571;1,61222558828219;-21,2493949166985;-3,79008603045278;-7,20969029393746;-8,51566303812501;-5,61065921085665;-5,62225021785504;-10,536537451225;-9,44246507450126;-6,41341979102222;-16,1050701691777;-11,9039710737268;-17,958603469274;-25,1241603258947;-42,2201109096562;-17,9934367568665;-15,1495215606078;-15,8921403085173;-20,6995455137417;-14,7704510396926;-19,5432018278614;2,68199219822906;1,52838389719892;1,55555567096163;0,906735395569924;0,505569093294629;0,505568510213577;0,542423295383888;0,645128743653648;0,999999654320567;0,839312184375599;0,686365732674007;0,484882772849465;0,338111817657018;-2,14551609259277;-2,4282524118668;-2,59869384510399;-3,05978324250474;-4,0610219701259;-3,99395385733955;-3,3217977374888;-2,72007905507952;-2,13829182353672;-1,18500861275905;-1,85736416666674;-2,23882456322202;-2,86260508058283;-5,02140762454537;-5,09729664790047;-4,06960428105759;-3,34524631734356;-2,65932913921636;0,0616023919182442;0,0160928837337721;0,0388562224715487;0,0179218411707625;0,0385225292945519;0,00612082035677787;0,015699196058898;0,00918210322227181;-3;-3;1;0,945378492027253;1;-3;-3;0,38542718882212734;1;1;-13175,2247028869;NA;All
170;1,88304088315069;2,84254900688767;2,29896849114977;2,50980797761203;2,71397452471025;2,28043562394877;2,41260264278576;2,44819771007298;2,45700793771892;1,97913013422064;1,92132520506502;1,63046728101526;1,43501376778664;4,90550357958464;1,52473550763761;1,76609058341847;1,91673558388257;1,51866759986513;1,93717807202571;1,61222558828219;-21,2493949166985;-3,79008603045278;-7,20969029393746;-8,51566303812501;-5,61065921085665;-5,62225021785504;-10,536537451225;-9,44246507450126;-6,41341979102222;-16,1050701691777;-11,9039710737268;-17,958603469274;-25,1241603258947;-42,2201109096562;-17,9934367568665;-15,1495215606078;-15,8921403085173;-20,6995455137417;-14,7704510396926;-19,5432018278614;2,68199219822906;1,52838389719892;1,55555567096163;0,906735395569924;0,505569093294629;0,505568510213577;0,542423295383888;0,645128743653648;0,999999654320567;0,839312184375599;0,686365732674007;0,484882772849465;0,338111817657018;-2,14551609259277;-2,4282524118668;-2,59869384510399;-3,05978324250474;-4,0610219701259;-3,99395385733955;-3,3217977374888;-2,72007905507952;-2,13829182353672;-1,18500861275905;-1,85736416666674;-2,23882456322202;-2,86260508058283;-5,02140762454537;-5,09729664790047;-4,06960428105759;-3,34524631734356;-2,65932913921636;0,0616023919182442;0,0160928837337721;0,0388562224715487;0,0179218411707625;0,0385225292945519;0,00612082035677787;0,015699196058898;0,00918210322227181;-3;-3;1;0,897456809208933;1;-3;-3;0,64516200361001097;1;1;-13178,0956253312;NA;All
180;1,88304088315069;2,84254900688767;2,29896849114977;2,50980797761203;2,71397452471025;2,28043562394877;2,41260264278576;2,44819771007298;2,45700793771892;1,97913013422064;1,92132520506502;1,63046728101526;1,43501376778664;4,90550357958464;1,52473550763761;1,76609058341847;1,91673558388257;1,51866759986513;1,93717807202571;1,61222558828219;-21,2493949166985;-3,79008603045278;-7,20969029393746;-8,51566303812501;-5,61065921085665;-5,62225021785504;-10,536537451225;-9,44246507450126;-6,41341979102222;-16,1050701691777;-11,9039710737268;-17,958603469274;-25,1241603258947;-42,2201109096562;-17,9934367568665;-15,1495215606078;-15,8921403085173;-20,6995455137417;-14,7704510396926;-19,5432018278614;2,68199219822906;1,52838389719892;1,55555567096163;0,906735395569924;0,505569093294629;0,505568510213577;0,542423295383888;0,645128743653648;0,999999654320567;0,839312184375599;0,686365732674007;0,484882772849465;0,338111817657018;-2,14551609259277;-2,4282524118668;-2,59869384510399;-3,05978324250474;-4,0610219701259;-3,99395385733955;-3,3217977374888;-2,72007905507952;-2,13829182353672;-1,18500861275905;-1,85736416666674;-2,23882456322202;-2,86260508058283;-5,02140762454537;-5,09729664790047;-4,06960428105759;-3,34524631734356;-2,65932913921636;0,0616023919182442;0,0160928837337721;0,0388562224715487;0,0179218411707625;0,0385225292945519;0,00612082035677787;0,015699196058898;0,00918210322227181;-3;-3;1;0,999731739317569;1;-3;-3;0,33225201164396578;1;1;-13174,4964327971;NA;All
190;1,88304088315069;2,84254900688767;2,29896849114977;2,50980797761203;2,71397452471025;2,28043562394877;2,41260264278576;2,44819771007298;2,45700793771892;1,97913013422064;1,92132520506502;1,63046728101526;1,43501376778664;4,90550357958464;1,52473550763761;1,76609058341847;1,91673558388257;1,51866759986513;1,93717807202571;1,61222558828219;-21,2493949166985;-3,79008603045278;-7,20969029393746;-8,51566303812501;-5,61065921085665;-5,62225021785504;-10,536537451225;-9,44246507450126;-6,41341979102222;-16,1050701691777;-11,9039710737268;-17,958603469274;-25,1241603258947;-42,2201109096562;-17,9934367568665;-15,1495215606078;-15,8921403085173;-20,6995455137417;-14,7704510396926;-19,5432018278614;2,68199219822906;1,52838389719892;1,55555567096163;0,906735395569924;0,505569093294629;0,505568510213577;0,542423295383888;0,645128743653648;0,999999654320567;0,839312184375599;0,686365732674007;0,484882772849465;0,338111817657018;-2,14551609259277;-2,4282524118668;-2,59869384510399;-3,05978324250474;-4,0610219701259;-3,99395385733955;-3,3217977374888;-2,72007905507952;-2,13829182353672;-1,18500861275905;-1,85736416666674;-2,23882456322202;-2,86260508058283;-5,02140762454537;-5,09729664790047;-4,06960428105759;-3,34524631734356;-2,65932913921636;0,0616023919182442;0,0160928837337721;0,0388562224715487;0,0179218411707625;0,0385225292945519;0,00612082035677787;0,015699196058898;0,00918210322227181;-3;-3;1;0,999731739317569;1;-3;-3;0,33225201164396578;1;1;-13174,4964327971;NA;All
200;1,88304088315069;2,84254900688767;2,29896849114977;2,50980797761203;2,71397452471025;2,28043562394877;2,41260264278576;2,44819771007298;2,45700793771892;1,97913013422064;1,92132520506502;1,63046728101526;1,43501376778664;4,90550357958464;1,52473550763761;1,76609058341847;1,91673558388257;1,51866759986513;1,93717807202571;1,61222558828219;-21,2493949166985;-3,79008603045278;-7,20969029393746;-8,51566303812501;-5,61065921085665;-5,62225021785504;-10,536537451225;-9,44246507450126;-6,41341979102222;-16,1050701691777;-11,9039710737268;-17,958603469274;-25,1241603258947;-42,2201109096562;-17,9934367568665;-15,1495215606078;-15,8921403085173;-20,6995455137417;-14,7704510396926;-19,5432018278614;2,68199219822906;1,52838389719892;1,55555567096163;0,906735395569924;0,505569093294629;0,505568510213577;0,542423295383888;0,645128743653648;0,999999654320567;0,839312184375599;0,686365732674007;0,484882772849465;0,338111817657018;-2,14551609259277;-2,4282524118668;-2,59869384510399;-3,05978324250474;-4,0610219701259;-3,99395385733955;-3,3217977374888;-2,72007905507952;-2,13829182353672;-1,18500861275905;-1,85736416666674;-2,23882456322202;-2,86260508058283;-5,02140762454537;-5,09729664790047;-4,06960428105759;-3,34524631734356;-2,65932913921636;0,0616023919182442;0,0160928837337721;0,0388562224715487;0,0179218411707625;0,0385225292945519;0,00612082035677787;0,015699196058898;0,00918210322227181;-3;-3;1;0,970014667292174;1;-3;-3;0,42342379441766370;1;1;-13174,6877994536;NA;All
210;1,88304088315069;2,84254900688767;2,29896849114977;2,50980797761203;2,71397452471025;2,28043562394877;2,41260264278576;2,44819771007298;2,45700793771892;1,97913013422064;1,92132520506502;1,63046728101526;1,43501376778664;4,90550357958464;1,52473550763761;1,76609058341847;1,91673558388257;1,51866759986513;1,93717807202571;1,61222558828219;-21,2493949166985;-3,79008603045278;-7,20969029393746;-8,51566303812501;-5,61065921085665;-5,62225021785504;-10,536537451225;-9,44246507450126;-6,41341979102222;-16,1050701691777;-11,9039710737268;-17,958603469274;-25,1241603258947;-42,2201109096562;-17,9934367568665;-15,1495215606078;-15,8921403085173;-20,6995455137417;-14,7704510396926;-19,5432018278614;2,68199219822906;1,52838389719892;1,55555567096163;0,906735395569924;0,505569093294629;0,505568510213577;0,542423295383888;0,645128743653648;0,999999654320567;0,839312184375599;0,686365732674007;0,484882772849465;0,338111817657018;-2,14551609259277;-2,4282524118668;-2,59869384510399;-3,05978324250474;-4,0610219701259;-3,99395385733955;-3,3217977374888;-2,72007905507952;-2,13829182353672;-1,18500861275905;-1,85736416666674;-2,23882456322202;-2,86260508058283;-5,02140762454537;-5,09729664790047;-4,06960428105759;-3,34524631734356;-2,65932913921636;0,0616023919182442;0,0160928837337721;0,0388562224715487;0,0179218411707625;0,0385225292945519;0,00612082035677787;0,015699196058898;0,00918210322227181;-3;-3;1;0,956078794377246;1;-3;-3;0,19685869011614821;1;1;-13175,5504443848;NA;All
220;1,88304088315069;2,84254900688767;2,29896849114977;2,50980797761203;2,71397452471025;2,28043562394877;2,41260264278576;2,44819771007298;2,45700793771892;1,97913013422064;1,92132520506502;1,63046728101526;1,43501376778664;4,90550357958464;1,52473550763761;1,76609058341847;1,91673558388257;1,51866759986513;1,93717807202571;1,61222558828219;-21,2493949166985;-3,79008603045278;-7,20969029393746;-8,51566303812501;-5,61065921085665;-5,62225021785504;-10,536537451225;-9,44246507450126;-6,41341979102222;-16,1050701691777;-11,9039710737268;-17,958603469274;-25,1241603258947;-42,2201109096562;-17,9934367568665;-15,1495215606078;-15,8921403085173;-20,6995455137417;-14,7704510396926;-19,5432018278614;2,68199219822906;1,52838389719892;1,55555567096163;0,906735395569924;0,505569093294629;0,505568510213577;0,542423295383888;0,645128743653648;0,999999654320567;0,839312184375599;0,686365732674007;0,484882772849465;0,338111817657018;-2,14551609259277;-2,4282524118668;-2,59869384510399;-3,05978324250474;-4,0610219701259;-3,99395385733955;-3,3217977374888;-2,72007905507952;-2,13829182353672;-1,18500861275905;-1,85736416666674;-2,23882456322202;-2,86260508058283;-5,02140762454537;-5,09729664790047;-4,06960428105759;-3,34524631734356;-2,65932913921636;0,0616023919182442;0,0160928837337721;0,0388562224715487;0,0179218411707625;0,0385225292945519;0,00612082035677787;0,015699196058898;0,00918210322227181;-3;-3;1;0,952947332505854;1;-3;-3;0,24132462871713173;1;1;-13175,3889616811;NA;All
230;1,88304088315069;2,84254900688767;2,29896849114977;2,50980797761203;2,71397452471025;2,28043562394877;2,41260264278576;2,44819771007298;2,45700793771892;1,97913013422064;1,92132520506502;1,63046728101526;1,43501376778664;4,90550357958464;1,52473550763761;1,76609058341847;1,91673558388257;1,51866759986513;1,93717807202571;1,61222558828219;-21,2493949166985;-3,79008603045278;-7,20969029393746;-8,51566303812501;-5,61065921085665;-5,62225021785504;-10,536537451225;-9,44246507450126;-6,41341979102222;-16,1050701691777;-11,9039710737268;-17,958603469274;-25,1241603258947;-42,2201109096562;-17,9934367568665;-15,1495215606078;-15,8921403085173;-20,6995455137417;-14,7704510396926;-19,5432018278614;2,68199219822906;1,52838389719892;1,55555567096163;0,906735395569924;0,505569093294629;0,505568510213577;0,542423295383888;0,645128743653648;0,999999654320567;0,839312184375599;0,686365732674007;0,484882772849465;0,338111817657018;-2,14551609259277;-2,4282524118668;-2,59869384510399;-3,05978324250474;-4,0610219701259;-3,99395385733955;-3,3217977374888;-2,72007905507952;-2,13829182353672;-1,18500861275905;-1,85736416666674;-2,23882456322202;-2,86260508058283;-5,02140762454537;-5,09729664790047;-4,06960428105759;-3,34524631734356;-2,65932913921636;0,0616023919182442;0,0160928837337721;0,0388562224715487;0,0179218411707625;0,0385225292945519;0,00612082035677787;0,015699196058898;0,00918210322227181;-3;-3;1;0,945655412718122;1;-3;-3;0,18107273692488812;1;1;-13175,9044786783;NA;All
240;1,88304088315069;2,84254900688767;2,29896849114977;2,50980797761203;2,71397452471025;2,28043562394877;2,41260264278576;2,44819771007298;2,45700793771892;1,97913013422064;1,92132520506502;1,63046728101526;1,43501376778664;4,90550357958464;1,52473550763761;1,76609058341847;1,91673558388257;1,51866759986513;1,93717807202571;1,61222558828219;-21,2493949166985;-3,79008603045278;-7,20969029393746;-8,51566303812501;-5,61065921085665;-5,62225021785504;-10,536537451225;-9,44246507450126;-6,41341979102222;-16,1050701691777;-11,9039710737268;-17,958603469274;-25,1241603258947;-42,2201109096562;-17,9934367568665;-15,1495215606078;-15,8921403085173;-20,6995455137417;-14,7704510396926;-19,5432018278614;2,68199219822906;1,52838389719892;1,55555567096163;0,906735395569924;0,505569093294629;0,505568510213577;0,542423295383888;0,645128743653648;0,999999654320567;0,839312184375599;0,686365732674007;0,484882772849465;0,338111817657018;-2,14551609259277;-2,4282524118668;-2,59869384510399;-3,05978324250474;-4,0610219701259;-3,99395385733955;-3,3217977374888;-2,72007905507952;-2,13829182353672;-1,18500861275905;-1,85736416666674;-2,23882456322202;-2,86260508058283;-5,02140762454537;-5,09729664790047;-4,06960428105759;-3,34524631734356;-2,65932913921636;0,0616023919182442;0,0160928837337721;0,0388562224715487;0,0179218411707625;0,0385225292945519;0,00612082035677787;0,015699196058898;0,00918210322227181;-3;-3;1;1,011739184723387;1;-3;-3;0,46396376692960933;1;1;-13174,5265290300;NA;All
250;1,88304088315069;2,84254900688767;2,29896849114977;2,50980797761203;2,71397452471025;2,28043562394877;2,41260264278576;2,44819771007298;2,45700793771892;1,97913013422064;1,92132520506502;1,63046728101526;1,43501376778664;4,90550357958464;1,52473550763761;1,76609058341847;1,91673558388257;1,51866759986513;1,93717807202571;1,61222558828219;-21,2493949166985;-3,79008603045278;-7,20969029393746;-8,51566303812501;-5,61065921085665;-5,62225021785504;-10,536537451225;-9,44246507450126;-6,41341979102222;-16,1050701691777;-11,9039710737268;-17,958603469274;-25,1241603258947;-42,2201109096562;-17,9934367568665;-15,1495215606078;-15,8921403085173;-20,6995455137417;-14,7704510396926;-19,5432018278614;2,68199219822906;1,52838389719892;1,55555567096163;0,906735395569924;0,505569093294629;0,505568510213577;0,542423295383888;0,645128743653648;0,999999654320567;0,839312184375599;0,686365732674007;0,484882772849465;0,338111817657018;-2,14551609259277;-2,4282524118668;-2,59869384510399;-3,05978324250474;-4,0610219701259;-3,99395385733955;-3,3217977374888;-2,72007905507952;-2,13829182353672;-1,18500861275905;-1,85736416666674;-2,23882456322202;-2,86260508058283;-5,02140762454537;-5,09729664790047;-4,06960428105759;-3,34524631734356;-2,65932913921636;0,0616023919182442;0,0160928837337721;0,0388562224715487;0,0179218411707625;0,0385225292945519;0,00612082035677787;0,015699196058898;0,00918210322227181;-3;-3;1;0,892428079501897;1;-3;-3;0,71820726842373572;1;1;-13178,9867399596;NA;All
260;1,88304088315069;2,84254900688767;2,29896849114977;2,50980797761203;2,71397452471025;2,28043562394877;2,41260264278576;2,44819771007298;2,45700793771892;1,97913013422064;1,92132520506502;1,63046728101526;1,43501376778664;4,90550357958464;1,52473550763761;1,76609058341847;1,91673558388257;1,51866759986513;1,93717807202571;1,61222558828219;-21,2493949166985;-3,79008603045278;-7,20969029393746;-8,51566303812501;-5,61065921085665;-5,62225021785504;-10,536537451225;-9,44246507450126;-6,41341979102222;-16,1050701691777;-11,9039710737268;-17,958603469274;-25,1241603258947;-42,2201109096562;-17,9934367568665;-15,1495215606078;-15,8921403085173;-20,6995455137417;-14,7704510396926;-19,5432018278614;2,68199219822906;1,52838389719892;1,55555567096163;0,906735395569924;0,505569093294629;0,505568510213577;0,542423295383888;0,645128743653648;0,999999654320567;0,839312184375599;0,686365732674007;0,484882772849465;0,338111817657018;-2,14551609259277;-2,4282524118668;-2,59869384510399;-3,05978324250474;-4,0610219701259;-3,99395385733955;-3,3217977374888;-2,72007905507952;-2,13829182353672;-1,18500861275905;-1,85736416666674;-2,23882456322202;-2,86260508058283;-5,02140762454537;-5,09729664790047;-4,06960428105759;-3,34524631734356;-2,65932913921636;0,0616023919182442;0,0160928837337721;0,0388562224715487;0,0179218411707625;0,0385225292945519;0,00612082035677787;0,015699196058898;0,00918210322227181;-3;-3;1;0,962186480793833;1;-3;-3;1,05870544337503092;1;1;-13180,9202714807;NA;All
270;1,88304088315069;2,84254900688767;2,29896849114977;2,50980797761203;2,71397452471025;2,28043562394877;2,41260264278576;2,44819771007298;2,45700793771892;1,97913013422064;1,92132520506502;1,63046728101526;1,43501376778664;4,90550357958464;1,52473550763761;1,76609058341847;1,91673558388257;1,51866759986513;1,93717807202571;1,61222558828219;-21,2493949166985;-3,79008603045278;-7,20969029393746;-8,51566303812501;-5,61065921085665;-5,62225021785504;-10,536537451225;-9,44246507450126;-6,41341979102222;-16,1050701691777;-11,9039710737268;-17,958603469274;-25,1241603258947;-42,2201109096562;-17,9934367568665;-15,1495215606078;-15,8921403085173;-20,6995455137417;-14,7704510396926;-19,5432018278614;2,68199219822906;1,52838389719892;1,55555567096163;0,906735395569924;0,505569093294629;0,505568510213577;0,542423295383888;0,645128743653648;0,999999654320567;0,839312184375599;0,686365732674007;0,484882772849465;0,338111817657018;-2,14551609259277;-2,4282524118668;-2,59869384510399;-3,05978324250474;-4,0610219701259;-3,99395385733955;-3,3217977374888;-2,72007905507952;-2,13829182353672;-1,18500861275905;-1,85736416666674;-2,23882456322202;-2,86260508058283;-5,02140762454537;-5,09729664790047;-4,06960428105759;-3,34524631734356;-2,65932913921636;0,0616023919182442;0,0160928837337721;0,0388562224715487;0,0179218411707625;0,0385225292945519;0,00612082035677787;0,015699196058898;0,00918210322227181;-3;-3;1;1,022166282597295;1;-3;-3;0,52605963677982437;1;1;-13174,7981628803;NA;All
280;1,88304088315069;2,84254900688767;2,29896849114977;2,50980797761203;2,71397452471025;2,28043562394877;2,41260264278576;2,44819771007298;2,45700793771892;1,97913013422064;1,92132520506502;1,63046728101526;1,43501376778664;4,90550357958464;1,52473550763761;1,76609058341847;1,91673558388257;1,51866759986513;1,93717807202571;1,61222558828219;-21,2493949166985;-3,79008603045278;-7,20969029393746;-8,51566303812501;-5,61065921085665;-5,62225021785504;-10,536537451225;-9,44246507450126;-6,41341979102222;-16,1050701691777;-11,9039710737268;-17,958603469274;-25,1241603258947;-42,2201109096562;-17,9934367568665;-15,1495215606078;-15,8921403085173;-20,6995455137417;-14,7704510396926;-19,5432018278614;2,68199219822906;1,52838389719892;1,55555567096163;0,906735395569924;0,505569093294629;0,505568510213577;0,542423295383888;0,645128743653648;0,999999654320567;0,839312184375599;0,686365732674007;0,484882772849465;0,338111817657018;-2,14551609259277;-2,4282524118668;-2,59869384510399;-3,05978324250474;-4,0610219701259;-3,99395385733955;-3,3217977374888;-2,72007905507952;-2,13829182353672;-1,18500861275905;-1,85736416666674;-2,23882456322202;-2,86260508058283;-5,02140762454537;-5,09729664790047;-4,06960428105759;-3,34524631734356;-2,65932913921636;0,0616023919182442;0,0160928837337721;0,0388562224715487;0,0179218411707625;0,0385225292945519;0,00612082035677787;0,015699196058898;0,00918210322227181;-3;-3;1;0,934420694741829;1;-3;-3;0,55446444478793067;1;1;-13175,9129812758;NA;All
290;1,88304088315069;2,84254900688767;2,29896849114977;2,50980797761203;2,71397452471025;2,28043562394877;2,41260264278576;2,44819771007298;2,45700793771892;1,97913013422064;1,92132520506502;1,63046728101526;1,43501376778664;4,90550357958464;1,52473550763761;1,76609058341847;1,91673558388257;1,51866759986513;1,93717807202571;1,61222558828219;-21,2493949166985;-3,79008603045278;-7,20969029393746;-8,51566303812501;-5,61065921085665;-5,62225021785504;-10,536537451225;-9,44246507450126;-6,41341979102222;-16,1050701691777;-11,9039710737268;-17,958603469274;-25,1241603258947;-42,2201109096562;-17,9934367568665;-15,1495215606078;-15,8921403085173;-20,6995455137417;-14,7704510396926;-19,5432018278614;2,68199219822906;1,52838389719892;1,55555567096163;0,906735395569924;0,505569093294629;0,505568510213577;0,542423295383888;0,645128743653648;0,999999654320567;0,839312184375599;0,686365732674007;0,484882772849465;0,338111817657018;-2,14551609259277;-2,4282524118668;-2,59869384510399;-3,05978324250474;-4,0610219701259;-3,99395385733955;-3,3217977374888;-2,72007905507952;-2,13829182353672;-1,18500861275905;-1,85736416666674;-2,23882456322202;-2,86260508058283;-5,02140762454537;-5,09729664790047;-4,06960428105759;-3,34524631734356;-2,65932913921636;0,0616023919182442;0,0160928837337721;0,0388562224715487;0,0179218411707625;0,0385225292945519;0,00612082035677787;0,015699196058898;0,00918210322227181;-3;-3;1;0,982140613170215;1;-3;-3;0,76327913673537739;1;1;-13176,4162429926;NA;All
300;1,88304088315069;2,84254900688767;2,29896849114977;2,50980797761203;2,71397452471025;2,28043562394877;2,41260264278576;2,44819771007298;2,45700793771892;1,97913013422064;1,92132520506502;1,63046728101526;1,43501376778664;4,90550357958464;1,52473550763761;1,76609058341847;1,91673558388257;1,51866759986513;1,93717807202571;1,61222558828219;-21,2493949166985;-3,79008603045278;-7,20969029393746;-8,51566303812501;-5,61065921085665;-5,62225021785504;-10,536537451225;-9,44246507450126;-6,41341979102222;-16,1050701691777;-11,9039710737268;-17,958603469274;-25,1241603258947;-42,2201109096562;-17,9934367568665;-15,1495215606078;-15,8921403085173;-20,6995455137417;-14,7704510396926;-19,5432018278614;2,68199219822906;1,52838389719892;1,55555567096163;0,906735395569924;0,505569093294629;0,505568510213577;0,542423295383888;0,645128743653648;0,999999654320567;0,839312184375599;0,686365732674007;0,484882772849465;0,338111817657018;-2,14551609259277;-2,4282524118668;-2,59869384510399;-3,05978324250474;-4,0610219701259;-3,99395385733955;-3,3217977374888;-2,72007905507952;-2,13829182353672;-1,18500861275905;-1,85736416666674;-2,23882456322202;-2,86260508058283;-5,02140762454537;-5,09729664790047;-4,06960428105759;-3,34524631734356;-2,65932913921636;0,0616023919182442;0,0160928837337721;0,0388562224715487;0,0179218411707625;0,0385225292945519;0,00612082035677787;0,015699196058898;0,00918210322227181;-3;-3;1;1,019796027677100;1;-3;-3;0,38290994041803145;1;1;-13174,5174112931;NA;All
310;1,88304088315069;2,84254900688767;2,29896849114977;2,50980797761203;2,71397452471025;2,28043562394877;2,41260264278576;2,44819771007298;2,45700793771892;1,97913013422064;1,92132520506502;1,63046728101526;1,43501376778664;4,90550357958464;1,52473550763761;1,76609058341847;1,91673558388257;1,51866759986513;1,93717807202571;1,61222558828219;-21,2493949166985;-3,79008603045278;-7,20969029393746;-8,51566303812501;-5,61065921085665;-5,62225021785504;-10,536537451225;-9,44246507450126;-6,41341979102222;-16,1050701691777;-11,9039710737268;-17,958603469274;-25,1241603258947;-42,2201109096562;-17,9934367568665;-15,1495215606078;-15,8921403085173;-20,6995455137417;-14,7704510396926;-19,5432018278614;2,68199219822906;1,52838389719892;1,55555567096163;0,906735395569924;0,505569093294629;0,505568510213577;0,542423295383888;0,645128743653648;0,999999654320567;0,839312184375599;0,686365732674007;0,484882772849465;0,338111817657018;-2,14551609259277;-2,4282524118668;-2,59869384510399;-3,05978324250474;-4,0610219701259;-3,99395385733955;-3,3217977374888;-2,72007905507952;-2,13829182353672;-1,18500861275905;-1,85736416666674;-2,23882456322202;-2,86260508058283;-5,02140762454537;-5,09729664790047;-4,06960428105759;-3,34524631734356;-2,65932913921636;0,0616023919182442;0,0160928837337721;0,0388562224715487;0,0179218411707625;0,0385225292945519;0,00612082035677787;0,015699196058898;0,00918210322227181;-3;-3;1;0,934187533871107;1;-3;-3;0,29763365544804843;1;1;-13175,7137307076;NA;All
320;1,88304088315069;2,84254900688767;2,29896849114977;2,50980797761203;2,71397452471025;2,28043562394877;2,41260264278576;2,44819771007298;2,45700793771892;1,97913013422064;1,92132520506502;1,63046728101526;1,43501376778664;4,90550357958464;1,52473550763761;1,76609058341847;1,91673558388257;1,51866759986513;1,93717807202571;1,61222558828219;-21,2493949166985;-3,79008603045278;-7,20969029393746;-8,51566303812501;-5,61065921085665;-5,62225021785504;-10,536537451225;-9,44246507450126;-6,41341979102222;-16,1050701691777;-11,9039710737268;-17,958603469274;-25,1241603258947;-42,2201109096562;-17,9934367568665;-15,1495215606078;-15,8921403085173;-20,6995455137417;-14,7704510396926;-19,5432018278614;2,68199219822906;1,52838389719892;1,55555567096163;0,906735395569924;0,505569093294629;0,505568510213577;0,542423295383888;0,645128743653648;0,999999654320567;0,839312184375599;0,686365732674007;0,484882772849465;0,338111817657018;-2,14551609259277;-2,4282524118668;-2,59869384510399;-3,05978324250474;-4,0610219701259;-3,99395385733955;-3,3217977374888;-2,72007905507952;-2,13829182353672;-1,18500861275905;-1,85736416666674;-2,23882456322202;-2,86260508058283;-5,02140762454537;-5,09729664790047;-4,06960428105759;-3,34524631734356;-2,65932913921636;0,0616023919182442;0,0160928837337721;0,0388562224715487;0,0179218411707625;0,0385225292945519;0,00612082035677787;0,015699196058898;0,00918210322227181;-3;-3;1;0,972485707549329;1;-3;-3;0,41027518071581914;1;1;-13174,6441643788;NA;All
330;1,88304088315069;2,84254900688767;2,29896849114977;2,50980797761203;2,71397452471025;2,28043562394877;2,41260264278576;2,44819771007298;2,45700793771892;1,97913013422064;1,92132520506502;1,63046728101526;1,43501376778664;4,90550357958464;1,52473550763761;1,76609058341847;1,91673558388257;1,51866759986513;1,93717807202571;1,61222558828219;-21,2493949166985;-3,79008603045278;-7,20969029393746;-8,51566303812501;-5,61065921085665;-5,62225021785504;-10,536537451225;-9,44246507450126;-6,41341979102222;-16,1050701691777;-11,9039710737268;-17,958603469274;-25,1241603258947;-42,2201109096562;-17,9934367568665;-15,1495215606078;-15,8921403085173;-20,6995455137417;-14,7704510396926;-19,5432018278614;2,68199219822906;1,52838389719892;1,55555567096163;0,906735395569924;0,505569093294629;0,505568510213577;0,542423295383888;0,645128743653648;0,999999654320567;0,839312184375599;0,686365732674007;0,484882772849465;0,338111817657018;-2,14551609259277;-2,4282524118668;-2,59869384510399;-3,05978324250474;-4,0610219701259;-3,99395385733955;-3,3217977374888;-2,72007905507952;-2,13829182353672;-1,18500861275905;-1,85736416666674;-2,23882456322202;-2,86260508058283;-5,02140762454537;-5,09729664790047;-4,06960428105759;-3,34524631734356;-2,65932913921636;0,0616023919182442;0,0160928837337721;0,0388562224715487;0,0179218411707625;0,0385225292945519;0,00612082035677787;0,015699196058898;0,00918210322227181;-3;-3;1;1,016512009126491;1;-3;-3;0,34573892382427274;1;1;-13174,5235266103;NA;All
340;1,88304088315069;2,84254900688767;2,29896849114977;2,50980797761203;2,71397452471025;2,28043562394877;2,41260264278576;2,44819771007298;2,45700793771892;1,97913013422064;1,92132520506502;1,63046728101526;1,43501376778664;4,90550357958464;1,52473550763761;1,76609058341847;1,91673558388257;1,51866759986513;1,93717807202571;1,61222558828219;-21,2493949166985;-3,79008603045278;-7,20969029393746;-8,51566303812501;-5,61065921085665;-5,62225021785504;-10,536537451225;-9,44246507450126;-6,41341979102222;-16,1050701691777;-11,9039710737268;-17,958603469274;-25,1241603258947;-42,2201109096562;-17,9934367568665;-15,1495215606078;-15,8921403085173;-20,6995455137417;-14,7704510396926;-19,5432018278614;2,68199219822906;1,52838389719892;1,55555567096163;0,906735395569924;0,505569093294629;0,505568510213577;0,542423295383888;0,645128743653648;0,999999654320567;0,839312184375599;0,686365732674007;0,484882772849465;0,338111817657018;-2,14551609259277;-2,4282524118668;-2,59869384510399;-3,05978324250474;-4,0610219701259;-3,99395385733955;-3,3217977374888;-2,72007905507952;-2,13829182353672;-1,18500861275905;-1,85736416666674;-2,23882456322202;-2,86260508058283;-5,02140762454537;-5,09729664790047;-4,06960428105759;-3,34524631734356;-2,65932913921636;0,0616023919182442;0,0160928837337721;0,0388562224715487;0,0179218411707625;0,0385225292945519;0,00612082035677787;0,015699196058898;0,00918210322227181;-3;-3;1;1,047989142061650;1;-3;-3;0,29821118850556211;1;1;-13175,0787108898;NA;All
350;1,88304088315069;2,84254900688767;2,29896849114977;2,50980797761203;2,71397452471025;2,28043562394877;2,41260264278576;2,44819771007298;2,45700793771892;1,97913013422064;1,92132520506502;1,63046728101526;1,43501376778664;4,90550357958464;1,52473550763761;1,76609058341847;1,91673558388257;1,51866759986513;1,93717807202571;1,61222558828219;-21,2493949166985;-3,79008603045278;-7,20969029393746;-8,51566303812501;-5,61065921085665;-5,62225021785504;-10,536537451225;-9,44246507450126;-6,41341979102222;-16,1050701691777;-11,9039710737268;-17,958603469274;-25,1241603258947;-42,2201109096562;-17,9934367568665;-15,1495215606078;-15,8921403085173;-20,6995455137417;-14,7704510396926;-19,5432018278614;2,68199219822906;1,52838389719892;1,55555567096163;0,906735395569924;0,505569093294629;0,505568510213577;0,542423295383888;0,645128743653648;0,999999654320567;0,839312184375599;0,686365732674007;0,484882772849465;0,338111817657018;-2,14551609259277;-2,4282524118668;-2,59869384510399;-3,05978324250474;-4,0610219701259;-3,99395385733955;-3,3217977374888;-2,72007905507952;-2,13829182353672;-1,18500861275905;-1,85736416666674;-2,23882456322202;-2,86260508058283;-5,02140762454537;-5,09729664790047;-4,06960428105759;-3,34524631734356;-2,65932913921636;0,0616023919182442;0,0160928837337721;0,0388562224715487;0,0179218411707625;0,0385225292945519;0,00612082035677787;0,015699196058898;0,00918210322227181;-3;-3;1;0,994226797389852;1;-3;-3;0,44279138963807718;1;1;-13174,4730857751;NA;All
360;1,88304088315069;2,84254900688767;2,29896849114977;2,50980797761203;2,71397452471025;2,28043562394877;2,41260264278576;2,44819771007298;2,45700793771892;1,97913013422064;1,92132520506502;1,63046728101526;1,43501376778664;4,90550357958464;1,52473550763761;1,76609058341847;1,91673558388257;1,51866759986513;1,93717807202571;1,61222558828219;-21,2493949166985;-3,79008603045278;-7,20969029393746;-8,51566303812501;-5,61065921085665;-5,62225021785504;-10,536537451225;-9,44246507450126;-6,41341979102222;-16,1050701691777;-11,9039710737268;-17,958603469274;-25,1241603258947;-42,2201109096562;-17,9934367568665;-15,1495215606078;-15,8921403085173;-20,6995455137417;-14,7704510396926;-19,5432018278614;2,68199219822906;1,52838389719892;1,55555567096163;0,906735395569924;0,505569093294629;0,505568510213577;0,542423295383888;0,645128743653648;0,999999654320567;0,839312184375599;0,686365732674007;0,484882772849465;0,338111817657018;-2,14551609259277;-2,4282524118668;-2,59869384510399;-3,05978324250474;-4,0610219701259;-3,99395385733955;-3,3217977374888;-2,72007905507952;-2,13829182353672;-1,18500861275905;-1,85736416666674;-2,23882456322202;-2,86260508058283;-5,02140762454537;-5,09729664790047;-4,06960428105759;-3,34524631734356;-2,65932913921636;0,0616023919182442;0,0160928837337721;0,0388562224715487;0,0179218411707625;0,0385225292945519;0,00612082035677787;0,015699196058898;0,00918210322227181;-3;-3;1;0,944560469432392;1;-3;-3;0,38548159532417914;1;1;-13175,2482220756;NA;All
370;1,88304088315069;2,84254900688767;2,29896849114977;2,50980797761203;2,71397452471025;2,28043562394877;2,41260264278576;2,44819771007298;2,45700793771892;1,97913013422064;1,92132520506502;1,63046728101526;1,43501376778664;4,90550357958464;1,52473550763761;1,76609058341847;1,91673558388257;1,51866759986513;1,93717807202571;1,61222558828219;-21,2493949166985;-3,79008603045278;-7,20969029393746;-8,51566303812501;-5,61065921085665;-5,62225021785504;-10,536537451225;-9,44246507450126;-6,41341979102222;-16,1050701691777;-11,9039710737268;-17,958603469274;-25,1241603258947;-42,2201109096562;-17,9934367568665;-15,1495215606078;-15,8921403085173;-20,6995455137417;-14,7704510396926;-19,5432018278614;2,68199219822906;1,52838389719892;1,55555567096163;0,906735395569924;0,505569093294629;0,505568510213577;0,542423295383888;0,645128743653648;0,999999654320567;0,839312184375599;0,686365732674007;0,484882772849465;0,338111817657018;-2,14551609259277;-2,4282524118668;-2,59869384510399;-3,05978324250474;-4,0610219701259;-3,99395385733955;-3,3217977374888;-2,72007905507952;-2,13829182353672;-1,18500861275905;-1,85736416666674;-2,23882456322202;-2,86260508058283;-5,02140762454537;-5,09729664790047;-4,06960428105759;-3,34524631734356;-2,65932913921636;0,0616023919182442;0,0160928837337721;0,0388562224715487;0,0179218411707625;0,0385225292945519;0,00612082035677787;0,015699196058898;0,00918210322227181;-3;-3;1;1,011299529371346;1;-3;-3;0,62542199301803891;1;1;-13175,2232367822;NA;All
380;1,88304088315069;2,84254900688767;2,29896849114977;2,50980797761203;2,71397452471025;2,28043562394877;2,41260264278576;2,44819771007298;2,45700793771892;1,97913013422064;1,92132520506502;1,63046728101526;1,43501376778664;4,90550357958464;1,52473550763761;1,76609058341847;1,91673558388257;1,51866759986513;1,93717807202571;1,61222558828219;-21,2493949166985;-3,79008603045278;-7,20969029393746;-8,51566303812501;-5,61065921085665;-5,62225021785504;-10,536537451225;-9,44246507450126;-6,41341979102222;-16,1050701691777;-11,9039710737268;-17,958603469274;-25,1241603258947;-42,2201109096562;-17,9934367568665;-15,1495215606078;-15,8921403085173;-20,6995455137417;-14,7704510396926;-19,5432018278614;2,68199219822906;1,52838389719892;1,55555567096163;0,906735395569924;0,505569093294629;0,505568510213577;0,542423295383888;0,645128743653648;0,999999654320567;0,839312184375599;0,686365732674007;0,484882772849465;0,338111817657018;-2,14551609259277;-2,4282524118668;-2,59869384510399;-3,05978324250474;-4,0610219701259;-3,99395385733955;-3,3217977374888;-2,72007905507952;-2,13829182353672;-1,18500861275905;-1,85736416666674;-2,23882456322202;-2,86260508058283;-5,02140762454537;-5,09729664790047;-4,06960428105759;-3,34524631734356;-2,65932913921636;0,0616023919182442;0,0160928837337721;0,0388562224715487;0,0179218411707625;0,0385225292945519;0,00612082035677787;0,015699196058898;0,00918210322227181;-3;-3;1;1,013796801525895;1;-3;-3;0,30425687244422916;1;1;-13174,5916072702;NA;All
390;1,88304088315069;2,84254900688767;2,29896849114977;2,50980797761203;2,71397452471025;2,28043562394877;2,41260264278576;2,44819771007298;2,45700793771892;1,97913013422064;1,92132520506502;1,63046728101526;1,43501376778664;4,90550357958464;1,52473550763761;1,76609058341847;1,91673558388257;1,51866759986513;1,93717807202571;1,61222558828219;-21,2493949166985;-3,79008603045278;-7,20969029393746;-8,51566303812501;-5,61065921085665;-5,62225021785504;-10,536537451225;-9,44246507450126;-6,41341979102222;-16,1050701691777;-11,9039710737268;-17,958603469274;-25,1241603258947;-42,2201109096562;-17,9934367568665;-15,1495215606078;-15,8921403085173;-20,6995455137417;-14,7704510396926;-19,5432018278614;2,68199219822906;1,52838389719892;1,55555567096163;0,906735395569924;0,505569093294629;0,505568510213577;0,542423295383888;0,645128743653648;0,999999654320567;0,839312184375599;0,686365732674007;0,484882772849465;0,338111817657018;-2,14551609259277;-2,4282524118668;-2,59869384510399;-3,05978324250474;-4,0610219701259;-3,99395385733955;-3,3217977374888;-2,72007905507952;-2,13829182353672;-1,18500861275905;-1,85736416666674;-2,23882456322202;-2,86260508058283;-5,02140762454537;-5,09729664790047;-4,06960428105759;-3,34524631734356;-2,65932913921636;0,0616023919182442;0,0160928837337721;0,0388562224715487;0,0179218411707625;0,0385225292945519;0,00612082035677787;0,015699196058898;0,00918210322227181;-3;-3;1;1,009493186123912;1;-3;-3;0,64454606761055877;1;1;-13175,3440100840;NA;All
400;1,88304088315069;2,84254900688767;2,29896849114977;2,50980797761203;2,71397452471025;2,28043562394877;2,41260264278576;2,44819771007298;2,45700793771892;1,97913013422064;1,92132520506502;1,63046728101526;1,43501376778664;4,90550357958464;1,52473550763761;1,76609058341847;1,91673558388257;1,51866759986513;1,93717807202571;1,61222558828219;-21,2493949166985;-3,79008603045278;-7,20969029393746;-8,51566303812501;-5,61065921085665;-5,62225021785504;-10,536537451225;-9,44246507450126;-6,41341979102222;-16,1050701691777;-11,9039710737268;-17,958603469274;-25,1241603258947;-42,2201109096562;-17,9934367568665;-15,1495215606078;-15,8921403085173;-20,6995455137417;-14,7704510396926;-19,5432018278614;2,68199219822906;1,52838389719892;1,55555567096163;0,906735395569924;0,505569093294629;0,505568510213577;0,542423295383888;0,645128743653648;0,999999654320567;0,839312184375599;0,686365732674007;0,484882772849465;0,338111817657018;-2,14551609259277;-2,4282524118668;-2,59869384510399;-3,05978324250474;-4,0610219701259;-3,99395385733955;-3,3217977374888;-2,72007905507952;-2,13829182353672;-1,18500861275905;-1,85736416666674;-2,23882456322202;-2,86260508058283;-5,02140762454537;-5,09729664790047;-4,06960428105759;-3,34524631734356;-2,65932913921636;0,0616023919182442;0,0160928837337721;0,0388562224715487;0,0179218411707625;0,0385225292945519;0,00612082035677787;0,015699196058898;0,00918210322227181;-3;-3;1;0,973226222506738;1;-3;-3;0,45338341416804034;1;1;-13174,6719874371;NA;All
410;1,88304088315069;2,84254900688767;2,29896849114977;2,50980797761203;2,71397452471025;2,28043562394877;2,41260264278576;2,44819771007298;2,45700793771892;1,97913013422064;1,92132520506502;1,63046728101526;1,43501376778664;4,90550357958464;1,52473550763761;1,76609058341847;1,91673558388257;1,51866759986513;1,93717807202571;1,61222558828219;-21,2493949166985;-3,79008603045278;-7,20969029393746;-8,51566303812501;-5,61065921085665;-5,62225021785504;-10,536537451225;-9,44246507450126;-6,41341979102222;-16,1050701691777;-11,9039710737268;-17,958603469274;-25,1241603258947;-42,2201109096562;-17,9934367568665;-15,1495215606078;-15,8921403085173;-20,6995455137417;-14,7704510396926;-19,5432018278614;2,68199219822906;1,52838389719892;1,55555567096163;0,906735395569924;0,505569093294629;0,505568510213577;0,542423295383888;0,645128743653648;0,999999654320567;0,839312184375599;0,686365732674007;0,484882772849465;0,338111817657018;-2,14551609259277;-2,4282524118668;-2,59869384510399;-3,05978324250474;-4,0610219701259;-3,99395385733955;-3,3217977374888;-2,72007905507952;-2,13829182353672;-1,18500861275905;-1,85736416666674;-2,23882456322202;-2,86260508058283;-5,02140762454537;-5,09729664790047;-4,06960428105759;-3,34524631734356;-2,65932913921636;0,0616023919182442;0,0160928837337721;0,0388562224715487;0,0179218411707625;0,0385225292945519;0,00612082035677787;0,015699196058898;0,00918210322227181;-3;-3;1;1,045256810868582;1;-3;-3;0,71421148364812681;1;1;-13176,4965770539;NA;All
420;1,88304088315069;2,84254900688767;2,29896849114977;2,50980797761203;2,71397452471025;2,28043562394877;2,41260264278576;2,44819771007298;2,45700793771892;1,97913013422064;1,92132520506502;1,63046728101526;1,43501376778664;4,90550357958464;1,52473550763761;1,76609058341847;1,91673558388257;1,51866759986513;1,93717807202571;1,61222558828219;-21,2493949166985;-3,79008603045278;-7,20969029393746;-8,51566303812501;-5,61065921085665;-5,62225021785504;-10,536537451225;-9,44246507450126;-6,41341979102222;-16,1050701691777;-11,9039710737268;-17,958603469274;-25,1241603258947;-42,2201109096562;-17,9934367568665;-15,1495215606078;-15,8921403085173;-20,6995455137417;-14,7704510396926;-19,5432018278614;2,68199219822906;1,52838389719892;1,55555567096163;0,906735395569924;0,505569093294629;0,505568510213577;0,542423295383888;0,645128743653648;0,999999654320567;0,839312184375599;0,686365732674007;0,484882772849465;0,338111817657018;-2,14551609259277;-2,4282524118668;-2,59869384510399;-3,05978324250474;-4,0610219701259;-3,99395385733955;-3,3217977374888;-2,72007905507952;-2,13829182353672;-1,18500861275905;-1,85736416666674;-2,23882456322202;-2,86260508058283;-5,02140762454537;-5,09729664790047;-4,06960428105759;-3,34524631734356;-2,65932913921636;0,0616023919182442;0,0160928837337721;0,0388562224715487;0,0179218411707625;0,0385225292945519;0,00612082035677787;0,015699196058898;0,00918210322227181;-3;-3;1;1,058710469403679;1;-3;-3;0,26177471232087346;1;1;-13175,4503913725;NA;All
430;1,88304088315069;2,84254900688767;2,29896849114977;2,50980797761203;2,71397452471025;2,28043562394877;2,41260264278576;2,44819771007298;2,45700793771892;1,97913013422064;1,92132520506502;1,63046728101526;1,43501376778664;4,90550357958464;1,52473550763761;1,76609058341847;1,91673558388257;1,51866759986513;1,93717807202571;1,61222558828219;-21,2493949166985;-3,79008603045278;-7,20969029393746;-8,51566303812501;-5,61065921085665;-5,62225021785504;-10,536537451225;-9,44246507450126;-6,41341979102222;-16,1050701691777;-11,9039710737268;-17,958603469274;-25,1241603258947;-42,2201109096562;-17,9934367568665;-15,1495215606078;-15,8921403085173;-20,6995455137417;-14,7704510396926;-19,5432018278614;2,68199219822906;1,52838389719892;1,55555567096163;0,906735395569924;0,505569093294629;0,505568510213577;0,542423295383888;0,645128743653648;0,999999654320567;0,839312184375599;0,686365732674007;0,484882772849465;0,338111817657018;-2,14551609259277;-2,4282524118668;-2,59869384510399;-3,05978324250474;-4,0610219701259;-3,99395385733955;-3,3217977374888;-2,72007905507952;-2,13829182353672;-1,18500861275905;-1,85736416666674;-2,23882456322202;-2,86260508058283;-5,02140762454537;-5,09729664790047;-4,06960428105759;-3,34524631734356;-2,65932913921636;0,0616023919182442;0,0160928837337721;0,0388562224715487;0,0179218411707625;0,0385225292945519;0,00612082035677787;0,015699196058898;0,00918210322227181;-3;-3;1;0,987334390215893;1;-3;-3;0,22835042632206279;1;1;-13174,9118700366;NA;All
440;1,88304088315069;2,84254900688767;2,29896849114977;2,50980797761203;2,71397452471025;2,28043562394877;2,41260264278576;2,44819771007298;2,45700793771892;1,97913013422064;1,92132520506502;1,63046728101526;1,43501376778664;4,90550357958464;1,52473550763761;1,76609058341847;1,91673558388257;1,51866759986513;1,93717807202571;1,61222558828219;-21,2493949166985;-3,79008603045278;-7,20969029393746;-8,51566303812501;-5,61065921085665;-5,62225021785504;-10,536537451225;-9,44246507450126;-6,41341979102222;-16,1050701691777;-11,9039710737268;-17,958603469274;-25,1241603258947;-42,2201109096562;-17,9934367568665;-15,1495215606078;-15,8921403085173;-20,6995455137417;-14,7704510396926;-19,5432018278614;2,68199219822906;1,52838389719892;1,55555567096163;0,906735395569924;0,505569093294629;0,505568510213577;0,542423295383888;0,645128743653648;0,999999654320567;0,839312184375599;0,686365732674007;0,484882772849465;0,338111817657018;-2,14551609259277;-2,4282524118668;-2,59869384510399;-3,05978324250474;-4,0610219701259;-3,99395385733955;-3,3217977374888;-2,72007905507952;-2,13829182353672;-1,18500861275905;-1,85736416666674;-2,23882456322202;-2,86260508058283;-5,02140762454537;-5,09729664790047;-4,06960428105759;-3,34524631734356;-2,65932913921636;0,0616023919182442;0,0160928837337721;0,0388562224715487;0,0179218411707625;0,0385225292945519;0,00612082035677787;0,015699196058898;0,00918210322227181;-3;-3;1;1,013542783795636;1;-3;-3;0,55975449206438799;1;1;-13174,8631074886;NA;All
450;1,88304088315069;2,84254900688767;2,29896849114977;2,50980797761203;2,71397452471025;2,28043562394877;2,41260264278576;2,44819771007298;2,45700793771892;1,97913013422064;1,92132520506502;1,63046728101526;1,43501376778664;4,90550357958464;1,52473550763761;1,76609058341847;1,91673558388257;1,51866759986513;1,93717807202571;1,61222558828219;-21,2493949166985;-3,79008603045278;-7,20969029393746;-8,51566303812501;-5,61065921085665;-5,62225021785504;-10,536537451225;-9,44246507450126;-6,41341979102222;-16,1050701691777;-11,9039710737268;-17,958603469274;-25,1241603258947;-42,2201109096562;-17,9934367568665;-15,1495215606078;-15,8921403085173;-20,6995455137417;-14,7704510396926;-19,5432018278614;2,68199219822906;1,52838389719892;1,55555567096163;0,906735395569924;0,505569093294629;0,505568510213577;0,542423295383888;0,645128743653648;0,999999654320567;0,839312184375599;0,686365732674007;0,484882772849465;0,338111817657018;-2,14551609259277;-2,4282524118668;-2,59869384510399;-3,05978324250474;-4,0610219701259;-3,99395385733955;-3,3217977374888;-2,72007905507952;-2,13829182353672;-1,18500861275905;-1,85736416666674;-2,23882456322202;-2,86260508058283;-5,02140762454537;-5,09729664790047;-4,06960428105759;-3,34524631734356;-2,65932913921636;0,0616023919182442;0,0160928837337721;0,0388562224715487;0,0179218411707625;0,0385225292945519;0,00612082035677787;0,015699196058898;0,00918210322227181;-3;-3;1;0,957988776353725;1;-3;-3;0,73836543408543531;1;1;-13176,5354940731;NA;All
460;1,88304088315069;2,84254900688767;2,29896849114977;2,50980797761203;2,71397452471025;2,28043562394877;2,41260264278576;2,44819771007298;2,45700793771892;1,97913013422064;1,92132520506502;1,63046728101526;1,43501376778664;4,90550357958464;1,52473550763761;1,76609058341847;1,91673558388257;1,51866759986513;1,93717807202571;1,61222558828219;-21,2493949166985;-3,79008603045278;-7,20969029393746;-8,51566303812501;-5,61065921085665;-5,62225021785504;-10,536537451225;-9,44246507450126;-6,41341979102222;-16,1050701691777;-11,9039710737268;-17,958603469274;-25,1241603258947;-42,2201109096562;-17,9934367568665;-15,1495215606078;-15,8921403085173;-20,6995455137417;-14,7704510396926;-19,5432018278614;2,68199219822906;1,52838389719892;1,55555567096163;0,906735395569924;0,505569093294629;0,505568510213577;0,542423295383888;0,645128743653648;0,999999654320567;0,839312184375599;0,686365732674007;0,484882772849465;0,338111817657018;-2,14551609259277;-2,4282524118668;-2,59869384510399;-3,05978324250474;-4,0610219701259;-3,99395385733955;-3,3217977374888;-2,72007905507952;-2,13829182353672;-1,18500861275905;-1,85736416666674;-2,23882456322202;-2,86260508058283;-5,02140762454537;-5,09729664790047;-4,06960428105759;-3,34524631734356;-2,65932913921636;0,0616023919182442;0,0160928837337721;0,0388562224715487;0,0179218411707625;0,0385225292945519;0,00612082035677787;0,015699196058898;0,00918210322227181;-3;-3;1;1,019608375873409;1;-3;-3;0,87713050762852740;1;1;-13177,8878230122;NA;All
470;1,88304088315069;2,84254900688767;2,29896849114977;2,50980797761203;2,71397452471025;2,28043562394877;2,41260264278576;2,44819771007298;2,45700793771892;1,97913013422064;1,92132520506502;1,63046728101526;1,43501376778664;4,90550357958464;1,52473550763761;1,76609058341847;1,91673558388257;1,51866759986513;1,93717807202571;1,61222558828219;-21,2493949166985;-3,79008603045278;-7,20969029393746;-8,51566303812501;-5,61065921085665;-5,62225021785504;-10,536537451225;-9,44246507450126;-6,41341979102222;-16,1050701691777;-11,9039710737268;-17,958603469274;-25,1241603258947;-42,2201109096562;-17,9934367568665;-15,1495215606078;-15,8921403085173;-20,6995455137417;-14,7704510396926;-19,5432018278614;2,68199219822906;1,52838389719892;1,55555567096163;0,906735395569924;0,505569093294629;0,505568510213577;0,542423295383888;0,645128743653648;0,999999654320567;0,839312184375599;0,686365732674007;0,484882772849465;0,338111817657018;-2,14551609259277;-2,4282524118668;-2,59869384510399;-3,05978324250474;-4,0610219701259;-3,99395385733955;-3,3217977374888;-2,72007905507952;-2,13829182353672;-1,18500861275905;-1,85736416666674;-2,23882456322202;-2,86260508058283;-5,02140762454537;-5,09729664790047;-4,06960428105759;-3,34524631734356;-2,65932913921636;0,0616023919182442;0,0160928837337721;0,0388562224715487;0,0179218411707625;0,0385225292945519;0,00612082035677787;0,015699196058898;0,00918210322227181;-3;-3;1;1,073040961363878;1;-3;-3;0,02116106314235995;1;1;-13177,5232698692;NA;All
480;1,88304088315069;2,84254900688767;2,29896849114977;2,50980797761203;2,71397452471025;2,28043562394877;2,41260264278576;2,44819771007298;2,45700793771892;1,97913013422064;1,92132520506502;1,63046728101526;1,43501376778664;4,90550357958464;1,52473550763761;1,76609058341847;1,91673558388257;1,51866759986513;1,93717807202571;1,61222558828219;-21,2493949166985;-3,79008603045278;-7,20969029393746;-8,51566303812501;-5,61065921085665;-5,62225021785504;-10,536537451225;-9,44246507450126;-6,41341979102222;-16,1050701691777;-11,9039710737268;-17,958603469274;-25,1241603258947;-42,2201109096562;-17,9934367568665;-15,1495215606078;-15,8921403085173;-20,6995455137417;-14,7704510396926;-19,5432018278614;2,68199219822906;1,52838389719892;1,55555567096163;0,906735395569924;0,505569093294629;0,505568510213577;0,542423295383888;0,645128743653648;0,999999654320567;0,839312184375599;0,686365732674007;0,484882772849465;0,338111817657018;-2,14551609259277;-2,4282524118668;-2,59869384510399;-3,05978324250474;-4,0610219701259;-3,99395385733955;-3,3217977374888;-2,72007905507952;-2,13829182353672;-1,18500861275905;-1,85736416666674;-2,23882456322202;-2,86260508058283;-5,02140762454537;-5,09729664790047;-4,06960428105759;-3,34524631734356;-2,65932913921636;0,0616023919182442;0,0160928837337721;0,0388562224715487;0,0179218411707625;0,0385225292945519;0,00612082035677787;0,015699196058898;0,00918210322227181;-3;-3;1;1,088696078602181;1;-3;-3;0,60178393475239789;1;1;-13177,1659173484;NA;All
490;1,88304088315069;2,84254900688767;2,29896849114977;2,50980797761203;2,71397452471025;2,28043562394877;2,41260264278576;2,44819771007298;2,45700793771892;1,97913013422064;1,92132520506502;1,63046728101526;1,43501376778664;4,90550357958464;1,52473550763761;1,76609058341847;1,91673558388257;1,51866759986513;1,93717807202571;1,61222558828219;-21,2493949166985;-3,79008603045278;-7,20969029393746;-8,51566303812501;-5,61065921085665;-5,62225021785504;-10,536537451225;-9,44246507450126;-6,41341979102222;-16,1050701691777;-11,9039710737268;-17,958603469274;-25,1241603258947;-42,2201109096562;-17,9934367568665;-15,1495215606078;-15,8921403085173;-20,6995455137417;-14,7704510396926;-19,5432018278614;2,68199219822906;1,52838389719892;1,55555567096163;0,906735395569924;0,505569093294629;0,505568510213577;0,542423295383888;0,645128743653648;0,999999654320567;0,839312184375599;0,686365732674007;0,484882772849465;0,338111817657018;-2,14551609259277;-2,4282524118668;-2,59869384510399;-3,05978324250474;-4,0610219701259;-3,99395385733955;-3,3217977374888;-2,72007905507952;-2,13829182353672;-1,18500861275905;-1,85736416666674;-2,23882456322202;-2,86260508058283;-5,02140762454537;-5,09729664790047;-4,06960428105759;-3,34524631734356;-2,65932913921636;0,0616023919182442;0,0160928837337721;0,0388562224715487;0,0179218411707625;0,0385225292945519;0,00612082035677787;0,015699196058898;0,00918210322227181;-3;-3;1;0,945765992931062;1;-3;-3;0,19156296857445504;1;1;-13175,8368370902;NA;All
500;1,88304088315069;2,84254900688767;2,29896849114977;2,50980797761203;2,71397452471025;2,28043562394877;2,41260264278576;2,44819771007298;2,45700793771892;1,97913013422064;1,92132520506502;1,63046728101526;1,43501376778664;4,90550357958464;1,52473550763761;1,76609058341847;1,91673558388257;1,51866759986513;1,93717807202571;1,61222558828219;-21,2493949166985;-3,79008603045278;-7,20969029393746;-8,51566303812501;-5,61065921085665;-5,62225021785504;-10,536537451225;-9,44246507450126;-6,41341979102222;-16,1050701691777;-11,9039710737268;-17,958603469274;-25,1241603258947;-42,2201109096562;-17,9934367568665;-15,1495215606078;-15,8921403085173;-20,6995455137417;-14,7704510396926;-19,5432018278614;2,68199219822906;1,52838389719892;1,55555567096163;0,906735395569924;0,505569093294629;0,505568510213577;0,542423295383888;0,645128743653648;0,999999654320567;0,839312184375599;0,686365732674007;0,484882772849465;0,338111817657018;-2,14551609259277;-2,4282524118668;-2,59869384510399;-3,05978324250474;-4,0610219701259;-3,99395385733955;-3,3217977374888;-2,72007905507952;-2,13829182353672;-1,18500861275905;-1,85736416666674;-2,23882456322202;-2,86260508058283;-5,02140762454537;-5,09729664790047;-4,06960428105759;-3,34524631734356;-2,65932913921636;0,0616023919182442;0,0160928837337721;0,0388562224715487;0,0179218411707625;0,0385225292945519;0,00612082035677787;0,015699196058898;0,00918210322227181;-3;-3;1;0,956679060330493;1;-3;-3;0,30087639446583070;1;1;-13175,0794935820;NA;All
510;1,88304088315069;2,84254900688767;2,29896849114977;2,50980797761203;2,71397452471025;2,28043562394877;2,41260264278576;2,44819771007298;2,45700793771892;1,97913013422064;1,92132520506502;1,63046728101526;1,43501376778664;4,90550357958464;1,52473550763761;1,76609058341847;1,91673558388257;1,51866759986513;1,93717807202571;1,61222558828219;-21,2493949166985;-3,79008603045278;-7,20969029393746;-8,51566303812501;-5,61065921085665;-5,62225021785504;-10,536537451225;-9,44246507450126;-6,41341979102222;-16,1050701691777;-11,9039710737268;-17,958603469274;-25,1241603258947;-42,2201109096562;-17,9934367568665;-15,1495215606078;-15,8921403085173;-20,6995455137417;-14,7704510396926;-19,5432018278614;2,68199219822906;1,52838389719892;1,55555567096163;0,906735395569924;0,505569093294629;0,505568510213577;0,542423295383888;0,645128743653648;0,999999654320567;0,839312184375599;0,686365732674007;0,484882772849465;0,338111817657018;-2,14551609259277;-2,4282524118668;-2,59869384510399;-3,05978324250474;-4,0610219701259;-3,99395385733955;-3,3217977374888;-2,72007905507952;-2,13829182353672;-1,18500861275905;-1,85736416666674;-2,23882456322202;-2,86260508058283;-5,02140762454537;-5,09729664790047;-4,06960428105759;-3,34524631734356;-2,65932913921636;0,0616023919182442;0,0160928837337721;0,0388562224715487;0,0179218411707625;0,0385225292945519;0,00612082035677787;0,015699196058898;0,00918210322227181;-3;-3;1;0,965262622021847;1;-3;-3;0,44832934431326782;1;1;-13174,7936734061;NA;All
520;1,88304088315069;2,84254900688767;2,29896849114977;2,50980797761203;2,71397452471025;2,28043562394877;2,41260264278576;2,44819771007298;2,45700793771892;1,97913013422064;1,92132520506502;1,63046728101526;1,43501376778664;4,90550357958464;1,52473550763761;1,76609058341847;1,91673558388257;1,51866759986513;1,93717807202571;1,61222558828219;-21,2493949166985;-3,79008603045278;-7,20969029393746;-8,51566303812501;-5,61065921085665;-5,62225021785504;-10,536537451225;-9,44246507450126;-6,41341979102222;-16,1050701691777;-11,9039710737268;-17,958603469274;-25,1241603258947;-42,2201109096562;-17,9934367568665;-15,1495215606078;-15,8921403085173;-20,6995455137417;-14,7704510396926;-19,5432018278614;2,68199219822906;1,52838389719892;1,55555567096163;0,906735395569924;0,505569093294629;0,505568510213577;0,542423295383888;0,645128743653648;0,999999654320567;0,839312184375599;0,686365732674007;0,484882772849465;0,338111817657018;-2,14551609259277;-2,4282524118668;-2,59869384510399;-3,05978324250474;-4,0610219701259;-3,99395385733955;-3,3217977374888;-2,72007905507952;-2,13829182353672;-1,18500861275905;-1,85736416666674;-2,23882456322202;-2,86260508058283;-5,02140762454537;-5,09729664790047;-4,06960428105759;-3,34524631734356;-2,65932913921636;0,0616023919182442;0,0160928837337721;0,0388562224715487;0,0179218411707625;0,0385225292945519;0,00612082035677787;0,015699196058898;0,00918210322227181;-3;-3;1;1,023087517731218;1;-3;-3;0,27002820547406958;1;1;-13174,7704533040;NA;All
530;1,88304088315069;2,84254900688767;2,29896849114977;2,50980797761203;2,71397452471025;2,28043562394877;2,41260264278576;2,44819771007298;2,45700793771892;1,97913013422064;1,92132520506502;1,63046728101526;1,43501376778664;4,90550357958464;1,52473550763761;1,76609058341847;1,91673558388257;1,51866759986513;1,93717807202571;1,61222558828219;-21,2493949166985;-3,79008603045278;-7,20969029393746;-8,51566303812501;-5,61065921085665;-5,62225021785504;-10,536537451225;-9,44246507450126;-6,41341979102222;-16,1050701691777;-11,9039710737268;-17,958603469274;-25,1241603258947;-42,2201109096562;-17,9934367568665;-15,1495215606078;-15,8921403085173;-20,6995455137417;-14,7704510396926;-19,5432018278614;2,68199219822906;1,52838389719892;1,55555567096163;0,906735395569924;0,505569093294629;0,505568510213577;0,542423295383888;0,645128743653648;0,999999654320567;0,839312184375599;0,686365732674007;0,484882772849465;0,338111817657018;-2,14551609259277;-2,4282524118668;-2,59869384510399;-3,05978324250474;-4,0610219701259;-3,99395385733955;-3,3217977374888;-2,72007905507952;-2,13829182353672;-1,18500861275905;-1,85736416666674;-2,23882456322202;-2,86260508058283;-5,02140762454537;-5,09729664790047;-4,06960428105759;-3,34524631734356;-2,65932913921636;0,0616023919182442;0,0160928837337721;0,0388562224715487;0,0179218411707625;0,0385225292945519;0,00612082035677787;0,015699196058898;0,00918210322227181;-3;-3;1;1,057857946479310;1;-3;-3;0,41906485993087206;1;1;-13175,2454124634;NA;All
540;1,88304088315069;2,84254900688767;2,29896849114977;2,50980797761203;2,71397452471025;2,28043562394877;2,41260264278576;2,44819771007298;2,45700793771892;1,97913013422064;1,92132520506502;1,63046728101526;1,43501376778664;4,90550357958464;1,52473550763761;1,76609058341847;1,91673558388257;1,51866759986513;1,93717807202571;1,61222558828219;-21,2493949166985;-3,79008603045278;-7,20969029393746;-8,51566303812501;-5,61065921085665;-5,62225021785504;-10,536537451225;-9,44246507450126;-6,41341979102222;-16,1050701691777;-11,9039710737268;-17,958603469274;-25,1241603258947;-42,2201109096562;-17,9934367568665;-15,1495215606078;-15,8921403085173;-20,6995455137417;-14,7704510396926;-19,5432018278614;2,68199219822906;1,52838389719892;1,55555567096163;0,906735395569924;0,505569093294629;0,505568510213577;0,542423295383888;0,645128743653648;0,999999654320567;0,839312184375599;0,686365732674007;0,484882772849465;0,338111817657018;-2,14551609259277;-2,4282524118668;-2,59869384510399;-3,05978324250474;-4,0610219701259;-3,99395385733955;-3,3217977374888;-2,72007905507952;-2,13829182353672;-1,18500861275905;-1,85736416666674;-2,23882456322202;-2,86260508058283;-5,02140762454537;-5,09729664790047;-4,06960428105759;-3,34524631734356;-2,65932913921636;0,0616023919182442;0,0160928837337721;0,0388562224715487;0,0179218411707625;0,0385225292945519;0,00612082035677787;0,015699196058898;0,00918210322227181;-3;-3;1;1,000826477147283;1;-3;-3;0,32187493384655952;1;1;-13174,5167654595;NA;All
550;1,88304088315069;2,84254900688767;2,29896849114977;2,50980797761203;2,71397452471025;2,28043562394877;2,41260264278576;2,44819771007298;2,45700793771892;1,97913013422064;1,92132520506502;1,63046728101526;1,43501376778664;4,90550357958464;1,52473550763761;1,76609058341847;1,91673558388257;1,51866759986513;1,93717807202571;1,61222558828219;-21,2493949166985;-3,79008603045278;-7,20969029393746;-8,51566303812501;-5,61065921085665;-5,62225021785504;-10,536537451225;-9,44246507450126;-6,41341979102222;-16,1050701691777;-11,9039710737268;-17,958603469274;-25,1241603258947;-42,2201109096562;-17,9934367568665;-15,1495215606078;-15,8921403085173;-20,6995455137417;-14,7704510396926;-19,5432018278614;2,68199219822906;1,52838389719892;1,55555567096163;0,906735395569924;0,505569093294629;0,505568510213577;0,542423295383888;0,645128743653648;0,999999654320567;0,839312184375599;0,686365732674007;0,484882772849465;0,338111817657018;-2,14551609259277;-2,4282524118668;-2,59869384510399;-3,05978324250474;-4,0610219701259;-3,99395385733955;-3,3217977374888;-2,72007905507952;-2,13829182353672;-1,18500861275905;-1,85736416666674;-2,23882456322202;-2,86260508058283;-5,02140762454537;-5,09729664790047;-4,06960428105759;-3,34524631734356;-2,65932913921636;0,0616023919182442;0,0160928837337721;0,0388562224715487;0,0179218411707625;0,0385225292945519;0,00612082035677787;0,015699196058898;0,00918210322227181;-3;-3;1;1,034178355188422;1;-3;-3;0,71688126347369874;1;1;-13176,2656843502;NA;All
560;1,88304088315069;2,84254900688767;2,29896849114977;2,50980797761203;2,71397452471025;2,28043562394877;2,41260264278576;2,44819771007298;2,45700793771892;1,97913013422064;1,92132520506502;1,63046728101526;1,43501376778664;4,90550357958464;1,52473550763761;1,76609058341847;1,91673558388257;1,51866759986513;1,93717807202571;1,61222558828219;-21,2493949166985;-3,79008603045278;-7,20969029393746;-8,51566303812501;-5,61065921085665;-5,62225021785504;-10,536537451225;-9,44246507450126;-6,41341979102222;-16,1050701691777;-11,9039710737268;-17,958603469274;-25,1241603258947;-42,2201109096562;-17,9934367568665;-15,1495215606078;-15,8921403085173;-20,6995455137417;-14,7704510396926;-19,5432018278614;2,68199219822906;1,52838389719892;1,55555567096163;0,906735395569924;0,505569093294629;0,505568510213577;0,542423295383888;0,645128743653648;0,999999654320567;0,839312184375599;0,686365732674007;0,484882772849465;0,338111817657018;-2,14551609259277;-2,4282524118668;-2,59869384510399;-3,05978324250474;-4,0610219701259;-3,99395385733955;-3,3217977374888;-2,72007905507952;-2,13829182353672;-1,18500861275905;-1,85736416666674;-2,23882456322202;-2,86260508058283;-5,02140762454537;-5,09729664790047;-4,06960428105759;-3,34524631734356;-2,65932913921636;0,0616023919182442;0,0160928837337721;0,0388562224715487;0,0179218411707625;0,0385225292945519;0,00612082035677787;0,015699196058898;0,00918210322227181;-3;-3;1;1,005297648469839;1;-3;-3;0,38268979826366312;1;1;-13174,4388097550;NA;All
570;1,88304088315069;2,84254900688767;2,29896849114977;2,50980797761203;2,71397452471025;2,28043562394877;2,41260264278576;2,44819771007298;2,45700793771892;1,97913013422064;1,92132520506502;1,63046728101526;1,43501376778664;4,90550357958464;1,52473550763761;1,76609058341847;1,91673558388257;1,51866759986513;1,93717807202571;1,61222558828219;-21,2493949166985;-3,79008603045278;-7,20969029393746;-8,51566303812501;-5,61065921085665;-5,62225021785504;-10,536537451225;-9,44246507450126;-6,41341979102222;-16,1050701691777;-11,9039710737268;-17,958603469274;-25,1241603258947;-42,2201109096562;-17,9934367568665;-15,1495215606078;-15,8921403085173;-20,6995455137417;-14,7704510396926;-19,5432018278614;2,68199219822906;1,52838389719892;1,55555567096163;0,906735395569924;0,505569093294629;0,505568510213577;0,542423295383888;0,645128743653648;0,999999654320567;0,839312184375599;0,686365732674007;0,484882772849465;0,338111817657018;-2,14551609259277;-2,4282524118668;-2,59869384510399;-3,05978324250474;-4,0610219701259;-3,99395385733955;-3,3217977374888;-2,72007905507952;-2,13829182353672;-1,18500861275905;-1,85736416666674;-2,23882456322202;-2,86260508058283;-5,02140762454537;-5,09729664790047;-4,06960428105759;-3,34524631734356;-2,65932913921636;0,0616023919182442;0,0160928837337721;0,0388562224715487;0,0179218411707625;0,0385225292945519;0,00612082035677787;0,015699196058898;0,00918210322227181;-3;-3;1;1,005297648469839;1;-3;-3;0,38268979826366312;1;1;-13174,4388097550;NA;All
580;1,88304088315069;2,84254900688767;2,29896849114977;2,50980797761203;2,71397452471025;2,28043562394877;2,41260264278576;2,44819771007298;2,45700793771892;1,97913013422064;1,92132520506502;1,63046728101526;1,43501376778664;4,90550357958464;1,52473550763761;1,76609058341847;1,91673558388257;1,51866759986513;1,93717807202571;1,61222558828219;-21,2493949166985;-3,79008603045278;-7,20969029393746;-8,51566303812501;-5,61065921085665;-5,62225021785504;-10,536537451225;-9,44246507450126;-6,41341979102222;-16,1050701691777;-11,9039710737268;-17,958603469274;-25,1241603258947;-42,2201109096562;-17,9934367568665;-15,1495215606078;-15,8921403085173;-20,6995455137417;-14,7704510396926;-19,5432018278614;2,68199219822906;1,52838389719892;1,55555567096163;0,906735395569924;0,505569093294629;0,505568510213577;0,542423295383888;0,645128743653648;0,999999654320567;0,839312184375599;0,686365732674007;0,484882772849465;0,338111817657018;-2,14551609259277;-2,4282524118668;-2,59869384510399;-3,05978324250474;-4,0610219701259;-3,99395385733955;-3,3217977374888;-2,72007905507952;-2,13829182353672;-1,18500861275905;-1,85736416666674;-2,23882456322202;-2,86260508058283;-5,02140762454537;-5,09729664790047;-4,06960428105759;-3,34524631734356;-2,65932913921636;0,0616023919182442;0,0160928837337721;0,0388562224715487;0,0179218411707625;0,0385225292945519;0,00612082035677787;0,015699196058898;0,00918210322227181;-3;-3;1;1,022117218163901;1;-3;-3;0,12573855956977176;1;1;-13175,5896863784;NA;All
590;1,88304088315069;2,84254900688767;2,29896849114977;2,50980797761203;2,71397452471025;2,28043562394877;2,41260264278576;2,44819771007298;2,45700793771892;1,97913013422064;1,92132520506502;1,63046728101526;1,43501376778664;4,90550357958464;1,52473550763761;1,76609058341847;1,91673558388257;1,51866759986513;1,93717807202571;1,61222558828219;-21,2493949166985;-3,79008603045278;-7,20969029393746;-8,51566303812501;-5,61065921085665;-5,62225021785504;-10,536537451225;-9,44246507450126;-6,41341979102222;-16,1050701691777;-11,9039710737268;-17,958603469274;-25,1241603258947;-42,2201109096562;-17,9934367568665;-15,1495215606078;-15,8921403085173;-20,6995455137417;-14,7704510396926;-19,5432018278614;2,68199219822906;1,52838389719892;1,55555567096163;0,906735395569924;0,505569093294629;0,505568510213577;0,542423295383888;0,645128743653648;0,999999654320567;0,839312184375599;0,686365732674007;0,484882772849465;0,338111817657018;-2,14551609259277;-2,4282524118668;-2,59869384510399;-3,05978324250474;-4,0610219701259;-3,99395385733955;-3,3217977374888;-2,72007905507952;-2,13829182353672;-1,18500861275905;-1,85736416666674;-2,23882456322202;-2,86260508058283;-5,02140762454537;-5,09729664790047;-4,06960428105759;-3,34524631734356;-2,65932913921636;0,0616023919182442;0,0160928837337721;0,0388562224715487;0,0179218411707625;0,0385225292945519;0,00612082035677787;0,015699196058898;0,00918210322227181;-3;-3;1;0,935738345253210;1;-3;-3;0,07206853288807905;1;1;-13177,0477804803;NA;All
600;1,88304088315069;2,84254900688767;2,29896849114977;2,50980797761203;2,71397452471025;2,28043562394877;2,41260264278576;2,44819771007298;2,45700793771892;1,97913013422064;1,92132520506502;1,63046728101526;1,43501376778664;4,90550357958464;1,52473550763761;1,76609058341847;1,91673558388257;1,51866759986513;1,93717807202571;1,61222558828219;-21,2493949166985;-3,79008603045278;-7,20969029393746;-8,51566303812501;-5,61065921085665;-5,62225021785504;-10,536537451225;-9,44246507450126;-6,41341979102222;-16,1050701691777;-11,9039710737268;-17,958603469274;-25,1241603258947;-42,2201109096562;-17,9934367568665;-15,1495215606078;-15,8921403085173;-20,6995455137417;-14,7704510396926;-19,5432018278614;2,68199219822906;1,52838389719892;1,55555567096163;0,906735395569924;0,505569093294629;0,505568510213577;0,542423295383888;0,645128743653648;0,999999654320567;0,839312184375599;0,686365732674007;0,484882772849465;0,338111817657018;-2,14551609259277;-2,4282524118668;-2,59869384510399;-3,05978324250474;-4,0610219701259;-3,99395385733955;-3,3217977374888;-2,72007905507952;-2,13829182353672;-1,18500861275905;-1,85736416666674;-2,23882456322202;-2,86260508058283;-5,02140762454537;-5,09729664790047;-4,06960428105759;-3,34524631734356;-2,65932913921636;0,0616023919182442;0,0160928837337721;0,0388562224715487;0,0179218411707625;0,0385225292945519;0,00612082035677787;0,015699196058898;0,00918210322227181;-3;-3;1;1,027126180815152;1;-3;-3;0,48510054851219342;1;1;-13174,7249818865;NA;All
610;1,88304088315069;2,84254900688767;2,29896849114977;2,50980797761203;2,71397452471025;2,28043562394877;2,41260264278576;2,44819771007298;2,45700793771892;1,97913013422064;1,92132520506502;1,63046728101526;1,43501376778664;4,90550357958464;1,52473550763761;1,76609058341847;1,91673558388257;1,51866759986513;1,93717807202571;1,61222558828219;-21,2493949166985;-3,79008603045278;-7,20969029393746;-8,51566303812501;-5,61065921085665;-5,62225021785504;-10,536537451225;-9,44246507450126;-6,41341979102222;-16,1050701691777;-11,9039710737268;-17,958603469274;-25,1241603258947;-42,2201109096562;-17,9934367568665;-15,1495215606078;-15,8921403085173;-20,6995455137417;-14,7704510396926;-19,5432018278614;2,68199219822906;1,52838389719892;1,55555567096163;0,906735395569924;0,505569093294629;0,505568510213577;0,542423295383888;0,645128743653648;0,999999654320567;0,839312184375599;0,686365732674007;0,484882772849465;0,338111817657018;-2,14551609259277;-2,4282524118668;-2,59869384510399;-3,05978324250474;-4,0610219701259;-3,99395385733955;-3,3217977374888;-2,72007905507952;-2,13829182353672;-1,18500861275905;-1,85736416666674;-2,23882456322202;-2,86260508058283;-5,02140762454537;-5,09729664790047;-4,06960428105759;-3,34524631734356;-2,65932913921636;0,0616023919182442;0,0160928837337721;0,0388562224715487;0,0179218411707625;0,0385225292945519;0,00612082035677787;0,015699196058898;0,00918210322227181;-3;-3;1;0,964777254631773;1;-3;-3;0,96901097505755662;1;1;-13179,3409520087;NA;All
620;1,88304088315069;2,84254900688767;2,29896849114977;2,50980797761203;2,71397452471025;2,28043562394877;2,41260264278576;2,44819771007298;2,45700793771892;1,97913013422064;1,92132520506502;1,63046728101526;1,43501376778664;4,90550357958464;1,52473550763761;1,76609058341847;1,91673558388257;1,51866759986513;1,93717807202571;1,61222558828219;-21,2493949166985;-3,79008603045278;-7,20969029393746;-8,51566303812501;-5,61065921085665;-5,62225021785504;-10,536537451225;-9,44246507450126;-6,41341979102222;-16,1050701691777;-11,9039710737268;-17,958603469274;-25,1241603258947;-42,2201109096562;-17,9934367568665;-15,1495215606078;-15,8921403085173;-20,6995455137417;-14,7704510396926;-19,5432018278614;2,68199219822906;1,52838389719892;1,55555567096163;0,906735395569924;0,505569093294629;0,505568510213577;0,542423295383888;0,645128743653648;0,999999654320567;0,839312184375599;0,686365732674007;0,484882772849465;0,338111817657018;-2,14551609259277;-2,4282524118668;-2,59869384510399;-3,05978324250474;-4,0610219701259;-3,99395385733955;-3,3217977374888;-2,72007905507952;-2,13829182353672;-1,18500861275905;-1,85736416666674;-2,23882456322202;-2,86260508058283;-5,02140762454537;-5,09729664790047;-4,06960428105759;-3,34524631734356;-2,65932913921636;0,0616023919182442;0,0160928837337721;0,0388562224715487;0,0179218411707625;0,0385225292945519;0,00612082035677787;0,015699196058898;0,00918210322227181;-3;-3;1;1,051934424359640;1;-3;-3;0,58260899646438424;1;1;-13175,6577267988;NA;All
630;1,88304088315069;2,84254900688767;2,29896849114977;2,50980797761203;2,71397452471025;2,28043562394877;2,41260264278576;2,44819771007298;2,45700793771892;1,97913013422064;1,92132520506502;1,63046728101526;1,43501376778664;4,90550357958464;1,52473550763761;1,76609058341847;1,91673558388257;1,51866759986513;1,93717807202571;1,61222558828219;-21,2493949166985;-3,79008603045278;-7,20969029393746;-8,51566303812501;-5,61065921085665;-5,62225021785504;-10,536537451225;-9,44246507450126;-6,41341979102222;-16,1050701691777;-11,9039710737268;-17,958603469274;-25,1241603258947;-42,2201109096562;-17,9934367568665;-15,1495215606078;-15,8921403085173;-20,6995455137417;-14,7704510396926;-19,5432018278614;2,68199219822906;1,52838389719892;1,55555567096163;0,906735395569924;0,505569093294629;0,505568510213577;0,542423295383888;0,645128743653648;0,999999654320567;0,839312184375599;0,686365732674007;0,484882772849465;0,338111817657018;-2,14551609259277;-2,4282524118668;-2,59869384510399;-3,05978324250474;-4,0610219701259;-3,99395385733955;-3,3217977374888;-2,72007905507952;-2,13829182353672;-1,18500861275905;-1,85736416666674;-2,23882456322202;-2,86260508058283;-5,02140762454537;-5,09729664790047;-4,06960428105759;-3,34524631734356;-2,65932913921636;0,0616023919182442;0,0160928837337721;0,0388562224715487;0,0179218411707625;0,0385225292945519;0,00612082035677787;0,015699196058898;0,00918210322227181;-3;-3;1;1,017862709973942;1;-3;-3;0,68951311062053078;1;1;-13175,7672519753;NA;All
640;1,88304088315069;2,84254900688767;2,29896849114977;2,50980797761203;2,71397452471025;2,28043562394877;2,41260264278576;2,44819771007298;2,45700793771892;1,97913013422064;1,92132520506502;1,63046728101526;1,43501376778664;4,90550357958464;1,52473550763761;1,76609058341847;1,91673558388257;1,51866759986513;1,93717807202571;1,61222558828219;-21,2493949166985;-3,79008603045278;-7,20969029393746;-8,51566303812501;-5,61065921085665;-5,62225021785504;-10,536537451225;-9,44246507450126;-6,41341979102222;-16,1050701691777;-11,9039710737268;-17,958603469274;-25,1241603258947;-42,2201109096562;-17,9934367568665;-15,1495215606078;-15,8921403085173;-20,6995455137417;-14,7704510396926;-19,5432018278614;2,68199219822906;1,52838389719892;1,55555567096163;0,906735395569924;0,505569093294629;0,505568510213577;0,542423295383888;0,645128743653648;0,999999654320567;0,839312184375599;0,686365732674007;0,484882772849465;0,338111817657018;-2,14551609259277;-2,4282524118668;-2,59869384510399;-3,05978324250474;-4,0610219701259;-3,99395385733955;-3,3217977374888;-2,72007905507952;-2,13829182353672;-1,18500861275905;-1,85736416666674;-2,23882456322202;-2,86260508058283;-5,02140762454537;-5,09729664790047;-4,06960428105759;-3,34524631734356;-2,65932913921636;0,0616023919182442;0,0160928837337721;0,0388562224715487;0,0179218411707625;0,0385225292945519;0,00612082035677787;0,015699196058898;0,00918210322227181;-3;-3;1;0,945564108096256;1;-3;-3;0,40965570225364423;1;1;-13175,2183162194;NA;All
650;1,88304088315069;2,84254900688767;2,29896849114977;2,50980797761203;2,71397452471025;2,28043562394877;2,41260264278576;2,44819771007298;2,45700793771892;1,97913013422064;1,92132520506502;1,63046728101526;1,43501376778664;4,90550357958464;1,52473550763761;1,76609058341847;1,91673558388257;1,51866759986513;1,93717807202571;1,61222558828219;-21,2493949166985;-3,79008603045278;-7,20969029393746;-8,51566303812501;-5,61065921085665;-5,62225021785504;-10,536537451225;-9,44246507450126;-6,41341979102222;-16,1050701691777;-11,9039710737268;-17,958603469274;-25,1241603258947;-42,2201109096562;-17,9934367568665;-15,1495215606078;-15,8921403085173;-20,6995455137417;-14,7704510396926;-19,5432018278614;2,68199219822906;1,52838389719892;1,55555567096163;0,906735395569924;0,505569093294629;0,505568510213577;0,542423295383888;0,645128743653648;0,999999654320567;0,839312184375599;0,686365732674007;0,484882772849465;0,338111817657018;-2,14551609259277;-2,4282524118668;-2,59869384510399;-3,05978324250474;-4,0610219701259;-3,99395385733955;-3,3217977374888;-2,72007905507952;-2,13829182353672;-1,18500861275905;-1,85736416666674;-2,23882456322202;-2,86260508058283;-5,02140762454537;-5,09729664790047;-4,06960428105759;-3,34524631734356;-2,65932913921636;0,0616023919182442;0,0160928837337721;0,0388562224715487;0,0179218411707625;0,0385225292945519;0,00612082035677787;0,015699196058898;0,00918210322227181;-3;-3;1;0,992784985935009;1;-3;-3;0,43271767013132545;1;1;-13174,4672371480;NA;All
660;1,88304088315069;2,84254900688767;2,29896849114977;2,50980797761203;2,71397452471025;2,28043562394877;2,41260264278576;2,44819771007298;2,45700793771892;1,97913013422064;1,92132520506502;1,63046728101526;1,43501376778664;4,90550357958464;1,52473550763761;1,76609058341847;1,91673558388257;1,51866759986513;1,93717807202571;1,61222558828219;-21,2493949166985;-3,79008603045278;-7,20969029393746;-8,51566303812501;-5,61065921085665;-5,62225021785504;-10,536537451225;-9,44246507450126;-6,41341979102222;-16,1050701691777;-11,9039710737268;-17,958603469274;-25,1241603258947;-42,2201109096562;-17,9934367568665;-15,1495215606078;-15,8921403085173;-20,6995455137417;-14,7704510396926;-19,5432018278614;2,68199219822906;1,52838389719892;1,55555567096163;0,906735395569924;0,505569093294629;0,505568510213577;0,542423295383888;0,645128743653648;0,999999654320567;0,839312184375599;0,686365732674007;0,484882772849465;0,338111817657018;-2,14551609259277;-2,4282524118668;-2,59869384510399;-3,05978324250474;-4,0610219701259;-3,99395385733955;-3,3217977374888;-2,72007905507952;-2,13829182353672;-1,18500861275905;-1,85736416666674;-2,23882456322202;-2,86260508058283;-5,02140762454537;-5,09729664790047;-4,06960428105759;-3,34524631734356;-2,65932913921636;0,0616023919182442;0,0160928837337721;0,0388562224715487;0,0179218411707625;0,0385225292945519;0,00612082035677787;0,015699196058898;0,00918210322227181;-3;-3;1;0,992784716608537;1;-3;-3;0,41564723801176146;1;1;-13174,4549051880;NA;All
670;1,88304088315069;2,84254900688767;2,29896849114977;2,50980797761203;2,71397452471025;2,28043562394877;2,41260264278576;2,44819771007298;2,45700793771892;1,97913013422064;1,92132520506502;1,63046728101526;1,43501376778664;4,90550357958464;1,52473550763761;1,76609058341847;1,91673558388257;1,51866759986513;1,93717807202571;1,61222558828219;-21,2493949166985;-3,79008603045278;-7,20969029393746;-8,51566303812501;-5,61065921085665;-5,62225021785504;-10,536537451225;-9,44246507450126;-6,41341979102222;-16,1050701691777;-11,9039710737268;-17,958603469274;-25,1241603258947;-42,2201109096562;-17,9934367568665;-15,1495215606078;-15,8921403085173;-20,6995455137417;-14,7704510396926;-19,5432018278614;2,68199219822906;1,52838389719892;1,55555567096163;0,906735395569924;0,505569093294629;0,505568510213577;0,542423295383888;0,645128743653648;0,999999654320567;0,839312184375599;0,686365732674007;0,484882772849465;0,338111817657018;-2,14551609259277;-2,4282524118668;-2,59869384510399;-3,05978324250474;-4,0610219701259;-3,99395385733955;-3,3217977374888;-2,72007905507952;-2,13829182353672;-1,18500861275905;-1,85736416666674;-2,23882456322202;-2,86260508058283;-5,02140762454537;-5,09729664790047;-4,06960428105759;-3,34524631734356;-2,65932913921636;0,0616023919182442;0,0160928837337721;0,0388562224715487;0,0179218411707625;0,0385225292945519;0,00612082035677787;0,015699196058898;0,00918210322227181;-3;-3;1;0,982112089377381;1;-3;-3;0,49528345734283674;1;1;-13174,6566864426;NA;All
680;1,88304088315069;2,84254900688767;2,29896849114977;2,50980797761203;2,71397452471025;2,28043562394877;2,41260264278576;2,44819771007298;2,45700793771892;1,97913013422064;1,92132520506502;1,63046728101526;1,43501376778664;4,90550357958464;1,52473550763761;1,76609058341847;1,91673558388257;1,51866759986513;1,93717807202571;1,61222558828219;-21,2493949166985;-3,79008603045278;-7,20969029393746;-8,51566303812501;-5,61065921085665;-5,62225021785504;-10,536537451225;-9,44246507450126;-6,41341979102222;-16,1050701691777;-11,9039710737268;-17,958603469274;-25,1241603258947;-42,2201109096562;-17,9934367568665;-15,1495215606078;-15,8921403085173;-20,6995455137417;-14,7704510396926;-19,5432018278614;2,68199219822906;1,52838389719892;1,55555567096163;0,906735395569924;0,505569093294629;0,505568510213577;0,542423295383888;0,645128743653648;0,999999654320567;0,839312184375599;0,686365732674007;0,484882772849465;0,338111817657018;-2,14551609259277;-2,4282524118668;-2,59869384510399;-3,05978324250474;-4,0610219701259;-3,99395385733955;-3,3217977374888;-2,72007905507952;-2,13829182353672;-1,18500861275905;-1,85736416666674;-2,23882456322202;-2,86260508058283;-5,02140762454537;-5,09729664790047;-4,06960428105759;-3,34524631734356;-2,65932913921636;0,0616023919182442;0,0160928837337721;0,0388562224715487;0,0179218411707625;0,0385225292945519;0,00612082035677787;0,015699196058898;0,00918210322227181;-3;-3;1;1,061381264780287;1;-3;-3;0,69022506216354695;1;1;-13176,7613246336;NA;All
690;1,88304088315069;2,84254900688767;2,29896849114977;2,50980797761203;2,71397452471025;2,28043562394877;2,41260264278576;2,44819771007298;2,45700793771892;1,97913013422064;1,92132520506502;1,63046728101526;1,43501376778664;4,90550357958464;1,52473550763761;1,76609058341847;1,91673558388257;1,51866759986513;1,93717807202571;1,61222558828219;-21,2493949166985;-3,79008603045278;-7,20969029393746;-8,51566303812501;-5,61065921085665;-5,62225021785504;-10,536537451225;-9,44246507450126;-6,41341979102222;-16,1050701691777;-11,9039710737268;-17,958603469274;-25,1241603258947;-42,2201109096562;-17,9934367568665;-15,1495215606078;-15,8921403085173;-20,6995455137417;-14,7704510396926;-19,5432018278614;2,68199219822906;1,52838389719892;1,55555567096163;0,906735395569924;0,505569093294629;0,505568510213577;0,542423295383888;0,645128743653648;0,999999654320567;0,839312184375599;0,686365732674007;0,484882772849465;0,338111817657018;-2,14551609259277;-2,4282524118668;-2,59869384510399;-3,05978324250474;-4,0610219701259;-3,99395385733955;-3,3217977374888;-2,72007905507952;-2,13829182353672;-1,18500861275905;-1,85736416666674;-2,23882456322202;-2,86260508058283;-5,02140762454537;-5,09729664790047;-4,06960428105759;-3,34524631734356;-2,65932913921636;0,0616023919182442;0,0160928837337721;0,0388562224715487;0,0179218411707625;0,0385225292945519;0,00612082035677787;0,015699196058898;0,00918210322227181;-3;-3;1;0,928759314697660;1;-3;-3;0,25836443002735948;1;1;-13176,0354510418;NA;All
700;1,88304088315069;2,84254900688767;2,29896849114977;2,50980797761203;2,71397452471025;2,28043562394877;2,41260264278576;2,44819771007298;2,45700793771892;1,97913013422064;1,92132520506502;1,63046728101526;1,43501376778664;4,90550357958464;1,52473550763761;1,76609058341847;1,91673558388257;1,51866759986513;1,93717807202571;1,61222558828219;-21,2493949166985;-3,79008603045278;-7,20969029393746;-8,51566303812501;-5,61065921085665;-5,62225021785504;-10,536537451225;-9,44246507450126;-6,41341979102222;-16,1050701691777;-11,9039710737268;-17,958603469274;-25,1241603258947;-42,2201109096562;-17,9934367568665;-15,1495215606078;-15,8921403085173;-20,6995455137417;-14,7704510396926;-19,5432018278614;2,68199219822906;1,52838389719892;1,55555567096163;0,906735395569924;0,505569093294629;0,505568510213577;0,542423295383888;0,645128743653648;0,999999654320567;0,839312184375599;0,686365732674007;0,484882772849465;0,338111817657018;-2,14551609259277;-2,4282524118668;-2,59869384510399;-3,05978324250474;-4,0610219701259;-3,99395385733955;-3,3217977374888;-2,72007905507952;-2,13829182353672;-1,18500861275905;-1,85736416666674;-2,23882456322202;-2,86260508058283;-5,02140762454537;-5,09729664790047;-4,06960428105759;-3,34524631734356;-2,65932913921636;0,0616023919182442;0,0160928837337721;0,0388562224715487;0,0179218411707625;0,0385225292945519;0,00612082035677787;0,015699196058898;0,00918210322227181;-3;-3;1;1,002404635027160;1;-3;-3;0,28221316285984477;1;1;-13174,6275195242;NA;All
710;1,88304088315069;2,84254900688767;2,29896849114977;2,50980797761203;2,71397452471025;2,28043562394877;2,41260264278576;2,44819771007298;2,45700793771892;1,97913013422064;1,92132520506502;1,63046728101526;1,43501376778664;4,90550357958464;1,52473550763761;1,76609058341847;1,91673558388257;1,51866759986513;1,93717807202571;1,61222558828219;-21,2493949166985;-3,79008603045278;-7,20969029393746;-8,51566303812501;-5,61065921085665;-5,62225021785504;-10,536537451225;-9,44246507450126;-6,41341979102222;-16,1050701691777;-11,9039710737268;-17,958603469274;-25,1241603258947;-42,2201109096562;-17,9934367568665;-15,1495215606078;-15,8921403085173;-20,6995455137417;-14,7704510396926;-19,5432018278614;2,68199219822906;1,52838389719892;1,55555567096163;0,906735395569924;0,505569093294629;0,505568510213577;0,542423295383888;0,645128743653648;0,999999654320567;0,839312184375599;0,686365732674007;0,484882772849465;0,338111817657018;-2,14551609259277;-2,4282524118668;-2,59869384510399;-3,05978324250474;-4,0610219701259;-3,99395385733955;-3,3217977374888;-2,72007905507952;-2,13829182353672;-1,18500861275905;-1,85736416666674;-2,23882456322202;-2,86260508058283;-5,02140762454537;-5,09729664790047;-4,06960428105759;-3,34524631734356;-2,65932913921636;0,0616023919182442;0,0160928837337721;0,0388562224715487;0,0179218411707625;0,0385225292945519;0,00612082035677787;0,015699196058898;0,00918210322227181;-3;-3;1;1,064367165945244;1;-3;-3;0,24674543201213209;1;1;-13175,6634004623;NA;All
720;1,88304088315069;2,84254900688767;2,29896849114977;2,50980797761203;2,71397452471025;2,28043562394877;2,41260264278576;2,44819771007298;2,45700793771892;1,97913013422064;1,92132520506502;1,63046728101526;1,43501376778664;4,90550357958464;1,52473550763761;1,76609058341847;1,91673558388257;1,51866759986513;1,93717807202571;1,61222558828219;-21,2493949166985;-3,79008603045278;-7,20969029393746;-8,51566303812501;-5,61065921085665;-5,62225021785504;-10,536537451225;-9,44246507450126;-6,41341979102222;-16,1050701691777;-11,9039710737268;-17,958603469274;-25,1241603258947;-42,2201109096562;-17,9934367568665;-15,1495215606078;-15,8921403085173;-20,6995455137417;-14,7704510396926;-19,5432018278614;2,68199219822906;1,52838389719892;1,55555567096163;0,906735395569924;0,505569093294629;0,505568510213577;0,542423295383888;0,645128743653648;0,999999654320567;0,839312184375599;0,686365732674007;0,484882772849465;0,338111817657018;-2,14551609259277;-2,4282524118668;-2,59869384510399;-3,05978324250474;-4,0610219701259;-3,99395385733955;-3,3217977374888;-2,72007905507952;-2,13829182353672;-1,18500861275905;-1,85736416666674;-2,23882456322202;-2,86260508058283;-5,02140762454537;-5,09729664790047;-4,06960428105759;-3,34524631734356;-2,65932913921636;0,0616023919182442;0,0160928837337721;0,0388562224715487;0,0179218411707625;0,0385225292945519;0,00612082035677787;0,015699196058898;0,00918210322227181;-3;-3;1;1,068627305172581;1;-3;-3;0,67711798609722029;1;1;-13176,9070085328;NA;All
730;1,88304088315069;2,84254900688767;2,29896849114977;2,50980797761203;2,71397452471025;2,28043562394877;2,41260264278576;2,44819771007298;2,45700793771892;1,97913013422064;1,92132520506502;1,63046728101526;1,43501376778664;4,90550357958464;1,52473550763761;1,76609058341847;1,91673558388257;1,51866759986513;1,93717807202571;1,61222558828219;-21,2493949166985;-3,79008603045278;-7,20969029393746;-8,51566303812501;-5,61065921085665;-5,62225021785504;-10,536537451225;-9,44246507450126;-6,41341979102222;-16,1050701691777;-11,9039710737268;-17,958603469274;-25,1241603258947;-42,2201109096562;-17,9934367568665;-15,1495215606078;-15,8921403085173;-20,6995455137417;-14,7704510396926;-19,5432018278614;2,68199219822906;1,52838389719892;1,55555567096163;0,906735395569924;0,505569093294629;0,505568510213577;0,542423295383888;0,645128743653648;0,999999654320567;0,839312184375599;0,686365732674007;0,484882772849465;0,338111817657018;-2,14551609259277;-2,4282524118668;-2,59869384510399;-3,05978324250474;-4,0610219701259;-3,99395385733955;-3,3217977374888;-2,72007905507952;-2,13829182353672;-1,18500861275905;-1,85736416666674;-2,23882456322202;-2,86260508058283;-5,02140762454537;-5,09729664790047;-4,06960428105759;-3,34524631734356;-2,65932913921636;0,0616023919182442;0,0160928837337721;0,0388562224715487;0,0179218411707625;0,0385225292945519;0,00612082035677787;0,015699196058898;0,00918210322227181;-3;-3;1;0,913100308358792;1;-3;-3;0,18121536811795125;1;1;-13177,0359393197;NA;All
740;1,88304088315069;2,84254900688767;2,29896849114977;2,50980797761203;2,71397452471025;2,28043562394877;2,41260264278576;2,44819771007298;2,45700793771892;1,97913013422064;1,92132520506502;1,63046728101526;1,43501376778664;4,90550357958464;1,52473550763761;1,76609058341847;1,91673558388257;1,51866759986513;1,93717807202571;1,61222558828219;-21,2493949166985;-3,79008603045278;-7,20969029393746;-8,51566303812501;-5,61065921085665;-5,62225021785504;-10,536537451225;-9,44246507450126;-6,41341979102222;-16,1050701691777;-11,9039710737268;-17,958603469274;-25,1241603258947;-42,2201109096562;-17,9934367568665;-15,1495215606078;-15,8921403085173;-20,6995455137417;-14,7704510396926;-19,5432018278614;2,68199219822906;1,52838389719892;1,55555567096163;0,906735395569924;0,505569093294629;0,505568510213577;0,542423295383888;0,645128743653648;0,999999654320567;0,839312184375599;0,686365732674007;0,484882772849465;0,338111817657018;-2,14551609259277;-2,4282524118668;-2,59869384510399;-3,05978324250474;-4,0610219701259;-3,99395385733955;-3,3217977374888;-2,72007905507952;-2,13829182353672;-1,18500861275905;-1,85736416666674;-2,23882456322202;-2,86260508058283;-5,02140762454537;-5,09729664790047;-4,06960428105759;-3,34524631734356;-2,65932913921636;0,0616023919182442;0,0160928837337721;0,0388562224715487;0,0179218411707625;0,0385225292945519;0,00612082035677787;0,015699196058898;0,00918210322227181;-3;-3;1;1,022580534277611;1;-3;-3;0,25674459642739644;1;1;-13174,8159797253;NA;All
750;1,88304088315069;2,84254900688767;2,29896849114977;2,50980797761203;2,71397452471025;2,28043562394877;2,41260264278576;2,44819771007298;2,45700793771892;1,97913013422064;1,92132520506502;1,63046728101526;1,43501376778664;4,90550357958464;1,52473550763761;1,76609058341847;1,91673558388257;1,51866759986513;1,93717807202571;1,61222558828219;-21,2493949166985;-3,79008603045278;-7,20969029393746;-8,51566303812501;-5,61065921085665;-5,62225021785504;-10,536537451225;-9,44246507450126;-6,41341979102222;-16,1050701691777;-11,9039710737268;-17,958603469274;-25,1241603258947;-42,2201109096562;-17,9934367568665;-15,1495215606078;-15,8921403085173;-20,6995455137417;-14,7704510396926;-19,5432018278614;2,68199219822906;1,52838389719892;1,55555567096163;0,906735395569924;0,505569093294629;0,505568510213577;0,542423295383888;0,645128743653648;0,999999654320567;0,839312184375599;0,686365732674007;0,484882772849465;0,338111817657018;-2,14551609259277;-2,4282524118668;-2,59869384510399;-3,05978324250474;-4,0610219701259;-3,99395385733955;-3,3217977374888;-2,72007905507952;-2,13829182353672;-1,18500861275905;-1,85736416666674;-2,23882456322202;-2,86260508058283;-5,02140762454537;-5,09729664790047;-4,06960428105759;-3,34524631734356;-2,65932913921636;0,0616023919182442;0,0160928837337721;0,0388562224715487;0,0179218411707625;0,0385225292945519;0,00612082035677787;0,015699196058898;0,00918210322227181;-3;-3;1;0,979193999296168;1;-3;-3;0,35019311838587497;1;1;-13174,5933573241;NA;All
760;1,88304088315069;2,84254900688767;2,29896849114977;2,50980797761203;2,71397452471025;2,28043562394877;2,41260264278576;2,44819771007298;2,45700793771892;1,97913013422064;1,92132520506502;1,63046728101526;1,43501376778664;4,90550357958464;1,52473550763761;1,76609058341847;1,91673558388257;1,51866759986513;1,93717807202571;1,61222558828219;-21,2493949166985;-3,79008603045278;-7,20969029393746;-8,51566303812501;-5,61065921085665;-5,62225021785504;-10,536537451225;-9,44246507450126;-6,41341979102222;-16,1050701691777;-11,9039710737268;-17,958603469274;-25,1241603258947;-42,2201109096562;-17,9934367568665;-15,1495215606078;-15,8921403085173;-20,6995455137417;-14,7704510396926;-19,5432018278614;2,68199219822906;1,52838389719892;1,55555567096163;0,906735395569924;0,505569093294629;0,505568510213577;0,542423295383888;0,645128743653648;0,999999654320567;0,839312184375599;0,686365732674007;0,484882772849465;0,338111817657018;-2,14551609259277;-2,4282524118668;-2,59869384510399;-3,05978324250474;-4,0610219701259;-3,99395385733955;-3,3217977374888;-2,72007905507952;-2,13829182353672;-1,18500861275905;-1,85736416666674;-2,23882456322202;-2,86260508058283;-5,02140762454537;-5,09729664790047;-4,06960428105759;-3,34524631734356;-2,65932913921636;0,0616023919182442;0,0160928837337721;0,0388562224715487;0,0179218411707625;0,0385225292945519;0,00612082035677787;0,015699196058898;0,00918210322227181;-3;-3;1;0,979193999296168;1;-3;-3;0,35019311838587497;1;1;-13174,5933573241;NA;All
770;1,88304088315069;2,84254900688767;2,29896849114977;2,50980797761203;2,71397452471025;2,28043562394877;2,41260264278576;2,44819771007298;2,45700793771892;1,97913013422064;1,92132520506502;1,63046728101526;1,43501376778664;4,90550357958464;1,52473550763761;1,76609058341847;1,91673558388257;1,51866759986513;1,93717807202571;1,61222558828219;-21,2493949166985;-3,79008603045278;-7,20969029393746;-8,51566303812501;-5,61065921085665;-5,62225021785504;-10,536537451225;-9,44246507450126;-6,41341979102222;-16,1050701691777;-11,9039710737268;-17,958603469274;-25,1241603258947;-42,2201109096562;-17,9934367568665;-15,1495215606078;-15,8921403085173;-20,6995455137417;-14,7704510396926;-19,5432018278614;2,68199219822906;1,52838389719892;1,55555567096163;0,906735395569924;0,505569093294629;0,505568510213577;0,542423295383888;0,645128743653648;0,999999654320567;0,839312184375599;0,686365732674007;0,484882772849465;0,338111817657018;-2,14551609259277;-2,4282524118668;-2,59869384510399;-3,05978324250474;-4,0610219701259;-3,99395385733955;-3,3217977374888;-2,72007905507952;-2,13829182353672;-1,18500861275905;-1,85736416666674;-2,23882456322202;-2,86260508058283;-5,02140762454537;-5,09729664790047;-4,06960428105759;-3,34524631734356;-2,65932913921636;0,0616023919182442;0,0160928837337721;0,0388562224715487;0,0179218411707625;0,0385225292945519;0,00612082035677787;0,015699196058898;0,00918210322227181;-3;-3;1;0,969858067805320;1;-3;-3;0,30061290712307470;1;1;-13174,8287478473;NA;All
780;1,88304088315069;2,84254900688767;2,29896849114977;2,50980797761203;2,71397452471025;2,28043562394877;2,41260264278576;2,44819771007298;2,45700793771892;1,97913013422064;1,92132520506502;1,63046728101526;1,43501376778664;4,90550357958464;1,52473550763761;1,76609058341847;1,91673558388257;1,51866759986513;1,93717807202571;1,61222558828219;-21,2493949166985;-3,79008603045278;-7,20969029393746;-8,51566303812501;-5,61065921085665;-5,62225021785504;-10,536537451225;-9,44246507450126;-6,41341979102222;-16,1050701691777;-11,9039710737268;-17,958603469274;-25,1241603258947;-42,2201109096562;-17,9934367568665;-15,1495215606078;-15,8921403085173;-20,6995455137417;-14,7704510396926;-19,5432018278614;2,68199219822906;1,52838389719892;1,55555567096163;0,906735395569924;0,505569093294629;0,505568510213577;0,542423295383888;0,645128743653648;0,999999654320567;0,839312184375599;0,686365732674007;0,484882772849465;0,338111817657018;-2,14551609259277;-2,4282524118668;-2,59869384510399;-3,05978324250474;-4,0610219701259;-3,99395385733955;-3,3217977374888;-2,72007905507952;-2,13829182353672;-1,18500861275905;-1,85736416666674;-2,23882456322202;-2,86260508058283;-5,02140762454537;-5,09729664790047;-4,06960428105759;-3,34524631734356;-2,65932913921636;0,0616023919182442;0,0160928837337721;0,0388562224715487;0,0179218411707625;0,0385225292945519;0,00612082035677787;0,015699196058898;0,00918210322227181;-3;-3;1;0,960356245626567;1;-3;-3;0,27774839347318608;1;1;-13175,0757261490;NA;All
790;1,88304088315069;2,84254900688767;2,29896849114977;2,50980797761203;2,71397452471025;2,28043562394877;2,41260264278576;2,44819771007298;2,45700793771892;1,97913013422064;1,92132520506502;1,63046728101526;1,43501376778664;4,90550357958464;1,52473550763761;1,76609058341847;1,91673558388257;1,51866759986513;1,93717807202571;1,61222558828219;-21,2493949166985;-3,79008603045278;-7,20969029393746;-8,51566303812501;-5,61065921085665;-5,62225021785504;-10,536537451225;-9,44246507450126;-6,41341979102222;-16,1050701691777;-11,9039710737268;-17,958603469274;-25,1241603258947;-42,2201109096562;-17,9934367568665;-15,1495215606078;-15,8921403085173;-20,6995455137417;-14,7704510396926;-19,5432018278614;2,68199219822906;1,52838389719892;1,55555567096163;0,906735395569924;0,505569093294629;0,505568510213577;0,542423295383888;0,645128743653648;0,999999654320567;0,839312184375599;0,686365732674007;0,484882772849465;0,338111817657018;-2,14551609259277;-2,4282524118668;-2,59869384510399;-3,05978324250474;-4,0610219701259;-3,99395385733955;-3,3217977374888;-2,72007905507952;-2,13829182353672;-1,18500861275905;-1,85736416666674;-2,23882456322202;-2,86260508058283;-5,02140762454537;-5,09729664790047;-4,06960428105759;-3,34524631734356;-2,65932913921636;0,0616023919182442;0,0160928837337721;0,0388562224715487;0,0179218411707625;0,0385225292945519;0,00612082035677787;0,015699196058898;0,00918210322227181;-3;-3;1;0,983323771029555;1;-3;-3;0,17172893679584089;1;1;-13175,2766331865;NA;All
800;1,88304088315069;2,84254900688767;2,29896849114977;2,50980797761203;2,71397452471025;2,28043562394877;2,41260264278576;2,44819771007298;2,45700793771892;1,97913013422064;1,92132520506502;1,63046728101526;1,43501376778664;4,90550357958464;1,52473550763761;1,76609058341847;1,91673558388257;1,51866759986513;1,93717807202571;1,61222558828219;-21,2493949166985;-3,79008603045278;-7,20969029393746;-8,51566303812501;-5,61065921085665;-5,62225021785504;-10,536537451225;-9,44246507450126;-6,41341979102222;-16,1050701691777;-11,9039710737268;-17,958603469274;-25,1241603258947;-42,2201109096562;-17,9934367568665;-15,1495215606078;-15,8921403085173;-20,6995455137417;-14,7704510396926;-19,5432018278614;2,68199219822906;1,52838389719892;1,55555567096163;0,906735395569924;0,505569093294629;0,505568510213577;0,542423295383888;0,645128743653648;0,999999654320567;0,839312184375599;0,686365732674007;0,484882772849465;0,338111817657018;-2,14551609259277;-2,4282524118668;-2,59869384510399;-3,05978324250474;-4,0610219701259;-3,99395385733955;-3,3217977374888;-2,72007905507952;-2,13829182353672;-1,18500861275905;-1,85736416666674;-2,23882456322202;-2,86260508058283;-5,02140762454537;-5,09729664790047;-4,06960428105759;-3,34524631734356;-2,65932913921636;0,0616023919182442;0,0160928837337721;0,0388562224715487;0,0179218411707625;0,0385225292945519;0,00612082035677787;0,015699196058898;0,00918210322227181;-3;-3;1;0,979518480100315;1;-3;-3;0,44374408547490429;1;1;-13174,5800357273;NA;All
810;1,88304088315069;2,84254900688767;2,29896849114977;2,50980797761203;2,71397452471025;2,28043562394877;2,41260264278576;2,44819771007298;2,45700793771892;1,97913013422064;1,92132520506502;1,63046728101526;1,43501376778664;4,90550357958464;1,52473550763761;1,76609058341847;1,91673558388257;1,51866759986513;1,93717807202571;1,61222558828219;-21,2493949166985;-3,79008603045278;-7,20969029393746;-8,51566303812501;-5,61065921085665;-5,62225021785504;-10,536537451225;-9,44246507450126;-6,41341979102222;-16,1050701691777;-11,9039710737268;-17,958603469274;-25,1241603258947;-42,2201109096562;-17,9934367568665;-15,1495215606078;-15,8921403085173;-20,6995455137417;-14,7704510396926;-19,5432018278614;2,68199219822906;1,52838389719892;1,55555567096163;0,906735395569924;0,505569093294629;0,505568510213577;0,542423295383888;0,645128743653648;0,999999654320567;0,839312184375599;0,686365732674007;0,484882772849465;0,338111817657018;-2,14551609259277;-2,4282524118668;-2,59869384510399;-3,05978324250474;-4,0610219701259;-3,99395385733955;-3,3217977374888;-2,72007905507952;-2,13829182353672;-1,18500861275905;-1,85736416666674;-2,23882456322202;-2,86260508058283;-5,02140762454537;-5,09729664790047;-4,06960428105759;-3,34524631734356;-2,65932913921636;0,0616023919182442;0,0160928837337721;0,0388562224715487;0,0179218411707625;0,0385225292945519;0,00612082035677787;0,015699196058898;0,00918210322227181;-3;-3;1;1,038143312406959;1;-3;-3;0,32547628043742760;1;1;-13174,8240078370;NA;All
820;1,88304088315069;2,84254900688767;2,29896849114977;2,50980797761203;2,71397452471025;2,28043562394877;2,41260264278576;2,44819771007298;2,45700793771892;1,97913013422064;1,92132520506502;1,63046728101526;1,43501376778664;4,90550357958464;1,52473550763761;1,76609058341847;1,91673558388257;1,51866759986513;1,93717807202571;1,61222558828219;-21,2493949166985;-3,79008603045278;-7,20969029393746;-8,51566303812501;-5,61065921085665;-5,62225021785504;-10,536537451225;-9,44246507450126;-6,41341979102222;-16,1050701691777;-11,9039710737268;-17,958603469274;-25,1241603258947;-42,2201109096562;-17,9934367568665;-15,1495215606078;-15,8921403085173;-20,6995455137417;-14,7704510396926;-19,5432018278614;2,68199219822906;1,52838389719892;1,55555567096163;0,906735395569924;0,505569093294629;0,505568510213577;0,542423295383888;0,645128743653648;0,999999654320567;0,839312184375599;0,686365732674007;0,484882772849465;0,338111817657018;-2,14551609259277;-2,4282524118668;-2,59869384510399;-3,05978324250474;-4,0610219701259;-3,99395385733955;-3,3217977374888;-2,72007905507952;-2,13829182353672;-1,18500861275905;-1,85736416666674;-2,23882456322202;-2,86260508058283;-5,02140762454537;-5,09729664790047;-4,06960428105759;-3,34524631734356;-2,65932913921636;0,0616023919182442;0,0160928837337721;0,0388562224715487;0,0179218411707625;0,0385225292945519;0,00612082035677787;0,015699196058898;0,00918210322227181;-3;-3;1;0,945971933360704;1;-3;-3;0,47755801616081422;1;1;-13175,2930322257;NA;All
830;1,88304088315069;2,84254900688767;2,29896849114977;2,50980797761203;2,71397452471025;2,28043562394877;2,41260264278576;2,44819771007298;2,45700793771892;1,97913013422064;1,92132520506502;1,63046728101526;1,43501376778664;4,90550357958464;1,52473550763761;1,76609058341847;1,91673558388257;1,51866759986513;1,93717807202571;1,61222558828219;-21,2493949166985;-3,79008603045278;-7,20969029393746;-8,51566303812501;-5,61065921085665;-5,62225021785504;-10,536537451225;-9,44246507450126;-6,41341979102222;-16,1050701691777;-11,9039710737268;-17,958603469274;-25,1241603258947;-42,2201109096562;-17,9934367568665;-15,1495215606078;-15,8921403085173;-20,6995455137417;-14,7704510396926;-19,5432018278614;2,68199219822906;1,52838389719892;1,55555567096163;0,906735395569924;0,505569093294629;0,505568510213577;0,542423295383888;0,645128743653648;0,999999654320567;0,839312184375599;0,686365732674007;0,484882772849465;0,338111817657018;-2,14551609259277;-2,4282524118668;-2,59869384510399;-3,05978324250474;-4,0610219701259;-3,99395385733955;-3,3217977374888;-2,72007905507952;-2,13829182353672;-1,18500861275905;-1,85736416666674;-2,23882456322202;-2,86260508058283;-5,02140762454537;-5,09729664790047;-4,06960428105759;-3,34524631734356;-2,65932913921636;0,0616023919182442;0,0160928837337721;0,0388562224715487;0,0179218411707625;0,0385225292945519;0,00612082035677787;0,015699196058898;0,00918210322227181;-3;-3;1;1,032635098957556;1;-3;-3;0,43197942873391848;1;1;-13174,7003890606;NA;All
840;1,88304088315069;2,84254900688767;2,29896849114977;2,50980797761203;2,71397452471025;2,28043562394877;2,41260264278576;2,44819771007298;2,45700793771892;1,97913013422064;1,92132520506502;1,63046728101526;1,43501376778664;4,90550357958464;1,52473550763761;1,76609058341847;1,91673558388257;1,51866759986513;1,93717807202571;1,61222558828219;-21,2493949166985;-3,79008603045278;-7,20969029393746;-8,51566303812501;-5,61065921085665;-5,62225021785504;-10,536537451225;-9,44246507450126;-6,41341979102222;-16,1050701691777;-11,9039710737268;-17,958603469274;-25,1241603258947;-42,2201109096562;-17,9934367568665;-15,1495215606078;-15,8921403085173;-20,6995455137417;-14,7704510396926;-19,5432018278614;2,68199219822906;1,52838389719892;1,55555567096163;0,906735395569924;0,505569093294629;0,505568510213577;0,542423295383888;0,645128743653648;0,999999654320567;0,839312184375599;0,686365732674007;0,484882772849465;0,338111817657018;-2,14551609259277;-2,4282524118668;-2,59869384510399;-3,05978324250474;-4,0610219701259;-3,99395385733955;-3,3217977374888;-2,72007905507952;-2,13829182353672;-1,18500861275905;-1,85736416666674;-2,23882456322202;-2,86260508058283;-5,02140762454537;-5,09729664790047;-4,06960428105759;-3,34524631734356;-2,65932913921636;0,0616023919182442;0,0160928837337721;0,0388562224715487;0,0179218411707625;0,0385225292945519;0,00612082035677787;0,015699196058898;0,00918210322227181;-3;-3;1;1,036008898472159;1;-3;-3;0,33609448676419329;1;1;-13174,7696334027;NA;All
850;1,88304088315069;2,84254900688767;2,29896849114977;2,50980797761203;2,71397452471025;2,28043562394877;2,41260264278576;2,44819771007298;2,45700793771892;1,97913013422064;1,92132520506502;1,63046728101526;1,43501376778664;4,90550357958464;1,52473550763761;1,76609058341847;1,91673558388257;1,51866759986513;1,93717807202571;1,61222558828219;-21,2493949166985;-3,79008603045278;-7,20969029393746;-8,51566303812501;-5,61065921085665;-5,62225021785504;-10,536537451225;-9,44246507450126;-6,41341979102222;-16,1050701691777;-11,9039710737268;-17,958603469274;-25,1241603258947;-42,2201109096562;-17,9934367568665;-15,1495215606078;-15,8921403085173;-20,6995455137417;-14,7704510396926;-19,5432018278614;2,68199219822906;1,52838389719892;1,55555567096163;0,906735395569924;0,505569093294629;0,505568510213577;0,542423295383888;0,645128743653648;0,999999654320567;0,839312184375599;0,686365732674007;0,484882772849465;0,338111817657018;-2,14551609259277;-2,4282524118668;-2,59869384510399;-3,05978324250474;-4,0610219701259;-3,99395385733955;-3,3217977374888;-2,72007905507952;-2,13829182353672;-1,18500861275905;-1,85736416666674;-2,23882456322202;-2,86260508058283;-5,02140762454537;-5,09729664790047;-4,06960428105759;-3,34524631734356;-2,65932913921636;0,0616023919182442;0,0160928837337721;0,0388562224715487;0,0179218411707625;0,0385225292945519;0,00612082035677787;0,015699196058898;0,00918210322227181;-3;-3;1;1,074032270641740;1;-3;-3;0,41210840836890522;1;1;-13175,7614537629;NA;All
860;1,88304088315069;2,84254900688767;2,29896849114977;2,50980797761203;2,71397452471025;2,28043562394877;2,41260264278576;2,44819771007298;2,45700793771892;1,97913013422064;1,92132520506502;1,63046728101526;1,43501376778664;4,90550357958464;1,52473550763761;1,76609058341847;1,91673558388257;1,51866759986513;1,93717807202571;1,61222558828219;-21,2493949166985;-3,79008603045278;-7,20969029393746;-8,51566303812501;-5,61065921085665;-5,62225021785504;-10,536537451225;-9,44246507450126;-6,41341979102222;-16,1050701691777;-11,9039710737268;-17,958603469274;-25,1241603258947;-42,2201109096562;-17,9934367568665;-15,1495215606078;-15,8921403085173;-20,6995455137417;-14,7704510396926;-19,5432018278614;2,68199219822906;1,52838389719892;1,55555567096163;0,906735395569924;0,505569093294629;0,505568510213577;0,542423295383888;0,645128743653648;0,999999654320567;0,839312184375599;0,686365732674007;0,484882772849465;0,338111817657018;-2,14551609259277;-2,4282524118668;-2,59869384510399;-3,05978324250474;-4,0610219701259;-3,99395385733955;-3,3217977374888;-2,72007905507952;-2,13829182353672;-1,18500861275905;-1,85736416666674;-2,23882456322202;-2,86260508058283;-5,02140762454537;-5,09729664790047;-4,06960428105759;-3,34524631734356;-2,65932913921636;0,0616023919182442;0,0160928837337721;0,0388562224715487;0,0179218411707625;0,0385225292945519;0,00612082035677787;0,015699196058898;0,00918210322227181;-3;-3;1;0,996810958231671;1;-3;-3;0,50382156304865289;1;1;-13174,5985003082;NA;All
870;1,88304088315069;2,84254900688767;2,29896849114977;2,50980797761203;2,71397452471025;2,28043562394877;2,41260264278576;2,44819771007298;2,45700793771892;1,97913013422064;1,92132520506502;1,63046728101526;1,43501376778664;4,90550357958464;1,52473550763761;1,76609058341847;1,91673558388257;1,51866759986513;1,93717807202571;1,61222558828219;-21,2493949166985;-3,79008603045278;-7,20969029393746;-8,51566303812501;-5,61065921085665;-5,62225021785504;-10,536537451225;-9,44246507450126;-6,41341979102222;-16,1050701691777;-11,9039710737268;-17,958603469274;-25,1241603258947;-42,2201109096562;-17,9934367568665;-15,1495215606078;-15,8921403085173;-20,6995455137417;-14,7704510396926;-19,5432018278614;2,68199219822906;1,52838389719892;1,55555567096163;0,906735395569924;0,505569093294629;0,505568510213577;0,542423295383888;0,645128743653648;0,999999654320567;0,839312184375599;0,686365732674007;0,484882772849465;0,338111817657018;-2,14551609259277;-2,4282524118668;-2,59869384510399;-3,05978324250474;-4,0610219701259;-3,99395385733955;-3,3217977374888;-2,72007905507952;-2,13829182353672;-1,18500861275905;-1,85736416666674;-2,23882456322202;-2,86260508058283;-5,02140762454537;-5,09729664790047;-4,06960428105759;-3,34524631734356;-2,65932913921636;0,0616023919182442;0,0160928837337721;0,0388562224715487;0,0179218411707625;0,0385225292945519;0,00612082035677787;0,015699196058898;0,00918210322227181;-3;-3;1;1,043657280094354;1;-3;-3;0,49171161749369158;1;1;-13175,0408305592;NA;All
880;1,88304088315069;2,84254900688767;2,29896849114977;2,50980797761203;2,71397452471025;2,28043562394877;2,41260264278576;2,44819771007298;2,45700793771892;1,97913013422064;1,92132520506502;1,63046728101526;1,43501376778664;4,90550357958464;1,52473550763761;1,76609058341847;1,91673558388257;1,51866759986513;1,93717807202571;1,61222558828219;-21,2493949166985;-3,79008603045278;-7,20969029393746;-8,51566303812501;-5,61065921085665;-5,62225021785504;-10,536537451225;-9,44246507450126;-6,41341979102222;-16,1050701691777;-11,9039710737268;-17,958603469274;-25,1241603258947;-42,2201109096562;-17,9934367568665;-15,1495215606078;-15,8921403085173;-20,6995455137417;-14,7704510396926;-19,5432018278614;2,68199219822906;1,52838389719892;1,55555567096163;0,906735395569924;0,505569093294629;0,505568510213577;0,542423295383888;0,645128743653648;0,999999654320567;0,839312184375599;0,686365732674007;0,484882772849465;0,338111817657018;-2,14551609259277;-2,4282524118668;-2,59869384510399;-3,05978324250474;-4,0610219701259;-3,99395385733955;-3,3217977374888;-2,72007905507952;-2,13829182353672;-1,18500861275905;-1,85736416666674;-2,23882456322202;-2,86260508058283;-5,02140762454537;-5,09729664790047;-4,06960428105759;-3,34524631734356;-2,65932913921636;0,0616023919182442;0,0160928837337721;0,0388562224715487;0,0179218411707625;0,0385225292945519;0,00612082035677787;0,015699196058898;0,00918210322227181;-3;-3;1;0,982293675831988;1;-3;-3;0,53564040747375907;1;1;-13174,7895090844;NA;All
890;1,88304088315069;2,84254900688767;2,29896849114977;2,50980797761203;2,71397452471025;2,28043562394877;2,41260264278576;2,44819771007298;2,45700793771892;1,97913013422064;1,92132520506502;1,63046728101526;1,43501376778664;4,90550357958464;1,52473550763761;1,76609058341847;1,91673558388257;1,51866759986513;1,93717807202571;1,61222558828219;-21,2493949166985;-3,79008603045278;-7,20969029393746;-8,51566303812501;-5,61065921085665;-5,62225021785504;-10,536537451225;-9,44246507450126;-6,41341979102222;-16,1050701691777;-11,9039710737268;-17,958603469274;-25,1241603258947;-42,2201109096562;-17,9934367568665;-15,1495215606078;-15,8921403085173;-20,6995455137417;-14,7704510396926;-19,5432018278614;2,68199219822906;1,52838389719892;1,55555567096163;0,906735395569924;0,505569093294629;0,505568510213577;0,542423295383888;0,645128743653648;0,999999654320567;0,839312184375599;0,686365732674007;0,484882772849465;0,338111817657018;-2,14551609259277;-2,4282524118668;-2,59869384510399;-3,05978324250474;-4,0610219701259;-3,99395385733955;-3,3217977374888;-2,72007905507952;-2,13829182353672;-1,18500861275905;-1,85736416666674;-2,23882456322202;-2,86260508058283;-5,02140762454537;-5,09729664790047;-4,06960428105759;-3,34524631734356;-2,65932913921636;0,0616023919182442;0,0160928837337721;0,0388562224715487;0,0179218411707625;0,0385225292945519;0,00612082035677787;0,015699196058898;0,00918210322227181;-3;-3;1;1,024818424565702;1;-3;-3;0,33741149826069028;1;1;-13174,6121911886;NA;All
900;1,88304088315069;2,84254900688767;2,29896849114977;2,50980797761203;2,71397452471025;2,28043562394877;2,41260264278576;2,44819771007298;2,45700793771892;1,97913013422064;1,92132520506502;1,63046728101526;1,43501376778664;4,90550357958464;1,52473550763761;1,76609058341847;1,91673558388257;1,51866759986513;1,93717807202571;1,61222558828219;-21,2493949166985;-3,79008603045278;-7,20969029393746;-8,51566303812501;-5,61065921085665;-5,62225021785504;-10,536537451225;-9,44246507450126;-6,41341979102222;-16,1050701691777;-11,9039710737268;-17,958603469274;-25,1241603258947;-42,2201109096562;-17,9934367568665;-15,1495215606078;-15,8921403085173;-20,6995455137417;-14,7704510396926;-19,5432018278614;2,68199219822906;1,52838389719892;1,55555567096163;0,906735395569924;0,505569093294629;0,505568510213577;0,542423295383888;0,645128743653648;0,999999654320567;0,839312184375599;0,686365732674007;0,484882772849465;0,338111817657018;-2,14551609259277;-2,4282524118668;-2,59869384510399;-3,05978324250474;-4,0610219701259;-3,99395385733955;-3,3217977374888;-2,72007905507952;-2,13829182353672;-1,18500861275905;-1,85736416666674;-2,23882456322202;-2,86260508058283;-5,02140762454537;-5,09729664790047;-4,06960428105759;-3,34524631734356;-2,65932913921636;0,0616023919182442;0,0160928837337721;0,0388562224715487;0,0179218411707625;0,0385225292945519;0,00612082035677787;0,015699196058898;0,00918210322227181;-3;-3;1;0,992060908177973;1;-3;-3;0,16304691798801110;1;1;-13175,2703727252;NA;All
910;1,88304088315069;2,84254900688767;2,29896849114977;2,50980797761203;2,71397452471025;2,28043562394877;2,41260264278576;2,44819771007298;2,45700793771892;1,97913013422064;1,92132520506502;1,63046728101526;1,43501376778664;4,90550357958464;1,52473550763761;1,76609058341847;1,91673558388257;1,51866759986513;1,93717807202571;1,61222558828219;-21,2493949166985;-3,79008603045278;-7,20969029393746;-8,51566303812501;-5,61065921085665;-5,62225021785504;-10,536537451225;-9,44246507450126;-6,41341979102222;-16,1050701691777;-11,9039710737268;-17,958603469274;-25,1241603258947;-42,2201109096562;-17,9934367568665;-15,1495215606078;-15,8921403085173;-20,6995455137417;-14,7704510396926;-19,5432018278614;2,68199219822906;1,52838389719892;1,55555567096163;0,906735395569924;0,505569093294629;0,505568510213577;0,542423295383888;0,645128743653648;0,999999654320567;0,839312184375599;0,686365732674007;0,484882772849465;0,338111817657018;-2,14551609259277;-2,4282524118668;-2,59869384510399;-3,05978324250474;-4,0610219701259;-3,99395385733955;-3,3217977374888;-2,72007905507952;-2,13829182353672;-1,18500861275905;-1,85736416666674;-2,23882456322202;-2,86260508058283;-5,02140762454537;-5,09729664790047;-4,06960428105759;-3,34524631734356;-2,65932913921636;0,0616023919182442;0,0160928837337721;0,0388562224715487;0,0179218411707625;0,0385225292945519;0,00612082035677787;0,015699196058898;0,00918210322227181;-3;-3;1;1,092268438979756;1;-3;-3;0,34467743329027689;1;1;-13176,4723091417;NA;All
920;1,88304088315069;2,84254900688767;2,29896849114977;2,50980797761203;2,71397452471025;2,28043562394877;2,41260264278576;2,44819771007298;2,45700793771892;1,97913013422064;1,92132520506502;1,63046728101526;1,43501376778664;4,90550357958464;1,52473550763761;1,76609058341847;1,91673558388257;1,51866759986513;1,93717807202571;1,61222558828219;-21,2493949166985;-3,79008603045278;-7,20969029393746;-8,51566303812501;-5,61065921085665;-5,62225021785504;-10,536537451225;-9,44246507450126;-6,41341979102222;-16,1050701691777;-11,9039710737268;-17,958603469274;-25,1241603258947;-42,2201109096562;-17,9934367568665;-15,1495215606078;-15,8921403085173;-20,6995455137417;-14,7704510396926;-19,5432018278614;2,68199219822906;1,52838389719892;1,55555567096163;0,906735395569924;0,505569093294629;0,505568510213577;0,542423295383888;0,645128743653648;0,999999654320567;0,839312184375599;0,686365732674007;0,484882772849465;0,338111817657018;-2,14551609259277;-2,4282524118668;-2,59869384510399;-3,05978324250474;-4,0610219701259;-3,99395385733955;-3,3217977374888;-2,72007905507952;-2,13829182353672;-1,18500861275905;-1,85736416666674;-2,23882456322202;-2,86260508058283;-5,02140762454537;-5,09729664790047;-4,06960428105759;-3,34524631734356;-2,65932913921636;0,0616023919182442;0,0160928837337721;0,0388562224715487;0,0179218411707625;0,0385225292945519;0,00612082035677787;0,015699196058898;0,00918210322227181;-3;-3;1;0,988496941286749;1;-3;-3;0,27973894773710706;1;1;-13174,6844465556;NA;All
930;1,88304088315069;2,84254900688767;2,29896849114977;2,50980797761203;2,71397452471025;2,28043562394877;2,41260264278576;2,44819771007298;2,45700793771892;1,97913013422064;1,92132520506502;1,63046728101526;1,43501376778664;4,90550357958464;1,52473550763761;1,76609058341847;1,91673558388257;1,51866759986513;1,93717807202571;1,61222558828219;-21,2493949166985;-3,79008603045278;-7,20969029393746;-8,51566303812501;-5,61065921085665;-5,62225021785504;-10,536537451225;-9,44246507450126;-6,41341979102222;-16,1050701691777;-11,9039710737268;-17,958603469274;-25,1241603258947;-42,2201109096562;-17,9934367568665;-15,1495215606078;-15,8921403085173;-20,6995455137417;-14,7704510396926;-19,5432018278614;2,68199219822906;1,52838389719892;1,55555567096163;0,906735395569924;0,505569093294629;0,505568510213577;0,542423295383888;0,645128743653648;0,999999654320567;0,839312184375599;0,686365732674007;0,484882772849465;0,338111817657018;-2,14551609259277;-2,4282524118668;-2,59869384510399;-3,05978324250474;-4,0610219701259;-3,99395385733955;-3,3217977374888;-2,72007905507952;-2,13829182353672;-1,18500861275905;-1,85736416666674;-2,23882456322202;-2,86260508058283;-5,02140762454537;-5,09729664790047;-4,06960428105759;-3,34524631734356;-2,65932913921636;0,0616023919182442;0,0160928837337721;0,0388562224715487;0,0179218411707625;0,0385225292945519;0,00612082035677787;0,015699196058898;0,00918210322227181;-3;-3;1;1,018811459156061;1;-3;-3;0,22512671008821561;1;1;-13174,9262437910;NA;All
940;1,88304088315069;2,84254900688767;2,29896849114977;2,50980797761203;2,71397452471025;2,28043562394877;2,41260264278576;2,44819771007298;2,45700793771892;1,97913013422064;1,92132520506502;1,63046728101526;1,43501376778664;4,90550357958464;1,52473550763761;1,76609058341847;1,91673558388257;1,51866759986513;1,93717807202571;1,61222558828219;-21,2493949166985;-3,79008603045278;-7,20969029393746;-8,51566303812501;-5,61065921085665;-5,62225021785504;-10,536537451225;-9,44246507450126;-6,41341979102222;-16,1050701691777;-11,9039710737268;-17,958603469274;-25,1241603258947;-42,2201109096562;-17,9934367568665;-15,1495215606078;-15,8921403085173;-20,6995455137417;-14,7704510396926;-19,5432018278614;2,68199219822906;1,52838389719892;1,55555567096163;0,906735395569924;0,505569093294629;0,505568510213577;0,542423295383888;0,645128743653648;0,999999654320567;0,839312184375599;0,686365732674007;0,484882772849465;0,338111817657018;-2,14551609259277;-2,4282524118668;-2,59869384510399;-3,05978324250474;-4,0610219701259;-3,99395385733955;-3,3217977374888;-2,72007905507952;-2,13829182353672;-1,18500861275905;-1,85736416666674;-2,23882456322202;-2,86260508058283;-5,02140762454537;-5,09729664790047;-4,06960428105759;-3,34524631734356;-2,65932913921636;0,0616023919182442;0,0160928837337721;0,0388562224715487;0,0179218411707625;0,0385225292945519;0,00612082035677787;0,015699196058898;0,00918210322227181;-3;-3;1;1,000946450105258;1;-3;-3;0,23200593087004487;1;1;-13174,8356315428;NA;All
950;1,88304088315069;2,84254900688767;2,29896849114977;2,50980797761203;2,71397452471025;2,28043562394877;2,41260264278576;2,44819771007298;2,45700793771892;1,97913013422064;1,92132520506502;1,63046728101526;1,43501376778664;4,90550357958464;1,52473550763761;1,76609058341847;1,91673558388257;1,51866759986513;1,93717807202571;1,61222558828219;-21,2493949166985;-3,79008603045278;-7,20969029393746;-8,51566303812501;-5,61065921085665;-5,62225021785504;-10,536537451225;-9,44246507450126;-6,41341979102222;-16,1050701691777;-11,9039710737268;-17,958603469274;-25,1241603258947;-42,2201109096562;-17,9934367568665;-15,1495215606078;-15,8921403085173;-20,6995455137417;-14,7704510396926;-19,5432018278614;2,68199219822906;1,52838389719892;1,55555567096163;0,906735395569924;0,505569093294629;0,505568510213577;0,542423295383888;0,645128743653648;0,999999654320567;0,839312184375599;0,686365732674007;0,484882772849465;0,338111817657018;-2,14551609259277;-2,4282524118668;-2,59869384510399;-3,05978324250474;-4,0610219701259;-3,99395385733955;-3,3217977374888;-2,72007905507952;-2,13829182353672;-1,18500861275905;-1,85736416666674;-2,23882456322202;-2,86260508058283;-5,02140762454537;-5,09729664790047;-4,06960428105759;-3,34524631734356;-2,65932913921636;0,0616023919182442;0,0160928837337721;0,0388562224715487;0,0179218411707625;0,0385225292945519;0,00612082035677787;0,015699196058898;0,00918210322227181;-3;-3;1;1,024711023209252;1;-3;-3;0,40307399096462010;1;1;-13174,5686320209;NA;All
960;1,88304088315069;2,84254900688767;2,29896849114977;2,50980797761203;2,71397452471025;2,28043562394877;2,41260264278576;2,44819771007298;2,45700793771892;1,97913013422064;1,92132520506502;1,63046728101526;1,43501376778664;4,90550357958464;1,52473550763761;1,76609058341847;1,91673558388257;1,51866759986513;1,93717807202571;1,61222558828219;-21,2493949166985;-3,79008603045278;-7,20969029393746;-8,51566303812501;-5,61065921085665;-5,62225021785504;-10,536537451225;-9,44246507450126;-6,41341979102222;-16,1050701691777;-11,9039710737268;-17,958603469274;-25,1241603258947;-42,2201109096562;-17,9934367568665;-15,1495215606078;-15,8921403085173;-20,6995455137417;-14,7704510396926;-19,5432018278614;2,68199219822906;1,52838389719892;1,55555567096163;0,906735395569924;0,505569093294629;0,505568510213577;0,542423295383888;0,645128743653648;0,999999654320567;0,839312184375599;0,686365732674007;0,484882772849465;0,338111817657018;-2,14551609259277;-2,4282524118668;-2,59869384510399;-3,05978324250474;-4,0610219701259;-3,99395385733955;-3,3217977374888;-2,72007905507952;-2,13829182353672;-1,18500861275905;-1,85736416666674;-2,23882456322202;-2,86260508058283;-5,02140762454537;-5,09729664790047;-4,06960428105759;-3,34524631734356;-2,65932913921636;0,0616023919182442;0,0160928837337721;0,0388562224715487;0,0179218411707625;0,0385225292945519;0,00612082035677787;0,015699196058898;0,00918210322227181;-3;-3;1;1,034495745258738;1;-3;-3;0,28268841425234020;1;1;-13174,8708767471;NA;All
970;1,88304088315069;2,84254900688767;2,29896849114977;2,50980797761203;2,71397452471025;2,28043562394877;2,41260264278576;2,44819771007298;2,45700793771892;1,97913013422064;1,92132520506502;1,63046728101526;1,43501376778664;4,90550357958464;1,52473550763761;1,76609058341847;1,91673558388257;1,51866759986513;1,93717807202571;1,61222558828219;-21,2493949166985;-3,79008603045278;-7,20969029393746;-8,51566303812501;-5,61065921085665;-5,62225021785504;-10,536537451225;-9,44246507450126;-6,41341979102222;-16,1050701691777;-11,9039710737268;-17,958603469274;-25,1241603258947;-42,2201109096562;-17,9934367568665;-15,1495215606078;-15,8921403085173;-20,6995455137417;-14,7704510396926;-19,5432018278614;2,68199219822906;1,52838389719892;1,55555567096163;0,906735395569924;0,505569093294629;0,505568510213577;0,542423295383888;0,645128743653648;0,999999654320567;0,839312184375599;0,686365732674007;0,484882772849465;0,338111817657018;-2,14551609259277;-2,4282524118668;-2,59869384510399;-3,05978324250474;-4,0610219701259;-3,99395385733955;-3,3217977374888;-2,72007905507952;-2,13829182353672;-1,18500861275905;-1,85736416666674;-2,23882456322202;-2,86260508058283;-5,02140762454537;-5,09729664790047;-4,06960428105759;-3,34524631734356;-2,65932913921636;0,0616023919182442;0,0160928837337721;0,0388562224715487;0,0179218411707625;0,0385225292945519;0,00612082035677787;0,015699196058898;0,00918210322227181;-3;-3;1;0,955255108103671;1;-3;-3;0,43793767178585369;1;1;-13174,9883608389;NA;All
980;1,88304088315069;2,84254900688767;2,29896849114977;2,50980797761203;2,71397452471025;2,28043562394877;2,41260264278576;2,44819771007298;2,45700793771892;1,97913013422064;1,92132520506502;1,63046728101526;1,43501376778664;4,90550357958464;1,52473550763761;1,76609058341847;1,91673558388257;1,51866759986513;1,93717807202571;1,61222558828219;-21,2493949166985;-3,79008603045278;-7,20969029393746;-8,51566303812501;-5,61065921085665;-5,62225021785504;-10,536537451225;-9,44246507450126;-6,41341979102222;-16,1050701691777;-11,9039710737268;-17,958603469274;-25,1241603258947;-42,2201109096562;-17,9934367568665;-15,1495215606078;-15,8921403085173;-20,6995455137417;-14,7704510396926;-19,5432018278614;2,68199219822906;1,52838389719892;1,55555567096163;0,906735395569924;0,505569093294629;0,505568510213577;0,542423295383888;0,645128743653648;0,999999654320567;0,839312184375599;0,686365732674007;0,484882772849465;0,338111817657018;-2,14551609259277;-2,4282524118668;-2,59869384510399;-3,05978324250474;-4,0610219701259;-3,99395385733955;-3,3217977374888;-2,72007905507952;-2,13829182353672;-1,18500861275905;-1,85736416666674;-2,23882456322202;-2,86260508058283;-5,02140762454537;-5,09729664790047;-4,06960428105759;-3,34524631734356;-2,65932913921636;0,0616023919182442;0,0160928837337721;0,0388562224715487;0,0179218411707625;0,0385225292945519;0,00612082035677787;0,015699196058898;0,00918210322227181;-3;-3;1;1,037953351250734;1;-3;-3;0,56147507997202051;1;1;-13175,2065321644;NA;All
990;1,88304088315069;2,84254900688767;2,29896849114977;2,50980797761203;2,71397452471025;2,28043562394877;2,41260264278576;2,44819771007298;2,45700793771892;1,97913013422064;1,92132520506502;1,63046728101526;1,43501376778664;4,90550357958464;1,52473550763761;1,76609058341847;1,91673558388257;1,51866759986513;1,93717807202571;1,61222558828219;-21,2493949166985;-3,79008603045278;-7,20969029393746;-8,51566303812501;-5,61065921085665;-5,62225021785504;-10,536537451225;-9,44246507450126;-6,41341979102222;-16,1050701691777;-11,9039710737268;-17,958603469274;-25,1241603258947;-42,2201109096562;-17,9934367568665;-15,1495215606078;-15,8921403085173;-20,6995455137417;-14,7704510396926;-19,5432018278614;2,68199219822906;1,52838389719892;1,55555567096163;0,906735395569924;0,505569093294629;0,505568510213577;0,542423295383888;0,645128743653648;0,999999654320567;0,839312184375599;0,686365732674007;0,484882772849465;0,338111817657018;-2,14551609259277;-2,4282524118668;-2,59869384510399;-3,05978324250474;-4,0610219701259;-3,99395385733955;-3,3217977374888;-2,72007905507952;-2,13829182353672;-1,18500861275905;-1,85736416666674;-2,23882456322202;-2,86260508058283;-5,02140762454537;-5,09729664790047;-4,06960428105759;-3,34524631734356;-2,65932913921636;0,0616023919182442;0,0160928837337721;0,0388562224715487;0,0179218411707625;0,0385225292945519;0,00612082035677787;0,015699196058898;0,00918210322227181;-3;-3;1;0,991732719218159;1;-3;-3;0,59720851595491919;1;1;-13175,0231894189;NA;All
1000;1,88304088315069;2,84254900688767;2,29896849114977;2,50980797761203;2,71397452471025;2,28043562394877;2,41260264278576;2,44819771007298;2,45700793771892;1,97913013422064;1,92132520506502;1,63046728101526;1,43501376778664;4,90550357958464;1,52473550763761;1,76609058341847;1,91673558388257;1,51866759986513;1,93717807202571;1,61222558828219;-21,2493949166985;-3,79008603045278;-7,20969029393746;-8,51566303812501;-5,61065921085665;-5,62225021785504;-10,536537451225;-9,44246507450126;-6,41341979102222;-16,1050701691777;-11,9039710737268;-17,958603469274;-25,1241603258947;-42,2201109096562;-17,9934367568665;-15,1495215606078;-15,8921403085173;-20,6995455137417;-14,7704510396926;-19,5432018278614;2,68199219822906;1,52838389719892;1,55555567096163;0,906735395569924;0,505569093294629;0,505568510213577;0,542423295383888;0,645128743653648;0,999999654320567;0,839312184375599;0,686365732674007;0,484882772849465;0,338111817657018;-2,14551609259277;-2,4282524118668;-2,59869384510399;-3,05978324250474;-4,0610219701259;-3,99395385733955;-3,3217977374888;-2,72007905507952;-2,13829182353672;-1,18500861275905;-1,85736416666674;-2,23882456322202;-2,86260508058283;-5,02140762454537;-5,09729664790047;-4,06960428105759;-3,34524631734356;-2,65932913921636;0,0616023919182442;0,0160928837337721;0,0388562224715487;0,0179218411707625;0,0385225292945519;0,00612082035677787;0,015699196058898;0,00918210322227181;-3;-3;1;0,912788982190977;1;-3;-3;0,37108251437906470;1;1;-13176,4148769114;NA;All
1010;1,88304088315069;2,84254900688767;2,29896849114977;2,50980797761203;2,71397452471025;2,28043562394877;2,41260264278576;2,44819771007298;2,45700793771892;1,97913013422064;1,92132520506502;1,63046728101526;1,43501376778664;4,90550357958464;1,52473550763761;1,76609058341847;1,91673558388257;1,51866759986513;1,93717807202571;1,61222558828219;-21,2493949166985;-3,79008603045278;-7,20969029393746;-8,51566303812501;-5,61065921085665;-5,62225021785504;-10,536537451225;-9,44246507450126;-6,41341979102222;-16,1050701691777;-11,9039710737268;-17,958603469274;-25,1241603258947;-42,2201109096562;-17,9934367568665;-15,1495215606078;-15,8921403085173;-20,6995455137417;-14,7704510396926;-19,5432018278614;2,68199219822906;1,52838389719892;1,55555567096163;0,906735395569924;0,505569093294629;0,505568510213577;0,542423295383888;0,645128743653648;0,999999654320567;0,839312184375599;0,686365732674007;0,484882772849465;0,338111817657018;-2,14551609259277;-2,4282524118668;-2,59869384510399;-3,05978324250474;-4,0610219701259;-3,99395385733955;-3,3217977374888;-2,72007905507952;-2,13829182353672;-1,18500861275905;-1,85736416666674;-2,23882456322202;-2,86260508058283;-5,02140762454537;-5,09729664790047;-4,06960428105759;-3,34524631734356;-2,65932913921636;0,0616023919182442;0,0160928837337721;0,0388562224715487;0,0179218411707625;0,0385225292945519;0,00612082035677787;0,015699196058898;0,00918210322227181;-3;-3;1;0,938435279668620;1;-3;-3;0,21948205855829683;1;1;-13175,8927317346;NA;All
1020;1,88304088315069;2,84254900688767;2,29896849114977;2,50980797761203;2,71397452471025;2,28043562394877;2,41260264278576;2,44819771007298;2,45700793771892;1,97913013422064;1,92132520506502;1,63046728101526;1,43501376778664;4,90550357958464;1,52473550763761;1,76609058341847;1,91673558388257;1,51866759986513;1,93717807202571;1,61222558828219;-21,2493949166985;-3,79008603045278;-7,20969029393746;-8,51566303812501;-5,61065921085665;-5,62225021785504;-10,536537451225;-9,44246507450126;-6,41341979102222;-16,1050701691777;-11,9039710737268;-17,958603469274;-25,1241603258947;-42,2201109096562;-17,9934367568665;-15,1495215606078;-15,8921403085173;-20,6995455137417;-14,7704510396926;-19,5432018278614;2,68199219822906;1,52838389719892;1,55555567096163;0,906735395569924;0,505569093294629;0,505568510213577;0,542423295383888;0,645128743653648;0,999999654320567;0,839312184375599;0,686365732674007;0,484882772849465;0,338111817657018;-2,14551609259277;-2,4282524118668;-2,59869384510399;-3,05978324250474;-4,0610219701259;-3,99395385733955;-3,3217977374888;-2,72007905507952;-2,13829182353672;-1,18500861275905;-1,85736416666674;-2,23882456322202;-2,86260508058283;-5,02140762454537;-5,09729664790047;-4,06960428105759;-3,34524631734356;-2,65932913921636;0,0616023919182442;0,0160928837337721;0,0388562224715487;0,0179218411707625;0,0385225292945519;0,00612082035677787;0,015699196058898;0,00918210322227181;-3;-3;1;0,979911423723928;1;-3;-3;0,30829393367818964;1;1;-13174,6724218591;NA;All
1030;1,88304088315069;2,84254900688767;2,29896849114977;2,50980797761203;2,71397452471025;2,28043562394877;2,41260264278576;2,44819771007298;2,45700793771892;1,97913013422064;1,92132520506502;1,63046728101526;1,43501376778664;4,90550357958464;1,52473550763761;1,76609058341847;1,91673558388257;1,51866759986513;1,93717807202571;1,61222558828219;-21,2493949166985;-3,79008603045278;-7,20969029393746;-8,51566303812501;-5,61065921085665;-5,62225021785504;-10,536537451225;-9,44246507450126;-6,41341979102222;-16,1050701691777;-11,9039710737268;-17,958603469274;-25,1241603258947;-42,2201109096562;-17,9934367568665;-15,1495215606078;-15,8921403085173;-20,6995455137417;-14,7704510396926;-19,5432018278614;2,68199219822906;1,52838389719892;1,55555567096163;0,906735395569924;0,505569093294629;0,505568510213577;0,542423295383888;0,645128743653648;0,999999654320567;0,839312184375599;0,686365732674007;0,484882772849465;0,338111817657018;-2,14551609259277;-2,4282524118668;-2,59869384510399;-3,05978324250474;-4,0610219701259;-3,99395385733955;-3,3217977374888;-2,72007905507952;-2,13829182353672;-1,18500861275905;-1,85736416666674;-2,23882456322202;-2,86260508058283;-5,02140762454537;-5,09729664790047;-4,06960428105759;-3,34524631734356;-2,65932913921636;0,0616023919182442;0,0160928837337721;0,0388562224715487;0,0179218411707625;0,0385225292945519;0,00612082035677787;0,015699196058898;0,00918210322227181;-3;-3;1;0,982915737335051;1;-3;-3;0,15932405334211464;1;1;-13175,3652476936;NA;All
1040;1,88304088315069;2,84254900688767;2,29896849114977;2,50980797761203;2,71397452471025;2,28043562394877;2,41260264278576;2,44819771007298;2,45700793771892;1,97913013422064;1,92132520506502;1,63046728101526;1,43501376778664;4,90550357958464;1,52473550763761;1,76609058341847;1,91673558388257;1,51866759986513;1,93717807202571;1,61222558828219;-21,2493949166985;-3,79008603045278;-7,20969029393746;-8,51566303812501;-5,61065921085665;-5,62225021785504;-10,536537451225;-9,44246507450126;-6,41341979102222;-16,1050701691777;-11,9039710737268;-17,958603469274;-25,1241603258947;-42,2201109096562;-17,9934367568665;-15,1495215606078;-15,8921403085173;-20,6995455137417;-14,7704510396926;-19,5432018278614;2,68199219822906;1,52838389719892;1,55555567096163;0,906735395569924;0,505569093294629;0,505568510213577;0,542423295383888;0,645128743653648;0,999999654320567;0,839312184375599;0,686365732674007;0,484882772849465;0,338111817657018;-2,14551609259277;-2,4282524118668;-2,59869384510399;-3,05978324250474;-4,0610219701259;-3,99395385733955;-3,3217977374888;-2,72007905507952;-2,13829182353672;-1,18500861275905;-1,85736416666674;-2,23882456322202;-2,86260508058283;-5,02140762454537;-5,09729664790047;-4,06960428105759;-3,34524631734356;-2,65932913921636;0,0616023919182442;0,0160928837337721;0,0388562224715487;0,0179218411707625;0,0385225292945519;0,00612082035677787;0,015699196058898;0,00918210322227181;-3;-3;1;1,095160422147989;1;-3;-3;0,28889564560794950;1;1;-13176,6720381024;NA;All
1050;1,88304088315069;2,84254900688767;2,29896849114977;2,50980797761203;2,71397452471025;2,28043562394877;2,41260264278576;2,44819771007298;2,45700793771892;1,97913013422064;1,92132520506502;1,63046728101526;1,43501376778664;4,90550357958464;1,52473550763761;1,76609058341847;1,91673558388257;1,51866759986513;1,93717807202571;1,61222558828219;-21,2493949166985;-3,79008603045278;-7,20969029393746;-8,51566303812501;-5,61065921085665;-5,62225021785504;-10,536537451225;-9,44246507450126;-6,41341979102222;-16,1050701691777;-11,9039710737268;-17,958603469274;-25,1241603258947;-42,2201109096562;-17,9934367568665;-15,1495215606078;-15,8921403085173;-20,6995455137417;-14,7704510396926;-19,5432018278614;2,68199219822906;1,52838389719892;1,55555567096163;0,906735395569924;0,505569093294629;0,505568510213577;0,542423295383888;0,645128743653648;0,999999654320567;0,839312184375599;0,686365732674007;0,484882772849465;0,338111817657018;-2,14551609259277;-2,4282524118668;-2,59869384510399;-3,05978324250474;-4,0610219701259;-3,99395385733955;-3,3217977374888;-2,72007905507952;-2,13829182353672;-1,18500861275905;-1,85736416666674;-2,23882456322202;-2,86260508058283;-5,02140762454537;-5,09729664790047;-4,06960428105759;-3,34524631734356;-2,65932913921636;0,0616023919182442;0,0160928837337721;0,0388562224715487;0,0179218411707625;0,0385225292945519;0,00612082035677787;0,015699196058898;0,00918210322227181;-3;-3;1;1,002729172335662;1;-3;-3;0,65840754829845105;1;1;-13175,4182341620;NA;All
1060;1,88304088315069;2,84254900688767;2,29896849114977;2,50980797761203;2,71397452471025;2,28043562394877;2,41260264278576;2,44819771007298;2,45700793771892;1,97913013422064;1,92132520506502;1,63046728101526;1,43501376778664;4,90550357958464;1,52473550763761;1,76609058341847;1,91673558388257;1,51866759986513;1,93717807202571;1,61222558828219;-21,2493949166985;-3,79008603045278;-7,20969029393746;-8,51566303812501;-5,61065921085665;-5,62225021785504;-10,536537451225;-9,44246507450126;-6,41341979102222;-16,1050701691777;-11,9039710737268;-17,958603469274;-25,1241603258947;-42,2201109096562;-17,9934367568665;-15,1495215606078;-15,8921403085173;-20,6995455137417;-14,7704510396926;-19,5432018278614;2,68199219822906;1,52838389719892;1,55555567096163;0,906735395569924;0,505569093294629;0,505568510213577;0,542423295383888;0,645128743653648;0,999999654320567;0,839312184375599;0,686365732674007;0,484882772849465;0,338111817657018;-2,14551609259277;-2,4282524118668;-2,59869384510399;-3,05978324250474;-4,0610219701259;-3,99395385733955;-3,3217977374888;-2,72007905507952;-2,13829182353672;-1,18500861275905;-1,85736416666674;-2,23882456322202;-2,86260508058283;-5,02140762454537;-5,09729664790047;-4,06960428105759;-3,34524631734356;-2,65932913921636;0,0616023919182442;0,0160928837337721;0,0388562224715487;0,0179218411707625;0,0385225292945519;0,00612082035677787;0,015699196058898;0,00918210322227181;-3;-3;1;0,917573606251555;1;-3;-3;0,34936310721032665;1;1;-13176,2294242600;NA;All
1070;1,88304088315069;2,84254900688767;2,29896849114977;2,50980797761203;2,71397452471025;2,28043562394877;2,41260264278576;2,44819771007298;2,45700793771892;1,97913013422064;1,92132520506502;1,63046728101526;1,43501376778664;4,90550357958464;1,52473550763761;1,76609058341847;1,91673558388257;1,51866759986513;1,93717807202571;1,61222558828219;-21,2493949166985;-3,79008603045278;-7,20969029393746;-8,51566303812501;-5,61065921085665;-5,62225021785504;-10,536537451225;-9,44246507450126;-6,41341979102222;-16,1050701691777;-11,9039710737268;-17,958603469274;-25,1241603258947;-42,2201109096562;-17,9934367568665;-15,1495215606078;-15,8921403085173;-20,6995455137417;-14,7704510396926;-19,5432018278614;2,68199219822906;1,52838389719892;1,55555567096163;0,906735395569924;0,505569093294629;0,505568510213577;0,542423295383888;0,645128743653648;0,999999654320567;0,839312184375599;0,686365732674007;0,484882772849465;0,338111817657018;-2,14551609259277;-2,4282524118668;-2,59869384510399;-3,05978324250474;-4,0610219701259;-3,99395385733955;-3,3217977374888;-2,72007905507952;-2,13829182353672;-1,18500861275905;-1,85736416666674;-2,23882456322202;-2,86260508058283;-5,02140762454537;-5,09729664790047;-4,06960428105759;-3,34524631734356;-2,65932913921636;0,0616023919182442;0,0160928837337721;0,0388562224715487;0,0179218411707625;0,0385225292945519;0,00612082035677787;0,015699196058898;0,00918210322227181;-3;-3;1;0,933250278197247;1;-3;-3;0,53067424762449811;1;1;-13175,8552521500;NA;All
1080;1,88304088315069;2,84254900688767;2,29896849114977;2,50980797761203;2,71397452471025;2,28043562394877;2,41260264278576;2,44819771007298;2,45700793771892;1,97913013422064;1,92132520506502;1,63046728101526;1,43501376778664;4,90550357958464;1,52473550763761;1,76609058341847;1,91673558388257;1,51866759986513;1,93717807202571;1,61222558828219;-21,2493949166985;-3,79008603045278;-7,20969029393746;-8,51566303812501;-5,61065921085665;-5,62225021785504;-10,536537451225;-9,44246507450126;-6,41341979102222;-16,1050701691777;-11,9039710737268;-17,958603469274;-25,1241603258947;-42,2201109096562;-17,9934367568665;-15,1495215606078;-15,8921403085173;-20,6995455137417;-14,7704510396926;-19,5432018278614;2,68199219822906;1,52838389719892;1,55555567096163;0,906735395569924;0,505569093294629;0,505568510213577;0,542423295383888;0,645128743653648;0,999999654320567;0,839312184375599;0,686365732674007;0,484882772849465;0,338111817657018;-2,14551609259277;-2,4282524118668;-2,59869384510399;-3,05978324250474;-4,0610219701259;-3,99395385733955;-3,3217977374888;-2,72007905507952;-2,13829182353672;-1,18500861275905;-1,85736416666674;-2,23882456322202;-2,86260508058283;-5,02140762454537;-5,09729664790047;-4,06960428105759;-3,34524631734356;-2,65932913921636;0,0616023919182442;0,0160928837337721;0,0388562224715487;0,0179218411707625;0,0385225292945519;0,00612082035677787;0,015699196058898;0,00918210322227181;-3;-3;1;1,023479207008338;1;-3;-3;0,55457409255442291;1;1;-13174,9366921048;NA;All
1090;1,88304088315069;2,84254900688767;2,29896849114977;2,50980797761203;2,71397452471025;2,28043562394877;2,41260264278576;2,44819771007298;2,45700793771892;1,97913013422064;1,92132520506502;1,63046728101526;1,43501376778664;4,90550357958464;1,52473550763761;1,76609058341847;1,91673558388257;1,51866759986513;1,93717807202571;1,61222558828219;-21,2493949166985;-3,79008603045278;-7,20969029393746;-8,51566303812501;-5,61065921085665;-5,62225021785504;-10,536537451225;-9,44246507450126;-6,41341979102222;-16,1050701691777;-11,9039710737268;-17,958603469274;-25,1241603258947;-42,2201109096562;-17,9934367568665;-15,1495215606078;-15,8921403085173;-20,6995455137417;-14,7704510396926;-19,5432018278614;2,68199219822906;1,52838389719892;1,55555567096163;0,906735395569924;0,505569093294629;0,505568510213577;0,542423295383888;0,645128743653648;0,999999654320567;0,839312184375599;0,686365732674007;0,484882772849465;0,338111817657018;-2,14551609259277;-2,4282524118668;-2,59869384510399;-3,05978324250474;-4,0610219701259;-3,99395385733955;-3,3217977374888;-2,72007905507952;-2,13829182353672;-1,18500861275905;-1,85736416666674;-2,23882456322202;-2,86260508058283;-5,02140762454537;-5,09729664790047;-4,06960428105759;-3,34524631734356;-2,65932913921636;0,0616023919182442;0,0160928837337721;0,0388562224715487;0,0179218411707625;0,0385225292945519;0,00612082035677787;0,015699196058898;0,00918210322227181;-3;-3;1;0,954952976230674;1;-3;-3;0,46681584200141463;1;1;-13175,0389074562;NA;All
1100;1,88304088315069;2,84254900688767;2,29896849114977;2,50980797761203;2,71397452471025;2,28043562394877;2,41260264278576;2,44819771007298;2,45700793771892;1,97913013422064;1,92132520506502;1,63046728101526;1,43501376778664;4,90550357958464;1,52473550763761;1,76609058341847;1,91673558388257;1,51866759986513;1,93717807202571;1,61222558828219;-21,2493949166985;-3,79008603045278;-7,20969029393746;-8,51566303812501;-5,61065921085665;-5,62225021785504;-10,536537451225;-9,44246507450126;-6,41341979102222;-16,1050701691777;-11,9039710737268;-17,958603469274;-25,1241603258947;-42,2201109096562;-17,9934367568665;-15,1495215606078;-15,8921403085173;-20,6995455137417;-14,7704510396926;-19,5432018278614;2,68199219822906;1,52838389719892;1,55555567096163;0,906735395569924;0,505569093294629;0,505568510213577;0,542423295383888;0,645128743653648;0,999999654320567;0,839312184375599;0,686365732674007;0,484882772849465;0,338111817657018;-2,14551609259277;-2,4282524118668;-2,59869384510399;-3,05978324250474;-4,0610219701259;-3,99395385733955;-3,3217977374888;-2,72007905507952;-2,13829182353672;-1,18500861275905;-1,85736416666674;-2,23882456322202;-2,86260508058283;-5,02140762454537;-5,09729664790047;-4,06960428105759;-3,34524631734356;-2,65932913921636;0,0616023919182442;0,0160928837337721;0,0388562224715487;0,0179218411707625;0,0385225292945519;0,00612082035677787;0,015699196058898;0,00918210322227181;-3;-3;1;0,994528443486273;1;-3;-3;0,38416317787398963;1;1;-13174,4473590915;NA;All
1110;1,88304088315069;2,84254900688767;2,29896849114977;2,50980797761203;2,71397452471025;2,28043562394877;2,41260264278576;2,44819771007298;2,45700793771892;1,97913013422064;1,92132520506502;1,63046728101526;1,43501376778664;4,90550357958464;1,52473550763761;1,76609058341847;1,91673558388257;1,51866759986513;1,93717807202571;1,61222558828219;-21,2493949166985;-3,79008603045278;-7,20969029393746;-8,51566303812501;-5,61065921085665;-5,62225021785504;-10,536537451225;-9,44246507450126;-6,41341979102222;-16,1050701691777;-11,9039710737268;-17,958603469274;-25,1241603258947;-42,2201109096562;-17,9934367568665;-15,1495215606078;-15,8921403085173;-20,6995455137417;-14,7704510396926;-19,5432018278614;2,68199219822906;1,52838389719892;1,55555567096163;0,906735395569924;0,505569093294629;0,505568510213577;0,542423295383888;0,645128743653648;0,999999654320567;0,839312184375599;0,686365732674007;0,484882772849465;0,338111817657018;-2,14551609259277;-2,4282524118668;-2,59869384510399;-3,05978324250474;-4,0610219701259;-3,99395385733955;-3,3217977374888;-2,72007905507952;-2,13829182353672;-1,18500861275905;-1,85736416666674;-2,23882456322202;-2,86260508058283;-5,02140762454537;-5,09729664790047;-4,06960428105759;-3,34524631734356;-2,65932913921636;0,0616023919182442;0,0160928837337721;0,0388562224715487;0,0179218411707625;0,0385225292945519;0,00612082035677787;0,015699196058898;0,00918210322227181;-3;-3;1;0,994528443486273;1;-3;-3;0,38416317787398963;1;1;-13174,4473590915;NA;All
1120;1,88304088315069;2,84254900688767;2,29896849114977;2,50980797761203;2,71397452471025;2,28043562394877;2,41260264278576;2,44819771007298;2,45700793771892;1,97913013422064;1,92132520506502;1,63046728101526;1,43501376778664;4,90550357958464;1,52473550763761;1,76609058341847;1,91673558388257;1,51866759986513;1,93717807202571;1,61222558828219;-21,2493949166985;-3,79008603045278;-7,20969029393746;-8,51566303812501;-5,61065921085665;-5,62225021785504;-10,536537451225;-9,44246507450126;-6,41341979102222;-16,1050701691777;-11,9039710737268;-17,958603469274;-25,1241603258947;-42,2201109096562;-17,9934367568665;-15,1495215606078;-15,8921403085173;-20,6995455137417;-14,7704510396926;-19,5432018278614;2,68199219822906;1,52838389719892;1,55555567096163;0,906735395569924;0,505569093294629;0,505568510213577;0,542423295383888;0,645128743653648;0,999999654320567;0,839312184375599;0,686365732674007;0,484882772849465;0,338111817657018;-2,14551609259277;-2,4282524118668;-2,59869384510399;-3,05978324250474;-4,0610219701259;-3,99395385733955;-3,3217977374888;-2,72007905507952;-2,13829182353672;-1,18500861275905;-1,85736416666674;-2,23882456322202;-2,86260508058283;-5,02140762454537;-5,09729664790047;-4,06960428105759;-3,34524631734356;-2,65932913921636;0,0616023919182442;0,0160928837337721;0,0388562224715487;0,0179218411707625;0,0385225292945519;0,00612082035677787;0,015699196058898;0,00918210322227181;-3;-3;1;0,945868741850375;1;-3;-3;0,37592759727243313;1;1;-13175,2164391683;NA;All
1130;1,88304088315069;2,84254900688767;2,29896849114977;2,50980797761203;2,71397452471025;2,28043562394877;2,41260264278576;2,44819771007298;2,45700793771892;1,97913013422064;1,92132520506502;1,63046728101526;1,43501376778664;4,90550357958464;1,52473550763761;1,76609058341847;1,91673558388257;1,51866759986513;1,93717807202571;1,61222558828219;-21,2493949166985;-3,79008603045278;-7,20969029393746;-8,51566303812501;-5,61065921085665;-5,62225021785504;-10,536537451225;-9,44246507450126;-6,41341979102222;-16,1050701691777;-11,9039710737268;-17,958603469274;-25,1241603258947;-42,2201109096562;-17,9934367568665;-15,1495215606078;-15,8921403085173;-20,6995455137417;-14,7704510396926;-19,5432018278614;2,68199219822906;1,52838389719892;1,55555567096163;0,906735395569924;0,505569093294629;0,505568510213577;0,542423295383888;0,645128743653648;0,999999654320567;0,839312184375599;0,686365732674007;0,484882772849465;0,338111817657018;-2,14551609259277;-2,4282524118668;-2,59869384510399;-3,05978324250474;-4,0610219701259;-3,99395385733955;-3,3217977374888;-2,72007905507952;-2,13829182353672;-1,18500861275905;-1,85736416666674;-2,23882456322202;-2,86260508058283;-5,02140762454537;-5,09729664790047;-4,06960428105759;-3,34524631734356;-2,65932913921636;0,0616023919182442;0,0160928837337721;0,0388562224715487;0,0179218411707625;0,0385225292945519;0,00612082035677787;0,015699196058898;0,00918210322227181;-3;-3;1;0,975683852034618;1;-3;-3;0,48841498040359665;1;1;-13174,7098892163;NA;All
1140;1,88304088315069;2,84254900688767;2,29896849114977;2,50980797761203;2,71397452471025;2,28043562394877;2,41260264278576;2,44819771007298;2,45700793771892;1,97913013422064;1,92132520506502;1,63046728101526;1,43501376778664;4,90550357958464;1,52473550763761;1,76609058341847;1,91673558388257;1,51866759986513;1,93717807202571;1,61222558828219;-21,2493949166985;-3,79008603045278;-7,20969029393746;-8,51566303812501;-5,61065921085665;-5,62225021785504;-10,536537451225;-9,44246507450126;-6,41341979102222;-16,1050701691777;-11,9039710737268;-17,958603469274;-25,1241603258947;-42,2201109096562;-17,9934367568665;-15,1495215606078;-15,8921403085173;-20,6995455137417;-14,7704510396926;-19,5432018278614;2,68199219822906;1,52838389719892;1,55555567096163;0,906735395569924;0,505569093294629;0,505568510213577;0,542423295383888;0,645128743653648;0,999999654320567;0,839312184375599;0,686365732674007;0,484882772849465;0,338111817657018;-2,14551609259277;-2,4282524118668;-2,59869384510399;-3,05978324250474;-4,0610219701259;-3,99395385733955;-3,3217977374888;-2,72007905507952;-2,13829182353672;-1,18500861275905;-1,85736416666674;-2,23882456322202;-2,86260508058283;-5,02140762454537;-5,09729664790047;-4,06960428105759;-3,34524631734356;-2,65932913921636;0,0616023919182442;0,0160928837337721;0,0388562224715487;0,0179218411707625;0,0385225292945519;0,00612082035677787;0,015699196058898;0,00918210322227181;-3;-3;1;0,979648680575541;1;-3;-3;0,49688477074867698;1;1;-13174,6859771024;NA;All
1150;1,88304088315069;2,84254900688767;2,29896849114977;2,50980797761203;2,71397452471025;2,28043562394877;2,41260264278576;2,44819771007298;2,45700793771892;1,97913013422064;1,92132520506502;1,63046728101526;1,43501376778664;4,90550357958464;1,52473550763761;1,76609058341847;1,91673558388257;1,51866759986513;1,93717807202571;1,61222558828219;-21,2493949166985;-3,79008603045278;-7,20969029393746;-8,51566303812501;-5,61065921085665;-5,62225021785504;-10,536537451225;-9,44246507450126;-6,41341979102222;-16,1050701691777;-11,9039710737268;-17,958603469274;-25,1241603258947;-42,2201109096562;-17,9934367568665;-15,1495215606078;-15,8921403085173;-20,6995455137417;-14,7704510396926;-19,5432018278614;2,68199219822906;1,52838389719892;1,55555567096163;0,906735395569924;0,505569093294629;0,505568510213577;0,542423295383888;0,645128743653648;0,999999654320567;0,839312184375599;0,686365732674007;0,484882772849465;0,338111817657018;-2,14551609259277;-2,4282524118668;-2,59869384510399;-3,05978324250474;-4,0610219701259;-3,99395385733955;-3,3217977374888;-2,72007905507952;-2,13829182353672;-1,18500861275905;-1,85736416666674;-2,23882456322202;-2,86260508058283;-5,02140762454537;-5,09729664790047;-4,06960428105759;-3,34524631734356;-2,65932913921636;0,0616023919182442;0,0160928837337721;0,0388562224715487;0,0179218411707625;0,0385225292945519;0,00612082035677787;0,015699196058898;0,00918210322227181;-3;-3;1;1,028132541834866;1;-3;-3;0,51699043924511034;1;1;-13174,8415545649;NA;All
1160;1,88304088315069;2,84254900688767;2,29896849114977;2,50980797761203;2,71397452471025;2,28043562394877;2,41260264278576;2,44819771007298;2,45700793771892;1,97913013422064;1,92132520506502;1,63046728101526;1,43501376778664;4,90550357958464;1,52473550763761;1,76609058341847;1,91673558388257;1,51866759986513;1,93717807202571;1,61222558828219;-21,2493949166985;-3,79008603045278;-7,20969029393746;-8,51566303812501;-5,61065921085665;-5,62225021785504;-10,536537451225;-9,44246507450126;-6,41341979102222;-16,1050701691777;-11,9039710737268;-17,958603469274;-25,1241603258947;-42,2201109096562;-17,9934367568665;-15,1495215606078;-15,8921403085173;-20,6995455137417;-14,7704510396926;-19,5432018278614;2,68199219822906;1,52838389719892;1,55555567096163;0,906735395569924;0,505569093294629;0,505568510213577;0,542423295383888;0,645128743653648;0,999999654320567;0,839312184375599;0,686365732674007;0,484882772849465;0,338111817657018;-2,14551609259277;-2,4282524118668;-2,59869384510399;-3,05978324250474;-4,0610219701259;-3,99395385733955;-3,3217977374888;-2,72007905507952;-2,13829182353672;-1,18500861275905;-1,85736416666674;-2,23882456322202;-2,86260508058283;-5,02140762454537;-5,09729664790047;-4,06960428105759;-3,34524631734356;-2,65932913921636;0,0616023919182442;0,0160928837337721;0,0388562224715487;0,0179218411707625;0,0385225292945519;0,00612082035677787;0,015699196058898;0,00918210322227181;-3;-3;1;0,996599264611471;1;-3;-3;0,33573224640415733;1;1;-13174,4956513488;NA;All
1170;1,88304088315069;2,84254900688767;2,29896849114977;2,50980797761203;2,71397452471025;2,28043562394877;2,41260264278576;2,44819771007298;2,45700793771892;1,97913013422064;1,92132520506502;1,63046728101526;1,43501376778664;4,90550357958464;1,52473550763761;1,76609058341847;1,91673558388257;1,51866759986513;1,93717807202571;1,61222558828219;-21,2493949166985;-3,79008603045278;-7,20969029393746;-8,51566303812501;-5,61065921085665;-5,62225021785504;-10,536537451225;-9,44246507450126;-6,41341979102222;-16,1050701691777;-11,9039710737268;-17,958603469274;-25,1241603258947;-42,2201109096562;-17,9934367568665;-15,1495215606078;-15,8921403085173;-20,6995455137417;-14,7704510396926;-19,5432018278614;2,68199219822906;1,52838389719892;1,55555567096163;0,906735395569924;0,505569093294629;0,505568510213577;0,542423295383888;0,645128743653648;0,999999654320567;0,839312184375599;0,686365732674007;0,484882772849465;0,338111817657018;-2,14551609259277;-2,4282524118668;-2,59869384510399;-3,05978324250474;-4,0610219701259;-3,99395385733955;-3,3217977374888;-2,72007905507952;-2,13829182353672;-1,18500861275905;-1,85736416666674;-2,23882456322202;-2,86260508058283;-5,02140762454537;-5,09729664790047;-4,06960428105759;-3,34524631734356;-2,65932913921636;0,0616023919182442;0,0160928837337721;0,0388562224715487;0,0179218411707625;0,0385225292945519;0,00612082035677787;0,015699196058898;0,00918210322227181;-3;-3;1;0,992907848954634;1;-3;-3;0,46484162472551965;1;1;-13174,5132352499;NA;All
1180;1,88304088315069;2,84254900688767;2,29896849114977;2,50980797761203;2,71397452471025;2,28043562394877;2,41260264278576;2,44819771007298;2,45700793771892;1,97913013422064;1,92132520506502;1,63046728101526;1,43501376778664;4,90550357958464;1,52473550763761;1,76609058341847;1,91673558388257;1,51866759986513;1,93717807202571;1,61222558828219;-21,2493949166985;-3,79008603045278;-7,20969029393746;-8,51566303812501;-5,61065921085665;-5,62225021785504;-10,536537451225;-9,44246507450126;-6,41341979102222;-16,1050701691777;-11,9039710737268;-17,958603469274;-25,1241603258947;-42,2201109096562;-17,9934367568665;-15,1495215606078;-15,8921403085173;-20,6995455137417;-14,7704510396926;-19,5432018278614;2,68199219822906;1,52838389719892;1,55555567096163;0,906735395569924;0,505569093294629;0,505568510213577;0,542423295383888;0,645128743653648;0,999999654320567;0,839312184375599;0,686365732674007;0,484882772849465;0,338111817657018;-2,14551609259277;-2,4282524118668;-2,59869384510399;-3,05978324250474;-4,0610219701259;-3,99395385733955;-3,3217977374888;-2,72007905507952;-2,13829182353672;-1,18500861275905;-1,85736416666674;-2,23882456322202;-2,86260508058283;-5,02140762454537;-5,09729664790047;-4,06960428105759;-3,34524631734356;-2,65932913921636;0,0616023919182442;0,0160928837337721;0,0388562224715487;0,0179218411707625;0,0385225292945519;0,00612082035677787;0,015699196058898;0,00918210322227181;-3;-3;1;1,011878409072837;1;-3;-3;0,28095128594951246;1;1;-13174,6523627819;NA;All
1190;1,88304088315069;2,84254900688767;2,29896849114977;2,50980797761203;2,71397452471025;2,28043562394877;2,41260264278576;2,44819771007298;2,45700793771892;1,97913013422064;1,92132520506502;1,63046728101526;1,43501376778664;4,90550357958464;1,52473550763761;1,76609058341847;1,91673558388257;1,51866759986513;1,93717807202571;1,61222558828219;-21,2493949166985;-3,79008603045278;-7,20969029393746;-8,51566303812501;-5,61065921085665;-5,62225021785504;-10,536537451225;-9,44246507450126;-6,41341979102222;-16,1050701691777;-11,9039710737268;-17,958603469274;-25,1241603258947;-42,2201109096562;-17,9934367568665;-15,1495215606078;-15,8921403085173;-20,6995455137417;-14,7704510396926;-19,5432018278614;2,68199219822906;1,52838389719892;1,55555567096163;0,906735395569924;0,505569093294629;0,505568510213577;0,542423295383888;0,645128743653648;0,999999654320567;0,839312184375599;0,686365732674007;0,484882772849465;0,338111817657018;-2,14551609259277;-2,4282524118668;-2,59869384510399;-3,05978324250474;-4,0610219701259;-3,99395385733955;-3,3217977374888;-2,72007905507952;-2,13829182353672;-1,18500861275905;-1,85736416666674;-2,23882456322202;-2,86260508058283;-5,02140762454537;-5,09729664790047;-4,06960428105759;-3,34524631734356;-2,65932913921636;0,0616023919182442;0,0160928837337721;0,0388562224715487;0,0179218411707625;0,0385225292945519;0,00612082035677787;0,015699196058898;0,00918210322227181;-3;-3;1;0,977471228282599;1;-3;-3;0,20137821561448063;1;1;-13175,1550618035;NA;All
1200;1,88304088315069;2,84254900688767;2,29896849114977;2,50980797761203;2,71397452471025;2,28043562394877;2,41260264278576;2,44819771007298;2,45700793771892;1,97913013422064;1,92132520506502;1,63046728101526;1,43501376778664;4,90550357958464;1,52473550763761;1,76609058341847;1,91673558388257;1,51866759986513;1,93717807202571;1,61222558828219;-21,2493949166985;-3,79008603045278;-7,20969029393746;-8,51566303812501;-5,61065921085665;-5,62225021785504;-10,536537451225;-9,44246507450126;-6,41341979102222;-16,1050701691777;-11,9039710737268;-17,958603469274;-25,1241603258947;-42,2201109096562;-17,9934367568665;-15,1495215606078;-15,8921403085173;-20,6995455137417;-14,7704510396926;-19,5432018278614;2,68199219822906;1,52838389719892;1,55555567096163;0,906735395569924;0,505569093294629;0,505568510213577;0,542423295383888;0,645128743653648;0,999999654320567;0,839312184375599;0,686365732674007;0,484882772849465;0,338111817657018;-2,14551609259277;-2,4282524118668;-2,59869384510399;-3,05978324250474;-4,0610219701259;-3,99395385733955;-3,3217977374888;-2,72007905507952;-2,13829182353672;-1,18500861275905;-1,85736416666674;-2,23882456322202;-2,86260508058283;-5,02140762454537;-5,09729664790047;-4,06960428105759;-3,34524631734356;-2,65932913921636;0,0616023919182442;0,0160928837337721;0,0388562224715487;0,0179218411707625;0,0385225292945519;0,00612082035677787;0,015699196058898;0,00918210322227181;-3;-3;1;0,998571879756176;1;-3;-3;0,39419659084826530;1;1;-13174,4341959413;NA;All
1210;1,88304088315069;2,84254900688767;2,29896849114977;2,50980797761203;2,71397452471025;2,28043562394877;2,41260264278576;2,44819771007298;2,45700793771892;1,97913013422064;1,92132520506502;1,63046728101526;1,43501376778664;4,90550357958464;1,52473550763761;1,76609058341847;1,91673558388257;1,51866759986513;1,93717807202571;1,61222558828219;-21,2493949166985;-3,79008603045278;-7,20969029393746;-8,51566303812501;-5,61065921085665;-5,62225021785504;-10,536537451225;-9,44246507450126;-6,41341979102222;-16,1050701691777;-11,9039710737268;-17,958603469274;-25,1241603258947;-42,2201109096562;-17,9934367568665;-15,1495215606078;-15,8921403085173;-20,6995455137417;-14,7704510396926;-19,5432018278614;2,68199219822906;1,52838389719892;1,55555567096163;0,906735395569924;0,505569093294629;0,505568510213577;0,542423295383888;0,645128743653648;0,999999654320567;0,839312184375599;0,686365732674007;0,484882772849465;0,338111817657018;-2,14551609259277;-2,4282524118668;-2,59869384510399;-3,05978324250474;-4,0610219701259;-3,99395385733955;-3,3217977374888;-2,72007905507952;-2,13829182353672;-1,18500861275905;-1,85736416666674;-2,23882456322202;-2,86260508058283;-5,02140762454537;-5,09729664790047;-4,06960428105759;-3,34524631734356;-2,65932913921636;0,0616023919182442;0,0160928837337721;0,0388562224715487;0,0179218411707625;0,0385225292945519;0,00612082035677787;0,015699196058898;0,00918210322227181;-3;-3;1;1,003846503568073;1;-3;-3;0,46271554551244798;1;1;-13174,4957180946;NA;All
1220;1,88304088315069;2,84254900688767;2,29896849114977;2,50980797761203;2,71397452471025;2,28043562394877;2,41260264278576;2,44819771007298;2,45700793771892;1,97913013422064;1,92132520506502;1,63046728101526;1,43501376778664;4,90550357958464;1,52473550763761;1,76609058341847;1,91673558388257;1,51866759986513;1,93717807202571;1,61222558828219;-21,2493949166985;-3,79008603045278;-7,20969029393746;-8,51566303812501;-5,61065921085665;-5,62225021785504;-10,536537451225;-9,44246507450126;-6,41341979102222;-16,1050701691777;-11,9039710737268;-17,958603469274;-25,1241603258947;-42,2201109096562;-17,9934367568665;-15,1495215606078;-15,8921403085173;-20,6995455137417;-14,7704510396926;-19,5432018278614;2,68199219822906;1,52838389719892;1,55555567096163;0,906735395569924;0,505569093294629;0,505568510213577;0,542423295383888;0,645128743653648;0,999999654320567;0,839312184375599;0,686365732674007;0,484882772849465;0,338111817657018;-2,14551609259277;-2,4282524118668;-2,59869384510399;-3,05978324250474;-4,0610219701259;-3,99395385733955;-3,3217977374888;-2,72007905507952;-2,13829182353672;-1,18500861275905;-1,85736416666674;-2,23882456322202;-2,86260508058283;-5,02140762454537;-5,09729664790047;-4,06960428105759;-3,34524631734356;-2,65932913921636;0,0616023919182442;0,0160928837337721;0,0388562224715487;0,0179218411707625;0,0385225292945519;0,00612082035677787;0,015699196058898;0,00918210322227181;-3;-3;1;0,926538056749015;1;-3;-3;0,39030643950377675;1;1;-13175,8435017000;NA;All
1230;1,88304088315069;2,84254900688767;2,29896849114977;2,50980797761203;2,71397452471025;2,28043562394877;2,41260264278576;2,44819771007298;2,45700793771892;1,97913013422064;1,92132520506502;1,63046728101526;1,43501376778664;4,90550357958464;1,52473550763761;1,76609058341847;1,91673558388257;1,51866759986513;1,93717807202571;1,61222558828219;-21,2493949166985;-3,79008603045278;-7,20969029393746;-8,51566303812501;-5,61065921085665;-5,62225021785504;-10,536537451225;-9,44246507450126;-6,41341979102222;-16,1050701691777;-11,9039710737268;-17,958603469274;-25,1241603258947;-42,2201109096562;-17,9934367568665;-15,1495215606078;-15,8921403085173;-20,6995455137417;-14,7704510396926;-19,5432018278614;2,68199219822906;1,52838389719892;1,55555567096163;0,906735395569924;0,505569093294629;0,505568510213577;0,542423295383888;0,645128743653648;0,999999654320567;0,839312184375599;0,686365732674007;0,484882772849465;0,338111817657018;-2,14551609259277;-2,4282524118668;-2,59869384510399;-3,05978324250474;-4,0610219701259;-3,99395385733955;-3,3217977374888;-2,72007905507952;-2,13829182353672;-1,18500861275905;-1,85736416666674;-2,23882456322202;-2,86260508058283;-5,02140762454537;-5,09729664790047;-4,06960428105759;-3,34524631734356;-2,65932913921636;0,0616023919182442;0,0160928837337721;0,0388562224715487;0,0179218411707625;0,0385225292945519;0,00612082035677787;0,015699196058898;0,00918210322227181;-3;-3;1;0,936167504552995;1;-3;-3;0,38844769793474271;1;1;-13175,5044146149;NA;All
1240;1,88304088315069;2,84254900688767;2,29896849114977;2,50980797761203;2,71397452471025;2,28043562394877;2,41260264278576;2,44819771007298;2,45700793771892;1,97913013422064;1,92132520506502;1,63046728101526;1,43501376778664;4,90550357958464;1,52473550763761;1,76609058341847;1,91673558388257;1,51866759986513;1,93717807202571;1,61222558828219;-21,2493949166985;-3,79008603045278;-7,20969029393746;-8,51566303812501;-5,61065921085665;-5,62225021785504;-10,536537451225;-9,44246507450126;-6,41341979102222;-16,1050701691777;-11,9039710737268;-17,958603469274;-25,1241603258947;-42,2201109096562;-17,9934367568665;-15,1495215606078;-15,8921403085173;-20,6995455137417;-14,7704510396926;-19,5432018278614;2,68199219822906;1,52838389719892;1,55555567096163;0,906735395569924;0,505569093294629;0,505568510213577;0,542423295383888;0,645128743653648;0,999999654320567;0,839312184375599;0,686365732674007;0,484882772849465;0,338111817657018;-2,14551609259277;-2,4282524118668;-2,59869384510399;-3,05978324250474;-4,0610219701259;-3,99395385733955;-3,3217977374888;-2,72007905507952;-2,13829182353672;-1,18500861275905;-1,85736416666674;-2,23882456322202;-2,86260508058283;-5,02140762454537;-5,09729664790047;-4,06960428105759;-3,34524631734356;-2,65932913921636;0,0616023919182442;0,0160928837337721;0,0388562224715487;0,0179218411707625;0,0385225292945519;0,00612082035677787;0,015699196058898;0,00918210322227181;-3;-3;1;0,997617913954267;1;-3;-3;0,59086219172283028;1;1;-13174,9726617340;NA;All
1250;1,88304088315069;2,84254900688767;2,29896849114977;2,50980797761203;2,71397452471025;2,28043562394877;2,41260264278576;2,44819771007298;2,45700793771892;1,97913013422064;1,92132520506502;1,63046728101526;1,43501376778664;4,90550357958464;1,52473550763761;1,76609058341847;1,91673558388257;1,51866759986513;1,93717807202571;1,61222558828219;-21,2493949166985;-3,79008603045278;-7,20969029393746;-8,51566303812501;-5,61065921085665;-5,62225021785504;-10,536537451225;-9,44246507450126;-6,41341979102222;-16,1050701691777;-11,9039710737268;-17,958603469274;-25,1241603258947;-42,2201109096562;-17,9934367568665;-15,1495215606078;-15,8921403085173;-20,6995455137417;-14,7704510396926;-19,5432018278614;2,68199219822906;1,52838389719892;1,55555567096163;0,906735395569924;0,505569093294629;0,505568510213577;0,542423295383888;0,645128743653648;0,999999654320567;0,839312184375599;0,686365732674007;0,484882772849465;0,338111817657018;-2,14551609259277;-2,4282524118668;-2,59869384510399;-3,05978324250474;-4,0610219701259;-3,99395385733955;-3,3217977374888;-2,72007905507952;-2,13829182353672;-1,18500861275905;-1,85736416666674;-2,23882456322202;-2,86260508058283;-5,02140762454537;-5,09729664790047;-4,06960428105759;-3,34524631734356;-2,65932913921636;0,0616023919182442;0,0160928837337721;0,0388562224715487;0,0179218411707625;0,0385225292945519;0,00612082035677787;0,015699196058898;0,00918210322227181;-3;-3;1;1,001965715080240;1;-3;-3;0,57216926049144534;1;1;-13174,8743492736;NA;All
1260;1,88304088315069;2,84254900688767;2,29896849114977;2,50980797761203;2,71397452471025;2,28043562394877;2,41260264278576;2,44819771007298;2,45700793771892;1,97913013422064;1,92132520506502;1,63046728101526;1,43501376778664;4,90550357958464;1,52473550763761;1,76609058341847;1,91673558388257;1,51866759986513;1,93717807202571;1,61222558828219;-21,2493949166985;-3,79008603045278;-7,20969029393746;-8,51566303812501;-5,61065921085665;-5,62225021785504;-10,536537451225;-9,44246507450126;-6,41341979102222;-16,1050701691777;-11,9039710737268;-17,958603469274;-25,1241603258947;-42,2201109096562;-17,9934367568665;-15,1495215606078;-15,8921403085173;-20,6995455137417;-14,7704510396926;-19,5432018278614;2,68199219822906;1,52838389719892;1,55555567096163;0,906735395569924;0,505569093294629;0,505568510213577;0,542423295383888;0,645128743653648;0,999999654320567;0,839312184375599;0,686365732674007;0,484882772849465;0,338111817657018;-2,14551609259277;-2,4282524118668;-2,59869384510399;-3,05978324250474;-4,0610219701259;-3,99395385733955;-3,3217977374888;-2,72007905507952;-2,13829182353672;-1,18500861275905;-1,85736416666674;-2,23882456322202;-2,86260508058283;-5,02140762454537;-5,09729664790047;-4,06960428105759;-3,34524631734356;-2,65932913921636;0,0616023919182442;0,0160928837337721;0,0388562224715487;0,0179218411707625;0,0385225292945519;0,00612082035677787;0,015699196058898;0,00918210322227181;-3;-3;1;0,995365131621138;1;-3;-3;0,49223093517839528;1;1;-13174,5683517383;NA;All
1270;1,88304088315069;2,84254900688767;2,29896849114977;2,50980797761203;2,71397452471025;2,28043562394877;2,41260264278576;2,44819771007298;2,45700793771892;1,97913013422064;1,92132520506502;1,63046728101526;1,43501376778664;4,90550357958464;1,52473550763761;1,76609058341847;1,91673558388257;1,51866759986513;1,93717807202571;1,61222558828219;-21,2493949166985;-3,79008603045278;-7,20969029393746;-8,51566303812501;-5,61065921085665;-5,62225021785504;-10,536537451225;-9,44246507450126;-6,41341979102222;-16,1050701691777;-11,9039710737268;-17,958603469274;-25,1241603258947;-42,2201109096562;-17,9934367568665;-15,1495215606078;-15,8921403085173;-20,6995455137417;-14,7704510396926;-19,5432018278614;2,68199219822906;1,52838389719892;1,55555567096163;0,906735395569924;0,505569093294629;0,505568510213577;0,542423295383888;0,645128743653648;0,999999654320567;0,839312184375599;0,686365732674007;0,484882772849465;0,338111817657018;-2,14551609259277;-2,4282524118668;-2,59869384510399;-3,05978324250474;-4,0610219701259;-3,99395385733955;-3,3217977374888;-2,72007905507952;-2,13829182353672;-1,18500861275905;-1,85736416666674;-2,23882456322202;-2,86260508058283;-5,02140762454537;-5,09729664790047;-4,06960428105759;-3,34524631734356;-2,65932913921636;0,0616023919182442;0,0160928837337721;0,0388562224715487;0,0179218411707625;0,0385225292945519;0,00612082035677787;0,015699196058898;0,00918210322227181;-3;-3;1;1,030577129591362;1;-3;-3;0,16311758213261784;1;1;-13175,4050380633;NA;All
1280;1,88304088315069;2,84254900688767;2,29896849114977;2,50980797761203;2,71397452471025;2,28043562394877;2,41260264278576;2,44819771007298;2,45700793771892;1,97913013422064;1,92132520506502;1,63046728101526;1,43501376778664;4,90550357958464;1,52473550763761;1,76609058341847;1,91673558388257;1,51866759986513;1,93717807202571;1,61222558828219;-21,2493949166985;-3,79008603045278;-7,20969029393746;-8,51566303812501;-5,61065921085665;-5,62225021785504;-10,536537451225;-9,44246507450126;-6,41341979102222;-16,1050701691777;-11,9039710737268;-17,958603469274;-25,1241603258947;-42,2201109096562;-17,9934367568665;-15,1495215606078;-15,8921403085173;-20,6995455137417;-14,7704510396926;-19,5432018278614;2,68199219822906;1,52838389719892;1,55555567096163;0,906735395569924;0,505569093294629;0,505568510213577;0,542423295383888;0,645128743653648;0,999999654320567;0,839312184375599;0,686365732674007;0,484882772849465;0,338111817657018;-2,14551609259277;-2,4282524118668;-2,59869384510399;-3,05978324250474;-4,0610219701259;-3,99395385733955;-3,3217977374888;-2,72007905507952;-2,13829182353672;-1,18500861275905;-1,85736416666674;-2,23882456322202;-2,86260508058283;-5,02140762454537;-5,09729664790047;-4,06960428105759;-3,34524631734356;-2,65932913921636;0,0616023919182442;0,0160928837337721;0,0388562224715487;0,0179218411707625;0,0385225292945519;0,00612082035677787;0,015699196058898;0,00918210322227181;-3;-3;1;0,978384788523695;1;-3;-3;0,52342873264480339;1;1;-13174,7840109908;NA;All
1290;1,88304088315069;2,84254900688767;2,29896849114977;2,50980797761203;2,71397452471025;2,28043562394877;2,41260264278576;2,44819771007298;2,45700793771892;1,97913013422064;1,92132520506502;1,63046728101526;1,43501376778664;4,90550357958464;1,52473550763761;1,76609058341847;1,91673558388257;1,51866759986513;1,93717807202571;1,61222558828219;-21,2493949166985;-3,79008603045278;-7,20969029393746;-8,51566303812501;-5,61065921085665;-5,62225021785504;-10,536537451225;-9,44246507450126;-6,41341979102222;-16,1050701691777;-11,9039710737268;-17,958603469274;-25,1241603258947;-42,2201109096562;-17,9934367568665;-15,1495215606078;-15,8921403085173;-20,6995455137417;-14,7704510396926;-19,5432018278614;2,68199219822906;1,52838389719892;1,55555567096163;0,906735395569924;0,505569093294629;0,505568510213577;0,542423295383888;0,645128743653648;0,999999654320567;0,839312184375599;0,686365732674007;0,484882772849465;0,338111817657018;-2,14551609259277;-2,4282524118668;-2,59869384510399;-3,05978324250474;-4,0610219701259;-3,99395385733955;-3,3217977374888;-2,72007905507952;-2,13829182353672;-1,18500861275905;-1,85736416666674;-2,23882456322202;-2,86260508058283;-5,02140762454537;-5,09729664790047;-4,06960428105759;-3,34524631734356;-2,65932913921636;0,0616023919182442;0,0160928837337721;0,0388562224715487;0,0179218411707625;0,0385225292945519;0,00612082035677787;0,015699196058898;0,00918210322227181;-3;-3;1;1,040583162517082;1;-3;-3;0,11534862802135956;1;1;-13175,9021127155;NA;All
1300;1,88304088315069;2,84254900688767;2,29896849114977;2,50980797761203;2,71397452471025;2,28043562394877;2,41260264278576;2,44819771007298;2,45700793771892;1,97913013422064;1,92132520506502;1,63046728101526;1,43501376778664;4,90550357958464;1,52473550763761;1,76609058341847;1,91673558388257;1,51866759986513;1,93717807202571;1,61222558828219;-21,2493949166985;-3,79008603045278;-7,20969029393746;-8,51566303812501;-5,61065921085665;-5,62225021785504;-10,536537451225;-9,44246507450126;-6,41341979102222;-16,1050701691777;-11,9039710737268;-17,958603469274;-25,1241603258947;-42,2201109096562;-17,9934367568665;-15,1495215606078;-15,8921403085173;-20,6995455137417;-14,7704510396926;-19,5432018278614;2,68199219822906;1,52838389719892;1,55555567096163;0,906735395569924;0,505569093294629;0,505568510213577;0,542423295383888;0,645128743653648;0,999999654320567;0,839312184375599;0,686365732674007;0,484882772849465;0,338111817657018;-2,14551609259277;-2,4282524118668;-2,59869384510399;-3,05978324250474;-4,0610219701259;-3,99395385733955;-3,3217977374888;-2,72007905507952;-2,13829182353672;-1,18500861275905;-1,85736416666674;-2,23882456322202;-2,86260508058283;-5,02140762454537;-5,09729664790047;-4,06960428105759;-3,34524631734356;-2,65932913921636;0,0616023919182442;0,0160928837337721;0,0388562224715487;0,0179218411707625;0,0385225292945519;0,00612082035677787;0,015699196058898;0,00918210322227181;-3;-3;1;1,005740319513824;1;-3;-3;0,31520066315951867;1;1;-13174,5347826224;NA;All
1310;1,88304088315069;2,84254900688767;2,29896849114977;2,50980797761203;2,71397452471025;2,28043562394877;2,41260264278576;2,44819771007298;2,45700793771892;1,97913013422064;1,92132520506502;1,63046728101526;1,43501376778664;4,90550357958464;1,52473550763761;1,76609058341847;1,91673558388257;1,51866759986513;1,93717807202571;1,61222558828219;-21,2493949166985;-3,79008603045278;-7,20969029393746;-8,51566303812501;-5,61065921085665;-5,62225021785504;-10,536537451225;-9,44246507450126;-6,41341979102222;-16,1050701691777;-11,9039710737268;-17,958603469274;-25,1241603258947;-42,2201109096562;-17,9934367568665;-15,1495215606078;-15,8921403085173;-20,6995455137417;-14,7704510396926;-19,5432018278614;2,68199219822906;1,52838389719892;1,55555567096163;0,906735395569924;0,505569093294629;0,505568510213577;0,542423295383888;0,645128743653648;0,999999654320567;0,839312184375599;0,686365732674007;0,484882772849465;0,338111817657018;-2,14551609259277;-2,4282524118668;-2,59869384510399;-3,05978324250474;-4,0610219701259;-3,99395385733955;-3,3217977374888;-2,72007905507952;-2,13829182353672;-1,18500861275905;-1,85736416666674;-2,23882456322202;-2,86260508058283;-5,02140762454537;-5,09729664790047;-4,06960428105759;-3,34524631734356;-2,65932913921636;0,0616023919182442;0,0160928837337721;0,0388562224715487;0,0179218411707625;0,0385225292945519;0,00612082035677787;0,015699196058898;0,00918210322227181;-3;-3;1;1,033409272998954;1;-3;-3;0,43685603371999582;1;1;-13174,7192648780;NA;All
1320;1,88304088315069;2,84254900688767;2,29896849114977;2,50980797761203;2,71397452471025;2,28043562394877;2,41260264278576;2,44819771007298;2,45700793771892;1,97913013422064;1,92132520506502;1,63046728101526;1,43501376778664;4,90550357958464;1,52473550763761;1,76609058341847;1,91673558388257;1,51866759986513;1,93717807202571;1,61222558828219;-21,2493949166985;-3,79008603045278;-7,20969029393746;-8,51566303812501;-5,61065921085665;-5,62225021785504;-10,536537451225;-9,44246507450126;-6,41341979102222;-16,1050701691777;-11,9039710737268;-17,958603469274;-25,1241603258947;-42,2201109096562;-17,9934367568665;-15,1495215606078;-15,8921403085173;-20,6995455137417;-14,7704510396926;-19,5432018278614;2,68199219822906;1,52838389719892;1,55555567096163;0,906735395569924;0,505569093294629;0,505568510213577;0,542423295383888;0,645128743653648;0,999999654320567;0,839312184375599;0,686365732674007;0,484882772849465;0,338111817657018;-2,14551609259277;-2,4282524118668;-2,59869384510399;-3,05978324250474;-4,0610219701259;-3,99395385733955;-3,3217977374888;-2,72007905507952;-2,13829182353672;-1,18500861275905;-1,85736416666674;-2,23882456322202;-2,86260508058283;-5,02140762454537;-5,09729664790047;-4,06960428105759;-3,34524631734356;-2,65932913921636;0,0616023919182442;0,0160928837337721;0,0388562224715487;0,0179218411707625;0,0385225292945519;0,00612082035677787;0,015699196058898;0,00918210322227181;-3;-3;1;0,988057642051396;1;-3;-3;0,38286071332741722;1;1;-13174,4811623028;NA;All
1330;1,88304088315069;2,84254900688767;2,29896849114977;2,50980797761203;2,71397452471025;2,28043562394877;2,41260264278576;2,44819771007298;2,45700793771892;1,97913013422064;1,92132520506502;1,63046728101526;1,43501376778664;4,90550357958464;1,52473550763761;1,76609058341847;1,91673558388257;1,51866759986513;1,93717807202571;1,61222558828219;-21,2493949166985;-3,79008603045278;-7,20969029393746;-8,51566303812501;-5,61065921085665;-5,62225021785504;-10,536537451225;-9,44246507450126;-6,41341979102222;-16,1050701691777;-11,9039710737268;-17,958603469274;-25,1241603258947;-42,2201109096562;-17,9934367568665;-15,1495215606078;-15,8921403085173;-20,6995455137417;-14,7704510396926;-19,5432018278614;2,68199219822906;1,52838389719892;1,55555567096163;0,906735395569924;0,505569093294629;0,505568510213577;0,542423295383888;0,645128743653648;0,999999654320567;0,839312184375599;0,686365732674007;0,484882772849465;0,338111817657018;-2,14551609259277;-2,4282524118668;-2,59869384510399;-3,05978324250474;-4,0610219701259;-3,99395385733955;-3,3217977374888;-2,72007905507952;-2,13829182353672;-1,18500861275905;-1,85736416666674;-2,23882456322202;-2,86260508058283;-5,02140762454537;-5,09729664790047;-4,06960428105759;-3,34524631734356;-2,65932913921636;0,0616023919182442;0,0160928837337721;0,0388562224715487;0,0179218411707625;0,0385225292945519;0,00612082035677787;0,015699196058898;0,00918210322227181;-3;-3;1;0,983832939867968;1;-3;-3;0,16389697625179486;1;1;-13175,3248888355;NA;All
1340;1,88304088315069;2,84254900688767;2,29896849114977;2,50980797761203;2,71397452471025;2,28043562394877;2,41260264278576;2,44819771007298;2,45700793771892;1,97913013422064;1,92132520506502;1,63046728101526;1,43501376778664;4,90550357958464;1,52473550763761;1,76609058341847;1,91673558388257;1,51866759986513;1,93717807202571;1,61222558828219;-21,2493949166985;-3,79008603045278;-7,20969029393746;-8,51566303812501;-5,61065921085665;-5,62225021785504;-10,536537451225;-9,44246507450126;-6,41341979102222;-16,1050701691777;-11,9039710737268;-17,958603469274;-25,1241603258947;-42,2201109096562;-17,9934367568665;-15,1495215606078;-15,8921403085173;-20,6995455137417;-14,7704510396926;-19,5432018278614;2,68199219822906;1,52838389719892;1,55555567096163;0,906735395569924;0,505569093294629;0,505568510213577;0,542423295383888;0,645128743653648;0,999999654320567;0,839312184375599;0,686365732674007;0,484882772849465;0,338111817657018;-2,14551609259277;-2,4282524118668;-2,59869384510399;-3,05978324250474;-4,0610219701259;-3,99395385733955;-3,3217977374888;-2,72007905507952;-2,13829182353672;-1,18500861275905;-1,85736416666674;-2,23882456322202;-2,86260508058283;-5,02140762454537;-5,09729664790047;-4,06960428105759;-3,34524631734356;-2,65932913921636;0,0616023919182442;0,0160928837337721;0,0388562224715487;0,0179218411707625;0,0385225292945519;0,00612082035677787;0,015699196058898;0,00918210322227181;-3;-3;1;1,049865390397954;1;-3;-3;0,33856294281087962;1;1;-13175,0437952612;NA;All
1350;1,88304088315069;2,84254900688767;2,29896849114977;2,50980797761203;2,71397452471025;2,28043562394877;2,41260264278576;2,44819771007298;2,45700793771892;1,97913013422064;1,92132520506502;1,63046728101526;1,43501376778664;4,90550357958464;1,52473550763761;1,76609058341847;1,91673558388257;1,51866759986513;1,93717807202571;1,61222558828219;-21,2493949166985;-3,79008603045278;-7,20969029393746;-8,51566303812501;-5,61065921085665;-5,62225021785504;-10,536537451225;-9,44246507450126;-6,41341979102222;-16,1050701691777;-11,9039710737268;-17,958603469274;-25,1241603258947;-42,2201109096562;-17,9934367568665;-15,1495215606078;-15,8921403085173;-20,6995455137417;-14,7704510396926;-19,5432018278614;2,68199219822906;1,52838389719892;1,55555567096163;0,906735395569924;0,505569093294629;0,505568510213577;0,542423295383888;0,645128743653648;0,999999654320567;0,839312184375599;0,686365732674007;0,484882772849465;0,338111817657018;-2,14551609259277;-2,4282524118668;-2,59869384510399;-3,05978324250474;-4,0610219701259;-3,99395385733955;-3,3217977374888;-2,72007905507952;-2,13829182353672;-1,18500861275905;-1,85736416666674;-2,23882456322202;-2,86260508058283;-5,02140762454537;-5,09729664790047;-4,06960428105759;-3,34524631734356;-2,65932913921636;0,0616023919182442;0,0160928837337721;0,0388562224715487;0,0179218411707625;0,0385225292945519;0,00612082035677787;0,015699196058898;0,00918210322227181;-3;-3;1;1,066897428238788;1;-3;-3;0,25417129128723925;1;1;-13175,7107252423;NA;All
1360;1,88304088315069;2,84254900688767;2,29896849114977;2,50980797761203;2,71397452471025;2,28043562394877;2,41260264278576;2,44819771007298;2,45700793771892;1,97913013422064;1,92132520506502;1,63046728101526;1,43501376778664;4,90550357958464;1,52473550763761;1,76609058341847;1,91673558388257;1,51866759986513;1,93717807202571;1,61222558828219;-21,2493949166985;-3,79008603045278;-7,20969029393746;-8,51566303812501;-5,61065921085665;-5,62225021785504;-10,536537451225;-9,44246507450126;-6,41341979102222;-16,1050701691777;-11,9039710737268;-17,958603469274;-25,1241603258947;-42,2201109096562;-17,9934367568665;-15,1495215606078;-15,8921403085173;-20,6995455137417;-14,7704510396926;-19,5432018278614;2,68199219822906;1,52838389719892;1,55555567096163;0,906735395569924;0,505569093294629;0,505568510213577;0,542423295383888;0,645128743653648;0,999999654320567;0,839312184375599;0,686365732674007;0,484882772849465;0,338111817657018;-2,14551609259277;-2,4282524118668;-2,59869384510399;-3,05978324250474;-4,0610219701259;-3,99395385733955;-3,3217977374888;-2,72007905507952;-2,13829182353672;-1,18500861275905;-1,85736416666674;-2,23882456322202;-2,86260508058283;-5,02140762454537;-5,09729664790047;-4,06960428105759;-3,34524631734356;-2,65932913921636;0,0616023919182442;0,0160928837337721;0,0388562224715487;0,0179218411707625;0,0385225292945519;0,00612082035677787;0,015699196058898;0,00918210322227181;-3;-3;1;1,086710605358570;1;-3;-3;0,56106336008112268;1;1;-13176,8093917504;NA;All
1370;1,88304088315069;2,84254900688767;2,29896849114977;2,50980797761203;2,71397452471025;2,28043562394877;2,41260264278576;2,44819771007298;2,45700793771892;1,97913013422064;1,92132520506502;1,63046728101526;1,43501376778664;4,90550357958464;1,52473550763761;1,76609058341847;1,91673558388257;1,51866759986513;1,93717807202571;1,61222558828219;-21,2493949166985;-3,79008603045278;-7,20969029393746;-8,51566303812501;-5,61065921085665;-5,62225021785504;-10,536537451225;-9,44246507450126;-6,41341979102222;-16,1050701691777;-11,9039710737268;-17,958603469274;-25,1241603258947;-42,2201109096562;-17,9934367568665;-15,1495215606078;-15,8921403085173;-20,6995455137417;-14,7704510396926;-19,5432018278614;2,68199219822906;1,52838389719892;1,55555567096163;0,906735395569924;0,505569093294629;0,505568510213577;0,542423295383888;0,645128743653648;0,999999654320567;0,839312184375599;0,686365732674007;0,484882772849465;0,338111817657018;-2,14551609259277;-2,4282524118668;-2,59869384510399;-3,05978324250474;-4,0610219701259;-3,99395385733955;-3,3217977374888;-2,72007905507952;-2,13829182353672;-1,18500861275905;-1,85736416666674;-2,23882456322202;-2,86260508058283;-5,02140762454537;-5,09729664790047;-4,06960428105759;-3,34524631734356;-2,65932913921636;0,0616023919182442;0,0160928837337721;0,0388562224715487;0,0179218411707625;0,0385225292945519;0,00612082035677787;0,015699196058898;0,00918210322227181;-3;-3;1;0,994280275216308;1;-3;-3;0,40215254807037770;1;1;-13174,4453029838;NA;All
1380;1,88304088315069;2,84254900688767;2,29896849114977;2,50980797761203;2,71397452471025;2,28043562394877;2,41260264278576;2,44819771007298;2,45700793771892;1,97913013422064;1,92132520506502;1,63046728101526;1,43501376778664;4,90550357958464;1,52473550763761;1,76609058341847;1,91673558388257;1,51866759986513;1,93717807202571;1,61222558828219;-21,2493949166985;-3,79008603045278;-7,20969029393746;-8,51566303812501;-5,61065921085665;-5,62225021785504;-10,536537451225;-9,44246507450126;-6,41341979102222;-16,1050701691777;-11,9039710737268;-17,958603469274;-25,1241603258947;-42,2201109096562;-17,9934367568665;-15,1495215606078;-15,8921403085173;-20,6995455137417;-14,7704510396926;-19,5432018278614;2,68199219822906;1,52838389719892;1,55555567096163;0,906735395569924;0,505569093294629;0,505568510213577;0,542423295383888;0,645128743653648;0,999999654320567;0,839312184375599;0,686365732674007;0,484882772849465;0,338111817657018;-2,14551609259277;-2,4282524118668;-2,59869384510399;-3,05978324250474;-4,0610219701259;-3,99395385733955;-3,3217977374888;-2,72007905507952;-2,13829182353672;-1,18500861275905;-1,85736416666674;-2,23882456322202;-2,86260508058283;-5,02140762454537;-5,09729664790047;-4,06960428105759;-3,34524631734356;-2,65932913921636;0,0616023919182442;0,0160928837337721;0,0388562224715487;0,0179218411707625;0,0385225292945519;0,00612082035677787;0,015699196058898;0,00918210322227181;-3;-3;1;1,045778199038039;1;-3;-3;0,73326131107078174;1;1;-13176,6981225529;NA;All
1390;1,88304088315069;2,84254900688767;2,29896849114977;2,50980797761203;2,71397452471025;2,28043562394877;2,41260264278576;2,44819771007298;2,45700793771892;1,97913013422064;1,92132520506502;1,63046728101526;1,43501376778664;4,90550357958464;1,52473550763761;1,76609058341847;1,91673558388257;1,51866759986513;1,93717807202571;1,61222558828219;-21,2493949166985;-3,79008603045278;-7,20969029393746;-8,51566303812501;-5,61065921085665;-5,62225021785504;-10,536537451225;-9,44246507450126;-6,41341979102222;-16,1050701691777;-11,9039710737268;-17,958603469274;-25,1241603258947;-42,2201109096562;-17,9934367568665;-15,1495215606078;-15,8921403085173;-20,6995455137417;-14,7704510396926;-19,5432018278614;2,68199219822906;1,52838389719892;1,55555567096163;0,906735395569924;0,505569093294629;0,505568510213577;0,542423295383888;0,645128743653648;0,999999654320567;0,839312184375599;0,686365732674007;0,484882772849465;0,338111817657018;-2,14551609259277;-2,4282524118668;-2,59869384510399;-3,05978324250474;-4,0610219701259;-3,99395385733955;-3,3217977374888;-2,72007905507952;-2,13829182353672;-1,18500861275905;-1,85736416666674;-2,23882456322202;-2,86260508058283;-5,02140762454537;-5,09729664790047;-4,06960428105759;-3,34524631734356;-2,65932913921636;0,0616023919182442;0,0160928837337721;0,0388562224715487;0,0179218411707625;0,0385225292945519;0,00612082035677787;0,015699196058898;0,00918210322227181;-3;-3;1;0,966118334663287;1;-3;-3;0,54877031029490875;1;1;-13175,0608113164;NA;All
1400;1,88304088315069;2,84254900688767;2,29896849114977;2,50980797761203;2,71397452471025;2,28043562394877;2,41260264278576;2,44819771007298;2,45700793771892;1,97913013422064;1,92132520506502;1,63046728101526;1,43501376778664;4,90550357958464;1,52473550763761;1,76609058341847;1,91673558388257;1,51866759986513;1,93717807202571;1,61222558828219;-21,2493949166985;-3,79008603045278;-7,20969029393746;-8,51566303812501;-5,61065921085665;-5,62225021785504;-10,536537451225;-9,44246507450126;-6,41341979102222;-16,1050701691777;-11,9039710737268;-17,958603469274;-25,1241603258947;-42,2201109096562;-17,9934367568665;-15,1495215606078;-15,8921403085173;-20,6995455137417;-14,7704510396926;-19,5432018278614;2,68199219822906;1,52838389719892;1,55555567096163;0,906735395569924;0,505569093294629;0,505568510213577;0,542423295383888;0,645128743653648;0,999999654320567;0,839312184375599;0,686365732674007;0,484882772849465;0,338111817657018;-2,14551609259277;-2,4282524118668;-2,59869384510399;-3,05978324250474;-4,0610219701259;-3,99395385733955;-3,3217977374888;-2,72007905507952;-2,13829182353672;-1,18500861275905;-1,85736416666674;-2,23882456322202;-2,86260508058283;-5,02140762454537;-5,09729664790047;-4,06960428105759;-3,34524631734356;-2,65932913921636;0,0616023919182442;0,0160928837337721;0,0388562224715487;0,0179218411707625;0,0385225292945519;0,00612082035677787;0,015699196058898;0,00918210322227181;-3;-3;1;1,013672030553053;1;-3;-3;0,43882162631961230;1;1;-13174,4970108358;NA;All
1410;1,88304088315069;2,84254900688767;2,29896849114977;2,50980797761203;2,71397452471025;2,28043562394877;2,41260264278576;2,44819771007298;2,45700793771892;1,97913013422064;1,92132520506502;1,63046728101526;1,43501376778664;4,90550357958464;1,52473550763761;1,76609058341847;1,91673558388257;1,51866759986513;1,93717807202571;1,61222558828219;-21,2493949166985;-3,79008603045278;-7,20969029393746;-8,51566303812501;-5,61065921085665;-5,62225021785504;-10,536537451225;-9,44246507450126;-6,41341979102222;-16,1050701691777;-11,9039710737268;-17,958603469274;-25,1241603258947;-42,2201109096562;-17,9934367568665;-15,1495215606078;-15,8921403085173;-20,6995455137417;-14,7704510396926;-19,5432018278614;2,68199219822906;1,52838389719892;1,55555567096163;0,906735395569924;0,505569093294629;0,505568510213577;0,542423295383888;0,645128743653648;0,999999654320567;0,839312184375599;0,686365732674007;0,484882772849465;0,338111817657018;-2,14551609259277;-2,4282524118668;-2,59869384510399;-3,05978324250474;-4,0610219701259;-3,99395385733955;-3,3217977374888;-2,72007905507952;-2,13829182353672;-1,18500861275905;-1,85736416666674;-2,23882456322202;-2,86260508058283;-5,02140762454537;-5,09729664790047;-4,06960428105759;-3,34524631734356;-2,65932913921636;0,0616023919182442;0,0160928837337721;0,0388562224715487;0,0179218411707625;0,0385225292945519;0,00612082035677787;0,015699196058898;0,00918210322227181;-3;-3;1;1,000454039071703;1;-3;-3;0,60117269878703394;1;1;-13175,0313075450;NA;All
1420;1,88304088315069;2,84254900688767;2,29896849114977;2,50980797761203;2,71397452471025;2,28043562394877;2,41260264278576;2,44819771007298;2,45700793771892;1,97913013422064;1,92132520506502;1,63046728101526;1,43501376778664;4,90550357958464;1,52473550763761;1,76609058341847;1,91673558388257;1,51866759986513;1,93717807202571;1,61222558828219;-21,2493949166985;-3,79008603045278;-7,20969029393746;-8,51566303812501;-5,61065921085665;-5,62225021785504;-10,536537451225;-9,44246507450126;-6,41341979102222;-16,1050701691777;-11,9039710737268;-17,958603469274;-25,1241603258947;-42,2201109096562;-17,9934367568665;-15,1495215606078;-15,8921403085173;-20,6995455137417;-14,7704510396926;-19,5432018278614;2,68199219822906;1,52838389719892;1,55555567096163;0,906735395569924;0,505569093294629;0,505568510213577;0,542423295383888;0,645128743653648;0,999999654320567;0,839312184375599;0,686365732674007;0,484882772849465;0,338111817657018;-2,14551609259277;-2,4282524118668;-2,59869384510399;-3,05978324250474;-4,0610219701259;-3,99395385733955;-3,3217977374888;-2,72007905507952;-2,13829182353672;-1,18500861275905;-1,85736416666674;-2,23882456322202;-2,86260508058283;-5,02140762454537;-5,09729664790047;-4,06960428105759;-3,34524631734356;-2,65932913921636;0,0616023919182442;0,0160928837337721;0,0388562224715487;0,0179218411707625;0,0385225292945519;0,00612082035677787;0,015699196058898;0,00918210322227181;-3;-3;1;1,091414791477409;1;-3;-3;0,34089147058241898;1;1;-13176,4368060016;NA;All
1430;1,88304088315069;2,84254900688767;2,29896849114977;2,50980797761203;2,71397452471025;2,28043562394877;2,41260264278576;2,44819771007298;2,45700793771892;1,97913013422064;1,92132520506502;1,63046728101526;1,43501376778664;4,90550357958464;1,52473550763761;1,76609058341847;1,91673558388257;1,51866759986513;1,93717807202571;1,61222558828219;-21,2493949166985;-3,79008603045278;-7,20969029393746;-8,51566303812501;-5,61065921085665;-5,62225021785504;-10,536537451225;-9,44246507450126;-6,41341979102222;-16,1050701691777;-11,9039710737268;-17,958603469274;-25,1241603258947;-42,2201109096562;-17,9934367568665;-15,1495215606078;-15,8921403085173;-20,6995455137417;-14,7704510396926;-19,5432018278614;2,68199219822906;1,52838389719892;1,55555567096163;0,906735395569924;0,505569093294629;0,505568510213577;0,542423295383888;0,645128743653648;0,999999654320567;0,839312184375599;0,686365732674007;0,484882772849465;0,338111817657018;-2,14551609259277;-2,4282524118668;-2,59869384510399;-3,05978324250474;-4,0610219701259;-3,99395385733955;-3,3217977374888;-2,72007905507952;-2,13829182353672;-1,18500861275905;-1,85736416666674;-2,23882456322202;-2,86260508058283;-5,02140762454537;-5,09729664790047;-4,06960428105759;-3,34524631734356;-2,65932913921636;0,0616023919182442;0,0160928837337721;0,0388562224715487;0,0179218411707625;0,0385225292945519;0,00612082035677787;0,015699196058898;0,00918210322227181;-3;-3;1;1,004498694969442;1;-3;-3;0,52169986731681317;1;1;-13174,6598463088;NA;All
1440;1,88304088315069;2,84254900688767;2,29896849114977;2,50980797761203;2,71397452471025;2,28043562394877;2,41260264278576;2,44819771007298;2,45700793771892;1,97913013422064;1,92132520506502;1,63046728101526;1,43501376778664;4,90550357958464;1,52473550763761;1,76609058341847;1,91673558388257;1,51866759986513;1,93717807202571;1,61222558828219;-21,2493949166985;-3,79008603045278;-7,20969029393746;-8,51566303812501;-5,61065921085665;-5,62225021785504;-10,536537451225;-9,44246507450126;-6,41341979102222;-16,1050701691777;-11,9039710737268;-17,958603469274;-25,1241603258947;-42,2201109096562;-17,9934367568665;-15,1495215606078;-15,8921403085173;-20,6995455137417;-14,7704510396926;-19,5432018278614;2,68199219822906;1,52838389719892;1,55555567096163;0,906735395569924;0,505569093294629;0,505568510213577;0,542423295383888;0,645128743653648;0,999999654320567;0,839312184375599;0,686365732674007;0,484882772849465;0,338111817657018;-2,14551609259277;-2,4282524118668;-2,59869384510399;-3,05978324250474;-4,0610219701259;-3,99395385733955;-3,3217977374888;-2,72007905507952;-2,13829182353672;-1,18500861275905;-1,85736416666674;-2,23882456322202;-2,86260508058283;-5,02140762454537;-5,09729664790047;-4,06960428105759;-3,34524631734356;-2,65932913921636;0,0616023919182442;0,0160928837337721;0,0388562224715487;0,0179218411707625;0,0385225292945519;0,00612082035677787;0,015699196058898;0,00918210322227181;-3;-3;1;0,931432305379360;1;-3;-3;0,27633922388080179;1;1;-13175,8750995272;NA;All
1450;1,88304088315069;2,84254900688767;2,29896849114977;2,50980797761203;2,71397452471025;2,28043562394877;2,41260264278576;2,44819771007298;2,45700793771892;1,97913013422064;1,92132520506502;1,63046728101526;1,43501376778664;4,90550357958464;1,52473550763761;1,76609058341847;1,91673558388257;1,51866759986513;1,93717807202571;1,61222558828219;-21,2493949166985;-3,79008603045278;-7,20969029393746;-8,51566303812501;-5,61065921085665;-5,62225021785504;-10,536537451225;-9,44246507450126;-6,41341979102222;-16,1050701691777;-11,9039710737268;-17,958603469274;-25,1241603258947;-42,2201109096562;-17,9934367568665;-15,1495215606078;-15,8921403085173;-20,6995455137417;-14,7704510396926;-19,5432018278614;2,68199219822906;1,52838389719892;1,55555567096163;0,906735395569924;0,505569093294629;0,505568510213577;0,542423295383888;0,645128743653648;0,999999654320567;0,839312184375599;0,686365732674007;0,484882772849465;0,338111817657018;-2,14551609259277;-2,4282524118668;-2,59869384510399;-3,05978324250474;-4,0610219701259;-3,99395385733955;-3,3217977374888;-2,72007905507952;-2,13829182353672;-1,18500861275905;-1,85736416666674;-2,23882456322202;-2,86260508058283;-5,02140762454537;-5,09729664790047;-4,06960428105759;-3,34524631734356;-2,65932913921636;0,0616023919182442;0,0160928837337721;0,0388562224715487;0,0179218411707625;0,0385225292945519;0,00612082035677787;0,015699196058898;0,00918210322227181;-3;-3;1;0,969241434289757;1;-3;-3;0,60261175196002792;1;1;-13175,2784132798;NA;All
1460;1,88304088315069;2,84254900688767;2,29896849114977;2,50980797761203;2,71397452471025;2,28043562394877;2,41260264278576;2,44819771007298;2,45700793771892;1,97913013422064;1,92132520506502;1,63046728101526;1,43501376778664;4,90550357958464;1,52473550763761;1,76609058341847;1,91673558388257;1,51866759986513;1,93717807202571;1,61222558828219;-21,2493949166985;-3,79008603045278;-7,20969029393746;-8,51566303812501;-5,61065921085665;-5,62225021785504;-10,536537451225;-9,44246507450126;-6,41341979102222;-16,1050701691777;-11,9039710737268;-17,958603469274;-25,1241603258947;-42,2201109096562;-17,9934367568665;-15,1495215606078;-15,8921403085173;-20,6995455137417;-14,7704510396926;-19,5432018278614;2,68199219822906;1,52838389719892;1,55555567096163;0,906735395569924;0,505569093294629;0,505568510213577;0,542423295383888;0,645128743653648;0,999999654320567;0,839312184375599;0,686365732674007;0,484882772849465;0,338111817657018;-2,14551609259277;-2,4282524118668;-2,59869384510399;-3,05978324250474;-4,0610219701259;-3,99395385733955;-3,3217977374888;-2,72007905507952;-2,13829182353672;-1,18500861275905;-1,85736416666674;-2,23882456322202;-2,86260508058283;-5,02140762454537;-5,09729664790047;-4,06960428105759;-3,34524631734356;-2,65932913921636;0,0616023919182442;0,0160928837337721;0,0388562224715487;0,0179218411707625;0,0385225292945519;0,00612082035677787;0,015699196058898;0,00918210322227181;-3;-3;1;0,938647159773983;1;-3;-3;0,46209751917863923;1;1;-13175,4815786215;NA;All
1470;1,88304088315069;2,84254900688767;2,29896849114977;2,50980797761203;2,71397452471025;2,28043562394877;2,41260264278576;2,44819771007298;2,45700793771892;1,97913013422064;1,92132520506502;1,63046728101526;1,43501376778664;4,90550357958464;1,52473550763761;1,76609058341847;1,91673558388257;1,51866759986513;1,93717807202571;1,61222558828219;-21,2493949166985;-3,79008603045278;-7,20969029393746;-8,51566303812501;-5,61065921085665;-5,62225021785504;-10,536537451225;-9,44246507450126;-6,41341979102222;-16,1050701691777;-11,9039710737268;-17,958603469274;-25,1241603258947;-42,2201109096562;-17,9934367568665;-15,1495215606078;-15,8921403085173;-20,6995455137417;-14,7704510396926;-19,5432018278614;2,68199219822906;1,52838389719892;1,55555567096163;0,906735395569924;0,505569093294629;0,505568510213577;0,542423295383888;0,645128743653648;0,999999654320567;0,839312184375599;0,686365732674007;0,484882772849465;0,338111817657018;-2,14551609259277;-2,4282524118668;-2,59869384510399;-3,05978324250474;-4,0610219701259;-3,99395385733955;-3,3217977374888;-2,72007905507952;-2,13829182353672;-1,18500861275905;-1,85736416666674;-2,23882456322202;-2,86260508058283;-5,02140762454537;-5,09729664790047;-4,06960428105759;-3,34524631734356;-2,65932913921636;0,0616023919182442;0,0160928837337721;0,0388562224715487;0,0179218411707625;0,0385225292945519;0,00612082035677787;0,015699196058898;0,00918210322227181;-3;-3;1;0,926102365424872;1;-3;-3;0,76120241591024540;1;1;-13177,7480005542;NA;All
1480;1,88304088315069;2,84254900688767;2,29896849114977;2,50980797761203;2,71397452471025;2,28043562394877;2,41260264278576;2,44819771007298;2,45700793771892;1,97913013422064;1,92132520506502;1,63046728101526;1,43501376778664;4,90550357958464;1,52473550763761;1,76609058341847;1,91673558388257;1,51866759986513;1,93717807202571;1,61222558828219;-21,2493949166985;-3,79008603045278;-7,20969029393746;-8,51566303812501;-5,61065921085665;-5,62225021785504;-10,536537451225;-9,44246507450126;-6,41341979102222;-16,1050701691777;-11,9039710737268;-17,958603469274;-25,1241603258947;-42,2201109096562;-17,9934367568665;-15,1495215606078;-15,8921403085173;-20,6995455137417;-14,7704510396926;-19,5432018278614;2,68199219822906;1,52838389719892;1,55555567096163;0,906735395569924;0,505569093294629;0,505568510213577;0,542423295383888;0,645128743653648;0,999999654320567;0,839312184375599;0,686365732674007;0,484882772849465;0,338111817657018;-2,14551609259277;-2,4282524118668;-2,59869384510399;-3,05978324250474;-4,0610219701259;-3,99395385733955;-3,3217977374888;-2,72007905507952;-2,13829182353672;-1,18500861275905;-1,85736416666674;-2,23882456322202;-2,86260508058283;-5,02140762454537;-5,09729664790047;-4,06960428105759;-3,34524631734356;-2,65932913921636;0,0616023919182442;0,0160928837337721;0,0388562224715487;0,0179218411707625;0,0385225292945519;0,00612082035677787;0,015699196058898;0,00918210322227181;-3;-3;1;1,030118849492276;1;-3;-3;0,55677594331007940;1;1;-13175,0418094091;NA;All
1490;1,88304088315069;2,84254900688767;2,29896849114977;2,50980797761203;2,71397452471025;2,28043562394877;2,41260264278576;2,44819771007298;2,45700793771892;1,97913013422064;1,92132520506502;1,63046728101526;1,43501376778664;4,90550357958464;1,52473550763761;1,76609058341847;1,91673558388257;1,51866759986513;1,93717807202571;1,61222558828219;-21,2493949166985;-3,79008603045278;-7,20969029393746;-8,51566303812501;-5,61065921085665;-5,62225021785504;-10,536537451225;-9,44246507450126;-6,41341979102222;-16,1050701691777;-11,9039710737268;-17,958603469274;-25,1241603258947;-42,2201109096562;-17,9934367568665;-15,1495215606078;-15,8921403085173;-20,6995455137417;-14,7704510396926;-19,5432018278614;2,68199219822906;1,52838389719892;1,55555567096163;0,906735395569924;0,505569093294629;0,505568510213577;0,542423295383888;0,645128743653648;0,999999654320567;0,839312184375599;0,686365732674007;0,484882772849465;0,338111817657018;-2,14551609259277;-2,4282524118668;-2,59869384510399;-3,05978324250474;-4,0610219701259;-3,99395385733955;-3,3217977374888;-2,72007905507952;-2,13829182353672;-1,18500861275905;-1,85736416666674;-2,23882456322202;-2,86260508058283;-5,02140762454537;-5,09729664790047;-4,06960428105759;-3,34524631734356;-2,65932913921636;0,0616023919182442;0,0160928837337721;0,0388562224715487;0,0179218411707625;0,0385225292945519;0,00612082035677787;0,015699196058898;0,00918210322227181;-3;-3;1;1,005211962018258;1;-3;-3;0,56129579682667352;1;1;-13174,8276172423;NA;All
1500;1,88304088315069;2,84254900688767;2,29896849114977;2,50980797761203;2,71397452471025;2,28043562394877;2,41260264278576;2,44819771007298;2,45700793771892;1,97913013422064;1,92132520506502;1,63046728101526;1,43501376778664;4,90550357958464;1,52473550763761;1,76609058341847;1,91673558388257;1,51866759986513;1,93717807202571;1,61222558828219;-21,2493949166985;-3,79008603045278;-7,20969029393746;-8,51566303812501;-5,61065921085665;-5,62225021785504;-10,536537451225;-9,44246507450126;-6,41341979102222;-16,1050701691777;-11,9039710737268;-17,958603469274;-25,1241603258947;-42,2201109096562;-17,9934367568665;-15,1495215606078;-15,8921403085173;-20,6995455137417;-14,7704510396926;-19,5432018278614;2,68199219822906;1,52838389719892;1,55555567096163;0,906735395569924;0,505569093294629;0,505568510213577;0,542423295383888;0,645128743653648;0,999999654320567;0,839312184375599;0,686365732674007;0,484882772849465;0,338111817657018;-2,14551609259277;-2,4282524118668;-2,59869384510399;-3,05978324250474;-4,0610219701259;-3,99395385733955;-3,3217977374888;-2,72007905507952;-2,13829182353672;-1,18500861275905;-1,85736416666674;-2,23882456322202;-2,86260508058283;-5,02140762454537;-5,09729664790047;-4,06960428105759;-3,34524631734356;-2,65932913921636;0,0616023919182442;0,0160928837337721;0,0388562224715487;0,0179218411707625;0,0385225292945519;0,00612082035677787;0,015699196058898;0,00918210322227181;-3;-3;1;0,983184512280992;1;-3;-3;0,26110494400102796;1;1;-13174,7984012022;NA;All
1510;1,88304088315069;2,84254900688767;2,29896849114977;2,50980797761203;2,71397452471025;2,28043562394877;2,41260264278576;2,44819771007298;2,45700793771892;1,97913013422064;1,92132520506502;1,63046728101526;1,43501376778664;4,90550357958464;1,52473550763761;1,76609058341847;1,91673558388257;1,51866759986513;1,93717807202571;1,61222558828219;-21,2493949166985;-3,79008603045278;-7,20969029393746;-8,51566303812501;-5,61065921085665;-5,62225021785504;-10,536537451225;-9,44246507450126;-6,41341979102222;-16,1050701691777;-11,9039710737268;-17,958603469274;-25,1241603258947;-42,2201109096562;-17,9934367568665;-15,1495215606078;-15,8921403085173;-20,6995455137417;-14,7704510396926;-19,5432018278614;2,68199219822906;1,52838389719892;1,55555567096163;0,906735395569924;0,505569093294629;0,505568510213577;0,542423295383888;0,645128743653648;0,999999654320567;0,839312184375599;0,686365732674007;0,484882772849465;0,338111817657018;-2,14551609259277;-2,4282524118668;-2,59869384510399;-3,05978324250474;-4,0610219701259;-3,99395385733955;-3,3217977374888;-2,72007905507952;-2,13829182353672;-1,18500861275905;-1,85736416666674;-2,23882456322202;-2,86260508058283;-5,02140762454537;-5,09729664790047;-4,06960428105759;-3,34524631734356;-2,65932913921636;0,0616023919182442;0,0160928837337721;0,0388562224715487;0,0179218411707625;0,0385225292945519;0,00612082035677787;0,015699196058898;0,00918210322227181;-3;-3;1;1,031463438197018;1;-3;-3;0,58044952965278307;1;1;-13175,1873766509;NA;All
1520;1,88304088315069;2,84254900688767;2,29896849114977;2,50980797761203;2,71397452471025;2,28043562394877;2,41260264278576;2,44819771007298;2,45700793771892;1,97913013422064;1,92132520506502;1,63046728101526;1,43501376778664;4,90550357958464;1,52473550763761;1,76609058341847;1,91673558388257;1,51866759986513;1,93717807202571;1,61222558828219;-21,2493949166985;-3,79008603045278;-7,20969029393746;-8,51566303812501;-5,61065921085665;-5,62225021785504;-10,536537451225;-9,44246507450126;-6,41341979102222;-16,1050701691777;-11,9039710737268;-17,958603469274;-25,1241603258947;-42,2201109096562;-17,9934367568665;-15,1495215606078;-15,8921403085173;-20,6995455137417;-14,7704510396926;-19,5432018278614;2,68199219822906;1,52838389719892;1,55555567096163;0,906735395569924;0,505569093294629;0,505568510213577;0,542423295383888;0,645128743653648;0,999999654320567;0,839312184375599;0,686365732674007;0,484882772849465;0,338111817657018;-2,14551609259277;-2,4282524118668;-2,59869384510399;-3,05978324250474;-4,0610219701259;-3,99395385733955;-3,3217977374888;-2,72007905507952;-2,13829182353672;-1,18500861275905;-1,85736416666674;-2,23882456322202;-2,86260508058283;-5,02140762454537;-5,09729664790047;-4,06960428105759;-3,34524631734356;-2,65932913921636;0,0616023919182442;0,0160928837337721;0,0388562224715487;0,0179218411707625;0,0385225292945519;0,00612082035677787;0,015699196058898;0,00918210322227181;-3;-3;1;0,961188280137868;1;-3;-3;0,21894854025943225;1;1;-13175,3190246539;NA;All
1530;1,88304088315069;2,84254900688767;2,29896849114977;2,50980797761203;2,71397452471025;2,28043562394877;2,41260264278576;2,44819771007298;2,45700793771892;1,97913013422064;1,92132520506502;1,63046728101526;1,43501376778664;4,90550357958464;1,52473550763761;1,76609058341847;1,91673558388257;1,51866759986513;1,93717807202571;1,61222558828219;-21,2493949166985;-3,79008603045278;-7,20969029393746;-8,51566303812501;-5,61065921085665;-5,62225021785504;-10,536537451225;-9,44246507450126;-6,41341979102222;-16,1050701691777;-11,9039710737268;-17,958603469274;-25,1241603258947;-42,2201109096562;-17,9934367568665;-15,1495215606078;-15,8921403085173;-20,6995455137417;-14,7704510396926;-19,5432018278614;2,68199219822906;1,52838389719892;1,55555567096163;0,906735395569924;0,505569093294629;0,505568510213577;0,542423295383888;0,645128743653648;0,999999654320567;0,839312184375599;0,686365732674007;0,484882772849465;0,338111817657018;-2,14551609259277;-2,4282524118668;-2,59869384510399;-3,05978324250474;-4,0610219701259;-3,99395385733955;-3,3217977374888;-2,72007905507952;-2,13829182353672;-1,18500861275905;-1,85736416666674;-2,23882456322202;-2,86260508058283;-5,02140762454537;-5,09729664790047;-4,06960428105759;-3,34524631734356;-2,65932913921636;0,0616023919182442;0,0160928837337721;0,0388562224715487;0,0179218411707625;0,0385225292945519;0,00612082035677787;0,015699196058898;0,00918210322227181;-3;-3;1;1,011477819601275;1;-3;-3;0,19625334415009205;1;1;-13175,0420159716;NA;All
1540;1,88304088315069;2,84254900688767;2,29896849114977;2,50980797761203;2,71397452471025;2,28043562394877;2,41260264278576;2,44819771007298;2,45700793771892;1,97913013422064;1,92132520506502;1,63046728101526;1,43501376778664;4,90550357958464;1,52473550763761;1,76609058341847;1,91673558388257;1,51866759986513;1,93717807202571;1,61222558828219;-21,2493949166985;-3,79008603045278;-7,20969029393746;-8,51566303812501;-5,61065921085665;-5,62225021785504;-10,536537451225;-9,44246507450126;-6,41341979102222;-16,1050701691777;-11,9039710737268;-17,958603469274;-25,1241603258947;-42,2201109096562;-17,9934367568665;-15,1495215606078;-15,8921403085173;-20,6995455137417;-14,7704510396926;-19,5432018278614;2,68199219822906;1,52838389719892;1,55555567096163;0,906735395569924;0,505569093294629;0,505568510213577;0,542423295383888;0,645128743653648;0,999999654320567;0,839312184375599;0,686365732674007;0,484882772849465;0,338111817657018;-2,14551609259277;-2,4282524118668;-2,59869384510399;-3,05978324250474;-4,0610219701259;-3,99395385733955;-3,3217977374888;-2,72007905507952;-2,13829182353672;-1,18500861275905;-1,85736416666674;-2,23882456322202;-2,86260508058283;-5,02140762454537;-5,09729664790047;-4,06960428105759;-3,34524631734356;-2,65932913921636;0,0616023919182442;0,0160928837337721;0,0388562224715487;0,0179218411707625;0,0385225292945519;0,00612082035677787;0,015699196058898;0,00918210322227181;-3;-3;1;1,060495395445376;1;-3;-3;0,20407549352360832;1;1;-13175,7481370824;NA;All
1550;1,88304088315069;2,84254900688767;2,29896849114977;2,50980797761203;2,71397452471025;2,28043562394877;2,41260264278576;2,44819771007298;2,45700793771892;1,97913013422064;1,92132520506502;1,63046728101526;1,43501376778664;4,90550357958464;1,52473550763761;1,76609058341847;1,91673558388257;1,51866759986513;1,93717807202571;1,61222558828219;-21,2493949166985;-3,79008603045278;-7,20969029393746;-8,51566303812501;-5,61065921085665;-5,62225021785504;-10,536537451225;-9,44246507450126;-6,41341979102222;-16,1050701691777;-11,9039710737268;-17,958603469274;-25,1241603258947;-42,2201109096562;-17,9934367568665;-15,1495215606078;-15,8921403085173;-20,6995455137417;-14,7704510396926;-19,5432018278614;2,68199219822906;1,52838389719892;1,55555567096163;0,906735395569924;0,505569093294629;0,505568510213577;0,542423295383888;0,645128743653648;0,999999654320567;0,839312184375599;0,686365732674007;0,484882772849465;0,338111817657018;-2,14551609259277;-2,4282524118668;-2,59869384510399;-3,05978324250474;-4,0610219701259;-3,99395385733955;-3,3217977374888;-2,72007905507952;-2,13829182353672;-1,18500861275905;-1,85736416666674;-2,23882456322202;-2,86260508058283;-5,02140762454537;-5,09729664790047;-4,06960428105759;-3,34524631734356;-2,65932913921636;0,0616023919182442;0,0160928837337721;0,0388562224715487;0,0179218411707625;0,0385225292945519;0,00612082035677787;0,015699196058898;0,00918210322227181;-3;-3;1;0,990940283222676;1;-3;-3;0,28252768392794514;1;1;-13174,6595416535;NA;All
1560;1,88304088315069;2,84254900688767;2,29896849114977;2,50980797761203;2,71397452471025;2,28043562394877;2,41260264278576;2,44819771007298;2,45700793771892;1,97913013422064;1,92132520506502;1,63046728101526;1,43501376778664;4,90550357958464;1,52473550763761;1,76609058341847;1,91673558388257;1,51866759986513;1,93717807202571;1,61222558828219;-21,2493949166985;-3,79008603045278;-7,20969029393746;-8,51566303812501;-5,61065921085665;-5,62225021785504;-10,536537451225;-9,44246507450126;-6,41341979102222;-16,1050701691777;-11,9039710737268;-17,958603469274;-25,1241603258947;-42,2201109096562;-17,9934367568665;-15,1495215606078;-15,8921403085173;-20,6995455137417;-14,7704510396926;-19,5432018278614;2,68199219822906;1,52838389719892;1,55555567096163;0,906735395569924;0,505569093294629;0,505568510213577;0,542423295383888;0,645128743653648;0,999999654320567;0,839312184375599;0,686365732674007;0,484882772849465;0,338111817657018;-2,14551609259277;-2,4282524118668;-2,59869384510399;-3,05978324250474;-4,0610219701259;-3,99395385733955;-3,3217977374888;-2,72007905507952;-2,13829182353672;-1,18500861275905;-1,85736416666674;-2,23882456322202;-2,86260508058283;-5,02140762454537;-5,09729664790047;-4,06960428105759;-3,34524631734356;-2,65932913921636;0,0616023919182442;0,0160928837337721;0,0388562224715487;0,0179218411707625;0,0385225292945519;0,00612082035677787;0,015699196058898;0,00918210322227181;-3;-3;1;0,993112857440500;1;-3;-3;0,83868848572253940;1;1;-13177,2215028474;NA;All
1570;1,88304088315069;2,84254900688767;2,29896849114977;2,50980797761203;2,71397452471025;2,28043562394877;2,41260264278576;2,44819771007298;2,45700793771892;1,97913013422064;1,92132520506502;1,63046728101526;1,43501376778664;4,90550357958464;1,52473550763761;1,76609058341847;1,91673558388257;1,51866759986513;1,93717807202571;1,61222558828219;-21,2493949166985;-3,79008603045278;-7,20969029393746;-8,51566303812501;-5,61065921085665;-5,62225021785504;-10,536537451225;-9,44246507450126;-6,41341979102222;-16,1050701691777;-11,9039710737268;-17,958603469274;-25,1241603258947;-42,2201109096562;-17,9934367568665;-15,1495215606078;-15,8921403085173;-20,6995455137417;-14,7704510396926;-19,5432018278614;2,68199219822906;1,52838389719892;1,55555567096163;0,906735395569924;0,505569093294629;0,505568510213577;0,542423295383888;0,645128743653648;0,999999654320567;0,839312184375599;0,686365732674007;0,484882772849465;0,338111817657018;-2,14551609259277;-2,4282524118668;-2,59869384510399;-3,05978324250474;-4,0610219701259;-3,99395385733955;-3,3217977374888;-2,72007905507952;-2,13829182353672;-1,18500861275905;-1,85736416666674;-2,23882456322202;-2,86260508058283;-5,02140762454537;-5,09729664790047;-4,06960428105759;-3,34524631734356;-2,65932913921636;0,0616023919182442;0,0160928837337721;0,0388562224715487;0,0179218411707625;0,0385225292945519;0,00612082035677787;0,015699196058898;0,00918210322227181;-3;-3;1;0,974280448872202;1;-3;-3;0,17973091682311038;1;1;-13175,3289177652;NA;All
1580;1,88304088315069;2,84254900688767;2,29896849114977;2,50980797761203;2,71397452471025;2,28043562394877;2,41260264278576;2,44819771007298;2,45700793771892;1,97913013422064;1,92132520506502;1,63046728101526;1,43501376778664;4,90550357958464;1,52473550763761;1,76609058341847;1,91673558388257;1,51866759986513;1,93717807202571;1,61222558828219;-21,2493949166985;-3,79008603045278;-7,20969029393746;-8,51566303812501;-5,61065921085665;-5,62225021785504;-10,536537451225;-9,44246507450126;-6,41341979102222;-16,1050701691777;-11,9039710737268;-17,958603469274;-25,1241603258947;-42,2201109096562;-17,9934367568665;-15,1495215606078;-15,8921403085173;-20,6995455137417;-14,7704510396926;-19,5432018278614;2,68199219822906;1,52838389719892;1,55555567096163;0,906735395569924;0,505569093294629;0,505568510213577;0,542423295383888;0,645128743653648;0,999999654320567;0,839312184375599;0,686365732674007;0,484882772849465;0,338111817657018;-2,14551609259277;-2,4282524118668;-2,59869384510399;-3,05978324250474;-4,0610219701259;-3,99395385733955;-3,3217977374888;-2,72007905507952;-2,13829182353672;-1,18500861275905;-1,85736416666674;-2,23882456322202;-2,86260508058283;-5,02140762454537;-5,09729664790047;-4,06960428105759;-3,34524631734356;-2,65932913921636;0,0616023919182442;0,0160928837337721;0,0388562224715487;0,0179218411707625;0,0385225292945519;0,00612082035677787;0,015699196058898;0,00918210322227181;-3;-3;1;0,923424463575962;1;-3;-3;0,16933071016198803;1;1;-13176,6978707528;NA;All
1590;1,88304088315069;2,84254900688767;2,29896849114977;2,50980797761203;2,71397452471025;2,28043562394877;2,41260264278576;2,44819771007298;2,45700793771892;1,97913013422064;1,92132520506502;1,63046728101526;1,43501376778664;4,90550357958464;1,52473550763761;1,76609058341847;1,91673558388257;1,51866759986513;1,93717807202571;1,61222558828219;-21,2493949166985;-3,79008603045278;-7,20969029393746;-8,51566303812501;-5,61065921085665;-5,62225021785504;-10,536537451225;-9,44246507450126;-6,41341979102222;-16,1050701691777;-11,9039710737268;-17,958603469274;-25,1241603258947;-42,2201109096562;-17,9934367568665;-15,1495215606078;-15,8921403085173;-20,6995455137417;-14,7704510396926;-19,5432018278614;2,68199219822906;1,52838389719892;1,55555567096163;0,906735395569924;0,505569093294629;0,505568510213577;0,542423295383888;0,645128743653648;0,999999654320567;0,839312184375599;0,686365732674007;0,484882772849465;0,338111817657018;-2,14551609259277;-2,4282524118668;-2,59869384510399;-3,05978324250474;-4,0610219701259;-3,99395385733955;-3,3217977374888;-2,72007905507952;-2,13829182353672;-1,18500861275905;-1,85736416666674;-2,23882456322202;-2,86260508058283;-5,02140762454537;-5,09729664790047;-4,06960428105759;-3,34524631734356;-2,65932913921636;0,0616023919182442;0,0160928837337721;0,0388562224715487;0,0179218411707625;0,0385225292945519;0,00612082035677787;0,015699196058898;0,00918210322227181;-3;-3;1;1,028084799324472;1;-3;-3;0,30151550551937356;1;1;-13174,7271718167;NA;All
1600;1,88304088315069;2,84254900688767;2,29896849114977;2,50980797761203;2,71397452471025;2,28043562394877;2,41260264278576;2,44819771007298;2,45700793771892;1,97913013422064;1,92132520506502;1,63046728101526;1,43501376778664;4,90550357958464;1,52473550763761;1,76609058341847;1,91673558388257;1,51866759986513;1,93717807202571;1,61222558828219;-21,2493949166985;-3,79008603045278;-7,20969029393746;-8,51566303812501;-5,61065921085665;-5,62225021785504;-10,536537451225;-9,44246507450126;-6,41341979102222;-16,1050701691777;-11,9039710737268;-17,958603469274;-25,1241603258947;-42,2201109096562;-17,9934367568665;-15,1495215606078;-15,8921403085173;-20,6995455137417;-14,7704510396926;-19,5432018278614;2,68199219822906;1,52838389719892;1,55555567096163;0,906735395569924;0,505569093294629;0,505568510213577;0,542423295383888;0,645128743653648;0,999999654320567;0,839312184375599;0,686365732674007;0,484882772849465;0,338111817657018;-2,14551609259277;-2,4282524118668;-2,59869384510399;-3,05978324250474;-4,0610219701259;-3,99395385733955;-3,3217977374888;-2,72007905507952;-2,13829182353672;-1,18500861275905;-1,85736416666674;-2,23882456322202;-2,86260508058283;-5,02140762454537;-5,09729664790047;-4,06960428105759;-3,34524631734356;-2,65932913921636;0,0616023919182442;0,0160928837337721;0,0388562224715487;0,0179218411707625;0,0385225292945519;0,00612082035677787;0,015699196058898;0,00918210322227181;-3;-3;1;0,992247013456165;1;-3;-3;0,48660147032280010;1;1;-13174,5641259755;NA;All
1610;1,88304088315069;2,84254900688767;2,29896849114977;2,50980797761203;2,71397452471025;2,28043562394877;2,41260264278576;2,44819771007298;2,45700793771892;1,97913013422064;1,92132520506502;1,63046728101526;1,43501376778664;4,90550357958464;1,52473550763761;1,76609058341847;1,91673558388257;1,51866759986513;1,93717807202571;1,61222558828219;-21,2493949166985;-3,79008603045278;-7,20969029393746;-8,51566303812501;-5,61065921085665;-5,62225021785504;-10,536537451225;-9,44246507450126;-6,41341979102222;-16,1050701691777;-11,9039710737268;-17,958603469274;-25,1241603258947;-42,2201109096562;-17,9934367568665;-15,1495215606078;-15,8921403085173;-20,6995455137417;-14,7704510396926;-19,5432018278614;2,68199219822906;1,52838389719892;1,55555567096163;0,906735395569924;0,505569093294629;0,505568510213577;0,542423295383888;0,645128743653648;0,999999654320567;0,839312184375599;0,686365732674007;0,484882772849465;0,338111817657018;-2,14551609259277;-2,4282524118668;-2,59869384510399;-3,05978324250474;-4,0610219701259;-3,99395385733955;-3,3217977374888;-2,72007905507952;-2,13829182353672;-1,18500861275905;-1,85736416666674;-2,23882456322202;-2,86260508058283;-5,02140762454537;-5,09729664790047;-4,06960428105759;-3,34524631734356;-2,65932913921636;0,0616023919182442;0,0160928837337721;0,0388562224715487;0,0179218411707625;0,0385225292945519;0,00612082035677787;0,015699196058898;0,00918210322227181;-3;-3;1;0,948570605184993;1;-3;-3;0,05753286492943721;1;1;-13176,8263088904;NA;All
1620;1,88304088315069;2,84254900688767;2,29896849114977;2,50980797761203;2,71397452471025;2,28043562394877;2,41260264278576;2,44819771007298;2,45700793771892;1,97913013422064;1,92132520506502;1,63046728101526;1,43501376778664;4,90550357958464;1,52473550763761;1,76609058341847;1,91673558388257;1,51866759986513;1,93717807202571;1,61222558828219;-21,2493949166985;-3,79008603045278;-7,20969029393746;-8,51566303812501;-5,61065921085665;-5,62225021785504;-10,536537451225;-9,44246507450126;-6,41341979102222;-16,1050701691777;-11,9039710737268;-17,958603469274;-25,1241603258947;-42,2201109096562;-17,9934367568665;-15,1495215606078;-15,8921403085173;-20,6995455137417;-14,7704510396926;-19,5432018278614;2,68199219822906;1,52838389719892;1,55555567096163;0,906735395569924;0,505569093294629;0,505568510213577;0,542423295383888;0,645128743653648;0,999999654320567;0,839312184375599;0,686365732674007;0,484882772849465;0,338111817657018;-2,14551609259277;-2,4282524118668;-2,59869384510399;-3,05978324250474;-4,0610219701259;-3,99395385733955;-3,3217977374888;-2,72007905507952;-2,13829182353672;-1,18500861275905;-1,85736416666674;-2,23882456322202;-2,86260508058283;-5,02140762454537;-5,09729664790047;-4,06960428105759;-3,34524631734356;-2,65932913921636;0,0616023919182442;0,0160928837337721;0,0388562224715487;0,0179218411707625;0,0385225292945519;0,00612082035677787;0,015699196058898;0,00918210322227181;-3;-3;1;0,970282185465047;1;-3;-3;0,82004126217275375;1;1;-13177,1837554162;NA;All
1630;1,88304088315069;2,84254900688767;2,29896849114977;2,50980797761203;2,71397452471025;2,28043562394877;2,41260264278576;2,44819771007298;2,45700793771892;1,97913013422064;1,92132520506502;1,63046728101526;1,43501376778664;4,90550357958464;1,52473550763761;1,76609058341847;1,91673558388257;1,51866759986513;1,93717807202571;1,61222558828219;-21,2493949166985;-3,79008603045278;-7,20969029393746;-8,51566303812501;-5,61065921085665;-5,62225021785504;-10,536537451225;-9,44246507450126;-6,41341979102222;-16,1050701691777;-11,9039710737268;-17,958603469274;-25,1241603258947;-42,2201109096562;-17,9934367568665;-15,1495215606078;-15,8921403085173;-20,6995455137417;-14,7704510396926;-19,5432018278614;2,68199219822906;1,52838389719892;1,55555567096163;0,906735395569924;0,505569093294629;0,505568510213577;0,542423295383888;0,645128743653648;0,999999654320567;0,839312184375599;0,686365732674007;0,484882772849465;0,338111817657018;-2,14551609259277;-2,4282524118668;-2,59869384510399;-3,05978324250474;-4,0610219701259;-3,99395385733955;-3,3217977374888;-2,72007905507952;-2,13829182353672;-1,18500861275905;-1,85736416666674;-2,23882456322202;-2,86260508058283;-5,02140762454537;-5,09729664790047;-4,06960428105759;-3,34524631734356;-2,65932913921636;0,0616023919182442;0,0160928837337721;0,0388562224715487;0,0179218411707625;0,0385225292945519;0,00612082035677787;0,015699196058898;0,00918210322227181;-3;-3;1;1,086017099322749;1;-3;-3;0,24121294270225041;1;1;-13176,4262782965;NA;All
1640;1,88304088315069;2,84254900688767;2,29896849114977;2,50980797761203;2,71397452471025;2,28043562394877;2,41260264278576;2,44819771007298;2,45700793771892;1,97913013422064;1,92132520506502;1,63046728101526;1,43501376778664;4,90550357958464;1,52473550763761;1,76609058341847;1,91673558388257;1,51866759986513;1,93717807202571;1,61222558828219;-21,2493949166985;-3,79008603045278;-7,20969029393746;-8,51566303812501;-5,61065921085665;-5,62225021785504;-10,536537451225;-9,44246507450126;-6,41341979102222;-16,1050701691777;-11,9039710737268;-17,958603469274;-25,1241603258947;-42,2201109096562;-17,9934367568665;-15,1495215606078;-15,8921403085173;-20,6995455137417;-14,7704510396926;-19,5432018278614;2,68199219822906;1,52838389719892;1,55555567096163;0,906735395569924;0,505569093294629;0,505568510213577;0,542423295383888;0,645128743653648;0,999999654320567;0,839312184375599;0,686365732674007;0,484882772849465;0,338111817657018;-2,14551609259277;-2,4282524118668;-2,59869384510399;-3,05978324250474;-4,0610219701259;-3,99395385733955;-3,3217977374888;-2,72007905507952;-2,13829182353672;-1,18500861275905;-1,85736416666674;-2,23882456322202;-2,86260508058283;-5,02140762454537;-5,09729664790047;-4,06960428105759;-3,34524631734356;-2,65932913921636;0,0616023919182442;0,0160928837337721;0,0388562224715487;0,0179218411707625;0,0385225292945519;0,00612082035677787;0,015699196058898;0,00918210322227181;-3;-3;1;1,023984707953767;1;-3;-3;0,23705485742536447;1;1;-13174,9143677599;NA;All
1650;1,88304088315069;2,84254900688767;2,29896849114977;2,50980797761203;2,71397452471025;2,28043562394877;2,41260264278576;2,44819771007298;2,45700793771892;1,97913013422064;1,92132520506502;1,63046728101526;1,43501376778664;4,90550357958464;1,52473550763761;1,76609058341847;1,91673558388257;1,51866759986513;1,93717807202571;1,61222558828219;-21,2493949166985;-3,79008603045278;-7,20969029393746;-8,51566303812501;-5,61065921085665;-5,62225021785504;-10,536537451225;-9,44246507450126;-6,41341979102222;-16,1050701691777;-11,9039710737268;-17,958603469274;-25,1241603258947;-42,2201109096562;-17,9934367568665;-15,1495215606078;-15,8921403085173;-20,6995455137417;-14,7704510396926;-19,5432018278614;2,68199219822906;1,52838389719892;1,55555567096163;0,906735395569924;0,505569093294629;0,505568510213577;0,542423295383888;0,645128743653648;0,999999654320567;0,839312184375599;0,686365732674007;0,484882772849465;0,338111817657018;-2,14551609259277;-2,4282524118668;-2,59869384510399;-3,05978324250474;-4,0610219701259;-3,99395385733955;-3,3217977374888;-2,72007905507952;-2,13829182353672;-1,18500861275905;-1,85736416666674;-2,23882456322202;-2,86260508058283;-5,02140762454537;-5,09729664790047;-4,06960428105759;-3,34524631734356;-2,65932913921636;0,0616023919182442;0,0160928837337721;0,0388562224715487;0,0179218411707625;0,0385225292945519;0,00612082035677787;0,015699196058898;0,00918210322227181;-3;-3;1;0,980220815573028;1;-3;-3;0,40463793729314063;1;1;-13174,5452890040;NA;All
1660;1,88304088315069;2,84254900688767;2,29896849114977;2,50980797761203;2,71397452471025;2,28043562394877;2,41260264278576;2,44819771007298;2,45700793771892;1,97913013422064;1,92132520506502;1,63046728101526;1,43501376778664;4,90550357958464;1,52473550763761;1,76609058341847;1,91673558388257;1,51866759986513;1,93717807202571;1,61222558828219;-21,2493949166985;-3,79008603045278;-7,20969029393746;-8,51566303812501;-5,61065921085665;-5,62225021785504;-10,536537451225;-9,44246507450126;-6,41341979102222;-16,1050701691777;-11,9039710737268;-17,958603469274;-25,1241603258947;-42,2201109096562;-17,9934367568665;-15,1495215606078;-15,8921403085173;-20,6995455137417;-14,7704510396926;-19,5432018278614;2,68199219822906;1,52838389719892;1,55555567096163;0,906735395569924;0,505569093294629;0,505568510213577;0,542423295383888;0,645128743653648;0,999999654320567;0,839312184375599;0,686365732674007;0,484882772849465;0,338111817657018;-2,14551609259277;-2,4282524118668;-2,59869384510399;-3,05978324250474;-4,0610219701259;-3,99395385733955;-3,3217977374888;-2,72007905507952;-2,13829182353672;-1,18500861275905;-1,85736416666674;-2,23882456322202;-2,86260508058283;-5,02140762454537;-5,09729664790047;-4,06960428105759;-3,34524631734356;-2,65932913921636;0,0616023919182442;0,0160928837337721;0,0388562224715487;0,0179218411707625;0,0385225292945519;0,00612082035677787;0,015699196058898;0,00918210322227181;-3;-3;1;0,965876254891104;1;-3;-3;0,53590886974285745;1;1;-13175,0126894960;NA;All
1670;1,88304088315069;2,84254900688767;2,29896849114977;2,50980797761203;2,71397452471025;2,28043562394877;2,41260264278576;2,44819771007298;2,45700793771892;1,97913013422064;1,92132520506502;1,63046728101526;1,43501376778664;4,90550357958464;1,52473550763761;1,76609058341847;1,91673558388257;1,51866759986513;1,93717807202571;1,61222558828219;-21,2493949166985;-3,79008603045278;-7,20969029393746;-8,51566303812501;-5,61065921085665;-5,62225021785504;-10,536537451225;-9,44246507450126;-6,41341979102222;-16,1050701691777;-11,9039710737268;-17,958603469274;-25,1241603258947;-42,2201109096562;-17,9934367568665;-15,1495215606078;-15,8921403085173;-20,6995455137417;-14,7704510396926;-19,5432018278614;2,68199219822906;1,52838389719892;1,55555567096163;0,906735395569924;0,505569093294629;0,505568510213577;0,542423295383888;0,645128743653648;0,999999654320567;0,839312184375599;0,686365732674007;0,484882772849465;0,338111817657018;-2,14551609259277;-2,4282524118668;-2,59869384510399;-3,05978324250474;-4,0610219701259;-3,99395385733955;-3,3217977374888;-2,72007905507952;-2,13829182353672;-1,18500861275905;-1,85736416666674;-2,23882456322202;-2,86260508058283;-5,02140762454537;-5,09729664790047;-4,06960428105759;-3,34524631734356;-2,65932913921636;0,0616023919182442;0,0160928837337721;0,0388562224715487;0,0179218411707625;0,0385225292945519;0,00612082035677787;0,015699196058898;0,00918210322227181;-3;-3;1;0,968329765604756;1;-3;-3;0,15055692594989209;1;1;-13175,6185201346;NA;All
1680;1,88304088315069;2,84254900688767;2,29896849114977;2,50980797761203;2,71397452471025;2,28043562394877;2,41260264278576;2,44819771007298;2,45700793771892;1,97913013422064;1,92132520506502;1,63046728101526;1,43501376778664;4,90550357958464;1,52473550763761;1,76609058341847;1,91673558388257;1,51866759986513;1,93717807202571;1,61222558828219;-21,2493949166985;-3,79008603045278;-7,20969029393746;-8,51566303812501;-5,61065921085665;-5,62225021785504;-10,536537451225;-9,44246507450126;-6,41341979102222;-16,1050701691777;-11,9039710737268;-17,958603469274;-25,1241603258947;-42,2201109096562;-17,9934367568665;-15,1495215606078;-15,8921403085173;-20,6995455137417;-14,7704510396926;-19,5432018278614;2,68199219822906;1,52838389719892;1,55555567096163;0,906735395569924;0,505569093294629;0,505568510213577;0,542423295383888;0,645128743653648;0,999999654320567;0,839312184375599;0,686365732674007;0,484882772849465;0,338111817657018;-2,14551609259277;-2,4282524118668;-2,59869384510399;-3,05978324250474;-4,0610219701259;-3,99395385733955;-3,3217977374888;-2,72007905507952;-2,13829182353672;-1,18500861275905;-1,85736416666674;-2,23882456322202;-2,86260508058283;-5,02140762454537;-5,09729664790047;-4,06960428105759;-3,34524631734356;-2,65932913921636;0,0616023919182442;0,0160928837337721;0,0388562224715487;0,0179218411707625;0,0385225292945519;0,00612082035677787;0,015699196058898;0,00918210322227181;-3;-3;1;0,905774864067503;1;-3;-3;0,22043378827570936;1;1;-13177,1470013700;NA;All
1690;1,88304088315069;2,84254900688767;2,29896849114977;2,50980797761203;2,71397452471025;2,28043562394877;2,41260264278576;2,44819771007298;2,45700793771892;1,97913013422064;1,92132520506502;1,63046728101526;1,43501376778664;4,90550357958464;1,52473550763761;1,76609058341847;1,91673558388257;1,51866759986513;1,93717807202571;1,61222558828219;-21,2493949166985;-3,79008603045278;-7,20969029393746;-8,51566303812501;-5,61065921085665;-5,62225021785504;-10,536537451225;-9,44246507450126;-6,41341979102222;-16,1050701691777;-11,9039710737268;-17,958603469274;-25,1241603258947;-42,2201109096562;-17,9934367568665;-15,1495215606078;-15,8921403085173;-20,6995455137417;-14,7704510396926;-19,5432018278614;2,68199219822906;1,52838389719892;1,55555567096163;0,906735395569924;0,505569093294629;0,505568510213577;0,542423295383888;0,645128743653648;0,999999654320567;0,839312184375599;0,686365732674007;0,484882772849465;0,338111817657018;-2,14551609259277;-2,4282524118668;-2,59869384510399;-3,05978324250474;-4,0610219701259;-3,99395385733955;-3,3217977374888;-2,72007905507952;-2,13829182353672;-1,18500861275905;-1,85736416666674;-2,23882456322202;-2,86260508058283;-5,02140762454537;-5,09729664790047;-4,06960428105759;-3,34524631734356;-2,65932913921636;0,0616023919182442;0,0160928837337721;0,0388562224715487;0,0179218411707625;0,0385225292945519;0,00612082035677787;0,015699196058898;0,00918210322227181;-3;-3;1;1,081681929440773;1;-3;-3;0,18034367744034527;1;1;-13176,5440882320;NA;All
1700;1,88304088315069;2,84254900688767;2,29896849114977;2,50980797761203;2,71397452471025;2,28043562394877;2,41260264278576;2,44819771007298;2,45700793771892;1,97913013422064;1,92132520506502;1,63046728101526;1,43501376778664;4,90550357958464;1,52473550763761;1,76609058341847;1,91673558388257;1,51866759986513;1,93717807202571;1,61222558828219;-21,2493949166985;-3,79008603045278;-7,20969029393746;-8,51566303812501;-5,61065921085665;-5,62225021785504;-10,536537451225;-9,44246507450126;-6,41341979102222;-16,1050701691777;-11,9039710737268;-17,958603469274;-25,1241603258947;-42,2201109096562;-17,9934367568665;-15,1495215606078;-15,8921403085173;-20,6995455137417;-14,7704510396926;-19,5432018278614;2,68199219822906;1,52838389719892;1,55555567096163;0,906735395569924;0,505569093294629;0,505568510213577;0,542423295383888;0,645128743653648;0,999999654320567;0,839312184375599;0,686365732674007;0,484882772849465;0,338111817657018;-2,14551609259277;-2,4282524118668;-2,59869384510399;-3,05978324250474;-4,0610219701259;-3,99395385733955;-3,3217977374888;-2,72007905507952;-2,13829182353672;-1,18500861275905;-1,85736416666674;-2,23882456322202;-2,86260508058283;-5,02140762454537;-5,09729664790047;-4,06960428105759;-3,34524631734356;-2,65932913921636;0,0616023919182442;0,0160928837337721;0,0388562224715487;0,0179218411707625;0,0385225292945519;0,00612082035677787;0,015699196058898;0,00918210322227181;-3;-3;1;1,000507855448446;1;-3;-3;0,27060376892475091;1;1;-13174,6699127380;NA;All
1710;1,88304088315069;2,84254900688767;2,29896849114977;2,50980797761203;2,71397452471025;2,28043562394877;2,41260264278576;2,44819771007298;2,45700793771892;1,97913013422064;1,92132520506502;1,63046728101526;1,43501376778664;4,90550357958464;1,52473550763761;1,76609058341847;1,91673558388257;1,51866759986513;1,93717807202571;1,61222558828219;-21,2493949166985;-3,79008603045278;-7,20969029393746;-8,51566303812501;-5,61065921085665;-5,62225021785504;-10,536537451225;-9,44246507450126;-6,41341979102222;-16,1050701691777;-11,9039710737268;-17,958603469274;-25,1241603258947;-42,2201109096562;-17,9934367568665;-15,1495215606078;-15,8921403085173;-20,6995455137417;-14,7704510396926;-19,5432018278614;2,68199219822906;1,52838389719892;1,55555567096163;0,906735395569924;0,505569093294629;0,505568510213577;0,542423295383888;0,645128743653648;0,999999654320567;0,839312184375599;0,686365732674007;0,484882772849465;0,338111817657018;-2,14551609259277;-2,4282524118668;-2,59869384510399;-3,05978324250474;-4,0610219701259;-3,99395385733955;-3,3217977374888;-2,72007905507952;-2,13829182353672;-1,18500861275905;-1,85736416666674;-2,23882456322202;-2,86260508058283;-5,02140762454537;-5,09729664790047;-4,06960428105759;-3,34524631734356;-2,65932913921636;0,0616023919182442;0,0160928837337721;0,0388562224715487;0,0179218411707625;0,0385225292945519;0,00612082035677787;0,015699196058898;0,00918210322227181;-3;-3;1;0,969244664061961;1;-3;-3;0,38403795634024096;1;1;-13174,6966516681;NA;All
1720;1,88304088315069;2,84254900688767;2,29896849114977;2,50980797761203;2,71397452471025;2,28043562394877;2,41260264278576;2,44819771007298;2,45700793771892;1,97913013422064;1,92132520506502;1,63046728101526;1,43501376778664;4,90550357958464;1,52473550763761;1,76609058341847;1,91673558388257;1,51866759986513;1,93717807202571;1,61222558828219;-21,2493949166985;-3,79008603045278;-7,20969029393746;-8,51566303812501;-5,61065921085665;-5,62225021785504;-10,536537451225;-9,44246507450126;-6,41341979102222;-16,1050701691777;-11,9039710737268;-17,958603469274;-25,1241603258947;-42,2201109096562;-17,9934367568665;-15,1495215606078;-15,8921403085173;-20,6995455137417;-14,7704510396926;-19,5432018278614;2,68199219822906;1,52838389719892;1,55555567096163;0,906735395569924;0,505569093294629;0,505568510213577;0,542423295383888;0,645128743653648;0,999999654320567;0,839312184375599;0,686365732674007;0,484882772849465;0,338111817657018;-2,14551609259277;-2,4282524118668;-2,59869384510399;-3,05978324250474;-4,0610219701259;-3,99395385733955;-3,3217977374888;-2,72007905507952;-2,13829182353672;-1,18500861275905;-1,85736416666674;-2,23882456322202;-2,86260508058283;-5,02140762454537;-5,09729664790047;-4,06960428105759;-3,34524631734356;-2,65932913921636;0,0616023919182442;0,0160928837337721;0,0388562224715487;0,0179218411707625;0,0385225292945519;0,00612082035677787;0,015699196058898;0,00918210322227181;-3;-3;1;1,011356544200121;1;-3;-3;0,33486686274959637;1;1;-13174,5108874385;NA;All
1730;1,88304088315069;2,84254900688767;2,29896849114977;2,50980797761203;2,71397452471025;2,28043562394877;2,41260264278576;2,44819771007298;2,45700793771892;1,97913013422064;1,92132520506502;1,63046728101526;1,43501376778664;4,90550357958464;1,52473550763761;1,76609058341847;1,91673558388257;1,51866759986513;1,93717807202571;1,61222558828219;-21,2493949166985;-3,79008603045278;-7,20969029393746;-8,51566303812501;-5,61065921085665;-5,62225021785504;-10,536537451225;-9,44246507450126;-6,41341979102222;-16,1050701691777;-11,9039710737268;-17,958603469274;-25,1241603258947;-42,2201109096562;-17,9934367568665;-15,1495215606078;-15,8921403085173;-20,6995455137417;-14,7704510396926;-19,5432018278614;2,68199219822906;1,52838389719892;1,55555567096163;0,906735395569924;0,505569093294629;0,505568510213577;0,542423295383888;0,645128743653648;0,999999654320567;0,839312184375599;0,686365732674007;0,484882772849465;0,338111817657018;-2,14551609259277;-2,4282524118668;-2,59869384510399;-3,05978324250474;-4,0610219701259;-3,99395385733955;-3,3217977374888;-2,72007905507952;-2,13829182353672;-1,18500861275905;-1,85736416666674;-2,23882456322202;-2,86260508058283;-5,02140762454537;-5,09729664790047;-4,06960428105759;-3,34524631734356;-2,65932913921636;0,0616023919182442;0,0160928837337721;0,0388562224715487;0,0179218411707625;0,0385225292945519;0,00612082035677787;0,015699196058898;0,00918210322227181;-3;-3;1;1,074588032612451;1;-3;-3;0,32946894948435451;1;1;-13175,7817556826;NA;All
1740;1,88304088315069;2,84254900688767;2,29896849114977;2,50980797761203;2,71397452471025;2,28043562394877;2,41260264278576;2,44819771007298;2,45700793771892;1,97913013422064;1,92132520506502;1,63046728101526;1,43501376778664;4,90550357958464;1,52473550763761;1,76609058341847;1,91673558388257;1,51866759986513;1,93717807202571;1,61222558828219;-21,2493949166985;-3,79008603045278;-7,20969029393746;-8,51566303812501;-5,61065921085665;-5,62225021785504;-10,536537451225;-9,44246507450126;-6,41341979102222;-16,1050701691777;-11,9039710737268;-17,958603469274;-25,1241603258947;-42,2201109096562;-17,9934367568665;-15,1495215606078;-15,8921403085173;-20,6995455137417;-14,7704510396926;-19,5432018278614;2,68199219822906;1,52838389719892;1,55555567096163;0,906735395569924;0,505569093294629;0,505568510213577;0,542423295383888;0,645128743653648;0,999999654320567;0,839312184375599;0,686365732674007;0,484882772849465;0,338111817657018;-2,14551609259277;-2,4282524118668;-2,59869384510399;-3,05978324250474;-4,0610219701259;-3,99395385733955;-3,3217977374888;-2,72007905507952;-2,13829182353672;-1,18500861275905;-1,85736416666674;-2,23882456322202;-2,86260508058283;-5,02140762454537;-5,09729664790047;-4,06960428105759;-3,34524631734356;-2,65932913921636;0,0616023919182442;0,0160928837337721;0,0388562224715487;0,0179218411707625;0,0385225292945519;0,00612082035677787;0,015699196058898;0,00918210322227181;-3;-3;1;0,939618827686495;1;-3;-3;0,49074943504559371;1;1;-13175,5147350444;NA;All
1750;1,88304088315069;2,84254900688767;2,29896849114977;2,50980797761203;2,71397452471025;2,28043562394877;2,41260264278576;2,44819771007298;2,45700793771892;1,97913013422064;1,92132520506502;1,63046728101526;1,43501376778664;4,90550357958464;1,52473550763761;1,76609058341847;1,91673558388257;1,51866759986513;1,93717807202571;1,61222558828219;-21,2493949166985;-3,79008603045278;-7,20969029393746;-8,51566303812501;-5,61065921085665;-5,62225021785504;-10,536537451225;-9,44246507450126;-6,41341979102222;-16,1050701691777;-11,9039710737268;-17,958603469274;-25,1241603258947;-42,2201109096562;-17,9934367568665;-15,1495215606078;-15,8921403085173;-20,6995455137417;-14,7704510396926;-19,5432018278614;2,68199219822906;1,52838389719892;1,55555567096163;0,906735395569924;0,505569093294629;0,505568510213577;0,542423295383888;0,645128743653648;0,999999654320567;0,839312184375599;0,686365732674007;0,484882772849465;0,338111817657018;-2,14551609259277;-2,4282524118668;-2,59869384510399;-3,05978324250474;-4,0610219701259;-3,99395385733955;-3,3217977374888;-2,72007905507952;-2,13829182353672;-1,18500861275905;-1,85736416666674;-2,23882456322202;-2,86260508058283;-5,02140762454537;-5,09729664790047;-4,06960428105759;-3,34524631734356;-2,65932913921636;0,0616023919182442;0,0160928837337721;0,0388562224715487;0,0179218411707625;0,0385225292945519;0,00612082035677787;0,015699196058898;0,00918210322227181;-3;-3;1;0,941682856292942;1;-3;-3;0,13534184108707326;1;1;-13176,3339478338;NA;All
1760;1,88304088315069;2,84254900688767;2,29896849114977;2,50980797761203;2,71397452471025;2,28043562394877;2,41260264278576;2,44819771007298;2,45700793771892;1,97913013422064;1,92132520506502;1,63046728101526;1,43501376778664;4,90550357958464;1,52473550763761;1,76609058341847;1,91673558388257;1,51866759986513;1,93717807202571;1,61222558828219;-21,2493949166985;-3,79008603045278;-7,20969029393746;-8,51566303812501;-5,61065921085665;-5,62225021785504;-10,536537451225;-9,44246507450126;-6,41341979102222;-16,1050701691777;-11,9039710737268;-17,958603469274;-25,1241603258947;-42,2201109096562;-17,9934367568665;-15,1495215606078;-15,8921403085173;-20,6995455137417;-14,7704510396926;-19,5432018278614;2,68199219822906;1,52838389719892;1,55555567096163;0,906735395569924;0,505569093294629;0,505568510213577;0,542423295383888;0,645128743653648;0,999999654320567;0,839312184375599;0,686365732674007;0,484882772849465;0,338111817657018;-2,14551609259277;-2,4282524118668;-2,59869384510399;-3,05978324250474;-4,0610219701259;-3,99395385733955;-3,3217977374888;-2,72007905507952;-2,13829182353672;-1,18500861275905;-1,85736416666674;-2,23882456322202;-2,86260508058283;-5,02140762454537;-5,09729664790047;-4,06960428105759;-3,34524631734356;-2,65932913921636;0,0616023919182442;0,0160928837337721;0,0388562224715487;0,0179218411707625;0,0385225292945519;0,00612082035677787;0,015699196058898;0,00918210322227181;-3;-3;1;0,946672046042088;1;-3;-3;0,43454290310337201;1;1;-13175,2034720448;NA;All
1770;1,88304088315069;2,84254900688767;2,29896849114977;2,50980797761203;2,71397452471025;2,28043562394877;2,41260264278576;2,44819771007298;2,45700793771892;1,97913013422064;1,92132520506502;1,63046728101526;1,43501376778664;4,90550357958464;1,52473550763761;1,76609058341847;1,91673558388257;1,51866759986513;1,93717807202571;1,61222558828219;-21,2493949166985;-3,79008603045278;-7,20969029393746;-8,51566303812501;-5,61065921085665;-5,62225021785504;-10,536537451225;-9,44246507450126;-6,41341979102222;-16,1050701691777;-11,9039710737268;-17,958603469274;-25,1241603258947;-42,2201109096562;-17,9934367568665;-15,1495215606078;-15,8921403085173;-20,6995455137417;-14,7704510396926;-19,5432018278614;2,68199219822906;1,52838389719892;1,55555567096163;0,906735395569924;0,505569093294629;0,505568510213577;0,542423295383888;0,645128743653648;0,999999654320567;0,839312184375599;0,686365732674007;0,484882772849465;0,338111817657018;-2,14551609259277;-2,4282524118668;-2,59869384510399;-3,05978324250474;-4,0610219701259;-3,99395385733955;-3,3217977374888;-2,72007905507952;-2,13829182353672;-1,18500861275905;-1,85736416666674;-2,23882456322202;-2,86260508058283;-5,02140762454537;-5,09729664790047;-4,06960428105759;-3,34524631734356;-2,65932913921636;0,0616023919182442;0,0160928837337721;0,0388562224715487;0,0179218411707625;0,0385225292945519;0,00612082035677787;0,015699196058898;0,00918210322227181;-3;-3;1;0,983891928138020;1;-3;-3;0,38405781010552426;1;1;-13174,5132713140;NA;All
1780;1,88304088315069;2,84254900688767;2,29896849114977;2,50980797761203;2,71397452471025;2,28043562394877;2,41260264278576;2,44819771007298;2,45700793771892;1,97913013422064;1,92132520506502;1,63046728101526;1,43501376778664;4,90550357958464;1,52473550763761;1,76609058341847;1,91673558388257;1,51866759986513;1,93717807202571;1,61222558828219;-21,2493949166985;-3,79008603045278;-7,20969029393746;-8,51566303812501;-5,61065921085665;-5,62225021785504;-10,536537451225;-9,44246507450126;-6,41341979102222;-16,1050701691777;-11,9039710737268;-17,958603469274;-25,1241603258947;-42,2201109096562;-17,9934367568665;-15,1495215606078;-15,8921403085173;-20,6995455137417;-14,7704510396926;-19,5432018278614;2,68199219822906;1,52838389719892;1,55555567096163;0,906735395569924;0,505569093294629;0,505568510213577;0,542423295383888;0,645128743653648;0,999999654320567;0,839312184375599;0,686365732674007;0,484882772849465;0,338111817657018;-2,14551609259277;-2,4282524118668;-2,59869384510399;-3,05978324250474;-4,0610219701259;-3,99395385733955;-3,3217977374888;-2,72007905507952;-2,13829182353672;-1,18500861275905;-1,85736416666674;-2,23882456322202;-2,86260508058283;-5,02140762454537;-5,09729664790047;-4,06960428105759;-3,34524631734356;-2,65932913921636;0,0616023919182442;0,0160928837337721;0,0388562224715487;0,0179218411707625;0,0385225292945519;0,00612082035677787;0,015699196058898;0,00918210322227181;-3;-3;1;0,973807434090715;1;-3;-3;0,18989135974077301;1;1;-13175,2714973885;NA;All
1790;1,88304088315069;2,84254900688767;2,29896849114977;2,50980797761203;2,71397452471025;2,28043562394877;2,41260264278576;2,44819771007298;2,45700793771892;1,97913013422064;1,92132520506502;1,63046728101526;1,43501376778664;4,90550357958464;1,52473550763761;1,76609058341847;1,91673558388257;1,51866759986513;1,93717807202571;1,61222558828219;-21,2493949166985;-3,79008603045278;-7,20969029393746;-8,51566303812501;-5,61065921085665;-5,62225021785504;-10,536537451225;-9,44246507450126;-6,41341979102222;-16,1050701691777;-11,9039710737268;-17,958603469274;-25,1241603258947;-42,2201109096562;-17,9934367568665;-15,1495215606078;-15,8921403085173;-20,6995455137417;-14,7704510396926;-19,5432018278614;2,68199219822906;1,52838389719892;1,55555567096163;0,906735395569924;0,505569093294629;0,505568510213577;0,542423295383888;0,645128743653648;0,999999654320567;0,839312184375599;0,686365732674007;0,484882772849465;0,338111817657018;-2,14551609259277;-2,4282524118668;-2,59869384510399;-3,05978324250474;-4,0610219701259;-3,99395385733955;-3,3217977374888;-2,72007905507952;-2,13829182353672;-1,18500861275905;-1,85736416666674;-2,23882456322202;-2,86260508058283;-5,02140762454537;-5,09729664790047;-4,06960428105759;-3,34524631734356;-2,65932913921636;0,0616023919182442;0,0160928837337721;0,0388562224715487;0,0179218411707625;0,0385225292945519;0,00612082035677787;0,015699196058898;0,00918210322227181;-3;-3;1;1,044522445855333;1;-3;-3;0,33622414808447376;1;1;-13174,9287244858;NA;All
1800;1,88304088315069;2,84254900688767;2,29896849114977;2,50980797761203;2,71397452471025;2,28043562394877;2,41260264278576;2,44819771007298;2,45700793771892;1,97913013422064;1,92132520506502;1,63046728101526;1,43501376778664;4,90550357958464;1,52473550763761;1,76609058341847;1,91673558388257;1,51866759986513;1,93717807202571;1,61222558828219;-21,2493949166985;-3,79008603045278;-7,20969029393746;-8,51566303812501;-5,61065921085665;-5,62225021785504;-10,536537451225;-9,44246507450126;-6,41341979102222;-16,1050701691777;-11,9039710737268;-17,958603469274;-25,1241603258947;-42,2201109096562;-17,9934367568665;-15,1495215606078;-15,8921403085173;-20,6995455137417;-14,7704510396926;-19,5432018278614;2,68199219822906;1,52838389719892;1,55555567096163;0,906735395569924;0,505569093294629;0,505568510213577;0,542423295383888;0,645128743653648;0,999999654320567;0,839312184375599;0,686365732674007;0,484882772849465;0,338111817657018;-2,14551609259277;-2,4282524118668;-2,59869384510399;-3,05978324250474;-4,0610219701259;-3,99395385733955;-3,3217977374888;-2,72007905507952;-2,13829182353672;-1,18500861275905;-1,85736416666674;-2,23882456322202;-2,86260508058283;-5,02140762454537;-5,09729664790047;-4,06960428105759;-3,34524631734356;-2,65932913921636;0,0616023919182442;0,0160928837337721;0,0388562224715487;0,0179218411707625;0,0385225292945519;0,00612082035677787;0,015699196058898;0,00918210322227181;-3;-3;1;1,006837028817791;1;-3;-3;0,42358841013893206;1;1;-13174,4496337306;NA;All
1810;1,88304088315069;2,84254900688767;2,29896849114977;2,50980797761203;2,71397452471025;2,28043562394877;2,41260264278576;2,44819771007298;2,45700793771892;1,97913013422064;1,92132520506502;1,63046728101526;1,43501376778664;4,90550357958464;1,52473550763761;1,76609058341847;1,91673558388257;1,51866759986513;1,93717807202571;1,61222558828219;-21,2493949166985;-3,79008603045278;-7,20969029393746;-8,51566303812501;-5,61065921085665;-5,62225021785504;-10,536537451225;-9,44246507450126;-6,41341979102222;-16,1050701691777;-11,9039710737268;-17,958603469274;-25,1241603258947;-42,2201109096562;-17,9934367568665;-15,1495215606078;-15,8921403085173;-20,6995455137417;-14,7704510396926;-19,5432018278614;2,68199219822906;1,52838389719892;1,55555567096163;0,906735395569924;0,505569093294629;0,505568510213577;0,542423295383888;0,645128743653648;0,999999654320567;0,839312184375599;0,686365732674007;0,484882772849465;0,338111817657018;-2,14551609259277;-2,4282524118668;-2,59869384510399;-3,05978324250474;-4,0610219701259;-3,99395385733955;-3,3217977374888;-2,72007905507952;-2,13829182353672;-1,18500861275905;-1,85736416666674;-2,23882456322202;-2,86260508058283;-5,02140762454537;-5,09729664790047;-4,06960428105759;-3,34524631734356;-2,65932913921636;0,0616023919182442;0,0160928837337721;0,0388562224715487;0,0179218411707625;0,0385225292945519;0,00612082035677787;0,015699196058898;0,00918210322227181;-3;-3;1;0,984684668226327;1;-3;-3;0,46543918740428641;1;1;-13174,5646603941;NA;All
1820;1,88304088315069;2,84254900688767;2,29896849114977;2,50980797761203;2,71397452471025;2,28043562394877;2,41260264278576;2,44819771007298;2,45700793771892;1,97913013422064;1,92132520506502;1,63046728101526;1,43501376778664;4,90550357958464;1,52473550763761;1,76609058341847;1,91673558388257;1,51866759986513;1,93717807202571;1,61222558828219;-21,2493949166985;-3,79008603045278;-7,20969029393746;-8,51566303812501;-5,61065921085665;-5,62225021785504;-10,536537451225;-9,44246507450126;-6,41341979102222;-16,1050701691777;-11,9039710737268;-17,958603469274;-25,1241603258947;-42,2201109096562;-17,9934367568665;-15,1495215606078;-15,8921403085173;-20,6995455137417;-14,7704510396926;-19,5432018278614;2,68199219822906;1,52838389719892;1,55555567096163;0,906735395569924;0,505569093294629;0,505568510213577;0,542423295383888;0,645128743653648;0,999999654320567;0,839312184375599;0,686365732674007;0,484882772849465;0,338111817657018;-2,14551609259277;-2,4282524118668;-2,59869384510399;-3,05978324250474;-4,0610219701259;-3,99395385733955;-3,3217977374888;-2,72007905507952;-2,13829182353672;-1,18500861275905;-1,85736416666674;-2,23882456322202;-2,86260508058283;-5,02140762454537;-5,09729664790047;-4,06960428105759;-3,34524631734356;-2,65932913921636;0,0616023919182442;0,0160928837337721;0,0388562224715487;0,0179218411707625;0,0385225292945519;0,00612082035677787;0,015699196058898;0,00918210322227181;-3;-3;1;0,998426868554696;1;-3;-3;0,00768038415347716;1;1;-13176,6571734930;NA;All
1830;1,88304088315069;2,84254900688767;2,29896849114977;2,50980797761203;2,71397452471025;2,28043562394877;2,41260264278576;2,44819771007298;2,45700793771892;1,97913013422064;1,92132520506502;1,63046728101526;1,43501376778664;4,90550357958464;1,52473550763761;1,76609058341847;1,91673558388257;1,51866759986513;1,93717807202571;1,61222558828219;-21,2493949166985;-3,79008603045278;-7,20969029393746;-8,51566303812501;-5,61065921085665;-5,62225021785504;-10,536537451225;-9,44246507450126;-6,41341979102222;-16,1050701691777;-11,9039710737268;-17,958603469274;-25,1241603258947;-42,2201109096562;-17,9934367568665;-15,1495215606078;-15,8921403085173;-20,6995455137417;-14,7704510396926;-19,5432018278614;2,68199219822906;1,52838389719892;1,55555567096163;0,906735395569924;0,505569093294629;0,505568510213577;0,542423295383888;0,645128743653648;0,999999654320567;0,839312184375599;0,686365732674007;0,484882772849465;0,338111817657018;-2,14551609259277;-2,4282524118668;-2,59869384510399;-3,05978324250474;-4,0610219701259;-3,99395385733955;-3,3217977374888;-2,72007905507952;-2,13829182353672;-1,18500861275905;-1,85736416666674;-2,23882456322202;-2,86260508058283;-5,02140762454537;-5,09729664790047;-4,06960428105759;-3,34524631734356;-2,65932913921636;0,0616023919182442;0,0160928837337721;0,0388562224715487;0,0179218411707625;0,0385225292945519;0,00612082035677787;0,015699196058898;0,00918210322227181;-3;-3;1;0,993241914997364;1;-3;-3;0,54517314143990903;1;1;-13174,7582033758;NA;All
1840;1,88304088315069;2,84254900688767;2,29896849114977;2,50980797761203;2,71397452471025;2,28043562394877;2,41260264278576;2,44819771007298;2,45700793771892;1,97913013422064;1,92132520506502;1,63046728101526;1,43501376778664;4,90550357958464;1,52473550763761;1,76609058341847;1,91673558388257;1,51866759986513;1,93717807202571;1,61222558828219;-21,2493949166985;-3,79008603045278;-7,20969029393746;-8,51566303812501;-5,61065921085665;-5,62225021785504;-10,536537451225;-9,44246507450126;-6,41341979102222;-16,1050701691777;-11,9039710737268;-17,958603469274;-25,1241603258947;-42,2201109096562;-17,9934367568665;-15,1495215606078;-15,8921403085173;-20,6995455137417;-14,7704510396926;-19,5432018278614;2,68199219822906;1,52838389719892;1,55555567096163;0,906735395569924;0,505569093294629;0,505568510213577;0,542423295383888;0,645128743653648;0,999999654320567;0,839312184375599;0,686365732674007;0,484882772849465;0,338111817657018;-2,14551609259277;-2,4282524118668;-2,59869384510399;-3,05978324250474;-4,0610219701259;-3,99395385733955;-3,3217977374888;-2,72007905507952;-2,13829182353672;-1,18500861275905;-1,85736416666674;-2,23882456322202;-2,86260508058283;-5,02140762454537;-5,09729664790047;-4,06960428105759;-3,34524631734356;-2,65932913921636;0,0616023919182442;0,0160928837337721;0,0388562224715487;0,0179218411707625;0,0385225292945519;0,00612082035677787;0,015699196058898;0,00918210322227181;-3;-3;1;0,966793617355247;1;-3;-3;0,37198407874360723;1;1;-13174,7456756467;NA;All
1850;1,88304088315069;2,84254900688767;2,29896849114977;2,50980797761203;2,71397452471025;2,28043562394877;2,41260264278576;2,44819771007298;2,45700793771892;1,97913013422064;1,92132520506502;1,63046728101526;1,43501376778664;4,90550357958464;1,52473550763761;1,76609058341847;1,91673558388257;1,51866759986513;1,93717807202571;1,61222558828219;-21,2493949166985;-3,79008603045278;-7,20969029393746;-8,51566303812501;-5,61065921085665;-5,62225021785504;-10,536537451225;-9,44246507450126;-6,41341979102222;-16,1050701691777;-11,9039710737268;-17,958603469274;-25,1241603258947;-42,2201109096562;-17,9934367568665;-15,1495215606078;-15,8921403085173;-20,6995455137417;-14,7704510396926;-19,5432018278614;2,68199219822906;1,52838389719892;1,55555567096163;0,906735395569924;0,505569093294629;0,505568510213577;0,542423295383888;0,645128743653648;0,999999654320567;0,839312184375599;0,686365732674007;0,484882772849465;0,338111817657018;-2,14551609259277;-2,4282524118668;-2,59869384510399;-3,05978324250474;-4,0610219701259;-3,99395385733955;-3,3217977374888;-2,72007905507952;-2,13829182353672;-1,18500861275905;-1,85736416666674;-2,23882456322202;-2,86260508058283;-5,02140762454537;-5,09729664790047;-4,06960428105759;-3,34524631734356;-2,65932913921636;0,0616023919182442;0,0160928837337721;0,0388562224715487;0,0179218411707625;0,0385225292945519;0,00612082035677787;0,015699196058898;0,00918210322227181;-3;-3;1;0,966704268608669;1;-3;-3;0,42096589154078590;1;1;-13174,7413243825;NA;All
1860;1,88304088315069;2,84254900688767;2,29896849114977;2,50980797761203;2,71397452471025;2,28043562394877;2,41260264278576;2,44819771007298;2,45700793771892;1,97913013422064;1,92132520506502;1,63046728101526;1,43501376778664;4,90550357958464;1,52473550763761;1,76609058341847;1,91673558388257;1,51866759986513;1,93717807202571;1,61222558828219;-21,2493949166985;-3,79008603045278;-7,20969029393746;-8,51566303812501;-5,61065921085665;-5,62225021785504;-10,536537451225;-9,44246507450126;-6,41341979102222;-16,1050701691777;-11,9039710737268;-17,958603469274;-25,1241603258947;-42,2201109096562;-17,9934367568665;-15,1495215606078;-15,8921403085173;-20,6995455137417;-14,7704510396926;-19,5432018278614;2,68199219822906;1,52838389719892;1,55555567096163;0,906735395569924;0,505569093294629;0,505568510213577;0,542423295383888;0,645128743653648;0,999999654320567;0,839312184375599;0,686365732674007;0,484882772849465;0,338111817657018;-2,14551609259277;-2,4282524118668;-2,59869384510399;-3,05978324250474;-4,0610219701259;-3,99395385733955;-3,3217977374888;-2,72007905507952;-2,13829182353672;-1,18500861275905;-1,85736416666674;-2,23882456322202;-2,86260508058283;-5,02140762454537;-5,09729664790047;-4,06960428105759;-3,34524631734356;-2,65932913921636;0,0616023919182442;0,0160928837337721;0,0388562224715487;0,0179218411707625;0,0385225292945519;0,00612082035677787;0,015699196058898;0,00918210322227181;-3;-3;1;0,985791565336446;1;-3;-3;0,38449580508116155;1;1;-13174,4972538842;NA;All
1870;1,88304088315069;2,84254900688767;2,29896849114977;2,50980797761203;2,71397452471025;2,28043562394877;2,41260264278576;2,44819771007298;2,45700793771892;1,97913013422064;1,92132520506502;1,63046728101526;1,43501376778664;4,90550357958464;1,52473550763761;1,76609058341847;1,91673558388257;1,51866759986513;1,93717807202571;1,61222558828219;-21,2493949166985;-3,79008603045278;-7,20969029393746;-8,51566303812501;-5,61065921085665;-5,62225021785504;-10,536537451225;-9,44246507450126;-6,41341979102222;-16,1050701691777;-11,9039710737268;-17,958603469274;-25,1241603258947;-42,2201109096562;-17,9934367568665;-15,1495215606078;-15,8921403085173;-20,6995455137417;-14,7704510396926;-19,5432018278614;2,68199219822906;1,52838389719892;1,55555567096163;0,906735395569924;0,505569093294629;0,505568510213577;0,542423295383888;0,645128743653648;0,999999654320567;0,839312184375599;0,686365732674007;0,484882772849465;0,338111817657018;-2,14551609259277;-2,4282524118668;-2,59869384510399;-3,05978324250474;-4,0610219701259;-3,99395385733955;-3,3217977374888;-2,72007905507952;-2,13829182353672;-1,18500861275905;-1,85736416666674;-2,23882456322202;-2,86260508058283;-5,02140762454537;-5,09729664790047;-4,06960428105759;-3,34524631734356;-2,65932913921636;0,0616023919182442;0,0160928837337721;0,0388562224715487;0,0179218411707625;0,0385225292945519;0,00612082035677787;0,015699196058898;0,00918210322227181;-3;-3;1;1,026435402885955;1;-3;-3;0,19336398377966579;1;1;-13175,1674795261;NA;All
1880;1,88304088315069;2,84254900688767;2,29896849114977;2,50980797761203;2,71397452471025;2,28043562394877;2,41260264278576;2,44819771007298;2,45700793771892;1,97913013422064;1,92132520506502;1,63046728101526;1,43501376778664;4,90550357958464;1,52473550763761;1,76609058341847;1,91673558388257;1,51866759986513;1,93717807202571;1,61222558828219;-21,2493949166985;-3,79008603045278;-7,20969029393746;-8,51566303812501;-5,61065921085665;-5,62225021785504;-10,536537451225;-9,44246507450126;-6,41341979102222;-16,1050701691777;-11,9039710737268;-17,958603469274;-25,1241603258947;-42,2201109096562;-17,9934367568665;-15,1495215606078;-15,8921403085173;-20,6995455137417;-14,7704510396926;-19,5432018278614;2,68199219822906;1,52838389719892;1,55555567096163;0,906735395569924;0,505569093294629;0,505568510213577;0,542423295383888;0,645128743653648;0,999999654320567;0,839312184375599;0,686365732674007;0,484882772849465;0,338111817657018;-2,14551609259277;-2,4282524118668;-2,59869384510399;-3,05978324250474;-4,0610219701259;-3,99395385733955;-3,3217977374888;-2,72007905507952;-2,13829182353672;-1,18500861275905;-1,85736416666674;-2,23882456322202;-2,86260508058283;-5,02140762454537;-5,09729664790047;-4,06960428105759;-3,34524631734356;-2,65932913921636;0,0616023919182442;0,0160928837337721;0,0388562224715487;0,0179218411707625;0,0385225292945519;0,00612082035677787;0,015699196058898;0,00918210322227181;-3;-3;1;1,070220933375161;1;-3;-3;0,60201444378147562;1;1;-13176,3793047144;NA;All
1890;1,88304088315069;2,84254900688767;2,29896849114977;2,50980797761203;2,71397452471025;2,28043562394877;2,41260264278576;2,44819771007298;2,45700793771892;1,97913013422064;1,92132520506502;1,63046728101526;1,43501376778664;4,90550357958464;1,52473550763761;1,76609058341847;1,91673558388257;1,51866759986513;1,93717807202571;1,61222558828219;-21,2493949166985;-3,79008603045278;-7,20969029393746;-8,51566303812501;-5,61065921085665;-5,62225021785504;-10,536537451225;-9,44246507450126;-6,41341979102222;-16,1050701691777;-11,9039710737268;-17,958603469274;-25,1241603258947;-42,2201109096562;-17,9934367568665;-15,1495215606078;-15,8921403085173;-20,6995455137417;-14,7704510396926;-19,5432018278614;2,68199219822906;1,52838389719892;1,55555567096163;0,906735395569924;0,505569093294629;0,505568510213577;0,542423295383888;0,645128743653648;0,999999654320567;0,839312184375599;0,686365732674007;0,484882772849465;0,338111817657018;-2,14551609259277;-2,4282524118668;-2,59869384510399;-3,05978324250474;-4,0610219701259;-3,99395385733955;-3,3217977374888;-2,72007905507952;-2,13829182353672;-1,18500861275905;-1,85736416666674;-2,23882456322202;-2,86260508058283;-5,02140762454537;-5,09729664790047;-4,06960428105759;-3,34524631734356;-2,65932913921636;0,0616023919182442;0,0160928837337721;0,0388562224715487;0,0179218411707625;0,0385225292945519;0,00612082035677787;0,015699196058898;0,00918210322227181;-3;-3;1;0,991527641883271;1;-3;-3;0,64454834674627526;1;1;-13175,3256368623;NA;All
1900;1,88304088315069;2,84254900688767;2,29896849114977;2,50980797761203;2,71397452471025;2,28043562394877;2,41260264278576;2,44819771007298;2,45700793771892;1,97913013422064;1,92132520506502;1,63046728101526;1,43501376778664;4,90550357958464;1,52473550763761;1,76609058341847;1,91673558388257;1,51866759986513;1,93717807202571;1,61222558828219;-21,2493949166985;-3,79008603045278;-7,20969029393746;-8,51566303812501;-5,61065921085665;-5,62225021785504;-10,536537451225;-9,44246507450126;-6,41341979102222;-16,1050701691777;-11,9039710737268;-17,958603469274;-25,1241603258947;-42,2201109096562;-17,9934367568665;-15,1495215606078;-15,8921403085173;-20,6995455137417;-14,7704510396926;-19,5432018278614;2,68199219822906;1,52838389719892;1,55555567096163;0,906735395569924;0,505569093294629;0,505568510213577;0,542423295383888;0,645128743653648;0,999999654320567;0,839312184375599;0,686365732674007;0,484882772849465;0,338111817657018;-2,14551609259277;-2,4282524118668;-2,59869384510399;-3,05978324250474;-4,0610219701259;-3,99395385733955;-3,3217977374888;-2,72007905507952;-2,13829182353672;-1,18500861275905;-1,85736416666674;-2,23882456322202;-2,86260508058283;-5,02140762454537;-5,09729664790047;-4,06960428105759;-3,34524631734356;-2,65932913921636;0,0616023919182442;0,0160928837337721;0,0388562224715487;0,0179218411707625;0,0385225292945519;0,00612082035677787;0,015699196058898;0,00918210322227181;-3;-3;1;0,999428236216407;1;-3;-3;0,43908574046884002;1;1;-13174,4572793624;NA;All
1910;1,88304088315069;2,84254900688767;2,29896849114977;2,50980797761203;2,71397452471025;2,28043562394877;2,41260264278576;2,44819771007298;2,45700793771892;1,97913013422064;1,92132520506502;1,63046728101526;1,43501376778664;4,90550357958464;1,52473550763761;1,76609058341847;1,91673558388257;1,51866759986513;1,93717807202571;1,61222558828219;-21,2493949166985;-3,79008603045278;-7,20969029393746;-8,51566303812501;-5,61065921085665;-5,62225021785504;-10,536537451225;-9,44246507450126;-6,41341979102222;-16,1050701691777;-11,9039710737268;-17,958603469274;-25,1241603258947;-42,2201109096562;-17,9934367568665;-15,1495215606078;-15,8921403085173;-20,6995455137417;-14,7704510396926;-19,5432018278614;2,68199219822906;1,52838389719892;1,55555567096163;0,906735395569924;0,505569093294629;0,505568510213577;0,542423295383888;0,645128743653648;0,999999654320567;0,839312184375599;0,686365732674007;0,484882772849465;0,338111817657018;-2,14551609259277;-2,4282524118668;-2,59869384510399;-3,05978324250474;-4,0610219701259;-3,99395385733955;-3,3217977374888;-2,72007905507952;-2,13829182353672;-1,18500861275905;-1,85736416666674;-2,23882456322202;-2,86260508058283;-5,02140762454537;-5,09729664790047;-4,06960428105759;-3,34524631734356;-2,65932913921636;0,0616023919182442;0,0160928837337721;0,0388562224715487;0,0179218411707625;0,0385225292945519;0,00612082035677787;0,015699196058898;0,00918210322227181;-3;-3;1;0,983616176432052;1;-3;-3;0,39975300437029537;1;1;-13174,5120610500;NA;All
1920;1,88304088315069;2,84254900688767;2,29896849114977;2,50980797761203;2,71397452471025;2,28043562394877;2,41260264278576;2,44819771007298;2,45700793771892;1,97913013422064;1,92132520506502;1,63046728101526;1,43501376778664;4,90550357958464;1,52473550763761;1,76609058341847;1,91673558388257;1,51866759986513;1,93717807202571;1,61222558828219;-21,2493949166985;-3,79008603045278;-7,20969029393746;-8,51566303812501;-5,61065921085665;-5,62225021785504;-10,536537451225;-9,44246507450126;-6,41341979102222;-16,1050701691777;-11,9039710737268;-17,958603469274;-25,1241603258947;-42,2201109096562;-17,9934367568665;-15,1495215606078;-15,8921403085173;-20,6995455137417;-14,7704510396926;-19,5432018278614;2,68199219822906;1,52838389719892;1,55555567096163;0,906735395569924;0,505569093294629;0,505568510213577;0,542423295383888;0,645128743653648;0,999999654320567;0,839312184375599;0,686365732674007;0,484882772849465;0,338111817657018;-2,14551609259277;-2,4282524118668;-2,59869384510399;-3,05978324250474;-4,0610219701259;-3,99395385733955;-3,3217977374888;-2,72007905507952;-2,13829182353672;-1,18500861275905;-1,85736416666674;-2,23882456322202;-2,86260508058283;-5,02140762454537;-5,09729664790047;-4,06960428105759;-3,34524631734356;-2,65932913921636;0,0616023919182442;0,0160928837337721;0,0388562224715487;0,0179218411707625;0,0385225292945519;0,00612082035677787;0,015699196058898;0,00918210322227181;-3;-3;1;1,004489031703898;1;-3;-3;0,30616925579934601;1;1;-13174,5560896924;NA;All
1930;1,88304088315069;2,84254900688767;2,29896849114977;2,50980797761203;2,71397452471025;2,28043562394877;2,41260264278576;2,44819771007298;2,45700793771892;1,97913013422064;1,92132520506502;1,63046728101526;1,43501376778664;4,90550357958464;1,52473550763761;1,76609058341847;1,91673558388257;1,51866759986513;1,93717807202571;1,61222558828219;-21,2493949166985;-3,79008603045278;-7,20969029393746;-8,51566303812501;-5,61065921085665;-5,62225021785504;-10,536537451225;-9,44246507450126;-6,41341979102222;-16,1050701691777;-11,9039710737268;-17,958603469274;-25,1241603258947;-42,2201109096562;-17,9934367568665;-15,1495215606078;-15,8921403085173;-20,6995455137417;-14,7704510396926;-19,5432018278614;2,68199219822906;1,52838389719892;1,55555567096163;0,906735395569924;0,505569093294629;0,505568510213577;0,542423295383888;0,645128743653648;0,999999654320567;0,839312184375599;0,686365732674007;0,484882772849465;0,338111817657018;-2,14551609259277;-2,4282524118668;-2,59869384510399;-3,05978324250474;-4,0610219701259;-3,99395385733955;-3,3217977374888;-2,72007905507952;-2,13829182353672;-1,18500861275905;-1,85736416666674;-2,23882456322202;-2,86260508058283;-5,02140762454537;-5,09729664790047;-4,06960428105759;-3,34524631734356;-2,65932913921636;0,0616023919182442;0,0160928837337721;0,0388562224715487;0,0179218411707625;0,0385225292945519;0,00612082035677787;0,015699196058898;0,00918210322227181;-3;-3;1;1,009184791627078;1;-3;-3;0,30129943841351897;1;1;-13174,5793958230;NA;All
1940;1,88304088315069;2,84254900688767;2,29896849114977;2,50980797761203;2,71397452471025;2,28043562394877;2,41260264278576;2,44819771007298;2,45700793771892;1,97913013422064;1,92132520506502;1,63046728101526;1,43501376778664;4,90550357958464;1,52473550763761;1,76609058341847;1,91673558388257;1,51866759986513;1,93717807202571;1,61222558828219;-21,2493949166985;-3,79008603045278;-7,20969029393746;-8,51566303812501;-5,61065921085665;-5,62225021785504;-10,536537451225;-9,44246507450126;-6,41341979102222;-16,1050701691777;-11,9039710737268;-17,958603469274;-25,1241603258947;-42,2201109096562;-17,9934367568665;-15,1495215606078;-15,8921403085173;-20,6995455137417;-14,7704510396926;-19,5432018278614;2,68199219822906;1,52838389719892;1,55555567096163;0,906735395569924;0,505569093294629;0,505568510213577;0,542423295383888;0,645128743653648;0,999999654320567;0,839312184375599;0,686365732674007;0,484882772849465;0,338111817657018;-2,14551609259277;-2,4282524118668;-2,59869384510399;-3,05978324250474;-4,0610219701259;-3,99395385733955;-3,3217977374888;-2,72007905507952;-2,13829182353672;-1,18500861275905;-1,85736416666674;-2,23882456322202;-2,86260508058283;-5,02140762454537;-5,09729664790047;-4,06960428105759;-3,34524631734356;-2,65932913921636;0,0616023919182442;0,0160928837337721;0,0388562224715487;0,0179218411707625;0,0385225292945519;0,00612082035677787;0,015699196058898;0,00918210322227181;-3;-3;1;1,025706051362663;1;-3;-3;0,59468229932979355;1;1;-13175,1795004400;NA;All
1950;1,88304088315069;2,84254900688767;2,29896849114977;2,50980797761203;2,71397452471025;2,28043562394877;2,41260264278576;2,44819771007298;2,45700793771892;1,97913013422064;1,92132520506502;1,63046728101526;1,43501376778664;4,90550357958464;1,52473550763761;1,76609058341847;1,91673558388257;1,51866759986513;1,93717807202571;1,61222558828219;-21,2493949166985;-3,79008603045278;-7,20969029393746;-8,51566303812501;-5,61065921085665;-5,62225021785504;-10,536537451225;-9,44246507450126;-6,41341979102222;-16,1050701691777;-11,9039710737268;-17,958603469274;-25,1241603258947;-42,2201109096562;-17,9934367568665;-15,1495215606078;-15,8921403085173;-20,6995455137417;-14,7704510396926;-19,5432018278614;2,68199219822906;1,52838389719892;1,55555567096163;0,906735395569924;0,505569093294629;0,505568510213577;0,542423295383888;0,645128743653648;0,999999654320567;0,839312184375599;0,686365732674007;0,484882772849465;0,338111817657018;-2,14551609259277;-2,4282524118668;-2,59869384510399;-3,05978324250474;-4,0610219701259;-3,99395385733955;-3,3217977374888;-2,72007905507952;-2,13829182353672;-1,18500861275905;-1,85736416666674;-2,23882456322202;-2,86260508058283;-5,02140762454537;-5,09729664790047;-4,06960428105759;-3,34524631734356;-2,65932913921636;0,0616023919182442;0,0160928837337721;0,0388562224715487;0,0179218411707625;0,0385225292945519;0,00612082035677787;0,015699196058898;0,00918210322227181;-3;-3;1;0,934584404608903;1;-3;-3;0,79739109386291140;1;1;-13177,8180574016;NA;All
1960;1,88304088315069;2,84254900688767;2,29896849114977;2,50980797761203;2,71397452471025;2,28043562394877;2,41260264278576;2,44819771007298;2,45700793771892;1,97913013422064;1,92132520506502;1,63046728101526;1,43501376778664;4,90550357958464;1,52473550763761;1,76609058341847;1,91673558388257;1,51866759986513;1,93717807202571;1,61222558828219;-21,2493949166985;-3,79008603045278;-7,20969029393746;-8,51566303812501;-5,61065921085665;-5,62225021785504;-10,536537451225;-9,44246507450126;-6,41341979102222;-16,1050701691777;-11,9039710737268;-17,958603469274;-25,1241603258947;-42,2201109096562;-17,9934367568665;-15,1495215606078;-15,8921403085173;-20,6995455137417;-14,7704510396926;-19,5432018278614;2,68199219822906;1,52838389719892;1,55555567096163;0,906735395569924;0,505569093294629;0,505568510213577;0,542423295383888;0,645128743653648;0,999999654320567;0,839312184375599;0,686365732674007;0,484882772849465;0,338111817657018;-2,14551609259277;-2,4282524118668;-2,59869384510399;-3,05978324250474;-4,0610219701259;-3,99395385733955;-3,3217977374888;-2,72007905507952;-2,13829182353672;-1,18500861275905;-1,85736416666674;-2,23882456322202;-2,86260508058283;-5,02140762454537;-5,09729664790047;-4,06960428105759;-3,34524631734356;-2,65932913921636;0,0616023919182442;0,0160928837337721;0,0388562224715487;0,0179218411707625;0,0385225292945519;0,00612082035677787;0,015699196058898;0,00918210322227181;-3;-3;1;0,871865837531298;1;-3;-3;0,36187460796126919;1;1;-13178,6554394231;NA;All
1970;1,88304088315069;2,84254900688767;2,29896849114977;2,50980797761203;2,71397452471025;2,28043562394877;2,41260264278576;2,44819771007298;2,45700793771892;1,97913013422064;1,92132520506502;1,63046728101526;1,43501376778664;4,90550357958464;1,52473550763761;1,76609058341847;1,91673558388257;1,51866759986513;1,93717807202571;1,61222558828219;-21,2493949166985;-3,79008603045278;-7,20969029393746;-8,51566303812501;-5,61065921085665;-5,62225021785504;-10,536537451225;-9,44246507450126;-6,41341979102222;-16,1050701691777;-11,9039710737268;-17,958603469274;-25,1241603258947;-42,2201109096562;-17,9934367568665;-15,1495215606078;-15,8921403085173;-20,6995455137417;-14,7704510396926;-19,5432018278614;2,68199219822906;1,52838389719892;1,55555567096163;0,906735395569924;0,505569093294629;0,505568510213577;0,542423295383888;0,645128743653648;0,999999654320567;0,839312184375599;0,686365732674007;0,484882772849465;0,338111817657018;-2,14551609259277;-2,4282524118668;-2,59869384510399;-3,05978324250474;-4,0610219701259;-3,99395385733955;-3,3217977374888;-2,72007905507952;-2,13829182353672;-1,18500861275905;-1,85736416666674;-2,23882456322202;-2,86260508058283;-5,02140762454537;-5,09729664790047;-4,06960428105759;-3,34524631734356;-2,65932913921636;0,0616023919182442;0,0160928837337721;0,0388562224715487;0,0179218411707625;0,0385225292945519;0,00612082035677787;0,015699196058898;0,00918210322227181;-3;-3;1;1,034429380593537;1;-3;-3;0,82187564924970047;1;1;-13177,4250805185;NA;All
1980;1,88304088315069;2,84254900688767;2,29896849114977;2,50980797761203;2,71397452471025;2,28043562394877;2,41260264278576;2,44819771007298;2,45700793771892;1,97913013422064;1,92132520506502;1,63046728101526;1,43501376778664;4,90550357958464;1,52473550763761;1,76609058341847;1,91673558388257;1,51866759986513;1,93717807202571;1,61222558828219;-21,2493949166985;-3,79008603045278;-7,20969029393746;-8,51566303812501;-5,61065921085665;-5,62225021785504;-10,536537451225;-9,44246507450126;-6,41341979102222;-16,1050701691777;-11,9039710737268;-17,958603469274;-25,1241603258947;-42,2201109096562;-17,9934367568665;-15,1495215606078;-15,8921403085173;-20,6995455137417;-14,7704510396926;-19,5432018278614;2,68199219822906;1,52838389719892;1,55555567096163;0,906735395569924;0,505569093294629;0,505568510213577;0,542423295383888;0,645128743653648;0,999999654320567;0,839312184375599;0,686365732674007;0,484882772849465;0,338111817657018;-2,14551609259277;-2,4282524118668;-2,59869384510399;-3,05978324250474;-4,0610219701259;-3,99395385733955;-3,3217977374888;-2,72007905507952;-2,13829182353672;-1,18500861275905;-1,85736416666674;-2,23882456322202;-2,86260508058283;-5,02140762454537;-5,09729664790047;-4,06960428105759;-3,34524631734356;-2,65932913921636;0,0616023919182442;0,0160928837337721;0,0388562224715487;0,0179218411707625;0,0385225292945519;0,00612082035677787;0,015699196058898;0,00918210322227181;-3;-3;1;0,954625208558753;1;-3;-3;0,66761400630313728;1;1;-13176,0048178823;NA;All
1990;1,88304088315069;2,84254900688767;2,29896849114977;2,50980797761203;2,71397452471025;2,28043562394877;2,41260264278576;2,44819771007298;2,45700793771892;1,97913013422064;1,92132520506502;1,63046728101526;1,43501376778664;4,90550357958464;1,52473550763761;1,76609058341847;1,91673558388257;1,51866759986513;1,93717807202571;1,61222558828219;-21,2493949166985;-3,79008603045278;-7,20969029393746;-8,51566303812501;-5,61065921085665;-5,62225021785504;-10,536537451225;-9,44246507450126;-6,41341979102222;-16,1050701691777;-11,9039710737268;-17,958603469274;-25,1241603258947;-42,2201109096562;-17,9934367568665;-15,1495215606078;-15,8921403085173;-20,6995455137417;-14,7704510396926;-19,5432018278614;2,68199219822906;1,52838389719892;1,55555567096163;0,906735395569924;0,505569093294629;0,505568510213577;0,542423295383888;0,645128743653648;0,999999654320567;0,839312184375599;0,686365732674007;0,484882772849465;0,338111817657018;-2,14551609259277;-2,4282524118668;-2,59869384510399;-3,05978324250474;-4,0610219701259;-3,99395385733955;-3,3217977374888;-2,72007905507952;-2,13829182353672;-1,18500861275905;-1,85736416666674;-2,23882456322202;-2,86260508058283;-5,02140762454537;-5,09729664790047;-4,06960428105759;-3,34524631734356;-2,65932913921636;0,0616023919182442;0,0160928837337721;0,0388562224715487;0,0179218411707625;0,0385225292945519;0,00612082035677787;0,015699196058898;0,00918210322227181;-3;-3;1;1,001567174758106;1;-3;-3;0,09101685793258590;1;1;-13175,8094557925;NA;All
2000;1,88304088315069;2,84254900688767;2,29896849114977;2,50980797761203;2,71397452471025;2,28043562394877;2,41260264278576;2,44819771007298;2,45700793771892;1,97913013422064;1,92132520506502;1,63046728101526;1,43501376778664;4,90550357958464;1,52473550763761;1,76609058341847;1,91673558388257;1,51866759986513;1,93717807202571;1,61222558828219;-21,2493949166985;-3,79008603045278;-7,20969029393746;-8,51566303812501;-5,61065921085665;-5,62225021785504;-10,536537451225;-9,44246507450126;-6,41341979102222;-16,1050701691777;-11,9039710737268;-17,958603469274;-25,1241603258947;-42,2201109096562;-17,9934367568665;-15,1495215606078;-15,8921403085173;-20,6995455137417;-14,7704510396926;-19,5432018278614;2,68199219822906;1,52838389719892;1,55555567096163;0,906735395569924;0,505569093294629;0,505568510213577;0,542423295383888;0,645128743653648;0,999999654320567;0,839312184375599;0,686365732674007;0,484882772849465;0,338111817657018;-2,14551609259277;-2,4282524118668;-2,59869384510399;-3,05978324250474;-4,0610219701259;-3,99395385733955;-3,3217977374888;-2,72007905507952;-2,13829182353672;-1,18500861275905;-1,85736416666674;-2,23882456322202;-2,86260508058283;-5,02140762454537;-5,09729664790047;-4,06960428105759;-3,34524631734356;-2,65932913921636;0,0616023919182442;0,0160928837337721;0,0388562224715487;0,0179218411707625;0,0385225292945519;0,00612082035677787;0,015699196058898;0,00918210322227181;-3;-3;1;0,982827719804176;1;-3;-3;0,55797824978226829;1;1;-13174,8790391070;NA;All
2010;1,88304088315069;2,84254900688767;2,29896849114977;2,50980797761203;2,71397452471025;2,28043562394877;2,41260264278576;2,44819771007298;2,45700793771892;1,97913013422064;1,92132520506502;1,63046728101526;1,43501376778664;4,90550357958464;1,52473550763761;1,76609058341847;1,91673558388257;1,51866759986513;1,93717807202571;1,61222558828219;-21,2493949166985;-3,79008603045278;-7,20969029393746;-8,51566303812501;-5,61065921085665;-5,62225021785504;-10,536537451225;-9,44246507450126;-6,41341979102222;-16,1050701691777;-11,9039710737268;-17,958603469274;-25,1241603258947;-42,2201109096562;-17,9934367568665;-15,1495215606078;-15,8921403085173;-20,6995455137417;-14,7704510396926;-19,5432018278614;2,68199219822906;1,52838389719892;1,55555567096163;0,906735395569924;0,505569093294629;0,505568510213577;0,542423295383888;0,645128743653648;0,999999654320567;0,839312184375599;0,686365732674007;0,484882772849465;0,338111817657018;-2,14551609259277;-2,4282524118668;-2,59869384510399;-3,05978324250474;-4,0610219701259;-3,99395385733955;-3,3217977374888;-2,72007905507952;-2,13829182353672;-1,18500861275905;-1,85736416666674;-2,23882456322202;-2,86260508058283;-5,02140762454537;-5,09729664790047;-4,06960428105759;-3,34524631734356;-2,65932913921636;0,0616023919182442;0,0160928837337721;0,0388562224715487;0,0179218411707625;0,0385225292945519;0,00612082035677787;0,015699196058898;0,00918210322227181;-3;-3;1;0,958283137366905;1;-3;-3;0,70721773445482239;1;1;-13176,2442127119;NA;All
2020;1,88304088315069;2,84254900688767;2,29896849114977;2,50980797761203;2,71397452471025;2,28043562394877;2,41260264278576;2,44819771007298;2,45700793771892;1,97913013422064;1,92132520506502;1,63046728101526;1,43501376778664;4,90550357958464;1,52473550763761;1,76609058341847;1,91673558388257;1,51866759986513;1,93717807202571;1,61222558828219;-21,2493949166985;-3,79008603045278;-7,20969029393746;-8,51566303812501;-5,61065921085665;-5,62225021785504;-10,536537451225;-9,44246507450126;-6,41341979102222;-16,1050701691777;-11,9039710737268;-17,958603469274;-25,1241603258947;-42,2201109096562;-17,9934367568665;-15,1495215606078;-15,8921403085173;-20,6995455137417;-14,7704510396926;-19,5432018278614;2,68199219822906;1,52838389719892;1,55555567096163;0,906735395569924;0,505569093294629;0,505568510213577;0,542423295383888;0,645128743653648;0,999999654320567;0,839312184375599;0,686365732674007;0,484882772849465;0,338111817657018;-2,14551609259277;-2,4282524118668;-2,59869384510399;-3,05978324250474;-4,0610219701259;-3,99395385733955;-3,3217977374888;-2,72007905507952;-2,13829182353672;-1,18500861275905;-1,85736416666674;-2,23882456322202;-2,86260508058283;-5,02140762454537;-5,09729664790047;-4,06960428105759;-3,34524631734356;-2,65932913921636;0,0616023919182442;0,0160928837337721;0,0388562224715487;0,0179218411707625;0,0385225292945519;0,00612082035677787;0,015699196058898;0,00918210322227181;-3;-3;1;0,964495616011468;1;-3;-3;0,43120586915296938;1;1;-13174,7884003213;NA;All
2030;1,88304088315069;2,84254900688767;2,29896849114977;2,50980797761203;2,71397452471025;2,28043562394877;2,41260264278576;2,44819771007298;2,45700793771892;1,97913013422064;1,92132520506502;1,63046728101526;1,43501376778664;4,90550357958464;1,52473550763761;1,76609058341847;1,91673558388257;1,51866759986513;1,93717807202571;1,61222558828219;-21,2493949166985;-3,79008603045278;-7,20969029393746;-8,51566303812501;-5,61065921085665;-5,62225021785504;-10,536537451225;-9,44246507450126;-6,41341979102222;-16,1050701691777;-11,9039710737268;-17,958603469274;-25,1241603258947;-42,2201109096562;-17,9934367568665;-15,1495215606078;-15,8921403085173;-20,6995455137417;-14,7704510396926;-19,5432018278614;2,68199219822906;1,52838389719892;1,55555567096163;0,906735395569924;0,505569093294629;0,505568510213577;0,542423295383888;0,645128743653648;0,999999654320567;0,839312184375599;0,686365732674007;0,484882772849465;0,338111817657018;-2,14551609259277;-2,4282524118668;-2,59869384510399;-3,05978324250474;-4,0610219701259;-3,99395385733955;-3,3217977374888;-2,72007905507952;-2,13829182353672;-1,18500861275905;-1,85736416666674;-2,23882456322202;-2,86260508058283;-5,02140762454537;-5,09729664790047;-4,06960428105759;-3,34524631734356;-2,65932913921636;0,0616023919182442;0,0160928837337721;0,0388562224715487;0,0179218411707625;0,0385225292945519;0,00612082035677787;0,015699196058898;0,00918210322227181;-3;-3;1;1,023559693169080;1;-3;-3;0,29151297275022997;1;1;-13174,7043659835;NA;All
2040;1,88304088315069;2,84254900688767;2,29896849114977;2,50980797761203;2,71397452471025;2,28043562394877;2,41260264278576;2,44819771007298;2,45700793771892;1,97913013422064;1,92132520506502;1,63046728101526;1,43501376778664;4,90550357958464;1,52473550763761;1,76609058341847;1,91673558388257;1,51866759986513;1,93717807202571;1,61222558828219;-21,2493949166985;-3,79008603045278;-7,20969029393746;-8,51566303812501;-5,61065921085665;-5,62225021785504;-10,536537451225;-9,44246507450126;-6,41341979102222;-16,1050701691777;-11,9039710737268;-17,958603469274;-25,1241603258947;-42,2201109096562;-17,9934367568665;-15,1495215606078;-15,8921403085173;-20,6995455137417;-14,7704510396926;-19,5432018278614;2,68199219822906;1,52838389719892;1,55555567096163;0,906735395569924;0,505569093294629;0,505568510213577;0,542423295383888;0,645128743653648;0,999999654320567;0,839312184375599;0,686365732674007;0,484882772849465;0,338111817657018;-2,14551609259277;-2,4282524118668;-2,59869384510399;-3,05978324250474;-4,0610219701259;-3,99395385733955;-3,3217977374888;-2,72007905507952;-2,13829182353672;-1,18500861275905;-1,85736416666674;-2,23882456322202;-2,86260508058283;-5,02140762454537;-5,09729664790047;-4,06960428105759;-3,34524631734356;-2,65932913921636;0,0616023919182442;0,0160928837337721;0,0388562224715487;0,0179218411707625;0,0385225292945519;0,00612082035677787;0,015699196058898;0,00918210322227181;-3;-3;1;0,954696238926967;1;-3;-3;0,08577652382628806;1;1;-13176,4139450086;NA;All
2050;1,88304088315069;2,84254900688767;2,29896849114977;2,50980797761203;2,71397452471025;2,28043562394877;2,41260264278576;2,44819771007298;2,45700793771892;1,97913013422064;1,92132520506502;1,63046728101526;1,43501376778664;4,90550357958464;1,52473550763761;1,76609058341847;1,91673558388257;1,51866759986513;1,93717807202571;1,61222558828219;-21,2493949166985;-3,79008603045278;-7,20969029393746;-8,51566303812501;-5,61065921085665;-5,62225021785504;-10,536537451225;-9,44246507450126;-6,41341979102222;-16,1050701691777;-11,9039710737268;-17,958603469274;-25,1241603258947;-42,2201109096562;-17,9934367568665;-15,1495215606078;-15,8921403085173;-20,6995455137417;-14,7704510396926;-19,5432018278614;2,68199219822906;1,52838389719892;1,55555567096163;0,906735395569924;0,505569093294629;0,505568510213577;0,542423295383888;0,645128743653648;0,999999654320567;0,839312184375599;0,686365732674007;0,484882772849465;0,338111817657018;-2,14551609259277;-2,4282524118668;-2,59869384510399;-3,05978324250474;-4,0610219701259;-3,99395385733955;-3,3217977374888;-2,72007905507952;-2,13829182353672;-1,18500861275905;-1,85736416666674;-2,23882456322202;-2,86260508058283;-5,02140762454537;-5,09729664790047;-4,06960428105759;-3,34524631734356;-2,65932913921636;0,0616023919182442;0,0160928837337721;0,0388562224715487;0,0179218411707625;0,0385225292945519;0,00612082035677787;0,015699196058898;0,00918210322227181;-3;-3;1;0,969565761420238;1;-3;-3;0,28328461711267200;1;1;-13174,8884759777;NA;All
2060;1,88304088315069;2,84254900688767;2,29896849114977;2,50980797761203;2,71397452471025;2,28043562394877;2,41260264278576;2,44819771007298;2,45700793771892;1,97913013422064;1,92132520506502;1,63046728101526;1,43501376778664;4,90550357958464;1,52473550763761;1,76609058341847;1,91673558388257;1,51866759986513;1,93717807202571;1,61222558828219;-21,2493949166985;-3,79008603045278;-7,20969029393746;-8,51566303812501;-5,61065921085665;-5,62225021785504;-10,536537451225;-9,44246507450126;-6,41341979102222;-16,1050701691777;-11,9039710737268;-17,958603469274;-25,1241603258947;-42,2201109096562;-17,9934367568665;-15,1495215606078;-15,8921403085173;-20,6995455137417;-14,7704510396926;-19,5432018278614;2,68199219822906;1,52838389719892;1,55555567096163;0,906735395569924;0,505569093294629;0,505568510213577;0,542423295383888;0,645128743653648;0,999999654320567;0,839312184375599;0,686365732674007;0,484882772849465;0,338111817657018;-2,14551609259277;-2,4282524118668;-2,59869384510399;-3,05978324250474;-4,0610219701259;-3,99395385733955;-3,3217977374888;-2,72007905507952;-2,13829182353672;-1,18500861275905;-1,85736416666674;-2,23882456322202;-2,86260508058283;-5,02140762454537;-5,09729664790047;-4,06960428105759;-3,34524631734356;-2,65932913921636;0,0616023919182442;0,0160928837337721;0,0388562224715487;0,0179218411707625;0,0385225292945519;0,00612082035677787;0,015699196058898;0,00918210322227181;-3;-3;1;1,061514294261707;1;-3;-3;0,15548333255961291;1;1;-13176,0607055910;NA;All
2070;1,88304088315069;2,84254900688767;2,29896849114977;2,50980797761203;2,71397452471025;2,28043562394877;2,41260264278576;2,44819771007298;2,45700793771892;1,97913013422064;1,92132520506502;1,63046728101526;1,43501376778664;4,90550357958464;1,52473550763761;1,76609058341847;1,91673558388257;1,51866759986513;1,93717807202571;1,61222558828219;-21,2493949166985;-3,79008603045278;-7,20969029393746;-8,51566303812501;-5,61065921085665;-5,62225021785504;-10,536537451225;-9,44246507450126;-6,41341979102222;-16,1050701691777;-11,9039710737268;-17,958603469274;-25,1241603258947;-42,2201109096562;-17,9934367568665;-15,1495215606078;-15,8921403085173;-20,6995455137417;-14,7704510396926;-19,5432018278614;2,68199219822906;1,52838389719892;1,55555567096163;0,906735395569924;0,505569093294629;0,505568510213577;0,542423295383888;0,645128743653648;0,999999654320567;0,839312184375599;0,686365732674007;0,484882772849465;0,338111817657018;-2,14551609259277;-2,4282524118668;-2,59869384510399;-3,05978324250474;-4,0610219701259;-3,99395385733955;-3,3217977374888;-2,72007905507952;-2,13829182353672;-1,18500861275905;-1,85736416666674;-2,23882456322202;-2,86260508058283;-5,02140762454537;-5,09729664790047;-4,06960428105759;-3,34524631734356;-2,65932913921636;0,0616023919182442;0,0160928837337721;0,0388562224715487;0,0179218411707625;0,0385225292945519;0,00612082035677787;0,015699196058898;0,00918210322227181;-3;-3;1;0,966070115021824;1;-3;-3;0,83016432084349123;1;1;-13177,3728061900;NA;All
2080;1,88304088315069;2,84254900688767;2,29896849114977;2,50980797761203;2,71397452471025;2,28043562394877;2,41260264278576;2,44819771007298;2,45700793771892;1,97913013422064;1,92132520506502;1,63046728101526;1,43501376778664;4,90550357958464;1,52473550763761;1,76609058341847;1,91673558388257;1,51866759986513;1,93717807202571;1,61222558828219;-21,2493949166985;-3,79008603045278;-7,20969029393746;-8,51566303812501;-5,61065921085665;-5,62225021785504;-10,536537451225;-9,44246507450126;-6,41341979102222;-16,1050701691777;-11,9039710737268;-17,958603469274;-25,1241603258947;-42,2201109096562;-17,9934367568665;-15,1495215606078;-15,8921403085173;-20,6995455137417;-14,7704510396926;-19,5432018278614;2,68199219822906;1,52838389719892;1,55555567096163;0,906735395569924;0,505569093294629;0,505568510213577;0,542423295383888;0,645128743653648;0,999999654320567;0,839312184375599;0,686365732674007;0,484882772849465;0,338111817657018;-2,14551609259277;-2,4282524118668;-2,59869384510399;-3,05978324250474;-4,0610219701259;-3,99395385733955;-3,3217977374888;-2,72007905507952;-2,13829182353672;-1,18500861275905;-1,85736416666674;-2,23882456322202;-2,86260508058283;-5,02140762454537;-5,09729664790047;-4,06960428105759;-3,34524631734356;-2,65932913921636;0,0616023919182442;0,0160928837337721;0,0388562224715487;0,0179218411707625;0,0385225292945519;0,00612082035677787;0,015699196058898;0,00918210322227181;-3;-3;1;0,977120789032920;1;-3;-3;0,68851788395431734;1;1;-13175,7719509544;NA;All
2090;1,88304088315069;2,84254900688767;2,29896849114977;2,50980797761203;2,71397452471025;2,28043562394877;2,41260264278576;2,44819771007298;2,45700793771892;1,97913013422064;1,92132520506502;1,63046728101526;1,43501376778664;4,90550357958464;1,52473550763761;1,76609058341847;1,91673558388257;1,51866759986513;1,93717807202571;1,61222558828219;-21,2493949166985;-3,79008603045278;-7,20969029393746;-8,51566303812501;-5,61065921085665;-5,62225021785504;-10,536537451225;-9,44246507450126;-6,41341979102222;-16,1050701691777;-11,9039710737268;-17,958603469274;-25,1241603258947;-42,2201109096562;-17,9934367568665;-15,1495215606078;-15,8921403085173;-20,6995455137417;-14,7704510396926;-19,5432018278614;2,68199219822906;1,52838389719892;1,55555567096163;0,906735395569924;0,505569093294629;0,505568510213577;0,542423295383888;0,645128743653648;0,999999654320567;0,839312184375599;0,686365732674007;0,484882772849465;0,338111817657018;-2,14551609259277;-2,4282524118668;-2,59869384510399;-3,05978324250474;-4,0610219701259;-3,99395385733955;-3,3217977374888;-2,72007905507952;-2,13829182353672;-1,18500861275905;-1,85736416666674;-2,23882456322202;-2,86260508058283;-5,02140762454537;-5,09729664790047;-4,06960428105759;-3,34524631734356;-2,65932913921636;0,0616023919182442;0,0160928837337721;0,0388562224715487;0,0179218411707625;0,0385225292945519;0,00612082035677787;0,015699196058898;0,00918210322227181;-3;-3;1;1,014888912507350;1;-3;-3;0,64992902096644567;1;1;-13175,4226553646;NA;All
2100;1,88304088315069;2,84254900688767;2,29896849114977;2,50980797761203;2,71397452471025;2,28043562394877;2,41260264278576;2,44819771007298;2,45700793771892;1,97913013422064;1,92132520506502;1,63046728101526;1,43501376778664;4,90550357958464;1,52473550763761;1,76609058341847;1,91673558388257;1,51866759986513;1,93717807202571;1,61222558828219;-21,2493949166985;-3,79008603045278;-7,20969029393746;-8,51566303812501;-5,61065921085665;-5,62225021785504;-10,536537451225;-9,44246507450126;-6,41341979102222;-16,1050701691777;-11,9039710737268;-17,958603469274;-25,1241603258947;-42,2201109096562;-17,9934367568665;-15,1495215606078;-15,8921403085173;-20,6995455137417;-14,7704510396926;-19,5432018278614;2,68199219822906;1,52838389719892;1,55555567096163;0,906735395569924;0,505569093294629;0,505568510213577;0,542423295383888;0,645128743653648;0,999999654320567;0,839312184375599;0,686365732674007;0,484882772849465;0,338111817657018;-2,14551609259277;-2,4282524118668;-2,59869384510399;-3,05978324250474;-4,0610219701259;-3,99395385733955;-3,3217977374888;-2,72007905507952;-2,13829182353672;-1,18500861275905;-1,85736416666674;-2,23882456322202;-2,86260508058283;-5,02140762454537;-5,09729664790047;-4,06960428105759;-3,34524631734356;-2,65932913921636;0,0616023919182442;0,0160928837337721;0,0388562224715487;0,0179218411707625;0,0385225292945519;0,00612082035677787;0,015699196058898;0,00918210322227181;-3;-3;1;0,979194609670681;1;-3;-3;0,45440944191391136;1;1;-13174,5984523495;NA;All
2110;1,88304088315069;2,84254900688767;2,29896849114977;2,50980797761203;2,71397452471025;2,28043562394877;2,41260264278576;2,44819771007298;2,45700793771892;1,97913013422064;1,92132520506502;1,63046728101526;1,43501376778664;4,90550357958464;1,52473550763761;1,76609058341847;1,91673558388257;1,51866759986513;1,93717807202571;1,61222558828219;-21,2493949166985;-3,79008603045278;-7,20969029393746;-8,51566303812501;-5,61065921085665;-5,62225021785504;-10,536537451225;-9,44246507450126;-6,41341979102222;-16,1050701691777;-11,9039710737268;-17,958603469274;-25,1241603258947;-42,2201109096562;-17,9934367568665;-15,1495215606078;-15,8921403085173;-20,6995455137417;-14,7704510396926;-19,5432018278614;2,68199219822906;1,52838389719892;1,55555567096163;0,906735395569924;0,505569093294629;0,505568510213577;0,542423295383888;0,645128743653648;0,999999654320567;0,839312184375599;0,686365732674007;0,484882772849465;0,338111817657018;-2,14551609259277;-2,4282524118668;-2,59869384510399;-3,05978324250474;-4,0610219701259;-3,99395385733955;-3,3217977374888;-2,72007905507952;-2,13829182353672;-1,18500861275905;-1,85736416666674;-2,23882456322202;-2,86260508058283;-5,02140762454537;-5,09729664790047;-4,06960428105759;-3,34524631734356;-2,65932913921636;0,0616023919182442;0,0160928837337721;0,0388562224715487;0,0179218411707625;0,0385225292945519;0,00612082035677787;0,015699196058898;0,00918210322227181;-3;-3;1;0,979194609670681;1;-3;-3;0,45440944191391136;1;1;-13174,5984523495;NA;All
2120;1,88304088315069;2,84254900688767;2,29896849114977;2,50980797761203;2,71397452471025;2,28043562394877;2,41260264278576;2,44819771007298;2,45700793771892;1,97913013422064;1,92132520506502;1,63046728101526;1,43501376778664;4,90550357958464;1,52473550763761;1,76609058341847;1,91673558388257;1,51866759986513;1,93717807202571;1,61222558828219;-21,2493949166985;-3,79008603045278;-7,20969029393746;-8,51566303812501;-5,61065921085665;-5,62225021785504;-10,536537451225;-9,44246507450126;-6,41341979102222;-16,1050701691777;-11,9039710737268;-17,958603469274;-25,1241603258947;-42,2201109096562;-17,9934367568665;-15,1495215606078;-15,8921403085173;-20,6995455137417;-14,7704510396926;-19,5432018278614;2,68199219822906;1,52838389719892;1,55555567096163;0,906735395569924;0,505569093294629;0,505568510213577;0,542423295383888;0,645128743653648;0,999999654320567;0,839312184375599;0,686365732674007;0,484882772849465;0,338111817657018;-2,14551609259277;-2,4282524118668;-2,59869384510399;-3,05978324250474;-4,0610219701259;-3,99395385733955;-3,3217977374888;-2,72007905507952;-2,13829182353672;-1,18500861275905;-1,85736416666674;-2,23882456322202;-2,86260508058283;-5,02140762454537;-5,09729664790047;-4,06960428105759;-3,34524631734356;-2,65932913921636;0,0616023919182442;0,0160928837337721;0,0388562224715487;0,0179218411707625;0,0385225292945519;0,00612082035677787;0,015699196058898;0,00918210322227181;-3;-3;1;1,007567368220546;1;-3;-3;0,48994018045230753;1;1;-13174,5682962828;NA;All
2130;1,88304088315069;2,84254900688767;2,29896849114977;2,50980797761203;2,71397452471025;2,28043562394877;2,41260264278576;2,44819771007298;2,45700793771892;1,97913013422064;1,92132520506502;1,63046728101526;1,43501376778664;4,90550357958464;1,52473550763761;1,76609058341847;1,91673558388257;1,51866759986513;1,93717807202571;1,61222558828219;-21,2493949166985;-3,79008603045278;-7,20969029393746;-8,51566303812501;-5,61065921085665;-5,62225021785504;-10,536537451225;-9,44246507450126;-6,41341979102222;-16,1050701691777;-11,9039710737268;-17,958603469274;-25,1241603258947;-42,2201109096562;-17,9934367568665;-15,1495215606078;-15,8921403085173;-20,6995455137417;-14,7704510396926;-19,5432018278614;2,68199219822906;1,52838389719892;1,55555567096163;0,906735395569924;0,505569093294629;0,505568510213577;0,542423295383888;0,645128743653648;0,999999654320567;0,839312184375599;0,686365732674007;0,484882772849465;0,338111817657018;-2,14551609259277;-2,4282524118668;-2,59869384510399;-3,05978324250474;-4,0610219701259;-3,99395385733955;-3,3217977374888;-2,72007905507952;-2,13829182353672;-1,18500861275905;-1,85736416666674;-2,23882456322202;-2,86260508058283;-5,02140762454537;-5,09729664790047;-4,06960428105759;-3,34524631734356;-2,65932913921636;0,0616023919182442;0,0160928837337721;0,0388562224715487;0,0179218411707625;0,0385225292945519;0,00612082035677787;0,015699196058898;0,00918210322227181;-3;-3;1;0,985182131192778;1;-3;-3;0,46867356201412358;1;1;-13174,5667890682;NA;All
2140;1,88304088315069;2,84254900688767;2,29896849114977;2,50980797761203;2,71397452471025;2,28043562394877;2,41260264278576;2,44819771007298;2,45700793771892;1,97913013422064;1,92132520506502;1,63046728101526;1,43501376778664;4,90550357958464;1,52473550763761;1,76609058341847;1,91673558388257;1,51866759986513;1,93717807202571;1,61222558828219;-21,2493949166985;-3,79008603045278;-7,20969029393746;-8,51566303812501;-5,61065921085665;-5,62225021785504;-10,536537451225;-9,44246507450126;-6,41341979102222;-16,1050701691777;-11,9039710737268;-17,958603469274;-25,1241603258947;-42,2201109096562;-17,9934367568665;-15,1495215606078;-15,8921403085173;-20,6995455137417;-14,7704510396926;-19,5432018278614;2,68199219822906;1,52838389719892;1,55555567096163;0,906735395569924;0,505569093294629;0,505568510213577;0,542423295383888;0,645128743653648;0,999999654320567;0,839312184375599;0,686365732674007;0,484882772849465;0,338111817657018;-2,14551609259277;-2,4282524118668;-2,59869384510399;-3,05978324250474;-4,0610219701259;-3,99395385733955;-3,3217977374888;-2,72007905507952;-2,13829182353672;-1,18500861275905;-1,85736416666674;-2,23882456322202;-2,86260508058283;-5,02140762454537;-5,09729664790047;-4,06960428105759;-3,34524631734356;-2,65932913921636;0,0616023919182442;0,0160928837337721;0,0388562224715487;0,0179218411707625;0,0385225292945519;0,00612082035677787;0,015699196058898;0,00918210322227181;-3;-3;1;1,045197151514684;1;-3;-3;0,58267509651728611;1;1;-13175,4825414929;NA;All
2150;1,88304088315069;2,84254900688767;2,29896849114977;2,50980797761203;2,71397452471025;2,28043562394877;2,41260264278576;2,44819771007298;2,45700793771892;1,97913013422064;1,92132520506502;1,63046728101526;1,43501376778664;4,90550357958464;1,52473550763761;1,76609058341847;1,91673558388257;1,51866759986513;1,93717807202571;1,61222558828219;-21,2493949166985;-3,79008603045278;-7,20969029393746;-8,51566303812501;-5,61065921085665;-5,62225021785504;-10,536537451225;-9,44246507450126;-6,41341979102222;-16,1050701691777;-11,9039710737268;-17,958603469274;-25,1241603258947;-42,2201109096562;-17,9934367568665;-15,1495215606078;-15,8921403085173;-20,6995455137417;-14,7704510396926;-19,5432018278614;2,68199219822906;1,52838389719892;1,55555567096163;0,906735395569924;0,505569093294629;0,505568510213577;0,542423295383888;0,645128743653648;0,999999654320567;0,839312184375599;0,686365732674007;0,484882772849465;0,338111817657018;-2,14551609259277;-2,4282524118668;-2,59869384510399;-3,05978324250474;-4,0610219701259;-3,99395385733955;-3,3217977374888;-2,72007905507952;-2,13829182353672;-1,18500861275905;-1,85736416666674;-2,23882456322202;-2,86260508058283;-5,02140762454537;-5,09729664790047;-4,06960428105759;-3,34524631734356;-2,65932913921636;0,0616023919182442;0,0160928837337721;0,0388562224715487;0,0179218411707625;0,0385225292945519;0,00612082035677787;0,015699196058898;0,00918210322227181;-3;-3;1;1,062316318067874;1;-3;-3;0,54075541213244038;1;1;-13175,7469964564;NA;All
2160;1,88304088315069;2,84254900688767;2,29896849114977;2,50980797761203;2,71397452471025;2,28043562394877;2,41260264278576;2,44819771007298;2,45700793771892;1,97913013422064;1,92132520506502;1,63046728101526;1,43501376778664;4,90550357958464;1,52473550763761;1,76609058341847;1,91673558388257;1,51866759986513;1,93717807202571;1,61222558828219;-21,2493949166985;-3,79008603045278;-7,20969029393746;-8,51566303812501;-5,61065921085665;-5,62225021785504;-10,536537451225;-9,44246507450126;-6,41341979102222;-16,1050701691777;-11,9039710737268;-17,958603469274;-25,1241603258947;-42,2201109096562;-17,9934367568665;-15,1495215606078;-15,8921403085173;-20,6995455137417;-14,7704510396926;-19,5432018278614;2,68199219822906;1,52838389719892;1,55555567096163;0,906735395569924;0,505569093294629;0,505568510213577;0,542423295383888;0,645128743653648;0,999999654320567;0,839312184375599;0,686365732674007;0,484882772849465;0,338111817657018;-2,14551609259277;-2,4282524118668;-2,59869384510399;-3,05978324250474;-4,0610219701259;-3,99395385733955;-3,3217977374888;-2,72007905507952;-2,13829182353672;-1,18500861275905;-1,85736416666674;-2,23882456322202;-2,86260508058283;-5,02140762454537;-5,09729664790047;-4,06960428105759;-3,34524631734356;-2,65932913921636;0,0616023919182442;0,0160928837337721;0,0388562224715487;0,0179218411707625;0,0385225292945519;0,00612082035677787;0,015699196058898;0,00918210322227181;-3;-3;1;0,980199270895309;1;-3;-3;0,15922940200906233;1;1;-13175,3940338475;NA;All
2170;1,88304088315069;2,84254900688767;2,29896849114977;2,50980797761203;2,71397452471025;2,28043562394877;2,41260264278576;2,44819771007298;2,45700793771892;1,97913013422064;1,92132520506502;1,63046728101526;1,43501376778664;4,90550357958464;1,52473550763761;1,76609058341847;1,91673558388257;1,51866759986513;1,93717807202571;1,61222558828219;-21,2493949166985;-3,79008603045278;-7,20969029393746;-8,51566303812501;-5,61065921085665;-5,62225021785504;-10,536537451225;-9,44246507450126;-6,41341979102222;-16,1050701691777;-11,9039710737268;-17,958603469274;-25,1241603258947;-42,2201109096562;-17,9934367568665;-15,1495215606078;-15,8921403085173;-20,6995455137417;-14,7704510396926;-19,5432018278614;2,68199219822906;1,52838389719892;1,55555567096163;0,906735395569924;0,505569093294629;0,505568510213577;0,542423295383888;0,645128743653648;0,999999654320567;0,839312184375599;0,686365732674007;0,484882772849465;0,338111817657018;-2,14551609259277;-2,4282524118668;-2,59869384510399;-3,05978324250474;-4,0610219701259;-3,99395385733955;-3,3217977374888;-2,72007905507952;-2,13829182353672;-1,18500861275905;-1,85736416666674;-2,23882456322202;-2,86260508058283;-5,02140762454537;-5,09729664790047;-4,06960428105759;-3,34524631734356;-2,65932913921636;0,0616023919182442;0,0160928837337721;0,0388562224715487;0,0179218411707625;0,0385225292945519;0,00612082035677787;0,015699196058898;0,00918210322227181;-3;-3;1;0,973023551669011;1;-3;-3;0,34550810384876551;1;1;-13174,6795727564;NA;All
2180;1,88304088315069;2,84254900688767;2,29896849114977;2,50980797761203;2,71397452471025;2,28043562394877;2,41260264278576;2,44819771007298;2,45700793771892;1,97913013422064;1,92132520506502;1,63046728101526;1,43501376778664;4,90550357958464;1,52473550763761;1,76609058341847;1,91673558388257;1,51866759986513;1,93717807202571;1,61222558828219;-21,2493949166985;-3,79008603045278;-7,20969029393746;-8,51566303812501;-5,61065921085665;-5,62225021785504;-10,536537451225;-9,44246507450126;-6,41341979102222;-16,1050701691777;-11,9039710737268;-17,958603469274;-25,1241603258947;-42,2201109096562;-17,9934367568665;-15,1495215606078;-15,8921403085173;-20,6995455137417;-14,7704510396926;-19,5432018278614;2,68199219822906;1,52838389719892;1,55555567096163;0,906735395569924;0,505569093294629;0,505568510213577;0,542423295383888;0,645128743653648;0,999999654320567;0,839312184375599;0,686365732674007;0,484882772849465;0,338111817657018;-2,14551609259277;-2,4282524118668;-2,59869384510399;-3,05978324250474;-4,0610219701259;-3,99395385733955;-3,3217977374888;-2,72007905507952;-2,13829182353672;-1,18500861275905;-1,85736416666674;-2,23882456322202;-2,86260508058283;-5,02140762454537;-5,09729664790047;-4,06960428105759;-3,34524631734356;-2,65932913921636;0,0616023919182442;0,0160928837337721;0,0388562224715487;0,0179218411707625;0,0385225292945519;0,00612082035677787;0,015699196058898;0,00918210322227181;-3;-3;1;1,074557844046650;1;-3;-3;0,31940673399977093;1;1;-13175,7951746112;NA;All
2190;1,88304088315069;2,84254900688767;2,29896849114977;2,50980797761203;2,71397452471025;2,28043562394877;2,41260264278576;2,44819771007298;2,45700793771892;1,97913013422064;1,92132520506502;1,63046728101526;1,43501376778664;4,90550357958464;1,52473550763761;1,76609058341847;1,91673558388257;1,51866759986513;1,93717807202571;1,61222558828219;-21,2493949166985;-3,79008603045278;-7,20969029393746;-8,51566303812501;-5,61065921085665;-5,62225021785504;-10,536537451225;-9,44246507450126;-6,41341979102222;-16,1050701691777;-11,9039710737268;-17,958603469274;-25,1241603258947;-42,2201109096562;-17,9934367568665;-15,1495215606078;-15,8921403085173;-20,6995455137417;-14,7704510396926;-19,5432018278614;2,68199219822906;1,52838389719892;1,55555567096163;0,906735395569924;0,505569093294629;0,505568510213577;0,542423295383888;0,645128743653648;0,999999654320567;0,839312184375599;0,686365732674007;0,484882772849465;0,338111817657018;-2,14551609259277;-2,4282524118668;-2,59869384510399;-3,05978324250474;-4,0610219701259;-3,99395385733955;-3,3217977374888;-2,72007905507952;-2,13829182353672;-1,18500861275905;-1,85736416666674;-2,23882456322202;-2,86260508058283;-5,02140762454537;-5,09729664790047;-4,06960428105759;-3,34524631734356;-2,65932913921636;0,0616023919182442;0,0160928837337721;0,0388562224715487;0,0179218411707625;0,0385225292945519;0,00612082035677787;0,015699196058898;0,00918210322227181;-3;-3;1;0,909878406901786;1;-3;-3;0,42696411195997175;1;1;-13176,5585485772;NA;All
2200;1,88304088315069;2,84254900688767;2,29896849114977;2,50980797761203;2,71397452471025;2,28043562394877;2,41260264278576;2,44819771007298;2,45700793771892;1,97913013422064;1,92132520506502;1,63046728101526;1,43501376778664;4,90550357958464;1,52473550763761;1,76609058341847;1,91673558388257;1,51866759986513;1,93717807202571;1,61222558828219;-21,2493949166985;-3,79008603045278;-7,20969029393746;-8,51566303812501;-5,61065921085665;-5,62225021785504;-10,536537451225;-9,44246507450126;-6,41341979102222;-16,1050701691777;-11,9039710737268;-17,958603469274;-25,1241603258947;-42,2201109096562;-17,9934367568665;-15,1495215606078;-15,8921403085173;-20,6995455137417;-14,7704510396926;-19,5432018278614;2,68199219822906;1,52838389719892;1,55555567096163;0,906735395569924;0,505569093294629;0,505568510213577;0,542423295383888;0,645128743653648;0,999999654320567;0,839312184375599;0,686365732674007;0,484882772849465;0,338111817657018;-2,14551609259277;-2,4282524118668;-2,59869384510399;-3,05978324250474;-4,0610219701259;-3,99395385733955;-3,3217977374888;-2,72007905507952;-2,13829182353672;-1,18500861275905;-1,85736416666674;-2,23882456322202;-2,86260508058283;-5,02140762454537;-5,09729664790047;-4,06960428105759;-3,34524631734356;-2,65932913921636;0,0616023919182442;0,0160928837337721;0,0388562224715487;0,0179218411707625;0,0385225292945519;0,00612082035677787;0,015699196058898;0,00918210322227181;-3;-3;1;0,981988860843450;1;-3;-3;0,30040763602361320;1;1;-13174,6727718237;NA;All
2210;1,88304088315069;2,84254900688767;2,29896849114977;2,50980797761203;2,71397452471025;2,28043562394877;2,41260264278576;2,44819771007298;2,45700793771892;1,97913013422064;1,92132520506502;1,63046728101526;1,43501376778664;4,90550357958464;1,52473550763761;1,76609058341847;1,91673558388257;1,51866759986513;1,93717807202571;1,61222558828219;-21,2493949166985;-3,79008603045278;-7,20969029393746;-8,51566303812501;-5,61065921085665;-5,62225021785504;-10,536537451225;-9,44246507450126;-6,41341979102222;-16,1050701691777;-11,9039710737268;-17,958603469274;-25,1241603258947;-42,2201109096562;-17,9934367568665;-15,1495215606078;-15,8921403085173;-20,6995455137417;-14,7704510396926;-19,5432018278614;2,68199219822906;1,52838389719892;1,55555567096163;0,906735395569924;0,505569093294629;0,505568510213577;0,542423295383888;0,645128743653648;0,999999654320567;0,839312184375599;0,686365732674007;0,484882772849465;0,338111817657018;-2,14551609259277;-2,4282524118668;-2,59869384510399;-3,05978324250474;-4,0610219701259;-3,99395385733955;-3,3217977374888;-2,72007905507952;-2,13829182353672;-1,18500861275905;-1,85736416666674;-2,23882456322202;-2,86260508058283;-5,02140762454537;-5,09729664790047;-4,06960428105759;-3,34524631734356;-2,65932913921636;0,0616023919182442;0,0160928837337721;0,0388562224715487;0,0179218411707625;0,0385225292945519;0,00612082035677787;0,015699196058898;0,00918210322227181;-3;-3;1;1,045480579653522;1;-3;-3;0,47676888736133233;1;1;-13175,0385734682;NA;All
2220;1,88304088315069;2,84254900688767;2,29896849114977;2,50980797761203;2,71397452471025;2,28043562394877;2,41260264278576;2,44819771007298;2,45700793771892;1,97913013422064;1,92132520506502;1,63046728101526;1,43501376778664;4,90550357958464;1,52473550763761;1,76609058341847;1,91673558388257;1,51866759986513;1,93717807202571;1,61222558828219;-21,2493949166985;-3,79008603045278;-7,20969029393746;-8,51566303812501;-5,61065921085665;-5,62225021785504;-10,536537451225;-9,44246507450126;-6,41341979102222;-16,1050701691777;-11,9039710737268;-17,958603469274;-25,1241603258947;-42,2201109096562;-17,9934367568665;-15,1495215606078;-15,8921403085173;-20,6995455137417;-14,7704510396926;-19,5432018278614;2,68199219822906;1,52838389719892;1,55555567096163;0,906735395569924;0,505569093294629;0,505568510213577;0,542423295383888;0,645128743653648;0,999999654320567;0,839312184375599;0,686365732674007;0,484882772849465;0,338111817657018;-2,14551609259277;-2,4282524118668;-2,59869384510399;-3,05978324250474;-4,0610219701259;-3,99395385733955;-3,3217977374888;-2,72007905507952;-2,13829182353672;-1,18500861275905;-1,85736416666674;-2,23882456322202;-2,86260508058283;-5,02140762454537;-5,09729664790047;-4,06960428105759;-3,34524631734356;-2,65932913921636;0,0616023919182442;0,0160928837337721;0,0388562224715487;0,0179218411707625;0,0385225292945519;0,00612082035677787;0,015699196058898;0,00918210322227181;-3;-3;1;0,984558656430247;1;-3;-3;0,36600880346100834;1;1;-13174,5207772059;NA;All
2230;1,88304088315069;2,84254900688767;2,29896849114977;2,50980797761203;2,71397452471025;2,28043562394877;2,41260264278576;2,44819771007298;2,45700793771892;1,97913013422064;1,92132520506502;1,63046728101526;1,43501376778664;4,90550357958464;1,52473550763761;1,76609058341847;1,91673558388257;1,51866759986513;1,93717807202571;1,61222558828219;-21,2493949166985;-3,79008603045278;-7,20969029393746;-8,51566303812501;-5,61065921085665;-5,62225021785504;-10,536537451225;-9,44246507450126;-6,41341979102222;-16,1050701691777;-11,9039710737268;-17,958603469274;-25,1241603258947;-42,2201109096562;-17,9934367568665;-15,1495215606078;-15,8921403085173;-20,6995455137417;-14,7704510396926;-19,5432018278614;2,68199219822906;1,52838389719892;1,55555567096163;0,906735395569924;0,505569093294629;0,505568510213577;0,542423295383888;0,645128743653648;0,999999654320567;0,839312184375599;0,686365732674007;0,484882772849465;0,338111817657018;-2,14551609259277;-2,4282524118668;-2,59869384510399;-3,05978324250474;-4,0610219701259;-3,99395385733955;-3,3217977374888;-2,72007905507952;-2,13829182353672;-1,18500861275905;-1,85736416666674;-2,23882456322202;-2,86260508058283;-5,02140762454537;-5,09729664790047;-4,06960428105759;-3,34524631734356;-2,65932913921636;0,0616023919182442;0,0160928837337721;0,0388562224715487;0,0179218411707625;0,0385225292945519;0,00612082035677787;0,015699196058898;0,00918210322227181;-3;-3;1;1,001572931383921;1;-3;-3;0,27274412956829419;1;1;-13174,6612783746;NA;All
2240;1,88304088315069;2,84254900688767;2,29896849114977;2,50980797761203;2,71397452471025;2,28043562394877;2,41260264278576;2,44819771007298;2,45700793771892;1,97913013422064;1,92132520506502;1,63046728101526;1,43501376778664;4,90550357958464;1,52473550763761;1,76609058341847;1,91673558388257;1,51866759986513;1,93717807202571;1,61222558828219;-21,2493949166985;-3,79008603045278;-7,20969029393746;-8,51566303812501;-5,61065921085665;-5,62225021785504;-10,536537451225;-9,44246507450126;-6,41341979102222;-16,1050701691777;-11,9039710737268;-17,958603469274;-25,1241603258947;-42,2201109096562;-17,9934367568665;-15,1495215606078;-15,8921403085173;-20,6995455137417;-14,7704510396926;-19,5432018278614;2,68199219822906;1,52838389719892;1,55555567096163;0,906735395569924;0,505569093294629;0,505568510213577;0,542423295383888;0,645128743653648;0,999999654320567;0,839312184375599;0,686365732674007;0,484882772849465;0,338111817657018;-2,14551609259277;-2,4282524118668;-2,59869384510399;-3,05978324250474;-4,0610219701259;-3,99395385733955;-3,3217977374888;-2,72007905507952;-2,13829182353672;-1,18500861275905;-1,85736416666674;-2,23882456322202;-2,86260508058283;-5,02140762454537;-5,09729664790047;-4,06960428105759;-3,34524631734356;-2,65932913921636;0,0616023919182442;0,0160928837337721;0,0388562224715487;0,0179218411707625;0,0385225292945519;0,00612082035677787;0,015699196058898;0,00918210322227181;-3;-3;1;0,990917017155905;1;-3;-3;0,23708834159317568;1;1;-13174,8454192847;NA;All
2250;1,88304088315069;2,84254900688767;2,29896849114977;2,50980797761203;2,71397452471025;2,28043562394877;2,41260264278576;2,44819771007298;2,45700793771892;1,97913013422064;1,92132520506502;1,63046728101526;1,43501376778664;4,90550357958464;1,52473550763761;1,76609058341847;1,91673558388257;1,51866759986513;1,93717807202571;1,61222558828219;-21,2493949166985;-3,79008603045278;-7,20969029393746;-8,51566303812501;-5,61065921085665;-5,62225021785504;-10,536537451225;-9,44246507450126;-6,41341979102222;-16,1050701691777;-11,9039710737268;-17,958603469274;-25,1241603258947;-42,2201109096562;-17,9934367568665;-15,1495215606078;-15,8921403085173;-20,6995455137417;-14,7704510396926;-19,5432018278614;2,68199219822906;1,52838389719892;1,55555567096163;0,906735395569924;0,505569093294629;0,505568510213577;0,542423295383888;0,645128743653648;0,999999654320567;0,839312184375599;0,686365732674007;0,484882772849465;0,338111817657018;-2,14551609259277;-2,4282524118668;-2,59869384510399;-3,05978324250474;-4,0610219701259;-3,99395385733955;-3,3217977374888;-2,72007905507952;-2,13829182353672;-1,18500861275905;-1,85736416666674;-2,23882456322202;-2,86260508058283;-5,02140762454537;-5,09729664790047;-4,06960428105759;-3,34524631734356;-2,65932913921636;0,0616023919182442;0,0160928837337721;0,0388562224715487;0,0179218411707625;0,0385225292945519;0,00612082035677787;0,015699196058898;0,00918210322227181;-3;-3;1;1,014399816334162;1;-3;-3;0,51743380243881876;1;1;-13174,6925892826;NA;All
2260;1,88304088315069;2,84254900688767;2,29896849114977;2,50980797761203;2,71397452471025;2,28043562394877;2,41260264278576;2,44819771007298;2,45700793771892;1,97913013422064;1,92132520506502;1,63046728101526;1,43501376778664;4,90550357958464;1,52473550763761;1,76609058341847;1,91673558388257;1,51866759986513;1,93717807202571;1,61222558828219;-21,2493949166985;-3,79008603045278;-7,20969029393746;-8,51566303812501;-5,61065921085665;-5,62225021785504;-10,536537451225;-9,44246507450126;-6,41341979102222;-16,1050701691777;-11,9039710737268;-17,958603469274;-25,1241603258947;-42,2201109096562;-17,9934367568665;-15,1495215606078;-15,8921403085173;-20,6995455137417;-14,7704510396926;-19,5432018278614;2,68199219822906;1,52838389719892;1,55555567096163;0,906735395569924;0,505569093294629;0,505568510213577;0,542423295383888;0,645128743653648;0,999999654320567;0,839312184375599;0,686365732674007;0,484882772849465;0,338111817657018;-2,14551609259277;-2,4282524118668;-2,59869384510399;-3,05978324250474;-4,0610219701259;-3,99395385733955;-3,3217977374888;-2,72007905507952;-2,13829182353672;-1,18500861275905;-1,85736416666674;-2,23882456322202;-2,86260508058283;-5,02140762454537;-5,09729664790047;-4,06960428105759;-3,34524631734356;-2,65932913921636;0,0616023919182442;0,0160928837337721;0,0388562224715487;0,0179218411707625;0,0385225292945519;0,00612082035677787;0,015699196058898;0,00918210322227181;-3;-3;1;1,022273472054300;1;-3;-3;0,64995009151744843;1;1;-13175,5028714400;NA;All
2270;1,88304088315069;2,84254900688767;2,29896849114977;2,50980797761203;2,71397452471025;2,28043562394877;2,41260264278576;2,44819771007298;2,45700793771892;1,97913013422064;1,92132520506502;1,63046728101526;1,43501376778664;4,90550357958464;1,52473550763761;1,76609058341847;1,91673558388257;1,51866759986513;1,93717807202571;1,61222558828219;-21,2493949166985;-3,79008603045278;-7,20969029393746;-8,51566303812501;-5,61065921085665;-5,62225021785504;-10,536537451225;-9,44246507450126;-6,41341979102222;-16,1050701691777;-11,9039710737268;-17,958603469274;-25,1241603258947;-42,2201109096562;-17,9934367568665;-15,1495215606078;-15,8921403085173;-20,6995455137417;-14,7704510396926;-19,5432018278614;2,68199219822906;1,52838389719892;1,55555567096163;0,906735395569924;0,505569093294629;0,505568510213577;0,542423295383888;0,645128743653648;0,999999654320567;0,839312184375599;0,686365732674007;0,484882772849465;0,338111817657018;-2,14551609259277;-2,4282524118668;-2,59869384510399;-3,05978324250474;-4,0610219701259;-3,99395385733955;-3,3217977374888;-2,72007905507952;-2,13829182353672;-1,18500861275905;-1,85736416666674;-2,23882456322202;-2,86260508058283;-5,02140762454537;-5,09729664790047;-4,06960428105759;-3,34524631734356;-2,65932913921636;0,0616023919182442;0,0160928837337721;0,0388562224715487;0,0179218411707625;0,0385225292945519;0,00612082035677787;0,015699196058898;0,00918210322227181;-3;-3;1;1,037222102536359;1;-3;-3;0,53223957851697756;1;1;-13175,0559670320;NA;All
2280;1,88304088315069;2,84254900688767;2,29896849114977;2,50980797761203;2,71397452471025;2,28043562394877;2,41260264278576;2,44819771007298;2,45700793771892;1,97913013422064;1,92132520506502;1,63046728101526;1,43501376778664;4,90550357958464;1,52473550763761;1,76609058341847;1,91673558388257;1,51866759986513;1,93717807202571;1,61222558828219;-21,2493949166985;-3,79008603045278;-7,20969029393746;-8,51566303812501;-5,61065921085665;-5,62225021785504;-10,536537451225;-9,44246507450126;-6,41341979102222;-16,1050701691777;-11,9039710737268;-17,958603469274;-25,1241603258947;-42,2201109096562;-17,9934367568665;-15,1495215606078;-15,8921403085173;-20,6995455137417;-14,7704510396926;-19,5432018278614;2,68199219822906;1,52838389719892;1,55555567096163;0,906735395569924;0,505569093294629;0,505568510213577;0,542423295383888;0,645128743653648;0,999999654320567;0,839312184375599;0,686365732674007;0,484882772849465;0,338111817657018;-2,14551609259277;-2,4282524118668;-2,59869384510399;-3,05978324250474;-4,0610219701259;-3,99395385733955;-3,3217977374888;-2,72007905507952;-2,13829182353672;-1,18500861275905;-1,85736416666674;-2,23882456322202;-2,86260508058283;-5,02140762454537;-5,09729664790047;-4,06960428105759;-3,34524631734356;-2,65932913921636;0,0616023919182442;0,0160928837337721;0,0388562224715487;0,0179218411707625;0,0385225292945519;0,00612082035677787;0,015699196058898;0,00918210322227181;-3;-3;1;1,038213676729222;1;-3;-3;0,48482064268245967;1;1;-13174,9073663986;NA;All
2290;1,88304088315069;2,84254900688767;2,29896849114977;2,50980797761203;2,71397452471025;2,28043562394877;2,41260264278576;2,44819771007298;2,45700793771892;1,97913013422064;1,92132520506502;1,63046728101526;1,43501376778664;4,90550357958464;1,52473550763761;1,76609058341847;1,91673558388257;1,51866759986513;1,93717807202571;1,61222558828219;-21,2493949166985;-3,79008603045278;-7,20969029393746;-8,51566303812501;-5,61065921085665;-5,62225021785504;-10,536537451225;-9,44246507450126;-6,41341979102222;-16,1050701691777;-11,9039710737268;-17,958603469274;-25,1241603258947;-42,2201109096562;-17,9934367568665;-15,1495215606078;-15,8921403085173;-20,6995455137417;-14,7704510396926;-19,5432018278614;2,68199219822906;1,52838389719892;1,55555567096163;0,906735395569924;0,505569093294629;0,505568510213577;0,542423295383888;0,645128743653648;0,999999654320567;0,839312184375599;0,686365732674007;0,484882772849465;0,338111817657018;-2,14551609259277;-2,4282524118668;-2,59869384510399;-3,05978324250474;-4,0610219701259;-3,99395385733955;-3,3217977374888;-2,72007905507952;-2,13829182353672;-1,18500861275905;-1,85736416666674;-2,23882456322202;-2,86260508058283;-5,02140762454537;-5,09729664790047;-4,06960428105759;-3,34524631734356;-2,65932913921636;0,0616023919182442;0,0160928837337721;0,0388562224715487;0,0179218411707625;0,0385225292945519;0,00612082035677787;0,015699196058898;0,00918210322227181;-3;-3;1;1,012627909740988;1;-3;-3;0,29503970457661099;1;1;-13174,6113744344;NA;All
2300;1,88304088315069;2,84254900688767;2,29896849114977;2,50980797761203;2,71397452471025;2,28043562394877;2,41260264278576;2,44819771007298;2,45700793771892;1,97913013422064;1,92132520506502;1,63046728101526;1,43501376778664;4,90550357958464;1,52473550763761;1,76609058341847;1,91673558388257;1,51866759986513;1,93717807202571;1,61222558828219;-21,2493949166985;-3,79008603045278;-7,20969029393746;-8,51566303812501;-5,61065921085665;-5,62225021785504;-10,536537451225;-9,44246507450126;-6,41341979102222;-16,1050701691777;-11,9039710737268;-17,958603469274;-25,1241603258947;-42,2201109096562;-17,9934367568665;-15,1495215606078;-15,8921403085173;-20,6995455137417;-14,7704510396926;-19,5432018278614;2,68199219822906;1,52838389719892;1,55555567096163;0,906735395569924;0,505569093294629;0,505568510213577;0,542423295383888;0,645128743653648;0,999999654320567;0,839312184375599;0,686365732674007;0,484882772849465;0,338111817657018;-2,14551609259277;-2,4282524118668;-2,59869384510399;-3,05978324250474;-4,0610219701259;-3,99395385733955;-3,3217977374888;-2,72007905507952;-2,13829182353672;-1,18500861275905;-1,85736416666674;-2,23882456322202;-2,86260508058283;-5,02140762454537;-5,09729664790047;-4,06960428105759;-3,34524631734356;-2,65932913921636;0,0616023919182442;0,0160928837337721;0,0388562224715487;0,0179218411707625;0,0385225292945519;0,00612082035677787;0,015699196058898;0,00918210322227181;-3;-3;1;1,080690096070877;1;-3;-3;0,36522667403931414;1;1;-13175,9853692363;NA;All
2310;1,88304088315069;2,84254900688767;2,29896849114977;2,50980797761203;2,71397452471025;2,28043562394877;2,41260264278576;2,44819771007298;2,45700793771892;1,97913013422064;1,92132520506502;1,63046728101526;1,43501376778664;4,90550357958464;1,52473550763761;1,76609058341847;1,91673558388257;1,51866759986513;1,93717807202571;1,61222558828219;-21,2493949166985;-3,79008603045278;-7,20969029393746;-8,51566303812501;-5,61065921085665;-5,62225021785504;-10,536537451225;-9,44246507450126;-6,41341979102222;-16,1050701691777;-11,9039710737268;-17,958603469274;-25,1241603258947;-42,2201109096562;-17,9934367568665;-15,1495215606078;-15,8921403085173;-20,6995455137417;-14,7704510396926;-19,5432018278614;2,68199219822906;1,52838389719892;1,55555567096163;0,906735395569924;0,505569093294629;0,505568510213577;0,542423295383888;0,645128743653648;0,999999654320567;0,839312184375599;0,686365732674007;0,484882772849465;0,338111817657018;-2,14551609259277;-2,4282524118668;-2,59869384510399;-3,05978324250474;-4,0610219701259;-3,99395385733955;-3,3217977374888;-2,72007905507952;-2,13829182353672;-1,18500861275905;-1,85736416666674;-2,23882456322202;-2,86260508058283;-5,02140762454537;-5,09729664790047;-4,06960428105759;-3,34524631734356;-2,65932913921636;0,0616023919182442;0,0160928837337721;0,0388562224715487;0,0179218411707625;0,0385225292945519;0,00612082035677787;0,015699196058898;0,00918210322227181;-3;-3;1;1,016748916113853;1;-3;-3;0,20182811591461391;1;1;-13175,0362108575;NA;All
2320;1,88304088315069;2,84254900688767;2,29896849114977;2,50980797761203;2,71397452471025;2,28043562394877;2,41260264278576;2,44819771007298;2,45700793771892;1,97913013422064;1,92132520506502;1,63046728101526;1,43501376778664;4,90550357958464;1,52473550763761;1,76609058341847;1,91673558388257;1,51866759986513;1,93717807202571;1,61222558828219;-21,2493949166985;-3,79008603045278;-7,20969029393746;-8,51566303812501;-5,61065921085665;-5,62225021785504;-10,536537451225;-9,44246507450126;-6,41341979102222;-16,1050701691777;-11,9039710737268;-17,958603469274;-25,1241603258947;-42,2201109096562;-17,9934367568665;-15,1495215606078;-15,8921403085173;-20,6995455137417;-14,7704510396926;-19,5432018278614;2,68199219822906;1,52838389719892;1,55555567096163;0,906735395569924;0,505569093294629;0,505568510213577;0,542423295383888;0,645128743653648;0,999999654320567;0,839312184375599;0,686365732674007;0,484882772849465;0,338111817657018;-2,14551609259277;-2,4282524118668;-2,59869384510399;-3,05978324250474;-4,0610219701259;-3,99395385733955;-3,3217977374888;-2,72007905507952;-2,13829182353672;-1,18500861275905;-1,85736416666674;-2,23882456322202;-2,86260508058283;-5,02140762454537;-5,09729664790047;-4,06960428105759;-3,34524631734356;-2,65932913921636;0,0616023919182442;0,0160928837337721;0,0388562224715487;0,0179218411707625;0,0385225292945519;0,00612082035677787;0,015699196058898;0,00918210322227181;-3;-3;1;0,996532681724552;1;-3;-3;0,57631417148780906;1;1;-13174,8960839890;NA;All
2330;1,88304088315069;2,84254900688767;2,29896849114977;2,50980797761203;2,71397452471025;2,28043562394877;2,41260264278576;2,44819771007298;2,45700793771892;1,97913013422064;1,92132520506502;1,63046728101526;1,43501376778664;4,90550357958464;1,52473550763761;1,76609058341847;1,91673558388257;1,51866759986513;1,93717807202571;1,61222558828219;-21,2493949166985;-3,79008603045278;-7,20969029393746;-8,51566303812501;-5,61065921085665;-5,62225021785504;-10,536537451225;-9,44246507450126;-6,41341979102222;-16,1050701691777;-11,9039710737268;-17,958603469274;-25,1241603258947;-42,2201109096562;-17,9934367568665;-15,1495215606078;-15,8921403085173;-20,6995455137417;-14,7704510396926;-19,5432018278614;2,68199219822906;1,52838389719892;1,55555567096163;0,906735395569924;0,505569093294629;0,505568510213577;0,542423295383888;0,645128743653648;0,999999654320567;0,839312184375599;0,686365732674007;0,484882772849465;0,338111817657018;-2,14551609259277;-2,4282524118668;-2,59869384510399;-3,05978324250474;-4,0610219701259;-3,99395385733955;-3,3217977374888;-2,72007905507952;-2,13829182353672;-1,18500861275905;-1,85736416666674;-2,23882456322202;-2,86260508058283;-5,02140762454537;-5,09729664790047;-4,06960428105759;-3,34524631734356;-2,65932913921636;0,0616023919182442;0,0160928837337721;0,0388562224715487;0,0179218411707625;0,0385225292945519;0,00612082035677787;0,015699196058898;0,00918210322227181;-3;-3;1;1,010372053841170;1;-3;-3;0,46971428625034456;1;1;-13174,5310711168;NA;All
2340;1,88304088315069;2,84254900688767;2,29896849114977;2,50980797761203;2,71397452471025;2,28043562394877;2,41260264278576;2,44819771007298;2,45700793771892;1,97913013422064;1,92132520506502;1,63046728101526;1,43501376778664;4,90550357958464;1,52473550763761;1,76609058341847;1,91673558388257;1,51866759986513;1,93717807202571;1,61222558828219;-21,2493949166985;-3,79008603045278;-7,20969029393746;-8,51566303812501;-5,61065921085665;-5,62225021785504;-10,536537451225;-9,44246507450126;-6,41341979102222;-16,1050701691777;-11,9039710737268;-17,958603469274;-25,1241603258947;-42,2201109096562;-17,9934367568665;-15,1495215606078;-15,8921403085173;-20,6995455137417;-14,7704510396926;-19,5432018278614;2,68199219822906;1,52838389719892;1,55555567096163;0,906735395569924;0,505569093294629;0,505568510213577;0,542423295383888;0,645128743653648;0,999999654320567;0,839312184375599;0,686365732674007;0,484882772849465;0,338111817657018;-2,14551609259277;-2,4282524118668;-2,59869384510399;-3,05978324250474;-4,0610219701259;-3,99395385733955;-3,3217977374888;-2,72007905507952;-2,13829182353672;-1,18500861275905;-1,85736416666674;-2,23882456322202;-2,86260508058283;-5,02140762454537;-5,09729664790047;-4,06960428105759;-3,34524631734356;-2,65932913921636;0,0616023919182442;0,0160928837337721;0,0388562224715487;0,0179218411707625;0,0385225292945519;0,00612082035677787;0,015699196058898;0,00918210322227181;-3;-3;1;0,983205287741761;1;-3;-3;0,35372294356932971;1;1;-13174,5471014608;NA;All
2350;1,88304088315069;2,84254900688767;2,29896849114977;2,50980797761203;2,71397452471025;2,28043562394877;2,41260264278576;2,44819771007298;2,45700793771892;1,97913013422064;1,92132520506502;1,63046728101526;1,43501376778664;4,90550357958464;1,52473550763761;1,76609058341847;1,91673558388257;1,51866759986513;1,93717807202571;1,61222558828219;-21,2493949166985;-3,79008603045278;-7,20969029393746;-8,51566303812501;-5,61065921085665;-5,62225021785504;-10,536537451225;-9,44246507450126;-6,41341979102222;-16,1050701691777;-11,9039710737268;-17,958603469274;-25,1241603258947;-42,2201109096562;-17,9934367568665;-15,1495215606078;-15,8921403085173;-20,6995455137417;-14,7704510396926;-19,5432018278614;2,68199219822906;1,52838389719892;1,55555567096163;0,906735395569924;0,505569093294629;0,505568510213577;0,542423295383888;0,645128743653648;0,999999654320567;0,839312184375599;0,686365732674007;0,484882772849465;0,338111817657018;-2,14551609259277;-2,4282524118668;-2,59869384510399;-3,05978324250474;-4,0610219701259;-3,99395385733955;-3,3217977374888;-2,72007905507952;-2,13829182353672;-1,18500861275905;-1,85736416666674;-2,23882456322202;-2,86260508058283;-5,02140762454537;-5,09729664790047;-4,06960428105759;-3,34524631734356;-2,65932913921636;0,0616023919182442;0,0160928837337721;0,0388562224715487;0,0179218411707625;0,0385225292945519;0,00612082035677787;0,015699196058898;0,00918210322227181;-3;-3;1;0,970040220555151;1;-3;-3;0,27340306745855530;1;1;-13174,9159493000;NA;All
2360;1,88304088315069;2,84254900688767;2,29896849114977;2,50980797761203;2,71397452471025;2,28043562394877;2,41260264278576;2,44819771007298;2,45700793771892;1,97913013422064;1,92132520506502;1,63046728101526;1,43501376778664;4,90550357958464;1,52473550763761;1,76609058341847;1,91673558388257;1,51866759986513;1,93717807202571;1,61222558828219;-21,2493949166985;-3,79008603045278;-7,20969029393746;-8,51566303812501;-5,61065921085665;-5,62225021785504;-10,536537451225;-9,44246507450126;-6,41341979102222;-16,1050701691777;-11,9039710737268;-17,958603469274;-25,1241603258947;-42,2201109096562;-17,9934367568665;-15,1495215606078;-15,8921403085173;-20,6995455137417;-14,7704510396926;-19,5432018278614;2,68199219822906;1,52838389719892;1,55555567096163;0,906735395569924;0,505569093294629;0,505568510213577;0,542423295383888;0,645128743653648;0,999999654320567;0,839312184375599;0,686365732674007;0,484882772849465;0,338111817657018;-2,14551609259277;-2,4282524118668;-2,59869384510399;-3,05978324250474;-4,0610219701259;-3,99395385733955;-3,3217977374888;-2,72007905507952;-2,13829182353672;-1,18500861275905;-1,85736416666674;-2,23882456322202;-2,86260508058283;-5,02140762454537;-5,09729664790047;-4,06960428105759;-3,34524631734356;-2,65932913921636;0,0616023919182442;0,0160928837337721;0,0388562224715487;0,0179218411707625;0,0385225292945519;0,00612082035677787;0,015699196058898;0,00918210322227181;-3;-3;1;1,000199493810543;1;-3;-3;0,56446727924162376;1;1;-13174,8347693979;NA;All
2370;1,88304088315069;2,84254900688767;2,29896849114977;2,50980797761203;2,71397452471025;2,28043562394877;2,41260264278576;2,44819771007298;2,45700793771892;1,97913013422064;1,92132520506502;1,63046728101526;1,43501376778664;4,90550357958464;1,52473550763761;1,76609058341847;1,91673558388257;1,51866759986513;1,93717807202571;1,61222558828219;-21,2493949166985;-3,79008603045278;-7,20969029393746;-8,51566303812501;-5,61065921085665;-5,62225021785504;-10,536537451225;-9,44246507450126;-6,41341979102222;-16,1050701691777;-11,9039710737268;-17,958603469274;-25,1241603258947;-42,2201109096562;-17,9934367568665;-15,1495215606078;-15,8921403085173;-20,6995455137417;-14,7704510396926;-19,5432018278614;2,68199219822906;1,52838389719892;1,55555567096163;0,906735395569924;0,505569093294629;0,505568510213577;0,542423295383888;0,645128743653648;0,999999654320567;0,839312184375599;0,686365732674007;0,484882772849465;0,338111817657018;-2,14551609259277;-2,4282524118668;-2,59869384510399;-3,05978324250474;-4,0610219701259;-3,99395385733955;-3,3217977374888;-2,72007905507952;-2,13829182353672;-1,18500861275905;-1,85736416666674;-2,23882456322202;-2,86260508058283;-5,02140762454537;-5,09729664790047;-4,06960428105759;-3,34524631734356;-2,65932913921636;0,0616023919182442;0,0160928837337721;0,0388562224715487;0,0179218411707625;0,0385225292945519;0,00612082035677787;0,015699196058898;0,00918210322227181;-3;-3;1;1,013832665939042;1;-3;-3;0,54554090415687750;1;1;-13174,8000537559;NA;All
2380;1,88304088315069;2,84254900688767;2,29896849114977;2,50980797761203;2,71397452471025;2,28043562394877;2,41260264278576;2,44819771007298;2,45700793771892;1,97913013422064;1,92132520506502;1,63046728101526;1,43501376778664;4,90550357958464;1,52473550763761;1,76609058341847;1,91673558388257;1,51866759986513;1,93717807202571;1,61222558828219;-21,2493949166985;-3,79008603045278;-7,20969029393746;-8,51566303812501;-5,61065921085665;-5,62225021785504;-10,536537451225;-9,44246507450126;-6,41341979102222;-16,1050701691777;-11,9039710737268;-17,958603469274;-25,1241603258947;-42,2201109096562;-17,9934367568665;-15,1495215606078;-15,8921403085173;-20,6995455137417;-14,7704510396926;-19,5432018278614;2,68199219822906;1,52838389719892;1,55555567096163;0,906735395569924;0,505569093294629;0,505568510213577;0,542423295383888;0,645128743653648;0,999999654320567;0,839312184375599;0,686365732674007;0,484882772849465;0,338111817657018;-2,14551609259277;-2,4282524118668;-2,59869384510399;-3,05978324250474;-4,0610219701259;-3,99395385733955;-3,3217977374888;-2,72007905507952;-2,13829182353672;-1,18500861275905;-1,85736416666674;-2,23882456322202;-2,86260508058283;-5,02140762454537;-5,09729664790047;-4,06960428105759;-3,34524631734356;-2,65932913921636;0,0616023919182442;0,0160928837337721;0,0388562224715487;0,0179218411707625;0,0385225292945519;0,00612082035677787;0,015699196058898;0,00918210322227181;-3;-3;1;0,997771361009893;1;-3;-3;0,50631586456100575;1;1;-13174,6046084489;NA;All
2390;1,88304088315069;2,84254900688767;2,29896849114977;2,50980797761203;2,71397452471025;2,28043562394877;2,41260264278576;2,44819771007298;2,45700793771892;1,97913013422064;1,92132520506502;1,63046728101526;1,43501376778664;4,90550357958464;1,52473550763761;1,76609058341847;1,91673558388257;1,51866759986513;1,93717807202571;1,61222558828219;-21,2493949166985;-3,79008603045278;-7,20969029393746;-8,51566303812501;-5,61065921085665;-5,62225021785504;-10,536537451225;-9,44246507450126;-6,41341979102222;-16,1050701691777;-11,9039710737268;-17,958603469274;-25,1241603258947;-42,2201109096562;-17,9934367568665;-15,1495215606078;-15,8921403085173;-20,6995455137417;-14,7704510396926;-19,5432018278614;2,68199219822906;1,52838389719892;1,55555567096163;0,906735395569924;0,505569093294629;0,505568510213577;0,542423295383888;0,645128743653648;0,999999654320567;0,839312184375599;0,686365732674007;0,484882772849465;0,338111817657018;-2,14551609259277;-2,4282524118668;-2,59869384510399;-3,05978324250474;-4,0610219701259;-3,99395385733955;-3,3217977374888;-2,72007905507952;-2,13829182353672;-1,18500861275905;-1,85736416666674;-2,23882456322202;-2,86260508058283;-5,02140762454537;-5,09729664790047;-4,06960428105759;-3,34524631734356;-2,65932913921636;0,0616023919182442;0,0160928837337721;0,0388562224715487;0,0179218411707625;0,0385225292945519;0,00612082035677787;0,015699196058898;0,00918210322227181;-3;-3;1;1,032872822928659;1;-3;-3;0,51897061032781600;1;1;-13174,9235103218;NA;All
2400;1,88304088315069;2,84254900688767;2,29896849114977;2,50980797761203;2,71397452471025;2,28043562394877;2,41260264278576;2,44819771007298;2,45700793771892;1,97913013422064;1,92132520506502;1,63046728101526;1,43501376778664;4,90550357958464;1,52473550763761;1,76609058341847;1,91673558388257;1,51866759986513;1,93717807202571;1,61222558828219;-21,2493949166985;-3,79008603045278;-7,20969029393746;-8,51566303812501;-5,61065921085665;-5,62225021785504;-10,536537451225;-9,44246507450126;-6,41341979102222;-16,1050701691777;-11,9039710737268;-17,958603469274;-25,1241603258947;-42,2201109096562;-17,9934367568665;-15,1495215606078;-15,8921403085173;-20,6995455137417;-14,7704510396926;-19,5432018278614;2,68199219822906;1,52838389719892;1,55555567096163;0,906735395569924;0,505569093294629;0,505568510213577;0,542423295383888;0,645128743653648;0,999999654320567;0,839312184375599;0,686365732674007;0,484882772849465;0,338111817657018;-2,14551609259277;-2,4282524118668;-2,59869384510399;-3,05978324250474;-4,0610219701259;-3,99395385733955;-3,3217977374888;-2,72007905507952;-2,13829182353672;-1,18500861275905;-1,85736416666674;-2,23882456322202;-2,86260508058283;-5,02140762454537;-5,09729664790047;-4,06960428105759;-3,34524631734356;-2,65932913921636;0,0616023919182442;0,0160928837337721;0,0388562224715487;0,0179218411707625;0,0385225292945519;0,00612082035677787;0,015699196058898;0,00918210322227181;-3;-3;1;0,994700842259067;1;-3;-3;0,14111801680726954;1;1;-13175,4156562833;NA;All
2410;1,88304088315069;2,84254900688767;2,29896849114977;2,50980797761203;2,71397452471025;2,28043562394877;2,41260264278576;2,44819771007298;2,45700793771892;1,97913013422064;1,92132520506502;1,63046728101526;1,43501376778664;4,90550357958464;1,52473550763761;1,76609058341847;1,91673558388257;1,51866759986513;1,93717807202571;1,61222558828219;-21,2493949166985;-3,79008603045278;-7,20969029393746;-8,51566303812501;-5,61065921085665;-5,62225021785504;-10,536537451225;-9,44246507450126;-6,41341979102222;-16,1050701691777;-11,9039710737268;-17,958603469274;-25,1241603258947;-42,2201109096562;-17,9934367568665;-15,1495215606078;-15,8921403085173;-20,6995455137417;-14,7704510396926;-19,5432018278614;2,68199219822906;1,52838389719892;1,55555567096163;0,906735395569924;0,505569093294629;0,505568510213577;0,542423295383888;0,645128743653648;0,999999654320567;0,839312184375599;0,686365732674007;0,484882772849465;0,338111817657018;-2,14551609259277;-2,4282524118668;-2,59869384510399;-3,05978324250474;-4,0610219701259;-3,99395385733955;-3,3217977374888;-2,72007905507952;-2,13829182353672;-1,18500861275905;-1,85736416666674;-2,23882456322202;-2,86260508058283;-5,02140762454537;-5,09729664790047;-4,06960428105759;-3,34524631734356;-2,65932913921636;0,0616023919182442;0,0160928837337721;0,0388562224715487;0,0179218411707625;0,0385225292945519;0,00612082035677787;0,015699196058898;0,00918210322227181;-3;-3;1;1,019650858723096;1;-3;-3;0,42272452362493185;1;1;-13174,5271590890;NA;All
2420;1,88304088315069;2,84254900688767;2,29896849114977;2,50980797761203;2,71397452471025;2,28043562394877;2,41260264278576;2,44819771007298;2,45700793771892;1,97913013422064;1,92132520506502;1,63046728101526;1,43501376778664;4,90550357958464;1,52473550763761;1,76609058341847;1,91673558388257;1,51866759986513;1,93717807202571;1,61222558828219;-21,2493949166985;-3,79008603045278;-7,20969029393746;-8,51566303812501;-5,61065921085665;-5,62225021785504;-10,536537451225;-9,44246507450126;-6,41341979102222;-16,1050701691777;-11,9039710737268;-17,958603469274;-25,1241603258947;-42,2201109096562;-17,9934367568665;-15,1495215606078;-15,8921403085173;-20,6995455137417;-14,7704510396926;-19,5432018278614;2,68199219822906;1,52838389719892;1,55555567096163;0,906735395569924;0,505569093294629;0,505568510213577;0,542423295383888;0,645128743653648;0,999999654320567;0,839312184375599;0,686365732674007;0,484882772849465;0,338111817657018;-2,14551609259277;-2,4282524118668;-2,59869384510399;-3,05978324250474;-4,0610219701259;-3,99395385733955;-3,3217977374888;-2,72007905507952;-2,13829182353672;-1,18500861275905;-1,85736416666674;-2,23882456322202;-2,86260508058283;-5,02140762454537;-5,09729664790047;-4,06960428105759;-3,34524631734356;-2,65932913921636;0,0616023919182442;0,0160928837337721;0,0388562224715487;0,0179218411707625;0,0385225292945519;0,00612082035677787;0,015699196058898;0,00918210322227181;-3;-3;1;0,953175178547682;1;-3;-3;0,13529034779228366;1;1;-13176,0345496114;NA;All
2430;1,88304088315069;2,84254900688767;2,29896849114977;2,50980797761203;2,71397452471025;2,28043562394877;2,41260264278576;2,44819771007298;2,45700793771892;1,97913013422064;1,92132520506502;1,63046728101526;1,43501376778664;4,90550357958464;1,52473550763761;1,76609058341847;1,91673558388257;1,51866759986513;1,93717807202571;1,61222558828219;-21,2493949166985;-3,79008603045278;-7,20969029393746;-8,51566303812501;-5,61065921085665;-5,62225021785504;-10,536537451225;-9,44246507450126;-6,41341979102222;-16,1050701691777;-11,9039710737268;-17,958603469274;-25,1241603258947;-42,2201109096562;-17,9934367568665;-15,1495215606078;-15,8921403085173;-20,6995455137417;-14,7704510396926;-19,5432018278614;2,68199219822906;1,52838389719892;1,55555567096163;0,906735395569924;0,505569093294629;0,505568510213577;0,542423295383888;0,645128743653648;0,999999654320567;0,839312184375599;0,686365732674007;0,484882772849465;0,338111817657018;-2,14551609259277;-2,4282524118668;-2,59869384510399;-3,05978324250474;-4,0610219701259;-3,99395385733955;-3,3217977374888;-2,72007905507952;-2,13829182353672;-1,18500861275905;-1,85736416666674;-2,23882456322202;-2,86260508058283;-5,02140762454537;-5,09729664790047;-4,06960428105759;-3,34524631734356;-2,65932913921636;0,0616023919182442;0,0160928837337721;0,0388562224715487;0,0179218411707625;0,0385225292945519;0,00612082035677787;0,015699196058898;0,00918210322227181;-3;-3;1;1,022645711478804;1;-3;-3;0,30243837640149318;1;1;-13174,6641407465;NA;All
2440;1,88304088315069;2,84254900688767;2,29896849114977;2,50980797761203;2,71397452471025;2,28043562394877;2,41260264278576;2,44819771007298;2,45700793771892;1,97913013422064;1,92132520506502;1,63046728101526;1,43501376778664;4,90550357958464;1,52473550763761;1,76609058341847;1,91673558388257;1,51866759986513;1,93717807202571;1,61222558828219;-21,2493949166985;-3,79008603045278;-7,20969029393746;-8,51566303812501;-5,61065921085665;-5,62225021785504;-10,536537451225;-9,44246507450126;-6,41341979102222;-16,1050701691777;-11,9039710737268;-17,958603469274;-25,1241603258947;-42,2201109096562;-17,9934367568665;-15,1495215606078;-15,8921403085173;-20,6995455137417;-14,7704510396926;-19,5432018278614;2,68199219822906;1,52838389719892;1,55555567096163;0,906735395569924;0,505569093294629;0,505568510213577;0,542423295383888;0,645128743653648;0,999999654320567;0,839312184375599;0,686365732674007;0,484882772849465;0,338111817657018;-2,14551609259277;-2,4282524118668;-2,59869384510399;-3,05978324250474;-4,0610219701259;-3,99395385733955;-3,3217977374888;-2,72007905507952;-2,13829182353672;-1,18500861275905;-1,85736416666674;-2,23882456322202;-2,86260508058283;-5,02140762454537;-5,09729664790047;-4,06960428105759;-3,34524631734356;-2,65932913921636;0,0616023919182442;0,0160928837337721;0,0388562224715487;0,0179218411707625;0,0385225292945519;0,00612082035677787;0,015699196058898;0,00918210322227181;-3;-3;1;0,957412387882580;1;-3;-3;0,25170122596356054;1;1;-13175,2405590407;NA;All
2450;1,88304088315069;2,84254900688767;2,29896849114977;2,50980797761203;2,71397452471025;2,28043562394877;2,41260264278576;2,44819771007298;2,45700793771892;1,97913013422064;1,92132520506502;1,63046728101526;1,43501376778664;4,90550357958464;1,52473550763761;1,76609058341847;1,91673558388257;1,51866759986513;1,93717807202571;1,61222558828219;-21,2493949166985;-3,79008603045278;-7,20969029393746;-8,51566303812501;-5,61065921085665;-5,62225021785504;-10,536537451225;-9,44246507450126;-6,41341979102222;-16,1050701691777;-11,9039710737268;-17,958603469274;-25,1241603258947;-42,2201109096562;-17,9934367568665;-15,1495215606078;-15,8921403085173;-20,6995455137417;-14,7704510396926;-19,5432018278614;2,68199219822906;1,52838389719892;1,55555567096163;0,906735395569924;0,505569093294629;0,505568510213577;0,542423295383888;0,645128743653648;0,999999654320567;0,839312184375599;0,686365732674007;0,484882772849465;0,338111817657018;-2,14551609259277;-2,4282524118668;-2,59869384510399;-3,05978324250474;-4,0610219701259;-3,99395385733955;-3,3217977374888;-2,72007905507952;-2,13829182353672;-1,18500861275905;-1,85736416666674;-2,23882456322202;-2,86260508058283;-5,02140762454537;-5,09729664790047;-4,06960428105759;-3,34524631734356;-2,65932913921636;0,0616023919182442;0,0160928837337721;0,0388562224715487;0,0179218411707625;0,0385225292945519;0,00612082035677787;0,015699196058898;0,00918210322227181;-3;-3;1;1,146500220496137;1;-3;-3;0,32520455964931005;1;1;-13179,5760787824;NA;All
2460;1,88304088315069;2,84254900688767;2,29896849114977;2,50980797761203;2,71397452471025;2,28043562394877;2,41260264278576;2,44819771007298;2,45700793771892;1,97913013422064;1,92132520506502;1,63046728101526;1,43501376778664;4,90550357958464;1,52473550763761;1,76609058341847;1,91673558388257;1,51866759986513;1,93717807202571;1,61222558828219;-21,2493949166985;-3,79008603045278;-7,20969029393746;-8,51566303812501;-5,61065921085665;-5,62225021785504;-10,536537451225;-9,44246507450126;-6,41341979102222;-16,1050701691777;-11,9039710737268;-17,958603469274;-25,1241603258947;-42,2201109096562;-17,9934367568665;-15,1495215606078;-15,8921403085173;-20,6995455137417;-14,7704510396926;-19,5432018278614;2,68199219822906;1,52838389719892;1,55555567096163;0,906735395569924;0,505569093294629;0,505568510213577;0,542423295383888;0,645128743653648;0,999999654320567;0,839312184375599;0,686365732674007;0,484882772849465;0,338111817657018;-2,14551609259277;-2,4282524118668;-2,59869384510399;-3,05978324250474;-4,0610219701259;-3,99395385733955;-3,3217977374888;-2,72007905507952;-2,13829182353672;-1,18500861275905;-1,85736416666674;-2,23882456322202;-2,86260508058283;-5,02140762454537;-5,09729664790047;-4,06960428105759;-3,34524631734356;-2,65932913921636;0,0616023919182442;0,0160928837337721;0,0388562224715487;0,0179218411707625;0,0385225292945519;0,00612082035677787;0,015699196058898;0,00918210322227181;-3;-3;1;1,023015930343835;1;-3;-3;0,37526241057098769;1;1;-13174,5520321512;NA;All
2470;1,88304088315069;2,84254900688767;2,29896849114977;2,50980797761203;2,71397452471025;2,28043562394877;2,41260264278576;2,44819771007298;2,45700793771892;1,97913013422064;1,92132520506502;1,63046728101526;1,43501376778664;4,90550357958464;1,52473550763761;1,76609058341847;1,91673558388257;1,51866759986513;1,93717807202571;1,61222558828219;-21,2493949166985;-3,79008603045278;-7,20969029393746;-8,51566303812501;-5,61065921085665;-5,62225021785504;-10,536537451225;-9,44246507450126;-6,41341979102222;-16,1050701691777;-11,9039710737268;-17,958603469274;-25,1241603258947;-42,2201109096562;-17,9934367568665;-15,1495215606078;-15,8921403085173;-20,6995455137417;-14,7704510396926;-19,5432018278614;2,68199219822906;1,52838389719892;1,55555567096163;0,906735395569924;0,505569093294629;0,505568510213577;0,542423295383888;0,645128743653648;0,999999654320567;0,839312184375599;0,686365732674007;0,484882772849465;0,338111817657018;-2,14551609259277;-2,4282524118668;-2,59869384510399;-3,05978324250474;-4,0610219701259;-3,99395385733955;-3,3217977374888;-2,72007905507952;-2,13829182353672;-1,18500861275905;-1,85736416666674;-2,23882456322202;-2,86260508058283;-5,02140762454537;-5,09729664790047;-4,06960428105759;-3,34524631734356;-2,65932913921636;0,0616023919182442;0,0160928837337721;0,0388562224715487;0,0179218411707625;0,0385225292945519;0,00612082035677787;0,015699196058898;0,00918210322227181;-3;-3;1;1,000179580675149;1;-3;-3;0,37220638447519760;1;1;-13174,4424337770;NA;All
2480;1,88304088315069;2,84254900688767;2,29896849114977;2,50980797761203;2,71397452471025;2,28043562394877;2,41260264278576;2,44819771007298;2,45700793771892;1,97913013422064;1,92132520506502;1,63046728101526;1,43501376778664;4,90550357958464;1,52473550763761;1,76609058341847;1,91673558388257;1,51866759986513;1,93717807202571;1,61222558828219;-21,2493949166985;-3,79008603045278;-7,20969029393746;-8,51566303812501;-5,61065921085665;-5,62225021785504;-10,536537451225;-9,44246507450126;-6,41341979102222;-16,1050701691777;-11,9039710737268;-17,958603469274;-25,1241603258947;-42,2201109096562;-17,9934367568665;-15,1495215606078;-15,8921403085173;-20,6995455137417;-14,7704510396926;-19,5432018278614;2,68199219822906;1,52838389719892;1,55555567096163;0,906735395569924;0,505569093294629;0,505568510213577;0,542423295383888;0,645128743653648;0,999999654320567;0,839312184375599;0,686365732674007;0,484882772849465;0,338111817657018;-2,14551609259277;-2,4282524118668;-2,59869384510399;-3,05978324250474;-4,0610219701259;-3,99395385733955;-3,3217977374888;-2,72007905507952;-2,13829182353672;-1,18500861275905;-1,85736416666674;-2,23882456322202;-2,86260508058283;-5,02140762454537;-5,09729664790047;-4,06960428105759;-3,34524631734356;-2,65932913921636;0,0616023919182442;0,0160928837337721;0,0388562224715487;0,0179218411707625;0,0385225292945519;0,00612082035677787;0,015699196058898;0,00918210322227181;-3;-3;1;1,007245123767391;1;-3;-3;0,14390188134757292;1;1;-13175,3780855252;NA;All
2490;1,88304088315069;2,84254900688767;2,29896849114977;2,50980797761203;2,71397452471025;2,28043562394877;2,41260264278576;2,44819771007298;2,45700793771892;1,97913013422064;1,92132520506502;1,63046728101526;1,43501376778664;4,90550357958464;1,52473550763761;1,76609058341847;1,91673558388257;1,51866759986513;1,93717807202571;1,61222558828219;-21,2493949166985;-3,79008603045278;-7,20969029393746;-8,51566303812501;-5,61065921085665;-5,62225021785504;-10,536537451225;-9,44246507450126;-6,41341979102222;-16,1050701691777;-11,9039710737268;-17,958603469274;-25,1241603258947;-42,2201109096562;-17,9934367568665;-15,1495215606078;-15,8921403085173;-20,6995455137417;-14,7704510396926;-19,5432018278614;2,68199219822906;1,52838389719892;1,55555567096163;0,906735395569924;0,505569093294629;0,505568510213577;0,542423295383888;0,645128743653648;0,999999654320567;0,839312184375599;0,686365732674007;0,484882772849465;0,338111817657018;-2,14551609259277;-2,4282524118668;-2,59869384510399;-3,05978324250474;-4,0610219701259;-3,99395385733955;-3,3217977374888;-2,72007905507952;-2,13829182353672;-1,18500861275905;-1,85736416666674;-2,23882456322202;-2,86260508058283;-5,02140762454537;-5,09729664790047;-4,06960428105759;-3,34524631734356;-2,65932913921636;0,0616023919182442;0,0160928837337721;0,0388562224715487;0,0179218411707625;0,0385225292945519;0,00612082035677787;0,015699196058898;0,00918210322227181;-3;-3;1;0,953468013287985;1;-3;-3;0,20044368769471879;1;1;-13175,5892967926;NA;All
2500;1,88304088315069;2,84254900688767;2,29896849114977;2,50980797761203;2,71397452471025;2,28043562394877;2,41260264278576;2,44819771007298;2,45700793771892;1,97913013422064;1,92132520506502;1,63046728101526;1,43501376778664;4,90550357958464;1,52473550763761;1,76609058341847;1,91673558388257;1,51866759986513;1,93717807202571;1,61222558828219;-21,2493949166985;-3,79008603045278;-7,20969029393746;-8,51566303812501;-5,61065921085665;-5,62225021785504;-10,536537451225;-9,44246507450126;-6,41341979102222;-16,1050701691777;-11,9039710737268;-17,958603469274;-25,1241603258947;-42,2201109096562;-17,9934367568665;-15,1495215606078;-15,8921403085173;-20,6995455137417;-14,7704510396926;-19,5432018278614;2,68199219822906;1,52838389719892;1,55555567096163;0,906735395569924;0,505569093294629;0,505568510213577;0,542423295383888;0,645128743653648;0,999999654320567;0,839312184375599;0,686365732674007;0,484882772849465;0,338111817657018;-2,14551609259277;-2,4282524118668;-2,59869384510399;-3,05978324250474;-4,0610219701259;-3,99395385733955;-3,3217977374888;-2,72007905507952;-2,13829182353672;-1,18500861275905;-1,85736416666674;-2,23882456322202;-2,86260508058283;-5,02140762454537;-5,09729664790047;-4,06960428105759;-3,34524631734356;-2,65932913921636;0,0616023919182442;0,0160928837337721;0,0388562224715487;0,0179218411707625;0,0385225292945519;0,00612082035677787;0,015699196058898;0,00918210322227181;-3;-3;1;0,930013898721185;1;-3;-3;0,44530332514250032;1;1;-13175,7486672032;NA;All
2510;1,88304088315069;2,84254900688767;2,29896849114977;2,50980797761203;2,71397452471025;2,28043562394877;2,41260264278576;2,44819771007298;2,45700793771892;1,97913013422064;1,92132520506502;1,63046728101526;1,43501376778664;4,90550357958464;1,52473550763761;1,76609058341847;1,91673558388257;1,51866759986513;1,93717807202571;1,61222558828219;-21,2493949166985;-3,79008603045278;-7,20969029393746;-8,51566303812501;-5,61065921085665;-5,62225021785504;-10,536537451225;-9,44246507450126;-6,41341979102222;-16,1050701691777;-11,9039710737268;-17,958603469274;-25,1241603258947;-42,2201109096562;-17,9934367568665;-15,1495215606078;-15,8921403085173;-20,6995455137417;-14,7704510396926;-19,5432018278614;2,68199219822906;1,52838389719892;1,55555567096163;0,906735395569924;0,505569093294629;0,505568510213577;0,542423295383888;0,645128743653648;0,999999654320567;0,839312184375599;0,686365732674007;0,484882772849465;0,338111817657018;-2,14551609259277;-2,4282524118668;-2,59869384510399;-3,05978324250474;-4,0610219701259;-3,99395385733955;-3,3217977374888;-2,72007905507952;-2,13829182353672;-1,18500861275905;-1,85736416666674;-2,23882456322202;-2,86260508058283;-5,02140762454537;-5,09729664790047;-4,06960428105759;-3,34524631734356;-2,65932913921636;0,0616023919182442;0,0160928837337721;0,0388562224715487;0,0179218411707625;0,0385225292945519;0,00612082035677787;0,015699196058898;0,00918210322227181;-3;-3;1;0,982872747931464;1;-3;-3;0,26996308566219729;1;1;-13174,7662133529;NA;All
2520;1,88304088315069;2,84254900688767;2,29896849114977;2,50980797761203;2,71397452471025;2,28043562394877;2,41260264278576;2,44819771007298;2,45700793771892;1,97913013422064;1,92132520506502;1,63046728101526;1,43501376778664;4,90550357958464;1,52473550763761;1,76609058341847;1,91673558388257;1,51866759986513;1,93717807202571;1,61222558828219;-21,2493949166985;-3,79008603045278;-7,20969029393746;-8,51566303812501;-5,61065921085665;-5,62225021785504;-10,536537451225;-9,44246507450126;-6,41341979102222;-16,1050701691777;-11,9039710737268;-17,958603469274;-25,1241603258947;-42,2201109096562;-17,9934367568665;-15,1495215606078;-15,8921403085173;-20,6995455137417;-14,7704510396926;-19,5432018278614;2,68199219822906;1,52838389719892;1,55555567096163;0,906735395569924;0,505569093294629;0,505568510213577;0,542423295383888;0,645128743653648;0,999999654320567;0,839312184375599;0,686365732674007;0,484882772849465;0,338111817657018;-2,14551609259277;-2,4282524118668;-2,59869384510399;-3,05978324250474;-4,0610219701259;-3,99395385733955;-3,3217977374888;-2,72007905507952;-2,13829182353672;-1,18500861275905;-1,85736416666674;-2,23882456322202;-2,86260508058283;-5,02140762454537;-5,09729664790047;-4,06960428105759;-3,34524631734356;-2,65932913921636;0,0616023919182442;0,0160928837337721;0,0388562224715487;0,0179218411707625;0,0385225292945519;0,00612082035677787;0,015699196058898;0,00918210322227181;-3;-3;1;1,000759632494744;1;-3;-3;0,67949091175373522;1;1;-13175,5792525013;NA;All
2530;1,88304088315069;2,84254900688767;2,29896849114977;2,50980797761203;2,71397452471025;2,28043562394877;2,41260264278576;2,44819771007298;2,45700793771892;1,97913013422064;1,92132520506502;1,63046728101526;1,43501376778664;4,90550357958464;1,52473550763761;1,76609058341847;1,91673558388257;1,51866759986513;1,93717807202571;1,61222558828219;-21,2493949166985;-3,79008603045278;-7,20969029393746;-8,51566303812501;-5,61065921085665;-5,62225021785504;-10,536537451225;-9,44246507450126;-6,41341979102222;-16,1050701691777;-11,9039710737268;-17,958603469274;-25,1241603258947;-42,2201109096562;-17,9934367568665;-15,1495215606078;-15,8921403085173;-20,6995455137417;-14,7704510396926;-19,5432018278614;2,68199219822906;1,52838389719892;1,55555567096163;0,906735395569924;0,505569093294629;0,505568510213577;0,542423295383888;0,645128743653648;0,999999654320567;0,839312184375599;0,686365732674007;0,484882772849465;0,338111817657018;-2,14551609259277;-2,4282524118668;-2,59869384510399;-3,05978324250474;-4,0610219701259;-3,99395385733955;-3,3217977374888;-2,72007905507952;-2,13829182353672;-1,18500861275905;-1,85736416666674;-2,23882456322202;-2,86260508058283;-5,02140762454537;-5,09729664790047;-4,06960428105759;-3,34524631734356;-2,65932913921636;0,0616023919182442;0,0160928837337721;0,0388562224715487;0,0179218411707625;0,0385225292945519;0,00612082035677787;0,015699196058898;0,00918210322227181;-3;-3;1;0,991984833588413;1;-3;-3;0,23739166112022095;1;1;-13174,8379763345;NA;All
2540;1,88304088315069;2,84254900688767;2,29896849114977;2,50980797761203;2,71397452471025;2,28043562394877;2,41260264278576;2,44819771007298;2,45700793771892;1,97913013422064;1,92132520506502;1,63046728101526;1,43501376778664;4,90550357958464;1,52473550763761;1,76609058341847;1,91673558388257;1,51866759986513;1,93717807202571;1,61222558828219;-21,2493949166985;-3,79008603045278;-7,20969029393746;-8,51566303812501;-5,61065921085665;-5,62225021785504;-10,536537451225;-9,44246507450126;-6,41341979102222;-16,1050701691777;-11,9039710737268;-17,958603469274;-25,1241603258947;-42,2201109096562;-17,9934367568665;-15,1495215606078;-15,8921403085173;-20,6995455137417;-14,7704510396926;-19,5432018278614;2,68199219822906;1,52838389719892;1,55555567096163;0,906735395569924;0,505569093294629;0,505568510213577;0,542423295383888;0,645128743653648;0,999999654320567;0,839312184375599;0,686365732674007;0,484882772849465;0,338111817657018;-2,14551609259277;-2,4282524118668;-2,59869384510399;-3,05978324250474;-4,0610219701259;-3,99395385733955;-3,3217977374888;-2,72007905507952;-2,13829182353672;-1,18500861275905;-1,85736416666674;-2,23882456322202;-2,86260508058283;-5,02140762454537;-5,09729664790047;-4,06960428105759;-3,34524631734356;-2,65932913921636;0,0616023919182442;0,0160928837337721;0,0388562224715487;0,0179218411707625;0,0385225292945519;0,00612082035677787;0,015699196058898;0,00918210322227181;-3;-3;1;1,017271268357943;1;-3;-3;0,24296391865891567;1;1;-13174,8315121126;NA;All
2550;1,88304088315069;2,84254900688767;2,29896849114977;2,50980797761203;2,71397452471025;2,28043562394877;2,41260264278576;2,44819771007298;2,45700793771892;1,97913013422064;1,92132520506502;1,63046728101526;1,43501376778664;4,90550357958464;1,52473550763761;1,76609058341847;1,91673558388257;1,51866759986513;1,93717807202571;1,61222558828219;-21,2493949166985;-3,79008603045278;-7,20969029393746;-8,51566303812501;-5,61065921085665;-5,62225021785504;-10,536537451225;-9,44246507450126;-6,41341979102222;-16,1050701691777;-11,9039710737268;-17,958603469274;-25,1241603258947;-42,2201109096562;-17,9934367568665;-15,1495215606078;-15,8921403085173;-20,6995455137417;-14,7704510396926;-19,5432018278614;2,68199219822906;1,52838389719892;1,55555567096163;0,906735395569924;0,505569093294629;0,505568510213577;0,542423295383888;0,645128743653648;0,999999654320567;0,839312184375599;0,686365732674007;0,484882772849465;0,338111817657018;-2,14551609259277;-2,4282524118668;-2,59869384510399;-3,05978324250474;-4,0610219701259;-3,99395385733955;-3,3217977374888;-2,72007905507952;-2,13829182353672;-1,18500861275905;-1,85736416666674;-2,23882456322202;-2,86260508058283;-5,02140762454537;-5,09729664790047;-4,06960428105759;-3,34524631734356;-2,65932913921636;0,0616023919182442;0,0160928837337721;0,0388562224715487;0,0179218411707625;0,0385225292945519;0,00612082035677787;0,015699196058898;0,00918210322227181;-3;-3;1;1,032145004144752;1;-3;-3;0,27495045826883169;1;1;-13174,8612439364;NA;All
2560;1,88304088315069;2,84254900688767;2,29896849114977;2,50980797761203;2,71397452471025;2,28043562394877;2,41260264278576;2,44819771007298;2,45700793771892;1,97913013422064;1,92132520506502;1,63046728101526;1,43501376778664;4,90550357958464;1,52473550763761;1,76609058341847;1,91673558388257;1,51866759986513;1,93717807202571;1,61222558828219;-21,2493949166985;-3,79008603045278;-7,20969029393746;-8,51566303812501;-5,61065921085665;-5,62225021785504;-10,536537451225;-9,44246507450126;-6,41341979102222;-16,1050701691777;-11,9039710737268;-17,958603469274;-25,1241603258947;-42,2201109096562;-17,9934367568665;-15,1495215606078;-15,8921403085173;-20,6995455137417;-14,7704510396926;-19,5432018278614;2,68199219822906;1,52838389719892;1,55555567096163;0,906735395569924;0,505569093294629;0,505568510213577;0,542423295383888;0,645128743653648;0,999999654320567;0,839312184375599;0,686365732674007;0,484882772849465;0,338111817657018;-2,14551609259277;-2,4282524118668;-2,59869384510399;-3,05978324250474;-4,0610219701259;-3,99395385733955;-3,3217977374888;-2,72007905507952;-2,13829182353672;-1,18500861275905;-1,85736416666674;-2,23882456322202;-2,86260508058283;-5,02140762454537;-5,09729664790047;-4,06960428105759;-3,34524631734356;-2,65932913921636;0,0616023919182442;0,0160928837337721;0,0388562224715487;0,0179218411707625;0,0385225292945519;0,00612082035677787;0,015699196058898;0,00918210322227181;-3;-3;1;0,986257872960817;1;-3;-3;0,45593295802379874;1;1;-13174,5354934776;NA;All
2570;1,88304088315069;2,84254900688767;2,29896849114977;2,50980797761203;2,71397452471025;2,28043562394877;2,41260264278576;2,44819771007298;2,45700793771892;1,97913013422064;1,92132520506502;1,63046728101526;1,43501376778664;4,90550357958464;1,52473550763761;1,76609058341847;1,91673558388257;1,51866759986513;1,93717807202571;1,61222558828219;-21,2493949166985;-3,79008603045278;-7,20969029393746;-8,51566303812501;-5,61065921085665;-5,62225021785504;-10,536537451225;-9,44246507450126;-6,41341979102222;-16,1050701691777;-11,9039710737268;-17,958603469274;-25,1241603258947;-42,2201109096562;-17,9934367568665;-15,1495215606078;-15,8921403085173;-20,6995455137417;-14,7704510396926;-19,5432018278614;2,68199219822906;1,52838389719892;1,55555567096163;0,906735395569924;0,505569093294629;0,505568510213577;0,542423295383888;0,645128743653648;0,999999654320567;0,839312184375599;0,686365732674007;0,484882772849465;0,338111817657018;-2,14551609259277;-2,4282524118668;-2,59869384510399;-3,05978324250474;-4,0610219701259;-3,99395385733955;-3,3217977374888;-2,72007905507952;-2,13829182353672;-1,18500861275905;-1,85736416666674;-2,23882456322202;-2,86260508058283;-5,02140762454537;-5,09729664790047;-4,06960428105759;-3,34524631734356;-2,65932913921636;0,0616023919182442;0,0160928837337721;0,0388562224715487;0,0179218411707625;0,0385225292945519;0,00612082035677787;0,015699196058898;0,00918210322227181;-3;-3;1;1,008179350895025;1;-3;-3;0,34096722221420928;1;1;-13174,4885357351;NA;All
2580;1,88304088315069;2,84254900688767;2,29896849114977;2,50980797761203;2,71397452471025;2,28043562394877;2,41260264278576;2,44819771007298;2,45700793771892;1,97913013422064;1,92132520506502;1,63046728101526;1,43501376778664;4,90550357958464;1,52473550763761;1,76609058341847;1,91673558388257;1,51866759986513;1,93717807202571;1,61222558828219;-21,2493949166985;-3,79008603045278;-7,20969029393746;-8,51566303812501;-5,61065921085665;-5,62225021785504;-10,536537451225;-9,44246507450126;-6,41341979102222;-16,1050701691777;-11,9039710737268;-17,958603469274;-25,1241603258947;-42,2201109096562;-17,9934367568665;-15,1495215606078;-15,8921403085173;-20,6995455137417;-14,7704510396926;-19,5432018278614;2,68199219822906;1,52838389719892;1,55555567096163;0,906735395569924;0,505569093294629;0,505568510213577;0,542423295383888;0,645128743653648;0,999999654320567;0,839312184375599;0,686365732674007;0,484882772849465;0,338111817657018;-2,14551609259277;-2,4282524118668;-2,59869384510399;-3,05978324250474;-4,0610219701259;-3,99395385733955;-3,3217977374888;-2,72007905507952;-2,13829182353672;-1,18500861275905;-1,85736416666674;-2,23882456322202;-2,86260508058283;-5,02140762454537;-5,09729664790047;-4,06960428105759;-3,34524631734356;-2,65932913921636;0,0616023919182442;0,0160928837337721;0,0388562224715487;0,0179218411707625;0,0385225292945519;0,00612082035677787;0,015699196058898;0,00918210322227181;-3;-3;1;0,972898132854771;1;-3;-3;0,39577328928155542;1;1;-13174,6371763701;NA;All
2590;1,88304088315069;2,84254900688767;2,29896849114977;2,50980797761203;2,71397452471025;2,28043562394877;2,41260264278576;2,44819771007298;2,45700793771892;1,97913013422064;1,92132520506502;1,63046728101526;1,43501376778664;4,90550357958464;1,52473550763761;1,76609058341847;1,91673558388257;1,51866759986513;1,93717807202571;1,61222558828219;-21,2493949166985;-3,79008603045278;-7,20969029393746;-8,51566303812501;-5,61065921085665;-5,62225021785504;-10,536537451225;-9,44246507450126;-6,41341979102222;-16,1050701691777;-11,9039710737268;-17,958603469274;-25,1241603258947;-42,2201109096562;-17,9934367568665;-15,1495215606078;-15,8921403085173;-20,6995455137417;-14,7704510396926;-19,5432018278614;2,68199219822906;1,52838389719892;1,55555567096163;0,906735395569924;0,505569093294629;0,505568510213577;0,542423295383888;0,645128743653648;0,999999654320567;0,839312184375599;0,686365732674007;0,484882772849465;0,338111817657018;-2,14551609259277;-2,4282524118668;-2,59869384510399;-3,05978324250474;-4,0610219701259;-3,99395385733955;-3,3217977374888;-2,72007905507952;-2,13829182353672;-1,18500861275905;-1,85736416666674;-2,23882456322202;-2,86260508058283;-5,02140762454537;-5,09729664790047;-4,06960428105759;-3,34524631734356;-2,65932913921636;0,0616023919182442;0,0160928837337721;0,0388562224715487;0,0179218411707625;0,0385225292945519;0,00612082035677787;0,015699196058898;0,00918210322227181;-3;-3;1;0,931955004842538;1;-3;-3;0,64389887727417039;1;1;-13176,5127953592;NA;All
2600;1,88304088315069;2,84254900688767;2,29896849114977;2,50980797761203;2,71397452471025;2,28043562394877;2,41260264278576;2,44819771007298;2,45700793771892;1,97913013422064;1,92132520506502;1,63046728101526;1,43501376778664;4,90550357958464;1,52473550763761;1,76609058341847;1,91673558388257;1,51866759986513;1,93717807202571;1,61222558828219;-21,2493949166985;-3,79008603045278;-7,20969029393746;-8,51566303812501;-5,61065921085665;-5,62225021785504;-10,536537451225;-9,44246507450126;-6,41341979102222;-16,1050701691777;-11,9039710737268;-17,958603469274;-25,1241603258947;-42,2201109096562;-17,9934367568665;-15,1495215606078;-15,8921403085173;-20,6995455137417;-14,7704510396926;-19,5432018278614;2,68199219822906;1,52838389719892;1,55555567096163;0,906735395569924;0,505569093294629;0,505568510213577;0,542423295383888;0,645128743653648;0,999999654320567;0,839312184375599;0,686365732674007;0,484882772849465;0,338111817657018;-2,14551609259277;-2,4282524118668;-2,59869384510399;-3,05978324250474;-4,0610219701259;-3,99395385733955;-3,3217977374888;-2,72007905507952;-2,13829182353672;-1,18500861275905;-1,85736416666674;-2,23882456322202;-2,86260508058283;-5,02140762454537;-5,09729664790047;-4,06960428105759;-3,34524631734356;-2,65932913921636;0,0616023919182442;0,0160928837337721;0,0388562224715487;0,0179218411707625;0,0385225292945519;0,00612082035677787;0,015699196058898;0,00918210322227181;-3;-3;1;1,008398614770126;1;-3;-3;0,26067415828417612;1;1;-13174,7149355185;NA;All
2610;1,88304088315069;2,84254900688767;2,29896849114977;2,50980797761203;2,71397452471025;2,28043562394877;2,41260264278576;2,44819771007298;2,45700793771892;1,97913013422064;1,92132520506502;1,63046728101526;1,43501376778664;4,90550357958464;1,52473550763761;1,76609058341847;1,91673558388257;1,51866759986513;1,93717807202571;1,61222558828219;-21,2493949166985;-3,79008603045278;-7,20969029393746;-8,51566303812501;-5,61065921085665;-5,62225021785504;-10,536537451225;-9,44246507450126;-6,41341979102222;-16,1050701691777;-11,9039710737268;-17,958603469274;-25,1241603258947;-42,2201109096562;-17,9934367568665;-15,1495215606078;-15,8921403085173;-20,6995455137417;-14,7704510396926;-19,5432018278614;2,68199219822906;1,52838389719892;1,55555567096163;0,906735395569924;0,505569093294629;0,505568510213577;0,542423295383888;0,645128743653648;0,999999654320567;0,839312184375599;0,686365732674007;0,484882772849465;0,338111817657018;-2,14551609259277;-2,4282524118668;-2,59869384510399;-3,05978324250474;-4,0610219701259;-3,99395385733955;-3,3217977374888;-2,72007905507952;-2,13829182353672;-1,18500861275905;-1,85736416666674;-2,23882456322202;-2,86260508058283;-5,02140762454537;-5,09729664790047;-4,06960428105759;-3,34524631734356;-2,65932913921636;0,0616023919182442;0,0160928837337721;0,0388562224715487;0,0179218411707625;0,0385225292945519;0,00612082035677787;0,015699196058898;0,00918210322227181;-3;-3;1;0,952324071123460;1;-3;-3;0,30477000765805412;1;1;-13175,1701777587;NA;All
2620;1,88304088315069;2,84254900688767;2,29896849114977;2,50980797761203;2,71397452471025;2,28043562394877;2,41260264278576;2,44819771007298;2,45700793771892;1,97913013422064;1,92132520506502;1,63046728101526;1,43501376778664;4,90550357958464;1,52473550763761;1,76609058341847;1,91673558388257;1,51866759986513;1,93717807202571;1,61222558828219;-21,2493949166985;-3,79008603045278;-7,20969029393746;-8,51566303812501;-5,61065921085665;-5,62225021785504;-10,536537451225;-9,44246507450126;-6,41341979102222;-16,1050701691777;-11,9039710737268;-17,958603469274;-25,1241603258947;-42,2201109096562;-17,9934367568665;-15,1495215606078;-15,8921403085173;-20,6995455137417;-14,7704510396926;-19,5432018278614;2,68199219822906;1,52838389719892;1,55555567096163;0,906735395569924;0,505569093294629;0,505568510213577;0,542423295383888;0,645128743653648;0,999999654320567;0,839312184375599;0,686365732674007;0,484882772849465;0,338111817657018;-2,14551609259277;-2,4282524118668;-2,59869384510399;-3,05978324250474;-4,0610219701259;-3,99395385733955;-3,3217977374888;-2,72007905507952;-2,13829182353672;-1,18500861275905;-1,85736416666674;-2,23882456322202;-2,86260508058283;-5,02140762454537;-5,09729664790047;-4,06960428105759;-3,34524631734356;-2,65932913921636;0,0616023919182442;0,0160928837337721;0,0388562224715487;0,0179218411707625;0,0385225292945519;0,00612082035677787;0,015699196058898;0,00918210322227181;-3;-3;1;1,038325432425359;1;-3;-3;0,20080232204932652;1;1;-13175,2861742984;NA;All
2630;1,88304088315069;2,84254900688767;2,29896849114977;2,50980797761203;2,71397452471025;2,28043562394877;2,41260264278576;2,44819771007298;2,45700793771892;1,97913013422064;1,92132520506502;1,63046728101526;1,43501376778664;4,90550357958464;1,52473550763761;1,76609058341847;1,91673558388257;1,51866759986513;1,93717807202571;1,61222558828219;-21,2493949166985;-3,79008603045278;-7,20969029393746;-8,51566303812501;-5,61065921085665;-5,62225021785504;-10,536537451225;-9,44246507450126;-6,41341979102222;-16,1050701691777;-11,9039710737268;-17,958603469274;-25,1241603258947;-42,2201109096562;-17,9934367568665;-15,1495215606078;-15,8921403085173;-20,6995455137417;-14,7704510396926;-19,5432018278614;2,68199219822906;1,52838389719892;1,55555567096163;0,906735395569924;0,505569093294629;0,505568510213577;0,542423295383888;0,645128743653648;0,999999654320567;0,839312184375599;0,686365732674007;0,484882772849465;0,338111817657018;-2,14551609259277;-2,4282524118668;-2,59869384510399;-3,05978324250474;-4,0610219701259;-3,99395385733955;-3,3217977374888;-2,72007905507952;-2,13829182353672;-1,18500861275905;-1,85736416666674;-2,23882456322202;-2,86260508058283;-5,02140762454537;-5,09729664790047;-4,06960428105759;-3,34524631734356;-2,65932913921636;0,0616023919182442;0,0160928837337721;0,0388562224715487;0,0179218411707625;0,0385225292945519;0,00612082035677787;0,015699196058898;0,00918210322227181;-3;-3;1;1,030307316376823;1;-3;-3;0,52991203759893746;1;1;-13174,9245619888;NA;All
2640;1,88304088315069;2,84254900688767;2,29896849114977;2,50980797761203;2,71397452471025;2,28043562394877;2,41260264278576;2,44819771007298;2,45700793771892;1,97913013422064;1,92132520506502;1,63046728101526;1,43501376778664;4,90550357958464;1,52473550763761;1,76609058341847;1,91673558388257;1,51866759986513;1,93717807202571;1,61222558828219;-21,2493949166985;-3,79008603045278;-7,20969029393746;-8,51566303812501;-5,61065921085665;-5,62225021785504;-10,536537451225;-9,44246507450126;-6,41341979102222;-16,1050701691777;-11,9039710737268;-17,958603469274;-25,1241603258947;-42,2201109096562;-17,9934367568665;-15,1495215606078;-15,8921403085173;-20,6995455137417;-14,7704510396926;-19,5432018278614;2,68199219822906;1,52838389719892;1,55555567096163;0,906735395569924;0,505569093294629;0,505568510213577;0,542423295383888;0,645128743653648;0,999999654320567;0,839312184375599;0,686365732674007;0,484882772849465;0,338111817657018;-2,14551609259277;-2,4282524118668;-2,59869384510399;-3,05978324250474;-4,0610219701259;-3,99395385733955;-3,3217977374888;-2,72007905507952;-2,13829182353672;-1,18500861275905;-1,85736416666674;-2,23882456322202;-2,86260508058283;-5,02140762454537;-5,09729664790047;-4,06960428105759;-3,34524631734356;-2,65932913921636;0,0616023919182442;0,0160928837337721;0,0388562224715487;0,0179218411707625;0,0385225292945519;0,00612082035677787;0,015699196058898;0,00918210322227181;-3;-3;1;1,021206319833160;1;-3;-3;0,33912941243096578;1;1;-13174,5721652310;NA;All
2650;1,88304088315069;2,84254900688767;2,29896849114977;2,50980797761203;2,71397452471025;2,28043562394877;2,41260264278576;2,44819771007298;2,45700793771892;1,97913013422064;1,92132520506502;1,63046728101526;1,43501376778664;4,90550357958464;1,52473550763761;1,76609058341847;1,91673558388257;1,51866759986513;1,93717807202571;1,61222558828219;-21,2493949166985;-3,79008603045278;-7,20969029393746;-8,51566303812501;-5,61065921085665;-5,62225021785504;-10,536537451225;-9,44246507450126;-6,41341979102222;-16,1050701691777;-11,9039710737268;-17,958603469274;-25,1241603258947;-42,2201109096562;-17,9934367568665;-15,1495215606078;-15,8921403085173;-20,6995455137417;-14,7704510396926;-19,5432018278614;2,68199219822906;1,52838389719892;1,55555567096163;0,906735395569924;0,505569093294629;0,505568510213577;0,542423295383888;0,645128743653648;0,999999654320567;0,839312184375599;0,686365732674007;0,484882772849465;0,338111817657018;-2,14551609259277;-2,4282524118668;-2,59869384510399;-3,05978324250474;-4,0610219701259;-3,99395385733955;-3,3217977374888;-2,72007905507952;-2,13829182353672;-1,18500861275905;-1,85736416666674;-2,23882456322202;-2,86260508058283;-5,02140762454537;-5,09729664790047;-4,06960428105759;-3,34524631734356;-2,65932913921636;0,0616023919182442;0,0160928837337721;0,0388562224715487;0,0179218411707625;0,0385225292945519;0,00612082035677787;0,015699196058898;0,00918210322227181;-3;-3;1;1,057232635426008;1;-3;-3;0,46013036509431926;1;1;-13175,3004840636;NA;All
2660;1,88304088315069;2,84254900688767;2,29896849114977;2,50980797761203;2,71397452471025;2,28043562394877;2,41260264278576;2,44819771007298;2,45700793771892;1,97913013422064;1,92132520506502;1,63046728101526;1,43501376778664;4,90550357958464;1,52473550763761;1,76609058341847;1,91673558388257;1,51866759986513;1,93717807202571;1,61222558828219;-21,2493949166985;-3,79008603045278;-7,20969029393746;-8,51566303812501;-5,61065921085665;-5,62225021785504;-10,536537451225;-9,44246507450126;-6,41341979102222;-16,1050701691777;-11,9039710737268;-17,958603469274;-25,1241603258947;-42,2201109096562;-17,9934367568665;-15,1495215606078;-15,8921403085173;-20,6995455137417;-14,7704510396926;-19,5432018278614;2,68199219822906;1,52838389719892;1,55555567096163;0,906735395569924;0,505569093294629;0,505568510213577;0,542423295383888;0,645128743653648;0,999999654320567;0,839312184375599;0,686365732674007;0,484882772849465;0,338111817657018;-2,14551609259277;-2,4282524118668;-2,59869384510399;-3,05978324250474;-4,0610219701259;-3,99395385733955;-3,3217977374888;-2,72007905507952;-2,13829182353672;-1,18500861275905;-1,85736416666674;-2,23882456322202;-2,86260508058283;-5,02140762454537;-5,09729664790047;-4,06960428105759;-3,34524631734356;-2,65932913921636;0,0616023919182442;0,0160928837337721;0,0388562224715487;0,0179218411707625;0,0385225292945519;0,00612082035677787;0,015699196058898;0,00918210322227181;-3;-3;1;0,996877916656087;1;-3;-3;0,69676777802634404;1;1;-13175,7216511506;NA;All
2670;1,88304088315069;2,84254900688767;2,29896849114977;2,50980797761203;2,71397452471025;2,28043562394877;2,41260264278576;2,44819771007298;2,45700793771892;1,97913013422064;1,92132520506502;1,63046728101526;1,43501376778664;4,90550357958464;1,52473550763761;1,76609058341847;1,91673558388257;1,51866759986513;1,93717807202571;1,61222558828219;-21,2493949166985;-3,79008603045278;-7,20969029393746;-8,51566303812501;-5,61065921085665;-5,62225021785504;-10,536537451225;-9,44246507450126;-6,41341979102222;-16,1050701691777;-11,9039710737268;-17,958603469274;-25,1241603258947;-42,2201109096562;-17,9934367568665;-15,1495215606078;-15,8921403085173;-20,6995455137417;-14,7704510396926;-19,5432018278614;2,68199219822906;1,52838389719892;1,55555567096163;0,906735395569924;0,505569093294629;0,505568510213577;0,542423295383888;0,645128743653648;0,999999654320567;0,839312184375599;0,686365732674007;0,484882772849465;0,338111817657018;-2,14551609259277;-2,4282524118668;-2,59869384510399;-3,05978324250474;-4,0610219701259;-3,99395385733955;-3,3217977374888;-2,72007905507952;-2,13829182353672;-1,18500861275905;-1,85736416666674;-2,23882456322202;-2,86260508058283;-5,02140762454537;-5,09729664790047;-4,06960428105759;-3,34524631734356;-2,65932913921636;0,0616023919182442;0,0160928837337721;0,0388562224715487;0,0179218411707625;0,0385225292945519;0,00612082035677787;0,015699196058898;0,00918210322227181;-3;-3;1;1,063375163634274;1;-3;-3;0,44270965816732222;1;1;-13175,4476969210;NA;All
2680;1,88304088315069;2,84254900688767;2,29896849114977;2,50980797761203;2,71397452471025;2,28043562394877;2,41260264278576;2,44819771007298;2,45700793771892;1,97913013422064;1,92132520506502;1,63046728101526;1,43501376778664;4,90550357958464;1,52473550763761;1,76609058341847;1,91673558388257;1,51866759986513;1,93717807202571;1,61222558828219;-21,2493949166985;-3,79008603045278;-7,20969029393746;-8,51566303812501;-5,61065921085665;-5,62225021785504;-10,536537451225;-9,44246507450126;-6,41341979102222;-16,1050701691777;-11,9039710737268;-17,958603469274;-25,1241603258947;-42,2201109096562;-17,9934367568665;-15,1495215606078;-15,8921403085173;-20,6995455137417;-14,7704510396926;-19,5432018278614;2,68199219822906;1,52838389719892;1,55555567096163;0,906735395569924;0,505569093294629;0,505568510213577;0,542423295383888;0,645128743653648;0,999999654320567;0,839312184375599;0,686365732674007;0,484882772849465;0,338111817657018;-2,14551609259277;-2,4282524118668;-2,59869384510399;-3,05978324250474;-4,0610219701259;-3,99395385733955;-3,3217977374888;-2,72007905507952;-2,13829182353672;-1,18500861275905;-1,85736416666674;-2,23882456322202;-2,86260508058283;-5,02140762454537;-5,09729664790047;-4,06960428105759;-3,34524631734356;-2,65932913921636;0,0616023919182442;0,0160928837337721;0,0388562224715487;0,0179218411707625;0,0385225292945519;0,00612082035677787;0,015699196058898;0,00918210322227181;-3;-3;1;1,129669570076981;1;-3;-3;0,43224680591389830;1;1;-13178,6138523402;NA;All
2690;1,88304088315069;2,84254900688767;2,29896849114977;2,50980797761203;2,71397452471025;2,28043562394877;2,41260264278576;2,44819771007298;2,45700793771892;1,97913013422064;1,92132520506502;1,63046728101526;1,43501376778664;4,90550357958464;1,52473550763761;1,76609058341847;1,91673558388257;1,51866759986513;1,93717807202571;1,61222558828219;-21,2493949166985;-3,79008603045278;-7,20969029393746;-8,51566303812501;-5,61065921085665;-5,62225021785504;-10,536537451225;-9,44246507450126;-6,41341979102222;-16,1050701691777;-11,9039710737268;-17,958603469274;-25,1241603258947;-42,2201109096562;-17,9934367568665;-15,1495215606078;-15,8921403085173;-20,6995455137417;-14,7704510396926;-19,5432018278614;2,68199219822906;1,52838389719892;1,55555567096163;0,906735395569924;0,505569093294629;0,505568510213577;0,542423295383888;0,645128743653648;0,999999654320567;0,839312184375599;0,686365732674007;0,484882772849465;0,338111817657018;-2,14551609259277;-2,4282524118668;-2,59869384510399;-3,05978324250474;-4,0610219701259;-3,99395385733955;-3,3217977374888;-2,72007905507952;-2,13829182353672;-1,18500861275905;-1,85736416666674;-2,23882456322202;-2,86260508058283;-5,02140762454537;-5,09729664790047;-4,06960428105759;-3,34524631734356;-2,65932913921636;0,0616023919182442;0,0160928837337721;0,0388562224715487;0,0179218411707625;0,0385225292945519;0,00612082035677787;0,015699196058898;0,00918210322227181;-3;-3;1;1,097930755910125;1;-3;-3;0,47173964181964334;1;1;-13176,9279048776;NA;All
2700;1,88304088315069;2,84254900688767;2,29896849114977;2,50980797761203;2,71397452471025;2,28043562394877;2,41260264278576;2,44819771007298;2,45700793771892;1,97913013422064;1,92132520506502;1,63046728101526;1,43501376778664;4,90550357958464;1,52473550763761;1,76609058341847;1,91673558388257;1,51866759986513;1,93717807202571;1,61222558828219;-21,2493949166985;-3,79008603045278;-7,20969029393746;-8,51566303812501;-5,61065921085665;-5,62225021785504;-10,536537451225;-9,44246507450126;-6,41341979102222;-16,1050701691777;-11,9039710737268;-17,958603469274;-25,1241603258947;-42,2201109096562;-17,9934367568665;-15,1495215606078;-15,8921403085173;-20,6995455137417;-14,7704510396926;-19,5432018278614;2,68199219822906;1,52838389719892;1,55555567096163;0,906735395569924;0,505569093294629;0,505568510213577;0,542423295383888;0,645128743653648;0,999999654320567;0,839312184375599;0,686365732674007;0,484882772849465;0,338111817657018;-2,14551609259277;-2,4282524118668;-2,59869384510399;-3,05978324250474;-4,0610219701259;-3,99395385733955;-3,3217977374888;-2,72007905507952;-2,13829182353672;-1,18500861275905;-1,85736416666674;-2,23882456322202;-2,86260508058283;-5,02140762454537;-5,09729664790047;-4,06960428105759;-3,34524631734356;-2,65932913921636;0,0616023919182442;0,0160928837337721;0,0388562224715487;0,0179218411707625;0,0385225292945519;0,00612082035677787;0,015699196058898;0,00918210322227181;-3;-3;1;1,038585380263183;1;-3;-3;0,62916796682400078;1;1;-13175,6311197258;NA;All
2710;1,88304088315069;2,84254900688767;2,29896849114977;2,50980797761203;2,71397452471025;2,28043562394877;2,41260264278576;2,44819771007298;2,45700793771892;1,97913013422064;1,92132520506502;1,63046728101526;1,43501376778664;4,90550357958464;1,52473550763761;1,76609058341847;1,91673558388257;1,51866759986513;1,93717807202571;1,61222558828219;-21,2493949166985;-3,79008603045278;-7,20969029393746;-8,51566303812501;-5,61065921085665;-5,62225021785504;-10,536537451225;-9,44246507450126;-6,41341979102222;-16,1050701691777;-11,9039710737268;-17,958603469274;-25,1241603258947;-42,2201109096562;-17,9934367568665;-15,1495215606078;-15,8921403085173;-20,6995455137417;-14,7704510396926;-19,5432018278614;2,68199219822906;1,52838389719892;1,55555567096163;0,906735395569924;0,505569093294629;0,505568510213577;0,542423295383888;0,645128743653648;0,999999654320567;0,839312184375599;0,686365732674007;0,484882772849465;0,338111817657018;-2,14551609259277;-2,4282524118668;-2,59869384510399;-3,05978324250474;-4,0610219701259;-3,99395385733955;-3,3217977374888;-2,72007905507952;-2,13829182353672;-1,18500861275905;-1,85736416666674;-2,23882456322202;-2,86260508058283;-5,02140762454537;-5,09729664790047;-4,06960428105759;-3,34524631734356;-2,65932913921636;0,0616023919182442;0,0160928837337721;0,0388562224715487;0,0179218411707625;0,0385225292945519;0,00612082035677787;0,015699196058898;0,00918210322227181;-3;-3;1;1,020320047893002;1;-3;-3;0,42664863426816202;1;1;-13174,5367036073;NA;All
2720;1,88304088315069;2,84254900688767;2,29896849114977;2,50980797761203;2,71397452471025;2,28043562394877;2,41260264278576;2,44819771007298;2,45700793771892;1,97913013422064;1,92132520506502;1,63046728101526;1,43501376778664;4,90550357958464;1,52473550763761;1,76609058341847;1,91673558388257;1,51866759986513;1,93717807202571;1,61222558828219;-21,2493949166985;-3,79008603045278;-7,20969029393746;-8,51566303812501;-5,61065921085665;-5,62225021785504;-10,536537451225;-9,44246507450126;-6,41341979102222;-16,1050701691777;-11,9039710737268;-17,958603469274;-25,1241603258947;-42,2201109096562;-17,9934367568665;-15,1495215606078;-15,8921403085173;-20,6995455137417;-14,7704510396926;-19,5432018278614;2,68199219822906;1,52838389719892;1,55555567096163;0,906735395569924;0,505569093294629;0,505568510213577;0,542423295383888;0,645128743653648;0,999999654320567;0,839312184375599;0,686365732674007;0,484882772849465;0,338111817657018;-2,14551609259277;-2,4282524118668;-2,59869384510399;-3,05978324250474;-4,0610219701259;-3,99395385733955;-3,3217977374888;-2,72007905507952;-2,13829182353672;-1,18500861275905;-1,85736416666674;-2,23882456322202;-2,86260508058283;-5,02140762454537;-5,09729664790047;-4,06960428105759;-3,34524631734356;-2,65932913921636;0,0616023919182442;0,0160928837337721;0,0388562224715487;0,0179218411707625;0,0385225292945519;0,00612082035677787;0,015699196058898;0,00918210322227181;-3;-3;1;1,068662516034059;1;-3;-3;0,25897072852903458;1;1;-13175,7489285870;NA;All
2730;1,88304088315069;2,84254900688767;2,29896849114977;2,50980797761203;2,71397452471025;2,28043562394877;2,41260264278576;2,44819771007298;2,45700793771892;1,97913013422064;1,92132520506502;1,63046728101526;1,43501376778664;4,90550357958464;1,52473550763761;1,76609058341847;1,91673558388257;1,51866759986513;1,93717807202571;1,61222558828219;-21,2493949166985;-3,79008603045278;-7,20969029393746;-8,51566303812501;-5,61065921085665;-5,62225021785504;-10,536537451225;-9,44246507450126;-6,41341979102222;-16,1050701691777;-11,9039710737268;-17,958603469274;-25,1241603258947;-42,2201109096562;-17,9934367568665;-15,1495215606078;-15,8921403085173;-20,6995455137417;-14,7704510396926;-19,5432018278614;2,68199219822906;1,52838389719892;1,55555567096163;0,906735395569924;0,505569093294629;0,505568510213577;0,542423295383888;0,645128743653648;0,999999654320567;0,839312184375599;0,686365732674007;0,484882772849465;0,338111817657018;-2,14551609259277;-2,4282524118668;-2,59869384510399;-3,05978324250474;-4,0610219701259;-3,99395385733955;-3,3217977374888;-2,72007905507952;-2,13829182353672;-1,18500861275905;-1,85736416666674;-2,23882456322202;-2,86260508058283;-5,02140762454537;-5,09729664790047;-4,06960428105759;-3,34524631734356;-2,65932913921636;0,0616023919182442;0,0160928837337721;0,0388562224715487;0,0179218411707625;0,0385225292945519;0,00612082035677787;0,015699196058898;0,00918210322227181;-3;-3;1;0,971029709752687;1;-3;-3;0,21157869368912952;1;1;-13175,1856515243;NA;All
2740;1,88304088315069;2,84254900688767;2,29896849114977;2,50980797761203;2,71397452471025;2,28043562394877;2,41260264278576;2,44819771007298;2,45700793771892;1,97913013422064;1,92132520506502;1,63046728101526;1,43501376778664;4,90550357958464;1,52473550763761;1,76609058341847;1,91673558388257;1,51866759986513;1,93717807202571;1,61222558828219;-21,2493949166985;-3,79008603045278;-7,20969029393746;-8,51566303812501;-5,61065921085665;-5,62225021785504;-10,536537451225;-9,44246507450126;-6,41341979102222;-16,1050701691777;-11,9039710737268;-17,958603469274;-25,1241603258947;-42,2201109096562;-17,9934367568665;-15,1495215606078;-15,8921403085173;-20,6995455137417;-14,7704510396926;-19,5432018278614;2,68199219822906;1,52838389719892;1,55555567096163;0,906735395569924;0,505569093294629;0,505568510213577;0,542423295383888;0,645128743653648;0,999999654320567;0,839312184375599;0,686365732674007;0,484882772849465;0,338111817657018;-2,14551609259277;-2,4282524118668;-2,59869384510399;-3,05978324250474;-4,0610219701259;-3,99395385733955;-3,3217977374888;-2,72007905507952;-2,13829182353672;-1,18500861275905;-1,85736416666674;-2,23882456322202;-2,86260508058283;-5,02140762454537;-5,09729664790047;-4,06960428105759;-3,34524631734356;-2,65932913921636;0,0616023919182442;0,0160928837337721;0,0388562224715487;0,0179218411707625;0,0385225292945519;0,00612082035677787;0,015699196058898;0,00918210322227181;-3;-3;1;0,927619793263026;1;-3;-3;0,14719823246194319;1;1;-13176,6963662755;NA;All
2750;1,88304088315069;2,84254900688767;2,29896849114977;2,50980797761203;2,71397452471025;2,28043562394877;2,41260264278576;2,44819771007298;2,45700793771892;1,97913013422064;1,92132520506502;1,63046728101526;1,43501376778664;4,90550357958464;1,52473550763761;1,76609058341847;1,91673558388257;1,51866759986513;1,93717807202571;1,61222558828219;-21,2493949166985;-3,79008603045278;-7,20969029393746;-8,51566303812501;-5,61065921085665;-5,62225021785504;-10,536537451225;-9,44246507450126;-6,41341979102222;-16,1050701691777;-11,9039710737268;-17,958603469274;-25,1241603258947;-42,2201109096562;-17,9934367568665;-15,1495215606078;-15,8921403085173;-20,6995455137417;-14,7704510396926;-19,5432018278614;2,68199219822906;1,52838389719892;1,55555567096163;0,906735395569924;0,505569093294629;0,505568510213577;0,542423295383888;0,645128743653648;0,999999654320567;0,839312184375599;0,686365732674007;0,484882772849465;0,338111817657018;-2,14551609259277;-2,4282524118668;-2,59869384510399;-3,05978324250474;-4,0610219701259;-3,99395385733955;-3,3217977374888;-2,72007905507952;-2,13829182353672;-1,18500861275905;-1,85736416666674;-2,23882456322202;-2,86260508058283;-5,02140762454537;-5,09729664790047;-4,06960428105759;-3,34524631734356;-2,65932913921636;0,0616023919182442;0,0160928837337721;0,0388562224715487;0,0179218411707625;0,0385225292945519;0,00612082035677787;0,015699196058898;0,00918210322227181;-3;-3;1;1,000546517435935;1;-3;-3;0,63016381304290003;1;1;-13175,2134722602;NA;All
2760;1,88304088315069;2,84254900688767;2,29896849114977;2,50980797761203;2,71397452471025;2,28043562394877;2,41260264278576;2,44819771007298;2,45700793771892;1,97913013422064;1,92132520506502;1,63046728101526;1,43501376778664;4,90550357958464;1,52473550763761;1,76609058341847;1,91673558388257;1,51866759986513;1,93717807202571;1,61222558828219;-21,2493949166985;-3,79008603045278;-7,20969029393746;-8,51566303812501;-5,61065921085665;-5,62225021785504;-10,536537451225;-9,44246507450126;-6,41341979102222;-16,1050701691777;-11,9039710737268;-17,958603469274;-25,1241603258947;-42,2201109096562;-17,9934367568665;-15,1495215606078;-15,8921403085173;-20,6995455137417;-14,7704510396926;-19,5432018278614;2,68199219822906;1,52838389719892;1,55555567096163;0,906735395569924;0,505569093294629;0,505568510213577;0,542423295383888;0,645128743653648;0,999999654320567;0,839312184375599;0,686365732674007;0,484882772849465;0,338111817657018;-2,14551609259277;-2,4282524118668;-2,59869384510399;-3,05978324250474;-4,0610219701259;-3,99395385733955;-3,3217977374888;-2,72007905507952;-2,13829182353672;-1,18500861275905;-1,85736416666674;-2,23882456322202;-2,86260508058283;-5,02140762454537;-5,09729664790047;-4,06960428105759;-3,34524631734356;-2,65932913921636;0,0616023919182442;0,0160928837337721;0,0388562224715487;0,0179218411707625;0,0385225292945519;0,00612082035677787;0,015699196058898;0,00918210322227181;-3;-3;1;0,985130432011082;1;-3;-3;0,42562187432846021;1;1;-13174,5086132816;NA;All
2770;1,88304088315069;2,84254900688767;2,29896849114977;2,50980797761203;2,71397452471025;2,28043562394877;2,41260264278576;2,44819771007298;2,45700793771892;1,97913013422064;1,92132520506502;1,63046728101526;1,43501376778664;4,90550357958464;1,52473550763761;1,76609058341847;1,91673558388257;1,51866759986513;1,93717807202571;1,61222558828219;-21,2493949166985;-3,79008603045278;-7,20969029393746;-8,51566303812501;-5,61065921085665;-5,62225021785504;-10,536537451225;-9,44246507450126;-6,41341979102222;-16,1050701691777;-11,9039710737268;-17,958603469274;-25,1241603258947;-42,2201109096562;-17,9934367568665;-15,1495215606078;-15,8921403085173;-20,6995455137417;-14,7704510396926;-19,5432018278614;2,68199219822906;1,52838389719892;1,55555567096163;0,906735395569924;0,505569093294629;0,505568510213577;0,542423295383888;0,645128743653648;0,999999654320567;0,839312184375599;0,686365732674007;0,484882772849465;0,338111817657018;-2,14551609259277;-2,4282524118668;-2,59869384510399;-3,05978324250474;-4,0610219701259;-3,99395385733955;-3,3217977374888;-2,72007905507952;-2,13829182353672;-1,18500861275905;-1,85736416666674;-2,23882456322202;-2,86260508058283;-5,02140762454537;-5,09729664790047;-4,06960428105759;-3,34524631734356;-2,65932913921636;0,0616023919182442;0,0160928837337721;0,0388562224715487;0,0179218411707625;0,0385225292945519;0,00612082035677787;0,015699196058898;0,00918210322227181;-3;-3;1;0,969485873053796;1;-3;-3;0,11331943195988479;1;1;-13175,8902305876;NA;All
2780;1,88304088315069;2,84254900688767;2,29896849114977;2,50980797761203;2,71397452471025;2,28043562394877;2,41260264278576;2,44819771007298;2,45700793771892;1,97913013422064;1,92132520506502;1,63046728101526;1,43501376778664;4,90550357958464;1,52473550763761;1,76609058341847;1,91673558388257;1,51866759986513;1,93717807202571;1,61222558828219;-21,2493949166985;-3,79008603045278;-7,20969029393746;-8,51566303812501;-5,61065921085665;-5,62225021785504;-10,536537451225;-9,44246507450126;-6,41341979102222;-16,1050701691777;-11,9039710737268;-17,958603469274;-25,1241603258947;-42,2201109096562;-17,9934367568665;-15,1495215606078;-15,8921403085173;-20,6995455137417;-14,7704510396926;-19,5432018278614;2,68199219822906;1,52838389719892;1,55555567096163;0,906735395569924;0,505569093294629;0,505568510213577;0,542423295383888;0,645128743653648;0,999999654320567;0,839312184375599;0,686365732674007;0,484882772849465;0,338111817657018;-2,14551609259277;-2,4282524118668;-2,59869384510399;-3,05978324250474;-4,0610219701259;-3,99395385733955;-3,3217977374888;-2,72007905507952;-2,13829182353672;-1,18500861275905;-1,85736416666674;-2,23882456322202;-2,86260508058283;-5,02140762454537;-5,09729664790047;-4,06960428105759;-3,34524631734356;-2,65932913921636;0,0616023919182442;0,0160928837337721;0,0388562224715487;0,0179218411707625;0,0385225292945519;0,00612082035677787;0,015699196058898;0,00918210322227181;-3;-3;1;1,014164137748258;1;-3;-3;0,68550380351329432;1;1;-13175,6965214790;NA;All
2790;1,88304088315069;2,84254900688767;2,29896849114977;2,50980797761203;2,71397452471025;2,28043562394877;2,41260264278576;2,44819771007298;2,45700793771892;1,97913013422064;1,92132520506502;1,63046728101526;1,43501376778664;4,90550357958464;1,52473550763761;1,76609058341847;1,91673558388257;1,51866759986513;1,93717807202571;1,61222558828219;-21,2493949166985;-3,79008603045278;-7,20969029393746;-8,51566303812501;-5,61065921085665;-5,62225021785504;-10,536537451225;-9,44246507450126;-6,41341979102222;-16,1050701691777;-11,9039710737268;-17,958603469274;-25,1241603258947;-42,2201109096562;-17,9934367568665;-15,1495215606078;-15,8921403085173;-20,6995455137417;-14,7704510396926;-19,5432018278614;2,68199219822906;1,52838389719892;1,55555567096163;0,906735395569924;0,505569093294629;0,505568510213577;0,542423295383888;0,645128743653648;0,999999654320567;0,839312184375599;0,686365732674007;0,484882772849465;0,338111817657018;-2,14551609259277;-2,4282524118668;-2,59869384510399;-3,05978324250474;-4,0610219701259;-3,99395385733955;-3,3217977374888;-2,72007905507952;-2,13829182353672;-1,18500861275905;-1,85736416666674;-2,23882456322202;-2,86260508058283;-5,02140762454537;-5,09729664790047;-4,06960428105759;-3,34524631734356;-2,65932913921636;0,0616023919182442;0,0160928837337721;0,0388562224715487;0,0179218411707625;0,0385225292945519;0,00612082035677787;0,015699196058898;0,00918210322227181;-3;-3;1;0,975853696176057;1;-3;-3;0,36294116168787421;1;1;-13174,6172467764;NA;All
2800;1,88304088315069;2,84254900688767;2,29896849114977;2,50980797761203;2,71397452471025;2,28043562394877;2,41260264278576;2,44819771007298;2,45700793771892;1,97913013422064;1,92132520506502;1,63046728101526;1,43501376778664;4,90550357958464;1,52473550763761;1,76609058341847;1,91673558388257;1,51866759986513;1,93717807202571;1,61222558828219;-21,2493949166985;-3,79008603045278;-7,20969029393746;-8,51566303812501;-5,61065921085665;-5,62225021785504;-10,536537451225;-9,44246507450126;-6,41341979102222;-16,1050701691777;-11,9039710737268;-17,958603469274;-25,1241603258947;-42,2201109096562;-17,9934367568665;-15,1495215606078;-15,8921403085173;-20,6995455137417;-14,7704510396926;-19,5432018278614;2,68199219822906;1,52838389719892;1,55555567096163;0,906735395569924;0,505569093294629;0,505568510213577;0,542423295383888;0,645128743653648;0,999999654320567;0,839312184375599;0,686365732674007;0,484882772849465;0,338111817657018;-2,14551609259277;-2,4282524118668;-2,59869384510399;-3,05978324250474;-4,0610219701259;-3,99395385733955;-3,3217977374888;-2,72007905507952;-2,13829182353672;-1,18500861275905;-1,85736416666674;-2,23882456322202;-2,86260508058283;-5,02140762454537;-5,09729664790047;-4,06960428105759;-3,34524631734356;-2,65932913921636;0,0616023919182442;0,0160928837337721;0,0388562224715487;0,0179218411707625;0,0385225292945519;0,00612082035677787;0,015699196058898;0,00918210322227181;-3;-3;1;1,008030713408056;1;-3;-3;0,56460559362914930;1;1;-13174,8538994207;NA;All
2810;1,88304088315069;2,84254900688767;2,29896849114977;2,50980797761203;2,71397452471025;2,28043562394877;2,41260264278576;2,44819771007298;2,45700793771892;1,97913013422064;1,92132520506502;1,63046728101526;1,43501376778664;4,90550357958464;1,52473550763761;1,76609058341847;1,91673558388257;1,51866759986513;1,93717807202571;1,61222558828219;-21,2493949166985;-3,79008603045278;-7,20969029393746;-8,51566303812501;-5,61065921085665;-5,62225021785504;-10,536537451225;-9,44246507450126;-6,41341979102222;-16,1050701691777;-11,9039710737268;-17,958603469274;-25,1241603258947;-42,2201109096562;-17,9934367568665;-15,1495215606078;-15,8921403085173;-20,6995455137417;-14,7704510396926;-19,5432018278614;2,68199219822906;1,52838389719892;1,55555567096163;0,906735395569924;0,505569093294629;0,505568510213577;0,542423295383888;0,645128743653648;0,999999654320567;0,839312184375599;0,686365732674007;0,484882772849465;0,338111817657018;-2,14551609259277;-2,4282524118668;-2,59869384510399;-3,05978324250474;-4,0610219701259;-3,99395385733955;-3,3217977374888;-2,72007905507952;-2,13829182353672;-1,18500861275905;-1,85736416666674;-2,23882456322202;-2,86260508058283;-5,02140762454537;-5,09729664790047;-4,06960428105759;-3,34524631734356;-2,65932913921636;0,0616023919182442;0,0160928837337721;0,0388562224715487;0,0179218411707625;0,0385225292945519;0,00612082035677787;0,015699196058898;0,00918210322227181;-3;-3;1;0,946552911382870;1;-3;-3;0,45688398771191691;1;1;-13175,2367682309;NA;All
2820;1,88304088315069;2,84254900688767;2,29896849114977;2,50980797761203;2,71397452471025;2,28043562394877;2,41260264278576;2,44819771007298;2,45700793771892;1,97913013422064;1,92132520506502;1,63046728101526;1,43501376778664;4,90550357958464;1,52473550763761;1,76609058341847;1,91673558388257;1,51866759986513;1,93717807202571;1,61222558828219;-21,2493949166985;-3,79008603045278;-7,20969029393746;-8,51566303812501;-5,61065921085665;-5,62225021785504;-10,536537451225;-9,44246507450126;-6,41341979102222;-16,1050701691777;-11,9039710737268;-17,958603469274;-25,1241603258947;-42,2201109096562;-17,9934367568665;-15,1495215606078;-15,8921403085173;-20,6995455137417;-14,7704510396926;-19,5432018278614;2,68199219822906;1,52838389719892;1,55555567096163;0,906735395569924;0,505569093294629;0,505568510213577;0,542423295383888;0,645128743653648;0,999999654320567;0,839312184375599;0,686365732674007;0,484882772849465;0,338111817657018;-2,14551609259277;-2,4282524118668;-2,59869384510399;-3,05978324250474;-4,0610219701259;-3,99395385733955;-3,3217977374888;-2,72007905507952;-2,13829182353672;-1,18500861275905;-1,85736416666674;-2,23882456322202;-2,86260508058283;-5,02140762454537;-5,09729664790047;-4,06960428105759;-3,34524631734356;-2,65932913921636;0,0616023919182442;0,0160928837337721;0,0388562224715487;0,0179218411707625;0,0385225292945519;0,00612082035677787;0,015699196058898;0,00918210322227181;-3;-3;1;1,012301826618047;1;-3;-3;0,41734779147755546;1;1;-13174,4684383200;NA;All
2830;1,88304088315069;2,84254900688767;2,29896849114977;2,50980797761203;2,71397452471025;2,28043562394877;2,41260264278576;2,44819771007298;2,45700793771892;1,97913013422064;1,92132520506502;1,63046728101526;1,43501376778664;4,90550357958464;1,52473550763761;1,76609058341847;1,91673558388257;1,51866759986513;1,93717807202571;1,61222558828219;-21,2493949166985;-3,79008603045278;-7,20969029393746;-8,51566303812501;-5,61065921085665;-5,62225021785504;-10,536537451225;-9,44246507450126;-6,41341979102222;-16,1050701691777;-11,9039710737268;-17,958603469274;-25,1241603258947;-42,2201109096562;-17,9934367568665;-15,1495215606078;-15,8921403085173;-20,6995455137417;-14,7704510396926;-19,5432018278614;2,68199219822906;1,52838389719892;1,55555567096163;0,906735395569924;0,505569093294629;0,505568510213577;0,542423295383888;0,645128743653648;0,999999654320567;0,839312184375599;0,686365732674007;0,484882772849465;0,338111817657018;-2,14551609259277;-2,4282524118668;-2,59869384510399;-3,05978324250474;-4,0610219701259;-3,99395385733955;-3,3217977374888;-2,72007905507952;-2,13829182353672;-1,18500861275905;-1,85736416666674;-2,23882456322202;-2,86260508058283;-5,02140762454537;-5,09729664790047;-4,06960428105759;-3,34524631734356;-2,65932913921636;0,0616023919182442;0,0160928837337721;0,0388562224715487;0,0179218411707625;0,0385225292945519;0,00612082035677787;0,015699196058898;0,00918210322227181;-3;-3;1;0,976613681185335;1;-3;-3;0,63806216371561297;1;1;-13175,3985498566;NA;All
2840;1,88304088315069;2,84254900688767;2,29896849114977;2,50980797761203;2,71397452471025;2,28043562394877;2,41260264278576;2,44819771007298;2,45700793771892;1,97913013422064;1,92132520506502;1,63046728101526;1,43501376778664;4,90550357958464;1,52473550763761;1,76609058341847;1,91673558388257;1,51866759986513;1,93717807202571;1,61222558828219;-21,2493949166985;-3,79008603045278;-7,20969029393746;-8,51566303812501;-5,61065921085665;-5,62225021785504;-10,536537451225;-9,44246507450126;-6,41341979102222;-16,1050701691777;-11,9039710737268;-17,958603469274;-25,1241603258947;-42,2201109096562;-17,9934367568665;-15,1495215606078;-15,8921403085173;-20,6995455137417;-14,7704510396926;-19,5432018278614;2,68199219822906;1,52838389719892;1,55555567096163;0,906735395569924;0,505569093294629;0,505568510213577;0,542423295383888;0,645128743653648;0,999999654320567;0,839312184375599;0,686365732674007;0,484882772849465;0,338111817657018;-2,14551609259277;-2,4282524118668;-2,59869384510399;-3,05978324250474;-4,0610219701259;-3,99395385733955;-3,3217977374888;-2,72007905507952;-2,13829182353672;-1,18500861275905;-1,85736416666674;-2,23882456322202;-2,86260508058283;-5,02140762454537;-5,09729664790047;-4,06960428105759;-3,34524631734356;-2,65932913921636;0,0616023919182442;0,0160928837337721;0,0388562224715487;0,0179218411707625;0,0385225292945519;0,00612082035677787;0,015699196058898;0,00918210322227181;-3;-3;1;1,039291651607504;1;-3;-3;0,30235165290186461;1;1;-13174,8950561605;NA;All
2850;1,88304088315069;2,84254900688767;2,29896849114977;2,50980797761203;2,71397452471025;2,28043562394877;2,41260264278576;2,44819771007298;2,45700793771892;1,97913013422064;1,92132520506502;1,63046728101526;1,43501376778664;4,90550357958464;1,52473550763761;1,76609058341847;1,91673558388257;1,51866759986513;1,93717807202571;1,61222558828219;-21,2493949166985;-3,79008603045278;-7,20969029393746;-8,51566303812501;-5,61065921085665;-5,62225021785504;-10,536537451225;-9,44246507450126;-6,41341979102222;-16,1050701691777;-11,9039710737268;-17,958603469274;-25,1241603258947;-42,2201109096562;-17,9934367568665;-15,1495215606078;-15,8921403085173;-20,6995455137417;-14,7704510396926;-19,5432018278614;2,68199219822906;1,52838389719892;1,55555567096163;0,906735395569924;0,505569093294629;0,505568510213577;0,542423295383888;0,645128743653648;0,999999654320567;0,839312184375599;0,686365732674007;0,484882772849465;0,338111817657018;-2,14551609259277;-2,4282524118668;-2,59869384510399;-3,05978324250474;-4,0610219701259;-3,99395385733955;-3,3217977374888;-2,72007905507952;-2,13829182353672;-1,18500861275905;-1,85736416666674;-2,23882456322202;-2,86260508058283;-5,02140762454537;-5,09729664790047;-4,06960428105759;-3,34524631734356;-2,65932913921636;0,0616023919182442;0,0160928837337721;0,0388562224715487;0,0179218411707625;0,0385225292945519;0,00612082035677787;0,015699196058898;0,00918210322227181;-3;-3;1;0,944595190073774;1;-3;-3;0,39566089762673384;1;1;-13175,2442928773;NA;All
2860;1,88304088315069;2,84254900688767;2,29896849114977;2,50980797761203;2,71397452471025;2,28043562394877;2,41260264278576;2,44819771007298;2,45700793771892;1,97913013422064;1,92132520506502;1,63046728101526;1,43501376778664;4,90550357958464;1,52473550763761;1,76609058341847;1,91673558388257;1,51866759986513;1,93717807202571;1,61222558828219;-21,2493949166985;-3,79008603045278;-7,20969029393746;-8,51566303812501;-5,61065921085665;-5,62225021785504;-10,536537451225;-9,44246507450126;-6,41341979102222;-16,1050701691777;-11,9039710737268;-17,958603469274;-25,1241603258947;-42,2201109096562;-17,9934367568665;-15,1495215606078;-15,8921403085173;-20,6995455137417;-14,7704510396926;-19,5432018278614;2,68199219822906;1,52838389719892;1,55555567096163;0,906735395569924;0,505569093294629;0,505568510213577;0,542423295383888;0,645128743653648;0,999999654320567;0,839312184375599;0,686365732674007;0,484882772849465;0,338111817657018;-2,14551609259277;-2,4282524118668;-2,59869384510399;-3,05978324250474;-4,0610219701259;-3,99395385733955;-3,3217977374888;-2,72007905507952;-2,13829182353672;-1,18500861275905;-1,85736416666674;-2,23882456322202;-2,86260508058283;-5,02140762454537;-5,09729664790047;-4,06960428105759;-3,34524631734356;-2,65932913921636;0,0616023919182442;0,0160928837337721;0,0388562224715487;0,0179218411707625;0,0385225292945519;0,00612082035677787;0,015699196058898;0,00918210322227181;-3;-3;1;0,959819163329773;1;-3;-3;0,19922547428770288;1;1;-13175,4566266506;NA;All
2870;1,88304088315069;2,84254900688767;2,29896849114977;2,50980797761203;2,71397452471025;2,28043562394877;2,41260264278576;2,44819771007298;2,45700793771892;1,97913013422064;1,92132520506502;1,63046728101526;1,43501376778664;4,90550357958464;1,52473550763761;1,76609058341847;1,91673558388257;1,51866759986513;1,93717807202571;1,61222558828219;-21,2493949166985;-3,79008603045278;-7,20969029393746;-8,51566303812501;-5,61065921085665;-5,62225021785504;-10,536537451225;-9,44246507450126;-6,41341979102222;-16,1050701691777;-11,9039710737268;-17,958603469274;-25,1241603258947;-42,2201109096562;-17,9934367568665;-15,1495215606078;-15,8921403085173;-20,6995455137417;-14,7704510396926;-19,5432018278614;2,68199219822906;1,52838389719892;1,55555567096163;0,906735395569924;0,505569093294629;0,505568510213577;0,542423295383888;0,645128743653648;0,999999654320567;0,839312184375599;0,686365732674007;0,484882772849465;0,338111817657018;-2,14551609259277;-2,4282524118668;-2,59869384510399;-3,05978324250474;-4,0610219701259;-3,99395385733955;-3,3217977374888;-2,72007905507952;-2,13829182353672;-1,18500861275905;-1,85736416666674;-2,23882456322202;-2,86260508058283;-5,02140762454537;-5,09729664790047;-4,06960428105759;-3,34524631734356;-2,65932913921636;0,0616023919182442;0,0160928837337721;0,0388562224715487;0,0179218411707625;0,0385225292945519;0,00612082035677787;0,015699196058898;0,00918210322227181;-3;-3;1;1,029840063229784;1;-3;-3;0,34931284869847129;1;1;-13174,6578019810;NA;All
2880;1,88304088315069;2,84254900688767;2,29896849114977;2,50980797761203;2,71397452471025;2,28043562394877;2,41260264278576;2,44819771007298;2,45700793771892;1,97913013422064;1,92132520506502;1,63046728101526;1,43501376778664;4,90550357958464;1,52473550763761;1,76609058341847;1,91673558388257;1,51866759986513;1,93717807202571;1,61222558828219;-21,2493949166985;-3,79008603045278;-7,20969029393746;-8,51566303812501;-5,61065921085665;-5,62225021785504;-10,536537451225;-9,44246507450126;-6,41341979102222;-16,1050701691777;-11,9039710737268;-17,958603469274;-25,1241603258947;-42,2201109096562;-17,9934367568665;-15,1495215606078;-15,8921403085173;-20,6995455137417;-14,7704510396926;-19,5432018278614;2,68199219822906;1,52838389719892;1,55555567096163;0,906735395569924;0,505569093294629;0,505568510213577;0,542423295383888;0,645128743653648;0,999999654320567;0,839312184375599;0,686365732674007;0,484882772849465;0,338111817657018;-2,14551609259277;-2,4282524118668;-2,59869384510399;-3,05978324250474;-4,0610219701259;-3,99395385733955;-3,3217977374888;-2,72007905507952;-2,13829182353672;-1,18500861275905;-1,85736416666674;-2,23882456322202;-2,86260508058283;-5,02140762454537;-5,09729664790047;-4,06960428105759;-3,34524631734356;-2,65932913921636;0,0616023919182442;0,0160928837337721;0,0388562224715487;0,0179218411707625;0,0385225292945519;0,00612082035677787;0,015699196058898;0,00918210322227181;-3;-3;1;1,023042275089052;1;-3;-3;0,50836251472735960;1;1;-13174,7438180221;NA;All
2890;1,88304088315069;2,84254900688767;2,29896849114977;2,50980797761203;2,71397452471025;2,28043562394877;2,41260264278576;2,44819771007298;2,45700793771892;1,97913013422064;1,92132520506502;1,63046728101526;1,43501376778664;4,90550357958464;1,52473550763761;1,76609058341847;1,91673558388257;1,51866759986513;1,93717807202571;1,61222558828219;-21,2493949166985;-3,79008603045278;-7,20969029393746;-8,51566303812501;-5,61065921085665;-5,62225021785504;-10,536537451225;-9,44246507450126;-6,41341979102222;-16,1050701691777;-11,9039710737268;-17,958603469274;-25,1241603258947;-42,2201109096562;-17,9934367568665;-15,1495215606078;-15,8921403085173;-20,6995455137417;-14,7704510396926;-19,5432018278614;2,68199219822906;1,52838389719892;1,55555567096163;0,906735395569924;0,505569093294629;0,505568510213577;0,542423295383888;0,645128743653648;0,999999654320567;0,839312184375599;0,686365732674007;0,484882772849465;0,338111817657018;-2,14551609259277;-2,4282524118668;-2,59869384510399;-3,05978324250474;-4,0610219701259;-3,99395385733955;-3,3217977374888;-2,72007905507952;-2,13829182353672;-1,18500861275905;-1,85736416666674;-2,23882456322202;-2,86260508058283;-5,02140762454537;-5,09729664790047;-4,06960428105759;-3,34524631734356;-2,65932913921636;0,0616023919182442;0,0160928837337721;0,0388562224715487;0,0179218411707625;0,0385225292945519;0,00612082035677787;0,015699196058898;0,00918210322227181;-3;-3;1;1,023042275089052;1;-3;-3;0,50836251472735960;1;1;-13174,7438180221;NA;All
2900;1,88304088315069;2,84254900688767;2,29896849114977;2,50980797761203;2,71397452471025;2,28043562394877;2,41260264278576;2,44819771007298;2,45700793771892;1,97913013422064;1,92132520506502;1,63046728101526;1,43501376778664;4,90550357958464;1,52473550763761;1,76609058341847;1,91673558388257;1,51866759986513;1,93717807202571;1,61222558828219;-21,2493949166985;-3,79008603045278;-7,20969029393746;-8,51566303812501;-5,61065921085665;-5,62225021785504;-10,536537451225;-9,44246507450126;-6,41341979102222;-16,1050701691777;-11,9039710737268;-17,958603469274;-25,1241603258947;-42,2201109096562;-17,9934367568665;-15,1495215606078;-15,8921403085173;-20,6995455137417;-14,7704510396926;-19,5432018278614;2,68199219822906;1,52838389719892;1,55555567096163;0,906735395569924;0,505569093294629;0,505568510213577;0,542423295383888;0,645128743653648;0,999999654320567;0,839312184375599;0,686365732674007;0,484882772849465;0,338111817657018;-2,14551609259277;-2,4282524118668;-2,59869384510399;-3,05978324250474;-4,0610219701259;-3,99395385733955;-3,3217977374888;-2,72007905507952;-2,13829182353672;-1,18500861275905;-1,85736416666674;-2,23882456322202;-2,86260508058283;-5,02140762454537;-5,09729664790047;-4,06960428105759;-3,34524631734356;-2,65932913921636;0,0616023919182442;0,0160928837337721;0,0388562224715487;0,0179218411707625;0,0385225292945519;0,00612082035677787;0,015699196058898;0,00918210322227181;-3;-3;1;1,019917928527966;1;-3;-3;0,43008158072055558;1;1;-13174,5362824213;NA;All
2910;1,88304088315069;2,84254900688767;2,29896849114977;2,50980797761203;2,71397452471025;2,28043562394877;2,41260264278576;2,44819771007298;2,45700793771892;1,97913013422064;1,92132520506502;1,63046728101526;1,43501376778664;4,90550357958464;1,52473550763761;1,76609058341847;1,91673558388257;1,51866759986513;1,93717807202571;1,61222558828219;-21,2493949166985;-3,79008603045278;-7,20969029393746;-8,51566303812501;-5,61065921085665;-5,62225021785504;-10,536537451225;-9,44246507450126;-6,41341979102222;-16,1050701691777;-11,9039710737268;-17,958603469274;-25,1241603258947;-42,2201109096562;-17,9934367568665;-15,1495215606078;-15,8921403085173;-20,6995455137417;-14,7704510396926;-19,5432018278614;2,68199219822906;1,52838389719892;1,55555567096163;0,906735395569924;0,505569093294629;0,505568510213577;0,542423295383888;0,645128743653648;0,999999654320567;0,839312184375599;0,686365732674007;0,484882772849465;0,338111817657018;-2,14551609259277;-2,4282524118668;-2,59869384510399;-3,05978324250474;-4,0610219701259;-3,99395385733955;-3,3217977374888;-2,72007905507952;-2,13829182353672;-1,18500861275905;-1,85736416666674;-2,23882456322202;-2,86260508058283;-5,02140762454537;-5,09729664790047;-4,06960428105759;-3,34524631734356;-2,65932913921636;0,0616023919182442;0,0160928837337721;0,0388562224715487;0,0179218411707625;0,0385225292945519;0,00612082035677787;0,015699196058898;0,00918210322227181;-3;-3;1;0,987475121810593;1;-3;-3;0,15818147768862695;1;1;-13175,3339144333;NA;All
2920;1,88304088315069;2,84254900688767;2,29896849114977;2,50980797761203;2,71397452471025;2,28043562394877;2,41260264278576;2,44819771007298;2,45700793771892;1,97913013422064;1,92132520506502;1,63046728101526;1,43501376778664;4,90550357958464;1,52473550763761;1,76609058341847;1,91673558388257;1,51866759986513;1,93717807202571;1,61222558828219;-21,2493949166985;-3,79008603045278;-7,20969029393746;-8,51566303812501;-5,61065921085665;-5,62225021785504;-10,536537451225;-9,44246507450126;-6,41341979102222;-16,1050701691777;-11,9039710737268;-17,958603469274;-25,1241603258947;-42,2201109096562;-17,9934367568665;-15,1495215606078;-15,8921403085173;-20,6995455137417;-14,7704510396926;-19,5432018278614;2,68199219822906;1,52838389719892;1,55555567096163;0,906735395569924;0,505569093294629;0,505568510213577;0,542423295383888;0,645128743653648;0,999999654320567;0,839312184375599;0,686365732674007;0,484882772849465;0,338111817657018;-2,14551609259277;-2,4282524118668;-2,59869384510399;-3,05978324250474;-4,0610219701259;-3,99395385733955;-3,3217977374888;-2,72007905507952;-2,13829182353672;-1,18500861275905;-1,85736416666674;-2,23882456322202;-2,86260508058283;-5,02140762454537;-5,09729664790047;-4,06960428105759;-3,34524631734356;-2,65932913921636;0,0616023919182442;0,0160928837337721;0,0388562224715487;0,0179218411707625;0,0385225292945519;0,00612082035677787;0,015699196058898;0,00918210322227181;-3;-3;1;1,027155391249397;1;-3;-3;0,30249009141370237;1;1;-13174,7131268110;NA;All
2930;1,88304088315069;2,84254900688767;2,29896849114977;2,50980797761203;2,71397452471025;2,28043562394877;2,41260264278576;2,44819771007298;2,45700793771892;1,97913013422064;1,92132520506502;1,63046728101526;1,43501376778664;4,90550357958464;1,52473550763761;1,76609058341847;1,91673558388257;1,51866759986513;1,93717807202571;1,61222558828219;-21,2493949166985;-3,79008603045278;-7,20969029393746;-8,51566303812501;-5,61065921085665;-5,62225021785504;-10,536537451225;-9,44246507450126;-6,41341979102222;-16,1050701691777;-11,9039710737268;-17,958603469274;-25,1241603258947;-42,2201109096562;-17,9934367568665;-15,1495215606078;-15,8921403085173;-20,6995455137417;-14,7704510396926;-19,5432018278614;2,68199219822906;1,52838389719892;1,55555567096163;0,906735395569924;0,505569093294629;0,505568510213577;0,542423295383888;0,645128743653648;0,999999654320567;0,839312184375599;0,686365732674007;0,484882772849465;0,338111817657018;-2,14551609259277;-2,4282524118668;-2,59869384510399;-3,05978324250474;-4,0610219701259;-3,99395385733955;-3,3217977374888;-2,72007905507952;-2,13829182353672;-1,18500861275905;-1,85736416666674;-2,23882456322202;-2,86260508058283;-5,02140762454537;-5,09729664790047;-4,06960428105759;-3,34524631734356;-2,65932913921636;0,0616023919182442;0,0160928837337721;0,0388562224715487;0,0179218411707625;0,0385225292945519;0,00612082035677787;0,015699196058898;0,00918210322227181;-3;-3;1;1,091356956575176;1;-3;-3;0,23729120649719115;1;1;-13176,6572819906;NA;All
2940;1,88304088315069;2,84254900688767;2,29896849114977;2,50980797761203;2,71397452471025;2,28043562394877;2,41260264278576;2,44819771007298;2,45700793771892;1,97913013422064;1,92132520506502;1,63046728101526;1,43501376778664;4,90550357958464;1,52473550763761;1,76609058341847;1,91673558388257;1,51866759986513;1,93717807202571;1,61222558828219;-21,2493949166985;-3,79008603045278;-7,20969029393746;-8,51566303812501;-5,61065921085665;-5,62225021785504;-10,536537451225;-9,44246507450126;-6,41341979102222;-16,1050701691777;-11,9039710737268;-17,958603469274;-25,1241603258947;-42,2201109096562;-17,9934367568665;-15,1495215606078;-15,8921403085173;-20,6995455137417;-14,7704510396926;-19,5432018278614;2,68199219822906;1,52838389719892;1,55555567096163;0,906735395569924;0,505569093294629;0,505568510213577;0,542423295383888;0,645128743653648;0,999999654320567;0,839312184375599;0,686365732674007;0,484882772849465;0,338111817657018;-2,14551609259277;-2,4282524118668;-2,59869384510399;-3,05978324250474;-4,0610219701259;-3,99395385733955;-3,3217977374888;-2,72007905507952;-2,13829182353672;-1,18500861275905;-1,85736416666674;-2,23882456322202;-2,86260508058283;-5,02140762454537;-5,09729664790047;-4,06960428105759;-3,34524631734356;-2,65932913921636;0,0616023919182442;0,0160928837337721;0,0388562224715487;0,0179218411707625;0,0385225292945519;0,00612082035677787;0,015699196058898;0,00918210322227181;-3;-3;1;1,064313828836958;1;-3;-3;0,35531109168811004;1;1;-13175,4188882316;NA;All
2950;1,88304088315069;2,84254900688767;2,29896849114977;2,50980797761203;2,71397452471025;2,28043562394877;2,41260264278576;2,44819771007298;2,45700793771892;1,97913013422064;1,92132520506502;1,63046728101526;1,43501376778664;4,90550357958464;1,52473550763761;1,76609058341847;1,91673558388257;1,51866759986513;1,93717807202571;1,61222558828219;-21,2493949166985;-3,79008603045278;-7,20969029393746;-8,51566303812501;-5,61065921085665;-5,62225021785504;-10,536537451225;-9,44246507450126;-6,41341979102222;-16,1050701691777;-11,9039710737268;-17,958603469274;-25,1241603258947;-42,2201109096562;-17,9934367568665;-15,1495215606078;-15,8921403085173;-20,6995455137417;-14,7704510396926;-19,5432018278614;2,68199219822906;1,52838389719892;1,55555567096163;0,906735395569924;0,505569093294629;0,505568510213577;0,542423295383888;0,645128743653648;0,999999654320567;0,839312184375599;0,686365732674007;0,484882772849465;0,338111817657018;-2,14551609259277;-2,4282524118668;-2,59869384510399;-3,05978324250474;-4,0610219701259;-3,99395385733955;-3,3217977374888;-2,72007905507952;-2,13829182353672;-1,18500861275905;-1,85736416666674;-2,23882456322202;-2,86260508058283;-5,02140762454537;-5,09729664790047;-4,06960428105759;-3,34524631734356;-2,65932913921636;0,0616023919182442;0,0160928837337721;0,0388562224715487;0,0179218411707625;0,0385225292945519;0,00612082035677787;0,015699196058898;0,00918210322227181;-3;-3;1;0,894315981940663;1;-3;-3;0,55686459500711516;1;1;-13177,7347398370;NA;All
2960;1,88304088315069;2,84254900688767;2,29896849114977;2,50980797761203;2,71397452471025;2,28043562394877;2,41260264278576;2,44819771007298;2,45700793771892;1,97913013422064;1,92132520506502;1,63046728101526;1,43501376778664;4,90550357958464;1,52473550763761;1,76609058341847;1,91673558388257;1,51866759986513;1,93717807202571;1,61222558828219;-21,2493949166985;-3,79008603045278;-7,20969029393746;-8,51566303812501;-5,61065921085665;-5,62225021785504;-10,536537451225;-9,44246507450126;-6,41341979102222;-16,1050701691777;-11,9039710737268;-17,958603469274;-25,1241603258947;-42,2201109096562;-17,9934367568665;-15,1495215606078;-15,8921403085173;-20,6995455137417;-14,7704510396926;-19,5432018278614;2,68199219822906;1,52838389719892;1,55555567096163;0,906735395569924;0,505569093294629;0,505568510213577;0,542423295383888;0,645128743653648;0,999999654320567;0,839312184375599;0,686365732674007;0,484882772849465;0,338111817657018;-2,14551609259277;-2,4282524118668;-2,59869384510399;-3,05978324250474;-4,0610219701259;-3,99395385733955;-3,3217977374888;-2,72007905507952;-2,13829182353672;-1,18500861275905;-1,85736416666674;-2,23882456322202;-2,86260508058283;-5,02140762454537;-5,09729664790047;-4,06960428105759;-3,34524631734356;-2,65932913921636;0,0616023919182442;0,0160928837337721;0,0388562224715487;0,0179218411707625;0,0385225292945519;0,00612082035677787;0,015699196058898;0,00918210322227181;-3;-3;1;1,023229706709310;1;-3;-3;0,30547572890857111;1;1;-13174,6622020116;NA;All
2970;1,88304088315069;2,84254900688767;2,29896849114977;2,50980797761203;2,71397452471025;2,28043562394877;2,41260264278576;2,44819771007298;2,45700793771892;1,97913013422064;1,92132520506502;1,63046728101526;1,43501376778664;4,90550357958464;1,52473550763761;1,76609058341847;1,91673558388257;1,51866759986513;1,93717807202571;1,61222558828219;-21,2493949166985;-3,79008603045278;-7,20969029393746;-8,51566303812501;-5,61065921085665;-5,62225021785504;-10,536537451225;-9,44246507450126;-6,41341979102222;-16,1050701691777;-11,9039710737268;-17,958603469274;-25,1241603258947;-42,2201109096562;-17,9934367568665;-15,1495215606078;-15,8921403085173;-20,6995455137417;-14,7704510396926;-19,5432018278614;2,68199219822906;1,52838389719892;1,55555567096163;0,906735395569924;0,505569093294629;0,505568510213577;0,542423295383888;0,645128743653648;0,999999654320567;0,839312184375599;0,686365732674007;0,484882772849465;0,338111817657018;-2,14551609259277;-2,4282524118668;-2,59869384510399;-3,05978324250474;-4,0610219701259;-3,99395385733955;-3,3217977374888;-2,72007905507952;-2,13829182353672;-1,18500861275905;-1,85736416666674;-2,23882456322202;-2,86260508058283;-5,02140762454537;-5,09729664790047;-4,06960428105759;-3,34524631734356;-2,65932913921636;0,0616023919182442;0,0160928837337721;0,0388562224715487;0,0179218411707625;0,0385225292945519;0,00612082035677787;0,015699196058898;0,00918210322227181;-3;-3;1;0,986901823317980;1;-3;-3;0,06363196045669589;1;1;-13176,1325009833;NA;All
2980;1,88304088315069;2,84254900688767;2,29896849114977;2,50980797761203;2,71397452471025;2,28043562394877;2,41260264278576;2,44819771007298;2,45700793771892;1,97913013422064;1,92132520506502;1,63046728101526;1,43501376778664;4,90550357958464;1,52473550763761;1,76609058341847;1,91673558388257;1,51866759986513;1,93717807202571;1,61222558828219;-21,2493949166985;-3,79008603045278;-7,20969029393746;-8,51566303812501;-5,61065921085665;-5,62225021785504;-10,536537451225;-9,44246507450126;-6,41341979102222;-16,1050701691777;-11,9039710737268;-17,958603469274;-25,1241603258947;-42,2201109096562;-17,9934367568665;-15,1495215606078;-15,8921403085173;-20,6995455137417;-14,7704510396926;-19,5432018278614;2,68199219822906;1,52838389719892;1,55555567096163;0,906735395569924;0,505569093294629;0,505568510213577;0,542423295383888;0,645128743653648;0,999999654320567;0,839312184375599;0,686365732674007;0,484882772849465;0,338111817657018;-2,14551609259277;-2,4282524118668;-2,59869384510399;-3,05978324250474;-4,0610219701259;-3,99395385733955;-3,3217977374888;-2,72007905507952;-2,13829182353672;-1,18500861275905;-1,85736416666674;-2,23882456322202;-2,86260508058283;-5,02140762454537;-5,09729664790047;-4,06960428105759;-3,34524631734356;-2,65932913921636;0,0616023919182442;0,0160928837337721;0,0388562224715487;0,0179218411707625;0,0385225292945519;0,00612082035677787;0,015699196058898;0,00918210322227181;-3;-3;1;0,952059150075552;1;-3;-3;0,27375885156339763;1;1;-13175,2765913955;NA;All
2990;1,88304088315069;2,84254900688767;2,29896849114977;2,50980797761203;2,71397452471025;2,28043562394877;2,41260264278576;2,44819771007298;2,45700793771892;1,97913013422064;1,92132520506502;1,63046728101526;1,43501376778664;4,90550357958464;1,52473550763761;1,76609058341847;1,91673558388257;1,51866759986513;1,93717807202571;1,61222558828219;-21,2493949166985;-3,79008603045278;-7,20969029393746;-8,51566303812501;-5,61065921085665;-5,62225021785504;-10,536537451225;-9,44246507450126;-6,41341979102222;-16,1050701691777;-11,9039710737268;-17,958603469274;-25,1241603258947;-42,2201109096562;-17,9934367568665;-15,1495215606078;-15,8921403085173;-20,6995455137417;-14,7704510396926;-19,5432018278614;2,68199219822906;1,52838389719892;1,55555567096163;0,906735395569924;0,505569093294629;0,505568510213577;0,542423295383888;0,645128743653648;0,999999654320567;0,839312184375599;0,686365732674007;0,484882772849465;0,338111817657018;-2,14551609259277;-2,4282524118668;-2,59869384510399;-3,05978324250474;-4,0610219701259;-3,99395385733955;-3,3217977374888;-2,72007905507952;-2,13829182353672;-1,18500861275905;-1,85736416666674;-2,23882456322202;-2,86260508058283;-5,02140762454537;-5,09729664790047;-4,06960428105759;-3,34524631734356;-2,65932913921636;0,0616023919182442;0,0160928837337721;0,0388562224715487;0,0179218411707625;0,0385225292945519;0,00612082035677787;0,015699196058898;0,00918210322227181;-3;-3;1;1,001117703645451;1;-3;-3;0,59922476692766069;1;1;-13175,0205777186;NA;All
3000;1,88304088315069;2,84254900688767;2,29896849114977;2,50980797761203;2,71397452471025;2,28043562394877;2,41260264278576;2,44819771007298;2,45700793771892;1,97913013422064;1,92132520506502;1,63046728101526;1,43501376778664;4,90550357958464;1,52473550763761;1,76609058341847;1,91673558388257;1,51866759986513;1,93717807202571;1,61222558828219;-21,2493949166985;-3,79008603045278;-7,20969029393746;-8,51566303812501;-5,61065921085665;-5,62225021785504;-10,536537451225;-9,44246507450126;-6,41341979102222;-16,1050701691777;-11,9039710737268;-17,958603469274;-25,1241603258947;-42,2201109096562;-17,9934367568665;-15,1495215606078;-15,8921403085173;-20,6995455137417;-14,7704510396926;-19,5432018278614;2,68199219822906;1,52838389719892;1,55555567096163;0,906735395569924;0,505569093294629;0,505568510213577;0,542423295383888;0,645128743653648;0,999999654320567;0,839312184375599;0,686365732674007;0,484882772849465;0,338111817657018;-2,14551609259277;-2,4282524118668;-2,59869384510399;-3,05978324250474;-4,0610219701259;-3,99395385733955;-3,3217977374888;-2,72007905507952;-2,13829182353672;-1,18500861275905;-1,85736416666674;-2,23882456322202;-2,86260508058283;-5,02140762454537;-5,09729664790047;-4,06960428105759;-3,34524631734356;-2,65932913921636;0,0616023919182442;0,0160928837337721;0,0388562224715487;0,0179218411707625;0,0385225292945519;0,00612082035677787;0,015699196058898;0,00918210322227181;-3;-3;1;1,061006302679576;1;-3;-3;0,51769092923313409;1;1;-13175,6013564490;NA;All
3010;1,88304088315069;2,84254900688767;2,29896849114977;2,50980797761203;2,71397452471025;2,28043562394877;2,41260264278576;2,44819771007298;2,45700793771892;1,97913013422064;1,92132520506502;1,63046728101526;1,43501376778664;4,90550357958464;1,52473550763761;1,76609058341847;1,91673558388257;1,51866759986513;1,93717807202571;1,61222558828219;-21,2493949166985;-3,79008603045278;-7,20969029393746;-8,51566303812501;-5,61065921085665;-5,62225021785504;-10,536537451225;-9,44246507450126;-6,41341979102222;-16,1050701691777;-11,9039710737268;-17,958603469274;-25,1241603258947;-42,2201109096562;-17,9934367568665;-15,1495215606078;-15,8921403085173;-20,6995455137417;-14,7704510396926;-19,5432018278614;2,68199219822906;1,52838389719892;1,55555567096163;0,906735395569924;0,505569093294629;0,505568510213577;0,542423295383888;0,645128743653648;0,999999654320567;0,839312184375599;0,686365732674007;0,484882772849465;0,338111817657018;-2,14551609259277;-2,4282524118668;-2,59869384510399;-3,05978324250474;-4,0610219701259;-3,99395385733955;-3,3217977374888;-2,72007905507952;-2,13829182353672;-1,18500861275905;-1,85736416666674;-2,23882456322202;-2,86260508058283;-5,02140762454537;-5,09729664790047;-4,06960428105759;-3,34524631734356;-2,65932913921636;0,0616023919182442;0,0160928837337721;0,0388562224715487;0,0179218411707625;0,0385225292945519;0,00612082035677787;0,015699196058898;0,00918210322227181;-3;-3;1;1,022512061591793;1;-3;-3;0,43871301456190703;1;1;-13174,5732707839;NA;All
3020;1,88304088315069;2,84254900688767;2,29896849114977;2,50980797761203;2,71397452471025;2,28043562394877;2,41260264278576;2,44819771007298;2,45700793771892;1,97913013422064;1,92132520506502;1,63046728101526;1,43501376778664;4,90550357958464;1,52473550763761;1,76609058341847;1,91673558388257;1,51866759986513;1,93717807202571;1,61222558828219;-21,2493949166985;-3,79008603045278;-7,20969029393746;-8,51566303812501;-5,61065921085665;-5,62225021785504;-10,536537451225;-9,44246507450126;-6,41341979102222;-16,1050701691777;-11,9039710737268;-17,958603469274;-25,1241603258947;-42,2201109096562;-17,9934367568665;-15,1495215606078;-15,8921403085173;-20,6995455137417;-14,7704510396926;-19,5432018278614;2,68199219822906;1,52838389719892;1,55555567096163;0,906735395569924;0,505569093294629;0,505568510213577;0,542423295383888;0,645128743653648;0,999999654320567;0,839312184375599;0,686365732674007;0,484882772849465;0,338111817657018;-2,14551609259277;-2,4282524118668;-2,59869384510399;-3,05978324250474;-4,0610219701259;-3,99395385733955;-3,3217977374888;-2,72007905507952;-2,13829182353672;-1,18500861275905;-1,85736416666674;-2,23882456322202;-2,86260508058283;-5,02140762454537;-5,09729664790047;-4,06960428105759;-3,34524631734356;-2,65932913921636;0,0616023919182442;0,0160928837337721;0,0388562224715487;0,0179218411707625;0,0385225292945519;0,00612082035677787;0,015699196058898;0,00918210322227181;-3;-3;1;0,905978795954666;1;-3;-3;0,38454807527088014;1;1;-13176,7246321974;NA;All
3030;1,88304088315069;2,84254900688767;2,29896849114977;2,50980797761203;2,71397452471025;2,28043562394877;2,41260264278576;2,44819771007298;2,45700793771892;1,97913013422064;1,92132520506502;1,63046728101526;1,43501376778664;4,90550357958464;1,52473550763761;1,76609058341847;1,91673558388257;1,51866759986513;1,93717807202571;1,61222558828219;-21,2493949166985;-3,79008603045278;-7,20969029393746;-8,51566303812501;-5,61065921085665;-5,62225021785504;-10,536537451225;-9,44246507450126;-6,41341979102222;-16,1050701691777;-11,9039710737268;-17,958603469274;-25,1241603258947;-42,2201109096562;-17,9934367568665;-15,1495215606078;-15,8921403085173;-20,6995455137417;-14,7704510396926;-19,5432018278614;2,68199219822906;1,52838389719892;1,55555567096163;0,906735395569924;0,505569093294629;0,505568510213577;0,542423295383888;0,645128743653648;0,999999654320567;0,839312184375599;0,686365732674007;0,484882772849465;0,338111817657018;-2,14551609259277;-2,4282524118668;-2,59869384510399;-3,05978324250474;-4,0610219701259;-3,99395385733955;-3,3217977374888;-2,72007905507952;-2,13829182353672;-1,18500861275905;-1,85736416666674;-2,23882456322202;-2,86260508058283;-5,02140762454537;-5,09729664790047;-4,06960428105759;-3,34524631734356;-2,65932913921636;0,0616023919182442;0,0160928837337721;0,0388562224715487;0,0179218411707625;0,0385225292945519;0,00612082035677787;0,015699196058898;0,00918210322227181;-3;-3;1;1,009819491550780;1;-3;-3;0,35294893040458791;1;1;-13174,4766736552;NA;All
3040;1,88304088315069;2,84254900688767;2,29896849114977;2,50980797761203;2,71397452471025;2,28043562394877;2,41260264278576;2,44819771007298;2,45700793771892;1,97913013422064;1,92132520506502;1,63046728101526;1,43501376778664;4,90550357958464;1,52473550763761;1,76609058341847;1,91673558388257;1,51866759986513;1,93717807202571;1,61222558828219;-21,2493949166985;-3,79008603045278;-7,20969029393746;-8,51566303812501;-5,61065921085665;-5,62225021785504;-10,536537451225;-9,44246507450126;-6,41341979102222;-16,1050701691777;-11,9039710737268;-17,958603469274;-25,1241603258947;-42,2201109096562;-17,9934367568665;-15,1495215606078;-15,8921403085173;-20,6995455137417;-14,7704510396926;-19,5432018278614;2,68199219822906;1,52838389719892;1,55555567096163;0,906735395569924;0,505569093294629;0,505568510213577;0,542423295383888;0,645128743653648;0,999999654320567;0,839312184375599;0,686365732674007;0,484882772849465;0,338111817657018;-2,14551609259277;-2,4282524118668;-2,59869384510399;-3,05978324250474;-4,0610219701259;-3,99395385733955;-3,3217977374888;-2,72007905507952;-2,13829182353672;-1,18500861275905;-1,85736416666674;-2,23882456322202;-2,86260508058283;-5,02140762454537;-5,09729664790047;-4,06960428105759;-3,34524631734356;-2,65932913921636;0,0616023919182442;0,0160928837337721;0,0388562224715487;0,0179218411707625;0,0385225292945519;0,00612082035677787;0,015699196058898;0,00918210322227181;-3;-3;1;0,998359005040839;1;-3;-3;0,54747505106609062;1;1;-13174,7577687800;NA;All
3050;1,88304088315069;2,84254900688767;2,29896849114977;2,50980797761203;2,71397452471025;2,28043562394877;2,41260264278576;2,44819771007298;2,45700793771892;1,97913013422064;1,92132520506502;1,63046728101526;1,43501376778664;4,90550357958464;1,52473550763761;1,76609058341847;1,91673558388257;1,51866759986513;1,93717807202571;1,61222558828219;-21,2493949166985;-3,79008603045278;-7,20969029393746;-8,51566303812501;-5,61065921085665;-5,62225021785504;-10,536537451225;-9,44246507450126;-6,41341979102222;-16,1050701691777;-11,9039710737268;-17,958603469274;-25,1241603258947;-42,2201109096562;-17,9934367568665;-15,1495215606078;-15,8921403085173;-20,6995455137417;-14,7704510396926;-19,5432018278614;2,68199219822906;1,52838389719892;1,55555567096163;0,906735395569924;0,505569093294629;0,505568510213577;0,542423295383888;0,645128743653648;0,999999654320567;0,839312184375599;0,686365732674007;0,484882772849465;0,338111817657018;-2,14551609259277;-2,4282524118668;-2,59869384510399;-3,05978324250474;-4,0610219701259;-3,99395385733955;-3,3217977374888;-2,72007905507952;-2,13829182353672;-1,18500861275905;-1,85736416666674;-2,23882456322202;-2,86260508058283;-5,02140762454537;-5,09729664790047;-4,06960428105759;-3,34524631734356;-2,65932913921636;0,0616023919182442;0,0160928837337721;0,0388562224715487;0,0179218411707625;0,0385225292945519;0,00612082035677787;0,015699196058898;0,00918210322227181;-3;-3;1;1,002280088999725;1;-3;-3;0,48330577286848042;1;1;-13174,5389748078;NA;All
3060;1,88304088315069;2,84254900688767;2,29896849114977;2,50980797761203;2,71397452471025;2,28043562394877;2,41260264278576;2,44819771007298;2,45700793771892;1,97913013422064;1,92132520506502;1,63046728101526;1,43501376778664;4,90550357958464;1,52473550763761;1,76609058341847;1,91673558388257;1,51866759986513;1,93717807202571;1,61222558828219;-21,2493949166985;-3,79008603045278;-7,20969029393746;-8,51566303812501;-5,61065921085665;-5,62225021785504;-10,536537451225;-9,44246507450126;-6,41341979102222;-16,1050701691777;-11,9039710737268;-17,958603469274;-25,1241603258947;-42,2201109096562;-17,9934367568665;-15,1495215606078;-15,8921403085173;-20,6995455137417;-14,7704510396926;-19,5432018278614;2,68199219822906;1,52838389719892;1,55555567096163;0,906735395569924;0,505569093294629;0,505568510213577;0,542423295383888;0,645128743653648;0,999999654320567;0,839312184375599;0,686365732674007;0,484882772849465;0,338111817657018;-2,14551609259277;-2,4282524118668;-2,59869384510399;-3,05978324250474;-4,0610219701259;-3,99395385733955;-3,3217977374888;-2,72007905507952;-2,13829182353672;-1,18500861275905;-1,85736416666674;-2,23882456322202;-2,86260508058283;-5,02140762454537;-5,09729664790047;-4,06960428105759;-3,34524631734356;-2,65932913921636;0,0616023919182442;0,0160928837337721;0,0388562224715487;0,0179218411707625;0,0385225292945519;0,00612082035677787;0,015699196058898;0,00918210322227181;-3;-3;1;0,985428666505657;1;-3;-3;0,41012999749048329;1;1;-13174,4979667745;NA;All
3070;1,88304088315069;2,84254900688767;2,29896849114977;2,50980797761203;2,71397452471025;2,28043562394877;2,41260264278576;2,44819771007298;2,45700793771892;1,97913013422064;1,92132520506502;1,63046728101526;1,43501376778664;4,90550357958464;1,52473550763761;1,76609058341847;1,91673558388257;1,51866759986513;1,93717807202571;1,61222558828219;-21,2493949166985;-3,79008603045278;-7,20969029393746;-8,51566303812501;-5,61065921085665;-5,62225021785504;-10,536537451225;-9,44246507450126;-6,41341979102222;-16,1050701691777;-11,9039710737268;-17,958603469274;-25,1241603258947;-42,2201109096562;-17,9934367568665;-15,1495215606078;-15,8921403085173;-20,6995455137417;-14,7704510396926;-19,5432018278614;2,68199219822906;1,52838389719892;1,55555567096163;0,906735395569924;0,505569093294629;0,505568510213577;0,542423295383888;0,645128743653648;0,999999654320567;0,839312184375599;0,686365732674007;0,484882772849465;0,338111817657018;-2,14551609259277;-2,4282524118668;-2,59869384510399;-3,05978324250474;-4,0610219701259;-3,99395385733955;-3,3217977374888;-2,72007905507952;-2,13829182353672;-1,18500861275905;-1,85736416666674;-2,23882456322202;-2,86260508058283;-5,02140762454537;-5,09729664790047;-4,06960428105759;-3,34524631734356;-2,65932913921636;0,0616023919182442;0,0160928837337721;0,0388562224715487;0,0179218411707625;0,0385225292945519;0,00612082035677787;0,015699196058898;0,00918210322227181;-3;-3;1;0,983537638094187;1;-3;-3;0,24093921312291081;1;1;-13174,8829527496;NA;All
3080;1,88304088315069;2,84254900688767;2,29896849114977;2,50980797761203;2,71397452471025;2,28043562394877;2,41260264278576;2,44819771007298;2,45700793771892;1,97913013422064;1,92132520506502;1,63046728101526;1,43501376778664;4,90550357958464;1,52473550763761;1,76609058341847;1,91673558388257;1,51866759986513;1,93717807202571;1,61222558828219;-21,2493949166985;-3,79008603045278;-7,20969029393746;-8,51566303812501;-5,61065921085665;-5,62225021785504;-10,536537451225;-9,44246507450126;-6,41341979102222;-16,1050701691777;-11,9039710737268;-17,958603469274;-25,1241603258947;-42,2201109096562;-17,9934367568665;-15,1495215606078;-15,8921403085173;-20,6995455137417;-14,7704510396926;-19,5432018278614;2,68199219822906;1,52838389719892;1,55555567096163;0,906735395569924;0,505569093294629;0,505568510213577;0,542423295383888;0,645128743653648;0,999999654320567;0,839312184375599;0,686365732674007;0,484882772849465;0,338111817657018;-2,14551609259277;-2,4282524118668;-2,59869384510399;-3,05978324250474;-4,0610219701259;-3,99395385733955;-3,3217977374888;-2,72007905507952;-2,13829182353672;-1,18500861275905;-1,85736416666674;-2,23882456322202;-2,86260508058283;-5,02140762454537;-5,09729664790047;-4,06960428105759;-3,34524631734356;-2,65932913921636;0,0616023919182442;0,0160928837337721;0,0388562224715487;0,0179218411707625;0,0385225292945519;0,00612082035677787;0,015699196058898;0,00918210322227181;-3;-3;1;1,036835229048108;1;-3;-3;0,16713353185133209;1;1;-13175,4657941448;NA;All
3090;1,88304088315069;2,84254900688767;2,29896849114977;2,50980797761203;2,71397452471025;2,28043562394877;2,41260264278576;2,44819771007298;2,45700793771892;1,97913013422064;1,92132520506502;1,63046728101526;1,43501376778664;4,90550357958464;1,52473550763761;1,76609058341847;1,91673558388257;1,51866759986513;1,93717807202571;1,61222558828219;-21,2493949166985;-3,79008603045278;-7,20969029393746;-8,51566303812501;-5,61065921085665;-5,62225021785504;-10,536537451225;-9,44246507450126;-6,41341979102222;-16,1050701691777;-11,9039710737268;-17,958603469274;-25,1241603258947;-42,2201109096562;-17,9934367568665;-15,1495215606078;-15,8921403085173;-20,6995455137417;-14,7704510396926;-19,5432018278614;2,68199219822906;1,52838389719892;1,55555567096163;0,906735395569924;0,505569093294629;0,505568510213577;0,542423295383888;0,645128743653648;0,999999654320567;0,839312184375599;0,686365732674007;0,484882772849465;0,338111817657018;-2,14551609259277;-2,4282524118668;-2,59869384510399;-3,05978324250474;-4,0610219701259;-3,99395385733955;-3,3217977374888;-2,72007905507952;-2,13829182353672;-1,18500861275905;-1,85736416666674;-2,23882456322202;-2,86260508058283;-5,02140762454537;-5,09729664790047;-4,06960428105759;-3,34524631734356;-2,65932913921636;0,0616023919182442;0,0160928837337721;0,0388562224715487;0,0179218411707625;0,0385225292945519;0,00612082035677787;0,015699196058898;0,00918210322227181;-3;-3;1;1,083677651110798;1;-3;-3;0,24867856208666397;1;1;-13176,3083366784;NA;All
3100;1,88304088315069;2,84254900688767;2,29896849114977;2,50980797761203;2,71397452471025;2,28043562394877;2,41260264278576;2,44819771007298;2,45700793771892;1,97913013422064;1,92132520506502;1,63046728101526;1,43501376778664;4,90550357958464;1,52473550763761;1,76609058341847;1,91673558388257;1,51866759986513;1,93717807202571;1,61222558828219;-21,2493949166985;-3,79008603045278;-7,20969029393746;-8,51566303812501;-5,61065921085665;-5,62225021785504;-10,536537451225;-9,44246507450126;-6,41341979102222;-16,1050701691777;-11,9039710737268;-17,958603469274;-25,1241603258947;-42,2201109096562;-17,9934367568665;-15,1495215606078;-15,8921403085173;-20,6995455137417;-14,7704510396926;-19,5432018278614;2,68199219822906;1,52838389719892;1,55555567096163;0,906735395569924;0,505569093294629;0,505568510213577;0,542423295383888;0,645128743653648;0,999999654320567;0,839312184375599;0,686365732674007;0,484882772849465;0,338111817657018;-2,14551609259277;-2,4282524118668;-2,59869384510399;-3,05978324250474;-4,0610219701259;-3,99395385733955;-3,3217977374888;-2,72007905507952;-2,13829182353672;-1,18500861275905;-1,85736416666674;-2,23882456322202;-2,86260508058283;-5,02140762454537;-5,09729664790047;-4,06960428105759;-3,34524631734356;-2,65932913921636;0,0616023919182442;0,0160928837337721;0,0388562224715487;0,0179218411707625;0,0385225292945519;0,00612082035677787;0,015699196058898;0,00918210322227181;-3;-3;1;0,968541823614449;1;-3;-3;0,23825577421639385;1;1;-13175,0884514610;NA;All
3110;1,88304088315069;2,84254900688767;2,29896849114977;2,50980797761203;2,71397452471025;2,28043562394877;2,41260264278576;2,44819771007298;2,45700793771892;1,97913013422064;1,92132520506502;1,63046728101526;1,43501376778664;4,90550357958464;1,52473550763761;1,76609058341847;1,91673558388257;1,51866759986513;1,93717807202571;1,61222558828219;-21,2493949166985;-3,79008603045278;-7,20969029393746;-8,51566303812501;-5,61065921085665;-5,62225021785504;-10,536537451225;-9,44246507450126;-6,41341979102222;-16,1050701691777;-11,9039710737268;-17,958603469274;-25,1241603258947;-42,2201109096562;-17,9934367568665;-15,1495215606078;-15,8921403085173;-20,6995455137417;-14,7704510396926;-19,5432018278614;2,68199219822906;1,52838389719892;1,55555567096163;0,906735395569924;0,505569093294629;0,505568510213577;0,542423295383888;0,645128743653648;0,999999654320567;0,839312184375599;0,686365732674007;0,484882772849465;0,338111817657018;-2,14551609259277;-2,4282524118668;-2,59869384510399;-3,05978324250474;-4,0610219701259;-3,99395385733955;-3,3217977374888;-2,72007905507952;-2,13829182353672;-1,18500861275905;-1,85736416666674;-2,23882456322202;-2,86260508058283;-5,02140762454537;-5,09729664790047;-4,06960428105759;-3,34524631734356;-2,65932913921636;0,0616023919182442;0,0160928837337721;0,0388562224715487;0,0179218411707625;0,0385225292945519;0,00612082035677787;0,015699196058898;0,00918210322227181;-3;-3;1;1,038399395934074;1;-3;-3;0,41582233459775425;1;1;-13174,7831475488;NA;All
3120;1,88304088315069;2,84254900688767;2,29896849114977;2,50980797761203;2,71397452471025;2,28043562394877;2,41260264278576;2,44819771007298;2,45700793771892;1,97913013422064;1,92132520506502;1,63046728101526;1,43501376778664;4,90550357958464;1,52473550763761;1,76609058341847;1,91673558388257;1,51866759986513;1,93717807202571;1,61222558828219;-21,2493949166985;-3,79008603045278;-7,20969029393746;-8,51566303812501;-5,61065921085665;-5,62225021785504;-10,536537451225;-9,44246507450126;-6,41341979102222;-16,1050701691777;-11,9039710737268;-17,958603469274;-25,1241603258947;-42,2201109096562;-17,9934367568665;-15,1495215606078;-15,8921403085173;-20,6995455137417;-14,7704510396926;-19,5432018278614;2,68199219822906;1,52838389719892;1,55555567096163;0,906735395569924;0,505569093294629;0,505568510213577;0,542423295383888;0,645128743653648;0,999999654320567;0,839312184375599;0,686365732674007;0,484882772849465;0,338111817657018;-2,14551609259277;-2,4282524118668;-2,59869384510399;-3,05978324250474;-4,0610219701259;-3,99395385733955;-3,3217977374888;-2,72007905507952;-2,13829182353672;-1,18500861275905;-1,85736416666674;-2,23882456322202;-2,86260508058283;-5,02140762454537;-5,09729664790047;-4,06960428105759;-3,34524631734356;-2,65932913921636;0,0616023919182442;0,0160928837337721;0,0388562224715487;0,0179218411707625;0,0385225292945519;0,00612082035677787;0,015699196058898;0,00918210322227181;-3;-3;1;0,995890356741351;1;-3;-3;0,34574706602951544;1;1;-13174,4809507695;NA;All
3130;1,88304088315069;2,84254900688767;2,29896849114977;2,50980797761203;2,71397452471025;2,28043562394877;2,41260264278576;2,44819771007298;2,45700793771892;1,97913013422064;1,92132520506502;1,63046728101526;1,43501376778664;4,90550357958464;1,52473550763761;1,76609058341847;1,91673558388257;1,51866759986513;1,93717807202571;1,61222558828219;-21,2493949166985;-3,79008603045278;-7,20969029393746;-8,51566303812501;-5,61065921085665;-5,62225021785504;-10,536537451225;-9,44246507450126;-6,41341979102222;-16,1050701691777;-11,9039710737268;-17,958603469274;-25,1241603258947;-42,2201109096562;-17,9934367568665;-15,1495215606078;-15,8921403085173;-20,6995455137417;-14,7704510396926;-19,5432018278614;2,68199219822906;1,52838389719892;1,55555567096163;0,906735395569924;0,505569093294629;0,505568510213577;0,542423295383888;0,645128743653648;0,999999654320567;0,839312184375599;0,686365732674007;0,484882772849465;0,338111817657018;-2,14551609259277;-2,4282524118668;-2,59869384510399;-3,05978324250474;-4,0610219701259;-3,99395385733955;-3,3217977374888;-2,72007905507952;-2,13829182353672;-1,18500861275905;-1,85736416666674;-2,23882456322202;-2,86260508058283;-5,02140762454537;-5,09729664790047;-4,06960428105759;-3,34524631734356;-2,65932913921636;0,0616023919182442;0,0160928837337721;0,0388562224715487;0,0179218411707625;0,0385225292945519;0,00612082035677787;0,015699196058898;0,00918210322227181;-3;-3;1;0,952293152940923;1;-3;-3;0,35042548503174020;1;1;-13175,0748377744;NA;All
3140;1,88304088315069;2,84254900688767;2,29896849114977;2,50980797761203;2,71397452471025;2,28043562394877;2,41260264278576;2,44819771007298;2,45700793771892;1,97913013422064;1,92132520506502;1,63046728101526;1,43501376778664;4,90550357958464;1,52473550763761;1,76609058341847;1,91673558388257;1,51866759986513;1,93717807202571;1,61222558828219;-21,2493949166985;-3,79008603045278;-7,20969029393746;-8,51566303812501;-5,61065921085665;-5,62225021785504;-10,536537451225;-9,44246507450126;-6,41341979102222;-16,1050701691777;-11,9039710737268;-17,958603469274;-25,1241603258947;-42,2201109096562;-17,9934367568665;-15,1495215606078;-15,8921403085173;-20,6995455137417;-14,7704510396926;-19,5432018278614;2,68199219822906;1,52838389719892;1,55555567096163;0,906735395569924;0,505569093294629;0,505568510213577;0,542423295383888;0,645128743653648;0,999999654320567;0,839312184375599;0,686365732674007;0,484882772849465;0,338111817657018;-2,14551609259277;-2,4282524118668;-2,59869384510399;-3,05978324250474;-4,0610219701259;-3,99395385733955;-3,3217977374888;-2,72007905507952;-2,13829182353672;-1,18500861275905;-1,85736416666674;-2,23882456322202;-2,86260508058283;-5,02140762454537;-5,09729664790047;-4,06960428105759;-3,34524631734356;-2,65932913921636;0,0616023919182442;0,0160928837337721;0,0388562224715487;0,0179218411707625;0,0385225292945519;0,00612082035677787;0,015699196058898;0,00918210322227181;-3;-3;1;0,973062953057868;1;-3;-3;0,25021999094526121;1;1;-13174,9645449392;NA;All
3150;1,88304088315069;2,84254900688767;2,29896849114977;2,50980797761203;2,71397452471025;2,28043562394877;2,41260264278576;2,44819771007298;2,45700793771892;1,97913013422064;1,92132520506502;1,63046728101526;1,43501376778664;4,90550357958464;1,52473550763761;1,76609058341847;1,91673558388257;1,51866759986513;1,93717807202571;1,61222558828219;-21,2493949166985;-3,79008603045278;-7,20969029393746;-8,51566303812501;-5,61065921085665;-5,62225021785504;-10,536537451225;-9,44246507450126;-6,41341979102222;-16,1050701691777;-11,9039710737268;-17,958603469274;-25,1241603258947;-42,2201109096562;-17,9934367568665;-15,1495215606078;-15,8921403085173;-20,6995455137417;-14,7704510396926;-19,5432018278614;2,68199219822906;1,52838389719892;1,55555567096163;0,906735395569924;0,505569093294629;0,505568510213577;0,542423295383888;0,645128743653648;0,999999654320567;0,839312184375599;0,686365732674007;0,484882772849465;0,338111817657018;-2,14551609259277;-2,4282524118668;-2,59869384510399;-3,05978324250474;-4,0610219701259;-3,99395385733955;-3,3217977374888;-2,72007905507952;-2,13829182353672;-1,18500861275905;-1,85736416666674;-2,23882456322202;-2,86260508058283;-5,02140762454537;-5,09729664790047;-4,06960428105759;-3,34524631734356;-2,65932913921636;0,0616023919182442;0,0160928837337721;0,0388562224715487;0,0179218411707625;0,0385225292945519;0,00612082035677787;0,015699196058898;0,00918210322227181;-3;-3;1;1,039572628778658;1;-3;-3;0,39116595991942110;1;1;-13174,7935726795;NA;All
3160;1,88304088315069;2,84254900688767;2,29896849114977;2,50980797761203;2,71397452471025;2,28043562394877;2,41260264278576;2,44819771007298;2,45700793771892;1,97913013422064;1,92132520506502;1,63046728101526;1,43501376778664;4,90550357958464;1,52473550763761;1,76609058341847;1,91673558388257;1,51866759986513;1,93717807202571;1,61222558828219;-21,2493949166985;-3,79008603045278;-7,20969029393746;-8,51566303812501;-5,61065921085665;-5,62225021785504;-10,536537451225;-9,44246507450126;-6,41341979102222;-16,1050701691777;-11,9039710737268;-17,958603469274;-25,1241603258947;-42,2201109096562;-17,9934367568665;-15,1495215606078;-15,8921403085173;-20,6995455137417;-14,7704510396926;-19,5432018278614;2,68199219822906;1,52838389719892;1,55555567096163;0,906735395569924;0,505569093294629;0,505568510213577;0,542423295383888;0,645128743653648;0,999999654320567;0,839312184375599;0,686365732674007;0,484882772849465;0,338111817657018;-2,14551609259277;-2,4282524118668;-2,59869384510399;-3,05978324250474;-4,0610219701259;-3,99395385733955;-3,3217977374888;-2,72007905507952;-2,13829182353672;-1,18500861275905;-1,85736416666674;-2,23882456322202;-2,86260508058283;-5,02140762454537;-5,09729664790047;-4,06960428105759;-3,34524631734356;-2,65932913921636;0,0616023919182442;0,0160928837337721;0,0388562224715487;0,0179218411707625;0,0385225292945519;0,00612082035677787;0,015699196058898;0,00918210322227181;-3;-3;1;0,989682864228101;1;-3;-3;0,26071104266251544;1;1;-13174,7487382502;NA;All
3170;1,88304088315069;2,84254900688767;2,29896849114977;2,50980797761203;2,71397452471025;2,28043562394877;2,41260264278576;2,44819771007298;2,45700793771892;1,97913013422064;1,92132520506502;1,63046728101526;1,43501376778664;4,90550357958464;1,52473550763761;1,76609058341847;1,91673558388257;1,51866759986513;1,93717807202571;1,61222558828219;-21,2493949166985;-3,79008603045278;-7,20969029393746;-8,51566303812501;-5,61065921085665;-5,62225021785504;-10,536537451225;-9,44246507450126;-6,41341979102222;-16,1050701691777;-11,9039710737268;-17,958603469274;-25,1241603258947;-42,2201109096562;-17,9934367568665;-15,1495215606078;-15,8921403085173;-20,6995455137417;-14,7704510396926;-19,5432018278614;2,68199219822906;1,52838389719892;1,55555567096163;0,906735395569924;0,505569093294629;0,505568510213577;0,542423295383888;0,645128743653648;0,999999654320567;0,839312184375599;0,686365732674007;0,484882772849465;0,338111817657018;-2,14551609259277;-2,4282524118668;-2,59869384510399;-3,05978324250474;-4,0610219701259;-3,99395385733955;-3,3217977374888;-2,72007905507952;-2,13829182353672;-1,18500861275905;-1,85736416666674;-2,23882456322202;-2,86260508058283;-5,02140762454537;-5,09729664790047;-4,06960428105759;-3,34524631734356;-2,65932913921636;0,0616023919182442;0,0160928837337721;0,0388562224715487;0,0179218411707625;0,0385225292945519;0,00612082035677787;0,015699196058898;0,00918210322227181;-3;-3;1;0,993602488262020;1;-3;-3;0,35693350578403010;1;1;-13174,4738459862;NA;All
3180;1,88304088315069;2,84254900688767;2,29896849114977;2,50980797761203;2,71397452471025;2,28043562394877;2,41260264278576;2,44819771007298;2,45700793771892;1,97913013422064;1,92132520506502;1,63046728101526;1,43501376778664;4,90550357958464;1,52473550763761;1,76609058341847;1,91673558388257;1,51866759986513;1,93717807202571;1,61222558828219;-21,2493949166985;-3,79008603045278;-7,20969029393746;-8,51566303812501;-5,61065921085665;-5,62225021785504;-10,536537451225;-9,44246507450126;-6,41341979102222;-16,1050701691777;-11,9039710737268;-17,958603469274;-25,1241603258947;-42,2201109096562;-17,9934367568665;-15,1495215606078;-15,8921403085173;-20,6995455137417;-14,7704510396926;-19,5432018278614;2,68199219822906;1,52838389719892;1,55555567096163;0,906735395569924;0,505569093294629;0,505568510213577;0,542423295383888;0,645128743653648;0,999999654320567;0,839312184375599;0,686365732674007;0,484882772849465;0,338111817657018;-2,14551609259277;-2,4282524118668;-2,59869384510399;-3,05978324250474;-4,0610219701259;-3,99395385733955;-3,3217977374888;-2,72007905507952;-2,13829182353672;-1,18500861275905;-1,85736416666674;-2,23882456322202;-2,86260508058283;-5,02140762454537;-5,09729664790047;-4,06960428105759;-3,34524631734356;-2,65932913921636;0,0616023919182442;0,0160928837337721;0,0388562224715487;0,0179218411707625;0,0385225292945519;0,00612082035677787;0,015699196058898;0,00918210322227181;-3;-3;1;1,069846840305531;1;-3;-3;0,05298233320022609;1;1;-13177,1159287211;NA;All
3190;1,88304088315069;2,84254900688767;2,29896849114977;2,50980797761203;2,71397452471025;2,28043562394877;2,41260264278576;2,44819771007298;2,45700793771892;1,97913013422064;1,92132520506502;1,63046728101526;1,43501376778664;4,90550357958464;1,52473550763761;1,76609058341847;1,91673558388257;1,51866759986513;1,93717807202571;1,61222558828219;-21,2493949166985;-3,79008603045278;-7,20969029393746;-8,51566303812501;-5,61065921085665;-5,62225021785504;-10,536537451225;-9,44246507450126;-6,41341979102222;-16,1050701691777;-11,9039710737268;-17,958603469274;-25,1241603258947;-42,2201109096562;-17,9934367568665;-15,1495215606078;-15,8921403085173;-20,6995455137417;-14,7704510396926;-19,5432018278614;2,68199219822906;1,52838389719892;1,55555567096163;0,906735395569924;0,505569093294629;0,505568510213577;0,542423295383888;0,645128743653648;0,999999654320567;0,839312184375599;0,686365732674007;0,484882772849465;0,338111817657018;-2,14551609259277;-2,4282524118668;-2,59869384510399;-3,05978324250474;-4,0610219701259;-3,99395385733955;-3,3217977374888;-2,72007905507952;-2,13829182353672;-1,18500861275905;-1,85736416666674;-2,23882456322202;-2,86260508058283;-5,02140762454537;-5,09729664790047;-4,06960428105759;-3,34524631734356;-2,65932913921636;0,0616023919182442;0,0160928837337721;0,0388562224715487;0,0179218411707625;0,0385225292945519;0,00612082035677787;0,015699196058898;0,00918210322227181;-3;-3;1;0,992292662033599;1;-3;-3;0,02202910300170446;1;1;-13176,5242397654;NA;All
3200;1,88304088315069;2,84254900688767;2,29896849114977;2,50980797761203;2,71397452471025;2,28043562394877;2,41260264278576;2,44819771007298;2,45700793771892;1,97913013422064;1,92132520506502;1,63046728101526;1,43501376778664;4,90550357958464;1,52473550763761;1,76609058341847;1,91673558388257;1,51866759986513;1,93717807202571;1,61222558828219;-21,2493949166985;-3,79008603045278;-7,20969029393746;-8,51566303812501;-5,61065921085665;-5,62225021785504;-10,536537451225;-9,44246507450126;-6,41341979102222;-16,1050701691777;-11,9039710737268;-17,958603469274;-25,1241603258947;-42,2201109096562;-17,9934367568665;-15,1495215606078;-15,8921403085173;-20,6995455137417;-14,7704510396926;-19,5432018278614;2,68199219822906;1,52838389719892;1,55555567096163;0,906735395569924;0,505569093294629;0,505568510213577;0,542423295383888;0,645128743653648;0,999999654320567;0,839312184375599;0,686365732674007;0,484882772849465;0,338111817657018;-2,14551609259277;-2,4282524118668;-2,59869384510399;-3,05978324250474;-4,0610219701259;-3,99395385733955;-3,3217977374888;-2,72007905507952;-2,13829182353672;-1,18500861275905;-1,85736416666674;-2,23882456322202;-2,86260508058283;-5,02140762454537;-5,09729664790047;-4,06960428105759;-3,34524631734356;-2,65932913921636;0,0616023919182442;0,0160928837337721;0,0388562224715487;0,0179218411707625;0,0385225292945519;0,00612082035677787;0,015699196058898;0,00918210322227181;-3;-3;1;0,919281619488494;1;-3;-3;0,30298302038726382;1;1;-13176,2494061618;NA;All
3210;1,88304088315069;2,84254900688767;2,29896849114977;2,50980797761203;2,71397452471025;2,28043562394877;2,41260264278576;2,44819771007298;2,45700793771892;1,97913013422064;1,92132520506502;1,63046728101526;1,43501376778664;4,90550357958464;1,52473550763761;1,76609058341847;1,91673558388257;1,51866759986513;1,93717807202571;1,61222558828219;-21,2493949166985;-3,79008603045278;-7,20969029393746;-8,51566303812501;-5,61065921085665;-5,62225021785504;-10,536537451225;-9,44246507450126;-6,41341979102222;-16,1050701691777;-11,9039710737268;-17,958603469274;-25,1241603258947;-42,2201109096562;-17,9934367568665;-15,1495215606078;-15,8921403085173;-20,6995455137417;-14,7704510396926;-19,5432018278614;2,68199219822906;1,52838389719892;1,55555567096163;0,906735395569924;0,505569093294629;0,505568510213577;0,542423295383888;0,645128743653648;0,999999654320567;0,839312184375599;0,686365732674007;0,484882772849465;0,338111817657018;-2,14551609259277;-2,4282524118668;-2,59869384510399;-3,05978324250474;-4,0610219701259;-3,99395385733955;-3,3217977374888;-2,72007905507952;-2,13829182353672;-1,18500861275905;-1,85736416666674;-2,23882456322202;-2,86260508058283;-5,02140762454537;-5,09729664790047;-4,06960428105759;-3,34524631734356;-2,65932913921636;0,0616023919182442;0,0160928837337721;0,0388562224715487;0,0179218411707625;0,0385225292945519;0,00612082035677787;0,015699196058898;0,00918210322227181;-3;-3;1;1,023621549359966;1;-3;-3;0,26175314499464569;1;1;-13174,8064236313;NA;All
3220;1,88304088315069;2,84254900688767;2,29896849114977;2,50980797761203;2,71397452471025;2,28043562394877;2,41260264278576;2,44819771007298;2,45700793771892;1,97913013422064;1,92132520506502;1,63046728101526;1,43501376778664;4,90550357958464;1,52473550763761;1,76609058341847;1,91673558388257;1,51866759986513;1,93717807202571;1,61222558828219;-21,2493949166985;-3,79008603045278;-7,20969029393746;-8,51566303812501;-5,61065921085665;-5,62225021785504;-10,536537451225;-9,44246507450126;-6,41341979102222;-16,1050701691777;-11,9039710737268;-17,958603469274;-25,1241603258947;-42,2201109096562;-17,9934367568665;-15,1495215606078;-15,8921403085173;-20,6995455137417;-14,7704510396926;-19,5432018278614;2,68199219822906;1,52838389719892;1,55555567096163;0,906735395569924;0,505569093294629;0,505568510213577;0,542423295383888;0,645128743653648;0,999999654320567;0,839312184375599;0,686365732674007;0,484882772849465;0,338111817657018;-2,14551609259277;-2,4282524118668;-2,59869384510399;-3,05978324250474;-4,0610219701259;-3,99395385733955;-3,3217977374888;-2,72007905507952;-2,13829182353672;-1,18500861275905;-1,85736416666674;-2,23882456322202;-2,86260508058283;-5,02140762454537;-5,09729664790047;-4,06960428105759;-3,34524631734356;-2,65932913921636;0,0616023919182442;0,0160928837337721;0,0388562224715487;0,0179218411707625;0,0385225292945519;0,00612082035677787;0,015699196058898;0,00918210322227181;-3;-3;1;0,963822484804131;1;-3;-3;0,54788972829779869;1;1;-13175,0992859323;NA;All
3230;1,88304088315069;2,84254900688767;2,29896849114977;2,50980797761203;2,71397452471025;2,28043562394877;2,41260264278576;2,44819771007298;2,45700793771892;1,97913013422064;1,92132520506502;1,63046728101526;1,43501376778664;4,90550357958464;1,52473550763761;1,76609058341847;1,91673558388257;1,51866759986513;1,93717807202571;1,61222558828219;-21,2493949166985;-3,79008603045278;-7,20969029393746;-8,51566303812501;-5,61065921085665;-5,62225021785504;-10,536537451225;-9,44246507450126;-6,41341979102222;-16,1050701691777;-11,9039710737268;-17,958603469274;-25,1241603258947;-42,2201109096562;-17,9934367568665;-15,1495215606078;-15,8921403085173;-20,6995455137417;-14,7704510396926;-19,5432018278614;2,68199219822906;1,52838389719892;1,55555567096163;0,906735395569924;0,505569093294629;0,505568510213577;0,542423295383888;0,645128743653648;0,999999654320567;0,839312184375599;0,686365732674007;0,484882772849465;0,338111817657018;-2,14551609259277;-2,4282524118668;-2,59869384510399;-3,05978324250474;-4,0610219701259;-3,99395385733955;-3,3217977374888;-2,72007905507952;-2,13829182353672;-1,18500861275905;-1,85736416666674;-2,23882456322202;-2,86260508058283;-5,02140762454537;-5,09729664790047;-4,06960428105759;-3,34524631734356;-2,65932913921636;0,0616023919182442;0,0160928837337721;0,0388562224715487;0,0179218411707625;0,0385225292945519;0,00612082035677787;0,015699196058898;0,00918210322227181;-3;-3;1;1,043741089063599;1;-3;-3;0,11973223464156892;1;1;-13175,9218189362;NA;All
3240;1,88304088315069;2,84254900688767;2,29896849114977;2,50980797761203;2,71397452471025;2,28043562394877;2,41260264278576;2,44819771007298;2,45700793771892;1,97913013422064;1,92132520506502;1,63046728101526;1,43501376778664;4,90550357958464;1,52473550763761;1,76609058341847;1,91673558388257;1,51866759986513;1,93717807202571;1,61222558828219;-21,2493949166985;-3,79008603045278;-7,20969029393746;-8,51566303812501;-5,61065921085665;-5,62225021785504;-10,536537451225;-9,44246507450126;-6,41341979102222;-16,1050701691777;-11,9039710737268;-17,958603469274;-25,1241603258947;-42,2201109096562;-17,9934367568665;-15,1495215606078;-15,8921403085173;-20,6995455137417;-14,7704510396926;-19,5432018278614;2,68199219822906;1,52838389719892;1,55555567096163;0,906735395569924;0,505569093294629;0,505568510213577;0,542423295383888;0,645128743653648;0,999999654320567;0,839312184375599;0,686365732674007;0,484882772849465;0,338111817657018;-2,14551609259277;-2,4282524118668;-2,59869384510399;-3,05978324250474;-4,0610219701259;-3,99395385733955;-3,3217977374888;-2,72007905507952;-2,13829182353672;-1,18500861275905;-1,85736416666674;-2,23882456322202;-2,86260508058283;-5,02140762454537;-5,09729664790047;-4,06960428105759;-3,34524631734356;-2,65932913921636;0,0616023919182442;0,0160928837337721;0,0388562224715487;0,0179218411707625;0,0385225292945519;0,00612082035677787;0,015699196058898;0,00918210322227181;-3;-3;1;1,026362933910662;1;-3;-3;0,12494951491813638;1;1;-13175,6352130358;NA;All
3250;1,88304088315069;2,84254900688767;2,29896849114977;2,50980797761203;2,71397452471025;2,28043562394877;2,41260264278576;2,44819771007298;2,45700793771892;1,97913013422064;1,92132520506502;1,63046728101526;1,43501376778664;4,90550357958464;1,52473550763761;1,76609058341847;1,91673558388257;1,51866759986513;1,93717807202571;1,61222558828219;-21,2493949166985;-3,79008603045278;-7,20969029393746;-8,51566303812501;-5,61065921085665;-5,62225021785504;-10,536537451225;-9,44246507450126;-6,41341979102222;-16,1050701691777;-11,9039710737268;-17,958603469274;-25,1241603258947;-42,2201109096562;-17,9934367568665;-15,1495215606078;-15,8921403085173;-20,6995455137417;-14,7704510396926;-19,5432018278614;2,68199219822906;1,52838389719892;1,55555567096163;0,906735395569924;0,505569093294629;0,505568510213577;0,542423295383888;0,645128743653648;0,999999654320567;0,839312184375599;0,686365732674007;0,484882772849465;0,338111817657018;-2,14551609259277;-2,4282524118668;-2,59869384510399;-3,05978324250474;-4,0610219701259;-3,99395385733955;-3,3217977374888;-2,72007905507952;-2,13829182353672;-1,18500861275905;-1,85736416666674;-2,23882456322202;-2,86260508058283;-5,02140762454537;-5,09729664790047;-4,06960428105759;-3,34524631734356;-2,65932913921636;0,0616023919182442;0,0160928837337721;0,0388562224715487;0,0179218411707625;0,0385225292945519;0,00612082035677787;0,015699196058898;0,00918210322227181;-3;-3;1;1,012023964898713;1;-3;-3;0,15977141135079326;1;1;-13175,2773194053;NA;All
3260;1,88304088315069;2,84254900688767;2,29896849114977;2,50980797761203;2,71397452471025;2,28043562394877;2,41260264278576;2,44819771007298;2,45700793771892;1,97913013422064;1,92132520506502;1,63046728101526;1,43501376778664;4,90550357958464;1,52473550763761;1,76609058341847;1,91673558388257;1,51866759986513;1,93717807202571;1,61222558828219;-21,2493949166985;-3,79008603045278;-7,20969029393746;-8,51566303812501;-5,61065921085665;-5,62225021785504;-10,536537451225;-9,44246507450126;-6,41341979102222;-16,1050701691777;-11,9039710737268;-17,958603469274;-25,1241603258947;-42,2201109096562;-17,9934367568665;-15,1495215606078;-15,8921403085173;-20,6995455137417;-14,7704510396926;-19,5432018278614;2,68199219822906;1,52838389719892;1,55555567096163;0,906735395569924;0,505569093294629;0,505568510213577;0,542423295383888;0,645128743653648;0,999999654320567;0,839312184375599;0,686365732674007;0,484882772849465;0,338111817657018;-2,14551609259277;-2,4282524118668;-2,59869384510399;-3,05978324250474;-4,0610219701259;-3,99395385733955;-3,3217977374888;-2,72007905507952;-2,13829182353672;-1,18500861275905;-1,85736416666674;-2,23882456322202;-2,86260508058283;-5,02140762454537;-5,09729664790047;-4,06960428105759;-3,34524631734356;-2,65932913921636;0,0616023919182442;0,0160928837337721;0,0388562224715487;0,0179218411707625;0,0385225292945519;0,00612082035677787;0,015699196058898;0,00918210322227181;-3;-3;1;0,953312495125872;1;-3;-3;0,28062683548202422;1;1;-13175,2215367705;NA;All
3270;1,88304088315069;2,84254900688767;2,29896849114977;2,50980797761203;2,71397452471025;2,28043562394877;2,41260264278576;2,44819771007298;2,45700793771892;1,97913013422064;1,92132520506502;1,63046728101526;1,43501376778664;4,90550357958464;1,52473550763761;1,76609058341847;1,91673558388257;1,51866759986513;1,93717807202571;1,61222558828219;-21,2493949166985;-3,79008603045278;-7,20969029393746;-8,51566303812501;-5,61065921085665;-5,62225021785504;-10,536537451225;-9,44246507450126;-6,41341979102222;-16,1050701691777;-11,9039710737268;-17,958603469274;-25,1241603258947;-42,2201109096562;-17,9934367568665;-15,1495215606078;-15,8921403085173;-20,6995455137417;-14,7704510396926;-19,5432018278614;2,68199219822906;1,52838389719892;1,55555567096163;0,906735395569924;0,505569093294629;0,505568510213577;0,542423295383888;0,645128743653648;0,999999654320567;0,839312184375599;0,686365732674007;0,484882772849465;0,338111817657018;-2,14551609259277;-2,4282524118668;-2,59869384510399;-3,05978324250474;-4,0610219701259;-3,99395385733955;-3,3217977374888;-2,72007905507952;-2,13829182353672;-1,18500861275905;-1,85736416666674;-2,23882456322202;-2,86260508058283;-5,02140762454537;-5,09729664790047;-4,06960428105759;-3,34524631734356;-2,65932913921636;0,0616023919182442;0,0160928837337721;0,0388562224715487;0,0179218411707625;0,0385225292945519;0,00612082035677787;0,015699196058898;0,00918210322227181;-3;-3;1;1,121363580431399;1;-3;-3;0,19753329677493053;1;1;-13178,2696305639;NA;All
3280;1,88304088315069;2,84254900688767;2,29896849114977;2,50980797761203;2,71397452471025;2,28043562394877;2,41260264278576;2,44819771007298;2,45700793771892;1,97913013422064;1,92132520506502;1,63046728101526;1,43501376778664;4,90550357958464;1,52473550763761;1,76609058341847;1,91673558388257;1,51866759986513;1,93717807202571;1,61222558828219;-21,2493949166985;-3,79008603045278;-7,20969029393746;-8,51566303812501;-5,61065921085665;-5,62225021785504;-10,536537451225;-9,44246507450126;-6,41341979102222;-16,1050701691777;-11,9039710737268;-17,958603469274;-25,1241603258947;-42,2201109096562;-17,9934367568665;-15,1495215606078;-15,8921403085173;-20,6995455137417;-14,7704510396926;-19,5432018278614;2,68199219822906;1,52838389719892;1,55555567096163;0,906735395569924;0,505569093294629;0,505568510213577;0,542423295383888;0,645128743653648;0,999999654320567;0,839312184375599;0,686365732674007;0,484882772849465;0,338111817657018;-2,14551609259277;-2,4282524118668;-2,59869384510399;-3,05978324250474;-4,0610219701259;-3,99395385733955;-3,3217977374888;-2,72007905507952;-2,13829182353672;-1,18500861275905;-1,85736416666674;-2,23882456322202;-2,86260508058283;-5,02140762454537;-5,09729664790047;-4,06960428105759;-3,34524631734356;-2,65932913921636;0,0616023919182442;0,0160928837337721;0,0388562224715487;0,0179218411707625;0,0385225292945519;0,00612082035677787;0,015699196058898;0,00918210322227181;-3;-3;1;1,051353956744369;1;-3;-3;0,30963318890474928;1;1;-13175,1289456214;NA;All
3290;1,88304088315069;2,84254900688767;2,29896849114977;2,50980797761203;2,71397452471025;2,28043562394877;2,41260264278576;2,44819771007298;2,45700793771892;1,97913013422064;1,92132520506502;1,63046728101526;1,43501376778664;4,90550357958464;1,52473550763761;1,76609058341847;1,91673558388257;1,51866759986513;1,93717807202571;1,61222558828219;-21,2493949166985;-3,79008603045278;-7,20969029393746;-8,51566303812501;-5,61065921085665;-5,62225021785504;-10,536537451225;-9,44246507450126;-6,41341979102222;-16,1050701691777;-11,9039710737268;-17,958603469274;-25,1241603258947;-42,2201109096562;-17,9934367568665;-15,1495215606078;-15,8921403085173;-20,6995455137417;-14,7704510396926;-19,5432018278614;2,68199219822906;1,52838389719892;1,55555567096163;0,906735395569924;0,505569093294629;0,505568510213577;0,542423295383888;0,645128743653648;0,999999654320567;0,839312184375599;0,686365732674007;0,484882772849465;0,338111817657018;-2,14551609259277;-2,4282524118668;-2,59869384510399;-3,05978324250474;-4,0610219701259;-3,99395385733955;-3,3217977374888;-2,72007905507952;-2,13829182353672;-1,18500861275905;-1,85736416666674;-2,23882456322202;-2,86260508058283;-5,02140762454537;-5,09729664790047;-4,06960428105759;-3,34524631734356;-2,65932913921636;0,0616023919182442;0,0160928837337721;0,0388562224715487;0,0179218411707625;0,0385225292945519;0,00612082035677787;0,015699196058898;0,00918210322227181;-3;-3;1;1,003871809578534;1;-3;-3;0,62113934617470190;1;1;-13175,1603173119;NA;All
3300;1,88304088315069;2,84254900688767;2,29896849114977;2,50980797761203;2,71397452471025;2,28043562394877;2,41260264278576;2,44819771007298;2,45700793771892;1,97913013422064;1,92132520506502;1,63046728101526;1,43501376778664;4,90550357958464;1,52473550763761;1,76609058341847;1,91673558388257;1,51866759986513;1,93717807202571;1,61222558828219;-21,2493949166985;-3,79008603045278;-7,20969029393746;-8,51566303812501;-5,61065921085665;-5,62225021785504;-10,536537451225;-9,44246507450126;-6,41341979102222;-16,1050701691777;-11,9039710737268;-17,958603469274;-25,1241603258947;-42,2201109096562;-17,9934367568665;-15,1495215606078;-15,8921403085173;-20,6995455137417;-14,7704510396926;-19,5432018278614;2,68199219822906;1,52838389719892;1,55555567096163;0,906735395569924;0,505569093294629;0,505568510213577;0,542423295383888;0,645128743653648;0,999999654320567;0,839312184375599;0,686365732674007;0,484882772849465;0,338111817657018;-2,14551609259277;-2,4282524118668;-2,59869384510399;-3,05978324250474;-4,0610219701259;-3,99395385733955;-3,3217977374888;-2,72007905507952;-2,13829182353672;-1,18500861275905;-1,85736416666674;-2,23882456322202;-2,86260508058283;-5,02140762454537;-5,09729664790047;-4,06960428105759;-3,34524631734356;-2,65932913921636;0,0616023919182442;0,0160928837337721;0,0388562224715487;0,0179218411707625;0,0385225292945519;0,00612082035677787;0,015699196058898;0,00918210322227181;-3;-3;1;1,086440447396633;1;-3;-3;0,24915193124573232;1;1;-13176,4146497896;NA;All
3310;1,88304088315069;2,84254900688767;2,29896849114977;2,50980797761203;2,71397452471025;2,28043562394877;2,41260264278576;2,44819771007298;2,45700793771892;1,97913013422064;1,92132520506502;1,63046728101526;1,43501376778664;4,90550357958464;1,52473550763761;1,76609058341847;1,91673558388257;1,51866759986513;1,93717807202571;1,61222558828219;-21,2493949166985;-3,79008603045278;-7,20969029393746;-8,51566303812501;-5,61065921085665;-5,62225021785504;-10,536537451225;-9,44246507450126;-6,41341979102222;-16,1050701691777;-11,9039710737268;-17,958603469274;-25,1241603258947;-42,2201109096562;-17,9934367568665;-15,1495215606078;-15,8921403085173;-20,6995455137417;-14,7704510396926;-19,5432018278614;2,68199219822906;1,52838389719892;1,55555567096163;0,906735395569924;0,505569093294629;0,505568510213577;0,542423295383888;0,645128743653648;0,999999654320567;0,839312184375599;0,686365732674007;0,484882772849465;0,338111817657018;-2,14551609259277;-2,4282524118668;-2,59869384510399;-3,05978324250474;-4,0610219701259;-3,99395385733955;-3,3217977374888;-2,72007905507952;-2,13829182353672;-1,18500861275905;-1,85736416666674;-2,23882456322202;-2,86260508058283;-5,02140762454537;-5,09729664790047;-4,06960428105759;-3,34524631734356;-2,65932913921636;0,0616023919182442;0,0160928837337721;0,0388562224715487;0,0179218411707625;0,0385225292945519;0,00612082035677787;0,015699196058898;0,00918210322227181;-3;-3;1;1,053582146967399;1;-3;-3;0,40926249216004373;1;1;-13175,1178566521;NA;All
3320;1,88304088315069;2,84254900688767;2,29896849114977;2,50980797761203;2,71397452471025;2,28043562394877;2,41260264278576;2,44819771007298;2,45700793771892;1,97913013422064;1,92132520506502;1,63046728101526;1,43501376778664;4,90550357958464;1,52473550763761;1,76609058341847;1,91673558388257;1,51866759986513;1,93717807202571;1,61222558828219;-21,2493949166985;-3,79008603045278;-7,20969029393746;-8,51566303812501;-5,61065921085665;-5,62225021785504;-10,536537451225;-9,44246507450126;-6,41341979102222;-16,1050701691777;-11,9039710737268;-17,958603469274;-25,1241603258947;-42,2201109096562;-17,9934367568665;-15,1495215606078;-15,8921403085173;-20,6995455137417;-14,7704510396926;-19,5432018278614;2,68199219822906;1,52838389719892;1,55555567096163;0,906735395569924;0,505569093294629;0,505568510213577;0,542423295383888;0,645128743653648;0,999999654320567;0,839312184375599;0,686365732674007;0,484882772849465;0,338111817657018;-2,14551609259277;-2,4282524118668;-2,59869384510399;-3,05978324250474;-4,0610219701259;-3,99395385733955;-3,3217977374888;-2,72007905507952;-2,13829182353672;-1,18500861275905;-1,85736416666674;-2,23882456322202;-2,86260508058283;-5,02140762454537;-5,09729664790047;-4,06960428105759;-3,34524631734356;-2,65932913921636;0,0616023919182442;0,0160928837337721;0,0388562224715487;0,0179218411707625;0,0385225292945519;0,00612082035677787;0,015699196058898;0,00918210322227181;-3;-3;1;1,025204358183005;1;-3;-3;0,35210502878048988;1;1;-13174,5959860888;NA;All
3330;1,88304088315069;2,84254900688767;2,29896849114977;2,50980797761203;2,71397452471025;2,28043562394877;2,41260264278576;2,44819771007298;2,45700793771892;1,97913013422064;1,92132520506502;1,63046728101526;1,43501376778664;4,90550357958464;1,52473550763761;1,76609058341847;1,91673558388257;1,51866759986513;1,93717807202571;1,61222558828219;-21,2493949166985;-3,79008603045278;-7,20969029393746;-8,51566303812501;-5,61065921085665;-5,62225021785504;-10,536537451225;-9,44246507450126;-6,41341979102222;-16,1050701691777;-11,9039710737268;-17,958603469274;-25,1241603258947;-42,2201109096562;-17,9934367568665;-15,1495215606078;-15,8921403085173;-20,6995455137417;-14,7704510396926;-19,5432018278614;2,68199219822906;1,52838389719892;1,55555567096163;0,906735395569924;0,505569093294629;0,505568510213577;0,542423295383888;0,645128743653648;0,999999654320567;0,839312184375599;0,686365732674007;0,484882772849465;0,338111817657018;-2,14551609259277;-2,4282524118668;-2,59869384510399;-3,05978324250474;-4,0610219701259;-3,99395385733955;-3,3217977374888;-2,72007905507952;-2,13829182353672;-1,18500861275905;-1,85736416666674;-2,23882456322202;-2,86260508058283;-5,02140762454537;-5,09729664790047;-4,06960428105759;-3,34524631734356;-2,65932913921636;0,0616023919182442;0,0160928837337721;0,0388562224715487;0,0179218411707625;0,0385225292945519;0,00612082035677787;0,015699196058898;0,00918210322227181;-3;-3;1;0,988642467352135;1;-3;-3;0,39427442497774601;1;1;-13174,4737947457;NA;All
3340;1,88304088315069;2,84254900688767;2,29896849114977;2,50980797761203;2,71397452471025;2,28043562394877;2,41260264278576;2,44819771007298;2,45700793771892;1,97913013422064;1,92132520506502;1,63046728101526;1,43501376778664;4,90550357958464;1,52473550763761;1,76609058341847;1,91673558388257;1,51866759986513;1,93717807202571;1,61222558828219;-21,2493949166985;-3,79008603045278;-7,20969029393746;-8,51566303812501;-5,61065921085665;-5,62225021785504;-10,536537451225;-9,44246507450126;-6,41341979102222;-16,1050701691777;-11,9039710737268;-17,958603469274;-25,1241603258947;-42,2201109096562;-17,9934367568665;-15,1495215606078;-15,8921403085173;-20,6995455137417;-14,7704510396926;-19,5432018278614;2,68199219822906;1,52838389719892;1,55555567096163;0,906735395569924;0,505569093294629;0,505568510213577;0,542423295383888;0,645128743653648;0,999999654320567;0,839312184375599;0,686365732674007;0,484882772849465;0,338111817657018;-2,14551609259277;-2,4282524118668;-2,59869384510399;-3,05978324250474;-4,0610219701259;-3,99395385733955;-3,3217977374888;-2,72007905507952;-2,13829182353672;-1,18500861275905;-1,85736416666674;-2,23882456322202;-2,86260508058283;-5,02140762454537;-5,09729664790047;-4,06960428105759;-3,34524631734356;-2,65932913921636;0,0616023919182442;0,0160928837337721;0,0388562224715487;0,0179218411707625;0,0385225292945519;0,00612082035677787;0,015699196058898;0,00918210322227181;-3;-3;1;0,988642467352135;1;-3;-3;0,39427442497774601;1;1;-13174,4737947457;NA;All
3350;1,88304088315069;2,84254900688767;2,29896849114977;2,50980797761203;2,71397452471025;2,28043562394877;2,41260264278576;2,44819771007298;2,45700793771892;1,97913013422064;1,92132520506502;1,63046728101526;1,43501376778664;4,90550357958464;1,52473550763761;1,76609058341847;1,91673558388257;1,51866759986513;1,93717807202571;1,61222558828219;-21,2493949166985;-3,79008603045278;-7,20969029393746;-8,51566303812501;-5,61065921085665;-5,62225021785504;-10,536537451225;-9,44246507450126;-6,41341979102222;-16,1050701691777;-11,9039710737268;-17,958603469274;-25,1241603258947;-42,2201109096562;-17,9934367568665;-15,1495215606078;-15,8921403085173;-20,6995455137417;-14,7704510396926;-19,5432018278614;2,68199219822906;1,52838389719892;1,55555567096163;0,906735395569924;0,505569093294629;0,505568510213577;0,542423295383888;0,645128743653648;0,999999654320567;0,839312184375599;0,686365732674007;0,484882772849465;0,338111817657018;-2,14551609259277;-2,4282524118668;-2,59869384510399;-3,05978324250474;-4,0610219701259;-3,99395385733955;-3,3217977374888;-2,72007905507952;-2,13829182353672;-1,18500861275905;-1,85736416666674;-2,23882456322202;-2,86260508058283;-5,02140762454537;-5,09729664790047;-4,06960428105759;-3,34524631734356;-2,65932913921636;0,0616023919182442;0,0160928837337721;0,0388562224715487;0,0179218411707625;0,0385225292945519;0,00612082035677787;0,015699196058898;0,00918210322227181;-3;-3;1;0,968859508785509;1;-3;-3;0,50182716302445840;1;1;-13174,8461401012;NA;All
3360;1,88304088315069;2,84254900688767;2,29896849114977;2,50980797761203;2,71397452471025;2,28043562394877;2,41260264278576;2,44819771007298;2,45700793771892;1,97913013422064;1,92132520506502;1,63046728101526;1,43501376778664;4,90550357958464;1,52473550763761;1,76609058341847;1,91673558388257;1,51866759986513;1,93717807202571;1,61222558828219;-21,2493949166985;-3,79008603045278;-7,20969029393746;-8,51566303812501;-5,61065921085665;-5,62225021785504;-10,536537451225;-9,44246507450126;-6,41341979102222;-16,1050701691777;-11,9039710737268;-17,958603469274;-25,1241603258947;-42,2201109096562;-17,9934367568665;-15,1495215606078;-15,8921403085173;-20,6995455137417;-14,7704510396926;-19,5432018278614;2,68199219822906;1,52838389719892;1,55555567096163;0,906735395569924;0,505569093294629;0,505568510213577;0,542423295383888;0,645128743653648;0,999999654320567;0,839312184375599;0,686365732674007;0,484882772849465;0,338111817657018;-2,14551609259277;-2,4282524118668;-2,59869384510399;-3,05978324250474;-4,0610219701259;-3,99395385733955;-3,3217977374888;-2,72007905507952;-2,13829182353672;-1,18500861275905;-1,85736416666674;-2,23882456322202;-2,86260508058283;-5,02140762454537;-5,09729664790047;-4,06960428105759;-3,34524631734356;-2,65932913921636;0,0616023919182442;0,0160928837337721;0,0388562224715487;0,0179218411707625;0,0385225292945519;0,00612082035677787;0,015699196058898;0,00918210322227181;-3;-3;1;1,020087589209378;1;-3;-3;0,37158421300150046;1;1;-13174,5256663107;NA;All
3370;1,88304088315069;2,84254900688767;2,29896849114977;2,50980797761203;2,71397452471025;2,28043562394877;2,41260264278576;2,44819771007298;2,45700793771892;1,97913013422064;1,92132520506502;1,63046728101526;1,43501376778664;4,90550357958464;1,52473550763761;1,76609058341847;1,91673558388257;1,51866759986513;1,93717807202571;1,61222558828219;-21,2493949166985;-3,79008603045278;-7,20969029393746;-8,51566303812501;-5,61065921085665;-5,62225021785504;-10,536537451225;-9,44246507450126;-6,41341979102222;-16,1050701691777;-11,9039710737268;-17,958603469274;-25,1241603258947;-42,2201109096562;-17,9934367568665;-15,1495215606078;-15,8921403085173;-20,6995455137417;-14,7704510396926;-19,5432018278614;2,68199219822906;1,52838389719892;1,55555567096163;0,906735395569924;0,505569093294629;0,505568510213577;0,542423295383888;0,645128743653648;0,999999654320567;0,839312184375599;0,686365732674007;0,484882772849465;0,338111817657018;-2,14551609259277;-2,4282524118668;-2,59869384510399;-3,05978324250474;-4,0610219701259;-3,99395385733955;-3,3217977374888;-2,72007905507952;-2,13829182353672;-1,18500861275905;-1,85736416666674;-2,23882456322202;-2,86260508058283;-5,02140762454537;-5,09729664790047;-4,06960428105759;-3,34524631734356;-2,65932913921636;0,0616023919182442;0,0160928837337721;0,0388562224715487;0,0179218411707625;0,0385225292945519;0,00612082035677787;0,015699196058898;0,00918210322227181;-3;-3;1;1,032386895263169;1;-3;-3;0,21646278045683515;1;1;-13175,1137369767;NA;All
3380;1,88304088315069;2,84254900688767;2,29896849114977;2,50980797761203;2,71397452471025;2,28043562394877;2,41260264278576;2,44819771007298;2,45700793771892;1,97913013422064;1,92132520506502;1,63046728101526;1,43501376778664;4,90550357958464;1,52473550763761;1,76609058341847;1,91673558388257;1,51866759986513;1,93717807202571;1,61222558828219;-21,2493949166985;-3,79008603045278;-7,20969029393746;-8,51566303812501;-5,61065921085665;-5,62225021785504;-10,536537451225;-9,44246507450126;-6,41341979102222;-16,1050701691777;-11,9039710737268;-17,958603469274;-25,1241603258947;-42,2201109096562;-17,9934367568665;-15,1495215606078;-15,8921403085173;-20,6995455137417;-14,7704510396926;-19,5432018278614;2,68199219822906;1,52838389719892;1,55555567096163;0,906735395569924;0,505569093294629;0,505568510213577;0,542423295383888;0,645128743653648;0,999999654320567;0,839312184375599;0,686365732674007;0,484882772849465;0,338111817657018;-2,14551609259277;-2,4282524118668;-2,59869384510399;-3,05978324250474;-4,0610219701259;-3,99395385733955;-3,3217977374888;-2,72007905507952;-2,13829182353672;-1,18500861275905;-1,85736416666674;-2,23882456322202;-2,86260508058283;-5,02140762454537;-5,09729664790047;-4,06960428105759;-3,34524631734356;-2,65932913921636;0,0616023919182442;0,0160928837337721;0,0388562224715487;0,0179218411707625;0,0385225292945519;0,00612082035677787;0,015699196058898;0,00918210322227181;-3;-3;1;0,967989354330255;1;-3;-3;0,11829192953066092;1;1;-13175,8734159074;NA;All
3390;1,88304088315069;2,84254900688767;2,29896849114977;2,50980797761203;2,71397452471025;2,28043562394877;2,41260264278576;2,44819771007298;2,45700793771892;1,97913013422064;1,92132520506502;1,63046728101526;1,43501376778664;4,90550357958464;1,52473550763761;1,76609058341847;1,91673558388257;1,51866759986513;1,93717807202571;1,61222558828219;-21,2493949166985;-3,79008603045278;-7,20969029393746;-8,51566303812501;-5,61065921085665;-5,62225021785504;-10,536537451225;-9,44246507450126;-6,41341979102222;-16,1050701691777;-11,9039710737268;-17,958603469274;-25,1241603258947;-42,2201109096562;-17,9934367568665;-15,1495215606078;-15,8921403085173;-20,6995455137417;-14,7704510396926;-19,5432018278614;2,68199219822906;1,52838389719892;1,55555567096163;0,906735395569924;0,505569093294629;0,505568510213577;0,542423295383888;0,645128743653648;0,999999654320567;0,839312184375599;0,686365732674007;0,484882772849465;0,338111817657018;-2,14551609259277;-2,4282524118668;-2,59869384510399;-3,05978324250474;-4,0610219701259;-3,99395385733955;-3,3217977374888;-2,72007905507952;-2,13829182353672;-1,18500861275905;-1,85736416666674;-2,23882456322202;-2,86260508058283;-5,02140762454537;-5,09729664790047;-4,06960428105759;-3,34524631734356;-2,65932913921636;0,0616023919182442;0,0160928837337721;0,0388562224715487;0,0179218411707625;0,0385225292945519;0,00612082035677787;0,015699196058898;0,00918210322227181;-3;-3;1;1,024481276451147;1;-3;-3;0,64214304629844288;1;1;-13175,4745355679;NA;All
3400;1,88304088315069;2,84254900688767;2,29896849114977;2,50980797761203;2,71397452471025;2,28043562394877;2,41260264278576;2,44819771007298;2,45700793771892;1,97913013422064;1,92132520506502;1,63046728101526;1,43501376778664;4,90550357958464;1,52473550763761;1,76609058341847;1,91673558388257;1,51866759986513;1,93717807202571;1,61222558828219;-21,2493949166985;-3,79008603045278;-7,20969029393746;-8,51566303812501;-5,61065921085665;-5,62225021785504;-10,536537451225;-9,44246507450126;-6,41341979102222;-16,1050701691777;-11,9039710737268;-17,958603469274;-25,1241603258947;-42,2201109096562;-17,9934367568665;-15,1495215606078;-15,8921403085173;-20,6995455137417;-14,7704510396926;-19,5432018278614;2,68199219822906;1,52838389719892;1,55555567096163;0,906735395569924;0,505569093294629;0,505568510213577;0,542423295383888;0,645128743653648;0,999999654320567;0,839312184375599;0,686365732674007;0,484882772849465;0,338111817657018;-2,14551609259277;-2,4282524118668;-2,59869384510399;-3,05978324250474;-4,0610219701259;-3,99395385733955;-3,3217977374888;-2,72007905507952;-2,13829182353672;-1,18500861275905;-1,85736416666674;-2,23882456322202;-2,86260508058283;-5,02140762454537;-5,09729664790047;-4,06960428105759;-3,34524631734356;-2,65932913921636;0,0616023919182442;0,0160928837337721;0,0388562224715487;0,0179218411707625;0,0385225292945519;0,00612082035677787;0,015699196058898;0,00918210322227181;-3;-3;1;0,952068897139338;1;-3;-3;0,22561497588923848;1;1;-13175,4864388497;NA;All
3410;1,88304088315069;2,84254900688767;2,29896849114977;2,50980797761203;2,71397452471025;2,28043562394877;2,41260264278576;2,44819771007298;2,45700793771892;1,97913013422064;1,92132520506502;1,63046728101526;1,43501376778664;4,90550357958464;1,52473550763761;1,76609058341847;1,91673558388257;1,51866759986513;1,93717807202571;1,61222558828219;-21,2493949166985;-3,79008603045278;-7,20969029393746;-8,51566303812501;-5,61065921085665;-5,62225021785504;-10,536537451225;-9,44246507450126;-6,41341979102222;-16,1050701691777;-11,9039710737268;-17,958603469274;-25,1241603258947;-42,2201109096562;-17,9934367568665;-15,1495215606078;-15,8921403085173;-20,6995455137417;-14,7704510396926;-19,5432018278614;2,68199219822906;1,52838389719892;1,55555567096163;0,906735395569924;0,505569093294629;0,505568510213577;0,542423295383888;0,645128743653648;0,999999654320567;0,839312184375599;0,686365732674007;0,484882772849465;0,338111817657018;-2,14551609259277;-2,4282524118668;-2,59869384510399;-3,05978324250474;-4,0610219701259;-3,99395385733955;-3,3217977374888;-2,72007905507952;-2,13829182353672;-1,18500861275905;-1,85736416666674;-2,23882456322202;-2,86260508058283;-5,02140762454537;-5,09729664790047;-4,06960428105759;-3,34524631734356;-2,65932913921636;0,0616023919182442;0,0160928837337721;0,0388562224715487;0,0179218411707625;0,0385225292945519;0,00612082035677787;0,015699196058898;0,00918210322227181;-3;-3;1;0,959766375783416;1;-3;-3;0,24536653945255260;1;1;-13175,2185838547;NA;All
3420;1,88304088315069;2,84254900688767;2,29896849114977;2,50980797761203;2,71397452471025;2,28043562394877;2,41260264278576;2,44819771007298;2,45700793771892;1,97913013422064;1,92132520506502;1,63046728101526;1,43501376778664;4,90550357958464;1,52473550763761;1,76609058341847;1,91673558388257;1,51866759986513;1,93717807202571;1,61222558828219;-21,2493949166985;-3,79008603045278;-7,20969029393746;-8,51566303812501;-5,61065921085665;-5,62225021785504;-10,536537451225;-9,44246507450126;-6,41341979102222;-16,1050701691777;-11,9039710737268;-17,958603469274;-25,1241603258947;-42,2201109096562;-17,9934367568665;-15,1495215606078;-15,8921403085173;-20,6995455137417;-14,7704510396926;-19,5432018278614;2,68199219822906;1,52838389719892;1,55555567096163;0,906735395569924;0,505569093294629;0,505568510213577;0,542423295383888;0,645128743653648;0,999999654320567;0,839312184375599;0,686365732674007;0,484882772849465;0,338111817657018;-2,14551609259277;-2,4282524118668;-2,59869384510399;-3,05978324250474;-4,0610219701259;-3,99395385733955;-3,3217977374888;-2,72007905507952;-2,13829182353672;-1,18500861275905;-1,85736416666674;-2,23882456322202;-2,86260508058283;-5,02140762454537;-5,09729664790047;-4,06960428105759;-3,34524631734356;-2,65932913921636;0,0616023919182442;0,0160928837337721;0,0388562224715487;0,0179218411707625;0,0385225292945519;0,00612082035677787;0,015699196058898;0,00918210322227181;-3;-3;1;1,013825812865758;1;-3;-3;0,47673115389294973;1;1;-13174,5673888377;NA;All
3430;1,88304088315069;2,84254900688767;2,29896849114977;2,50980797761203;2,71397452471025;2,28043562394877;2,41260264278576;2,44819771007298;2,45700793771892;1,97913013422064;1,92132520506502;1,63046728101526;1,43501376778664;4,90550357958464;1,52473550763761;1,76609058341847;1,91673558388257;1,51866759986513;1,93717807202571;1,61222558828219;-21,2493949166985;-3,79008603045278;-7,20969029393746;-8,51566303812501;-5,61065921085665;-5,62225021785504;-10,536537451225;-9,44246507450126;-6,41341979102222;-16,1050701691777;-11,9039710737268;-17,958603469274;-25,1241603258947;-42,2201109096562;-17,9934367568665;-15,1495215606078;-15,8921403085173;-20,6995455137417;-14,7704510396926;-19,5432018278614;2,68199219822906;1,52838389719892;1,55555567096163;0,906735395569924;0,505569093294629;0,505568510213577;0,542423295383888;0,645128743653648;0,999999654320567;0,839312184375599;0,686365732674007;0,484882772849465;0,338111817657018;-2,14551609259277;-2,4282524118668;-2,59869384510399;-3,05978324250474;-4,0610219701259;-3,99395385733955;-3,3217977374888;-2,72007905507952;-2,13829182353672;-1,18500861275905;-1,85736416666674;-2,23882456322202;-2,86260508058283;-5,02140762454537;-5,09729664790047;-4,06960428105759;-3,34524631734356;-2,65932913921636;0,0616023919182442;0,0160928837337721;0,0388562224715487;0,0179218411707625;0,0385225292945519;0,00612082035677787;0,015699196058898;0,00918210322227181;-3;-3;1;0,939093589914502;1;-3;-3;0,65085632603984500;1;1;-13176,3175012789;NA;All
3440;1,88304088315069;2,84254900688767;2,29896849114977;2,50980797761203;2,71397452471025;2,28043562394877;2,41260264278576;2,44819771007298;2,45700793771892;1,97913013422064;1,92132520506502;1,63046728101526;1,43501376778664;4,90550357958464;1,52473550763761;1,76609058341847;1,91673558388257;1,51866759986513;1,93717807202571;1,61222558828219;-21,2493949166985;-3,79008603045278;-7,20969029393746;-8,51566303812501;-5,61065921085665;-5,62225021785504;-10,536537451225;-9,44246507450126;-6,41341979102222;-16,1050701691777;-11,9039710737268;-17,958603469274;-25,1241603258947;-42,2201109096562;-17,9934367568665;-15,1495215606078;-15,8921403085173;-20,6995455137417;-14,7704510396926;-19,5432018278614;2,68199219822906;1,52838389719892;1,55555567096163;0,906735395569924;0,505569093294629;0,505568510213577;0,542423295383888;0,645128743653648;0,999999654320567;0,839312184375599;0,686365732674007;0,484882772849465;0,338111817657018;-2,14551609259277;-2,4282524118668;-2,59869384510399;-3,05978324250474;-4,0610219701259;-3,99395385733955;-3,3217977374888;-2,72007905507952;-2,13829182353672;-1,18500861275905;-1,85736416666674;-2,23882456322202;-2,86260508058283;-5,02140762454537;-5,09729664790047;-4,06960428105759;-3,34524631734356;-2,65932913921636;0,0616023919182442;0,0160928837337721;0,0388562224715487;0,0179218411707625;0,0385225292945519;0,00612082035677787;0,015699196058898;0,00918210322227181;-3;-3;1;1,007903962584564;1;-3;-3;0,34107014625374255;1;1;-13174,4875476524;NA;All
3450;1,88304088315069;2,84254900688767;2,29896849114977;2,50980797761203;2,71397452471025;2,28043562394877;2,41260264278576;2,44819771007298;2,45700793771892;1,97913013422064;1,92132520506502;1,63046728101526;1,43501376778664;4,90550357958464;1,52473550763761;1,76609058341847;1,91673558388257;1,51866759986513;1,93717807202571;1,61222558828219;-21,2493949166985;-3,79008603045278;-7,20969029393746;-8,51566303812501;-5,61065921085665;-5,62225021785504;-10,536537451225;-9,44246507450126;-6,41341979102222;-16,1050701691777;-11,9039710737268;-17,958603469274;-25,1241603258947;-42,2201109096562;-17,9934367568665;-15,1495215606078;-15,8921403085173;-20,6995455137417;-14,7704510396926;-19,5432018278614;2,68199219822906;1,52838389719892;1,55555567096163;0,906735395569924;0,505569093294629;0,505568510213577;0,542423295383888;0,645128743653648;0,999999654320567;0,839312184375599;0,686365732674007;0,484882772849465;0,338111817657018;-2,14551609259277;-2,4282524118668;-2,59869384510399;-3,05978324250474;-4,0610219701259;-3,99395385733955;-3,3217977374888;-2,72007905507952;-2,13829182353672;-1,18500861275905;-1,85736416666674;-2,23882456322202;-2,86260508058283;-5,02140762454537;-5,09729664790047;-4,06960428105759;-3,34524631734356;-2,65932913921636;0,0616023919182442;0,0160928837337721;0,0388562224715487;0,0179218411707625;0,0385225292945519;0,00612082035677787;0,015699196058898;0,00918210322227181;-3;-3;1;1,004596953770469;1;-3;-3;0,22129334447568383;1;1;-13174,8886258171;NA;All
3460;1,88304088315069;2,84254900688767;2,29896849114977;2,50980797761203;2,71397452471025;2,28043562394877;2,41260264278576;2,44819771007298;2,45700793771892;1,97913013422064;1,92132520506502;1,63046728101526;1,43501376778664;4,90550357958464;1,52473550763761;1,76609058341847;1,91673558388257;1,51866759986513;1,93717807202571;1,61222558828219;-21,2493949166985;-3,79008603045278;-7,20969029393746;-8,51566303812501;-5,61065921085665;-5,62225021785504;-10,536537451225;-9,44246507450126;-6,41341979102222;-16,1050701691777;-11,9039710737268;-17,958603469274;-25,1241603258947;-42,2201109096562;-17,9934367568665;-15,1495215606078;-15,8921403085173;-20,6995455137417;-14,7704510396926;-19,5432018278614;2,68199219822906;1,52838389719892;1,55555567096163;0,906735395569924;0,505569093294629;0,505568510213577;0,542423295383888;0,645128743653648;0,999999654320567;0,839312184375599;0,686365732674007;0,484882772849465;0,338111817657018;-2,14551609259277;-2,4282524118668;-2,59869384510399;-3,05978324250474;-4,0610219701259;-3,99395385733955;-3,3217977374888;-2,72007905507952;-2,13829182353672;-1,18500861275905;-1,85736416666674;-2,23882456322202;-2,86260508058283;-5,02140762454537;-5,09729664790047;-4,06960428105759;-3,34524631734356;-2,65932913921636;0,0616023919182442;0,0160928837337721;0,0388562224715487;0,0179218411707625;0,0385225292945519;0,00612082035677787;0,015699196058898;0,00918210322227181;-3;-3;1;0,968330311305945;1;-3;-3;0,32658114857198806;1;1;-13174,7878646821;NA;All
3470;1,88304088315069;2,84254900688767;2,29896849114977;2,50980797761203;2,71397452471025;2,28043562394877;2,41260264278576;2,44819771007298;2,45700793771892;1,97913013422064;1,92132520506502;1,63046728101526;1,43501376778664;4,90550357958464;1,52473550763761;1,76609058341847;1,91673558388257;1,51866759986513;1,93717807202571;1,61222558828219;-21,2493949166985;-3,79008603045278;-7,20969029393746;-8,51566303812501;-5,61065921085665;-5,62225021785504;-10,536537451225;-9,44246507450126;-6,41341979102222;-16,1050701691777;-11,9039710737268;-17,958603469274;-25,1241603258947;-42,2201109096562;-17,9934367568665;-15,1495215606078;-15,8921403085173;-20,6995455137417;-14,7704510396926;-19,5432018278614;2,68199219822906;1,52838389719892;1,55555567096163;0,906735395569924;0,505569093294629;0,505568510213577;0,542423295383888;0,645128743653648;0,999999654320567;0,839312184375599;0,686365732674007;0,484882772849465;0,338111817657018;-2,14551609259277;-2,4282524118668;-2,59869384510399;-3,05978324250474;-4,0610219701259;-3,99395385733955;-3,3217977374888;-2,72007905507952;-2,13829182353672;-1,18500861275905;-1,85736416666674;-2,23882456322202;-2,86260508058283;-5,02140762454537;-5,09729664790047;-4,06960428105759;-3,34524631734356;-2,65932913921636;0,0616023919182442;0,0160928837337721;0,0388562224715487;0,0179218411707625;0,0385225292945519;0,00612082035677787;0,015699196058898;0,00918210322227181;-3;-3;1;1,043041639275611;1;-3;-3;0,36945424753140177;1;1;-13174,8658851266;NA;All
3480;1,88304088315069;2,84254900688767;2,29896849114977;2,50980797761203;2,71397452471025;2,28043562394877;2,41260264278576;2,44819771007298;2,45700793771892;1,97913013422064;1,92132520506502;1,63046728101526;1,43501376778664;4,90550357958464;1,52473550763761;1,76609058341847;1,91673558388257;1,51866759986513;1,93717807202571;1,61222558828219;-21,2493949166985;-3,79008603045278;-7,20969029393746;-8,51566303812501;-5,61065921085665;-5,62225021785504;-10,536537451225;-9,44246507450126;-6,41341979102222;-16,1050701691777;-11,9039710737268;-17,958603469274;-25,1241603258947;-42,2201109096562;-17,9934367568665;-15,1495215606078;-15,8921403085173;-20,6995455137417;-14,7704510396926;-19,5432018278614;2,68199219822906;1,52838389719892;1,55555567096163;0,906735395569924;0,505569093294629;0,505568510213577;0,542423295383888;0,645128743653648;0,999999654320567;0,839312184375599;0,686365732674007;0,484882772849465;0,338111817657018;-2,14551609259277;-2,4282524118668;-2,59869384510399;-3,05978324250474;-4,0610219701259;-3,99395385733955;-3,3217977374888;-2,72007905507952;-2,13829182353672;-1,18500861275905;-1,85736416666674;-2,23882456322202;-2,86260508058283;-5,02140762454537;-5,09729664790047;-4,06960428105759;-3,34524631734356;-2,65932913921636;0,0616023919182442;0,0160928837337721;0,0388562224715487;0,0179218411707625;0,0385225292945519;0,00612082035677787;0,015699196058898;0,00918210322227181;-3;-3;1;1,008554975292664;1;-3;-3;0,78258950132985883;1;1;-13176,5982859665;NA;All
3490;1,88304088315069;2,84254900688767;2,29896849114977;2,50980797761203;2,71397452471025;2,28043562394877;2,41260264278576;2,44819771007298;2,45700793771892;1,97913013422064;1,92132520506502;1,63046728101526;1,43501376778664;4,90550357958464;1,52473550763761;1,76609058341847;1,91673558388257;1,51866759986513;1,93717807202571;1,61222558828219;-21,2493949166985;-3,79008603045278;-7,20969029393746;-8,51566303812501;-5,61065921085665;-5,62225021785504;-10,536537451225;-9,44246507450126;-6,41341979102222;-16,1050701691777;-11,9039710737268;-17,958603469274;-25,1241603258947;-42,2201109096562;-17,9934367568665;-15,1495215606078;-15,8921403085173;-20,6995455137417;-14,7704510396926;-19,5432018278614;2,68199219822906;1,52838389719892;1,55555567096163;0,906735395569924;0,505569093294629;0,505568510213577;0,542423295383888;0,645128743653648;0,999999654320567;0,839312184375599;0,686365732674007;0,484882772849465;0,338111817657018;-2,14551609259277;-2,4282524118668;-2,59869384510399;-3,05978324250474;-4,0610219701259;-3,99395385733955;-3,3217977374888;-2,72007905507952;-2,13829182353672;-1,18500861275905;-1,85736416666674;-2,23882456322202;-2,86260508058283;-5,02140762454537;-5,09729664790047;-4,06960428105759;-3,34524631734356;-2,65932913921636;0,0616023919182442;0,0160928837337721;0,0388562224715487;0,0179218411707625;0,0385225292945519;0,00612082035677787;0,015699196058898;0,00918210322227181;-3;-3;1;1,073885819848645;1;-3;-3;0,21199811538442451;1;1;-13176,1097077281;NA;All
3500;1,88304088315069;2,84254900688767;2,29896849114977;2,50980797761203;2,71397452471025;2,28043562394877;2,41260264278576;2,44819771007298;2,45700793771892;1,97913013422064;1,92132520506502;1,63046728101526;1,43501376778664;4,90550357958464;1,52473550763761;1,76609058341847;1,91673558388257;1,51866759986513;1,93717807202571;1,61222558828219;-21,2493949166985;-3,79008603045278;-7,20969029393746;-8,51566303812501;-5,61065921085665;-5,62225021785504;-10,536537451225;-9,44246507450126;-6,41341979102222;-16,1050701691777;-11,9039710737268;-17,958603469274;-25,1241603258947;-42,2201109096562;-17,9934367568665;-15,1495215606078;-15,8921403085173;-20,6995455137417;-14,7704510396926;-19,5432018278614;2,68199219822906;1,52838389719892;1,55555567096163;0,906735395569924;0,505569093294629;0,505568510213577;0,542423295383888;0,645128743653648;0,999999654320567;0,839312184375599;0,686365732674007;0,484882772849465;0,338111817657018;-2,14551609259277;-2,4282524118668;-2,59869384510399;-3,05978324250474;-4,0610219701259;-3,99395385733955;-3,3217977374888;-2,72007905507952;-2,13829182353672;-1,18500861275905;-1,85736416666674;-2,23882456322202;-2,86260508058283;-5,02140762454537;-5,09729664790047;-4,06960428105759;-3,34524631734356;-2,65932913921636;0,0616023919182442;0,0160928837337721;0,0388562224715487;0,0179218411707625;0,0385225292945519;0,00612082035677787;0,015699196058898;0,00918210322227181;-3;-3;1;0,983409903888769;1;-3;-3;0,55877476942025306;1;1;-13174,8773618135;NA;All
3510;1,88304088315069;2,84254900688767;2,29896849114977;2,50980797761203;2,71397452471025;2,28043562394877;2,41260264278576;2,44819771007298;2,45700793771892;1,97913013422064;1,92132520506502;1,63046728101526;1,43501376778664;4,90550357958464;1,52473550763761;1,76609058341847;1,91673558388257;1,51866759986513;1,93717807202571;1,61222558828219;-21,2493949166985;-3,79008603045278;-7,20969029393746;-8,51566303812501;-5,61065921085665;-5,62225021785504;-10,536537451225;-9,44246507450126;-6,41341979102222;-16,1050701691777;-11,9039710737268;-17,958603469274;-25,1241603258947;-42,2201109096562;-17,9934367568665;-15,1495215606078;-15,8921403085173;-20,6995455137417;-14,7704510396926;-19,5432018278614;2,68199219822906;1,52838389719892;1,55555567096163;0,906735395569924;0,505569093294629;0,505568510213577;0,542423295383888;0,645128743653648;0,999999654320567;0,839312184375599;0,686365732674007;0,484882772849465;0,338111817657018;-2,14551609259277;-2,4282524118668;-2,59869384510399;-3,05978324250474;-4,0610219701259;-3,99395385733955;-3,3217977374888;-2,72007905507952;-2,13829182353672;-1,18500861275905;-1,85736416666674;-2,23882456322202;-2,86260508058283;-5,02140762454537;-5,09729664790047;-4,06960428105759;-3,34524631734356;-2,65932913921636;0,0616023919182442;0,0160928837337721;0,0388562224715487;0,0179218411707625;0,0385225292945519;0,00612082035677787;0,015699196058898;0,00918210322227181;-3;-3;1;1,106322563313667;1;-3;-3;0,74249907316535535;1;1;-13179,4284001531;NA;All
3520;1,88304088315069;2,84254900688767;2,29896849114977;2,50980797761203;2,71397452471025;2,28043562394877;2,41260264278576;2,44819771007298;2,45700793771892;1,97913013422064;1,92132520506502;1,63046728101526;1,43501376778664;4,90550357958464;1,52473550763761;1,76609058341847;1,91673558388257;1,51866759986513;1,93717807202571;1,61222558828219;-21,2493949166985;-3,79008603045278;-7,20969029393746;-8,51566303812501;-5,61065921085665;-5,62225021785504;-10,536537451225;-9,44246507450126;-6,41341979102222;-16,1050701691777;-11,9039710737268;-17,958603469274;-25,1241603258947;-42,2201109096562;-17,9934367568665;-15,1495215606078;-15,8921403085173;-20,6995455137417;-14,7704510396926;-19,5432018278614;2,68199219822906;1,52838389719892;1,55555567096163;0,906735395569924;0,505569093294629;0,505568510213577;0,542423295383888;0,645128743653648;0,999999654320567;0,839312184375599;0,686365732674007;0,484882772849465;0,338111817657018;-2,14551609259277;-2,4282524118668;-2,59869384510399;-3,05978324250474;-4,0610219701259;-3,99395385733955;-3,3217977374888;-2,72007905507952;-2,13829182353672;-1,18500861275905;-1,85736416666674;-2,23882456322202;-2,86260508058283;-5,02140762454537;-5,09729664790047;-4,06960428105759;-3,34524631734356;-2,65932913921636;0,0616023919182442;0,0160928837337721;0,0388562224715487;0,0179218411707625;0,0385225292945519;0,00612082035677787;0,015699196058898;0,00918210322227181;-3;-3;1;1,026104673742749;1;-3;-3;0,38542399618758755;1;1;-13174,5838400513;NA;All
3530;1,88304088315069;2,84254900688767;2,29896849114977;2,50980797761203;2,71397452471025;2,28043562394877;2,41260264278576;2,44819771007298;2,45700793771892;1,97913013422064;1,92132520506502;1,63046728101526;1,43501376778664;4,90550357958464;1,52473550763761;1,76609058341847;1,91673558388257;1,51866759986513;1,93717807202571;1,61222558828219;-21,2493949166985;-3,79008603045278;-7,20969029393746;-8,51566303812501;-5,61065921085665;-5,62225021785504;-10,536537451225;-9,44246507450126;-6,41341979102222;-16,1050701691777;-11,9039710737268;-17,958603469274;-25,1241603258947;-42,2201109096562;-17,9934367568665;-15,1495215606078;-15,8921403085173;-20,6995455137417;-14,7704510396926;-19,5432018278614;2,68199219822906;1,52838389719892;1,55555567096163;0,906735395569924;0,505569093294629;0,505568510213577;0,542423295383888;0,645128743653648;0,999999654320567;0,839312184375599;0,686365732674007;0,484882772849465;0,338111817657018;-2,14551609259277;-2,4282524118668;-2,59869384510399;-3,05978324250474;-4,0610219701259;-3,99395385733955;-3,3217977374888;-2,72007905507952;-2,13829182353672;-1,18500861275905;-1,85736416666674;-2,23882456322202;-2,86260508058283;-5,02140762454537;-5,09729664790047;-4,06960428105759;-3,34524631734356;-2,65932913921636;0,0616023919182442;0,0160928837337721;0,0388562224715487;0,0179218411707625;0,0385225292945519;0,00612082035677787;0,015699196058898;0,00918210322227181;-3;-3;1;1,090009544335461;1;-3;-3;0,45044668933103638;1;1;-13176,4872710711;NA;All
3540;1,88304088315069;2,84254900688767;2,29896849114977;2,50980797761203;2,71397452471025;2,28043562394877;2,41260264278576;2,44819771007298;2,45700793771892;1,97913013422064;1,92132520506502;1,63046728101526;1,43501376778664;4,90550357958464;1,52473550763761;1,76609058341847;1,91673558388257;1,51866759986513;1,93717807202571;1,61222558828219;-21,2493949166985;-3,79008603045278;-7,20969029393746;-8,51566303812501;-5,61065921085665;-5,62225021785504;-10,536537451225;-9,44246507450126;-6,41341979102222;-16,1050701691777;-11,9039710737268;-17,958603469274;-25,1241603258947;-42,2201109096562;-17,9934367568665;-15,1495215606078;-15,8921403085173;-20,6995455137417;-14,7704510396926;-19,5432018278614;2,68199219822906;1,52838389719892;1,55555567096163;0,906735395569924;0,505569093294629;0,505568510213577;0,542423295383888;0,645128743653648;0,999999654320567;0,839312184375599;0,686365732674007;0,484882772849465;0,338111817657018;-2,14551609259277;-2,4282524118668;-2,59869384510399;-3,05978324250474;-4,0610219701259;-3,99395385733955;-3,3217977374888;-2,72007905507952;-2,13829182353672;-1,18500861275905;-1,85736416666674;-2,23882456322202;-2,86260508058283;-5,02140762454537;-5,09729664790047;-4,06960428105759;-3,34524631734356;-2,65932913921636;0,0616023919182442;0,0160928837337721;0,0388562224715487;0,0179218411707625;0,0385225292945519;0,00612082035677787;0,015699196058898;0,00918210322227181;-3;-3;1;1,053952836132087;1;-3;-3;0,37223987404378950;1;1;-13175,1179719915;NA;All
3550;1,88304088315069;2,84254900688767;2,29896849114977;2,50980797761203;2,71397452471025;2,28043562394877;2,41260264278576;2,44819771007298;2,45700793771892;1,97913013422064;1,92132520506502;1,63046728101526;1,43501376778664;4,90550357958464;1,52473550763761;1,76609058341847;1,91673558388257;1,51866759986513;1,93717807202571;1,61222558828219;-21,2493949166985;-3,79008603045278;-7,20969029393746;-8,51566303812501;-5,61065921085665;-5,62225021785504;-10,536537451225;-9,44246507450126;-6,41341979102222;-16,1050701691777;-11,9039710737268;-17,958603469274;-25,1241603258947;-42,2201109096562;-17,9934367568665;-15,1495215606078;-15,8921403085173;-20,6995455137417;-14,7704510396926;-19,5432018278614;2,68199219822906;1,52838389719892;1,55555567096163;0,906735395569924;0,505569093294629;0,505568510213577;0,542423295383888;0,645128743653648;0,999999654320567;0,839312184375599;0,686365732674007;0,484882772849465;0,338111817657018;-2,14551609259277;-2,4282524118668;-2,59869384510399;-3,05978324250474;-4,0610219701259;-3,99395385733955;-3,3217977374888;-2,72007905507952;-2,13829182353672;-1,18500861275905;-1,85736416666674;-2,23882456322202;-2,86260508058283;-5,02140762454537;-5,09729664790047;-4,06960428105759;-3,34524631734356;-2,65932913921636;0,0616023919182442;0,0160928837337721;0,0388562224715487;0,0179218411707625;0,0385225292945519;0,00612082035677787;0,015699196058898;0,00918210322227181;-3;-3;1;0,998024809584359;1;-3;-3;0,25662748344349351;1;1;-13174,7295854635;NA;All
3560;1,88304088315069;2,84254900688767;2,29896849114977;2,50980797761203;2,71397452471025;2,28043562394877;2,41260264278576;2,44819771007298;2,45700793771892;1,97913013422064;1,92132520506502;1,63046728101526;1,43501376778664;4,90550357958464;1,52473550763761;1,76609058341847;1,91673558388257;1,51866759986513;1,93717807202571;1,61222558828219;-21,2493949166985;-3,79008603045278;-7,20969029393746;-8,51566303812501;-5,61065921085665;-5,62225021785504;-10,536537451225;-9,44246507450126;-6,41341979102222;-16,1050701691777;-11,9039710737268;-17,958603469274;-25,1241603258947;-42,2201109096562;-17,9934367568665;-15,1495215606078;-15,8921403085173;-20,6995455137417;-14,7704510396926;-19,5432018278614;2,68199219822906;1,52838389719892;1,55555567096163;0,906735395569924;0,505569093294629;0,505568510213577;0,542423295383888;0,645128743653648;0,999999654320567;0,839312184375599;0,686365732674007;0,484882772849465;0,338111817657018;-2,14551609259277;-2,4282524118668;-2,59869384510399;-3,05978324250474;-4,0610219701259;-3,99395385733955;-3,3217977374888;-2,72007905507952;-2,13829182353672;-1,18500861275905;-1,85736416666674;-2,23882456322202;-2,86260508058283;-5,02140762454537;-5,09729664790047;-4,06960428105759;-3,34524631734356;-2,65932913921636;0,0616023919182442;0,0160928837337721;0,0388562224715487;0,0179218411707625;0,0385225292945519;0,00612082035677787;0,015699196058898;0,00918210322227181;-3;-3;1;1,105061556863897;1;-3;-3;0,36605429717931470;1;1;-13177,0802303454;NA;All
3570;1,88304088315069;2,84254900688767;2,29896849114977;2,50980797761203;2,71397452471025;2,28043562394877;2,41260264278576;2,44819771007298;2,45700793771892;1,97913013422064;1,92132520506502;1,63046728101526;1,43501376778664;4,90550357958464;1,52473550763761;1,76609058341847;1,91673558388257;1,51866759986513;1,93717807202571;1,61222558828219;-21,2493949166985;-3,79008603045278;-7,20969029393746;-8,51566303812501;-5,61065921085665;-5,62225021785504;-10,536537451225;-9,44246507450126;-6,41341979102222;-16,1050701691777;-11,9039710737268;-17,958603469274;-25,1241603258947;-42,2201109096562;-17,9934367568665;-15,1495215606078;-15,8921403085173;-20,6995455137417;-14,7704510396926;-19,5432018278614;2,68199219822906;1,52838389719892;1,55555567096163;0,906735395569924;0,505569093294629;0,505568510213577;0,542423295383888;0,645128743653648;0,999999654320567;0,839312184375599;0,686365732674007;0,484882772849465;0,338111817657018;-2,14551609259277;-2,4282524118668;-2,59869384510399;-3,05978324250474;-4,0610219701259;-3,99395385733955;-3,3217977374888;-2,72007905507952;-2,13829182353672;-1,18500861275905;-1,85736416666674;-2,23882456322202;-2,86260508058283;-5,02140762454537;-5,09729664790047;-4,06960428105759;-3,34524631734356;-2,65932913921636;0,0616023919182442;0,0160928837337721;0,0388562224715487;0,0179218411707625;0,0385225292945519;0,00612082035677787;0,015699196058898;0,00918210322227181;-3;-3;1;0,988065466048090;1;-3;-3;0,62453998834910285;1;1;-13175,2074761300;NA;All
3580;1,88304088315069;2,84254900688767;2,29896849114977;2,50980797761203;2,71397452471025;2,28043562394877;2,41260264278576;2,44819771007298;2,45700793771892;1,97913013422064;1,92132520506502;1,63046728101526;1,43501376778664;4,90550357958464;1,52473550763761;1,76609058341847;1,91673558388257;1,51866759986513;1,93717807202571;1,61222558828219;-21,2493949166985;-3,79008603045278;-7,20969029393746;-8,51566303812501;-5,61065921085665;-5,62225021785504;-10,536537451225;-9,44246507450126;-6,41341979102222;-16,1050701691777;-11,9039710737268;-17,958603469274;-25,1241603258947;-42,2201109096562;-17,9934367568665;-15,1495215606078;-15,8921403085173;-20,6995455137417;-14,7704510396926;-19,5432018278614;2,68199219822906;1,52838389719892;1,55555567096163;0,906735395569924;0,505569093294629;0,505568510213577;0,542423295383888;0,645128743653648;0,999999654320567;0,839312184375599;0,686365732674007;0,484882772849465;0,338111817657018;-2,14551609259277;-2,4282524118668;-2,59869384510399;-3,05978324250474;-4,0610219701259;-3,99395385733955;-3,3217977374888;-2,72007905507952;-2,13829182353672;-1,18500861275905;-1,85736416666674;-2,23882456322202;-2,86260508058283;-5,02140762454537;-5,09729664790047;-4,06960428105759;-3,34524631734356;-2,65932913921636;0,0616023919182442;0,0160928837337721;0,0388562224715487;0,0179218411707625;0,0385225292945519;0,00612082035677787;0,015699196058898;0,00918210322227181;-3;-3;1;0,965453815150059;1;-3;-3;0,21078224724049344;1;1;-13175,2826402267;NA;All
3590;1,88304088315069;2,84254900688767;2,29896849114977;2,50980797761203;2,71397452471025;2,28043562394877;2,41260264278576;2,44819771007298;2,45700793771892;1,97913013422064;1,92132520506502;1,63046728101526;1,43501376778664;4,90550357958464;1,52473550763761;1,76609058341847;1,91673558388257;1,51866759986513;1,93717807202571;1,61222558828219;-21,2493949166985;-3,79008603045278;-7,20969029393746;-8,51566303812501;-5,61065921085665;-5,62225021785504;-10,536537451225;-9,44246507450126;-6,41341979102222;-16,1050701691777;-11,9039710737268;-17,958603469274;-25,1241603258947;-42,2201109096562;-17,9934367568665;-15,1495215606078;-15,8921403085173;-20,6995455137417;-14,7704510396926;-19,5432018278614;2,68199219822906;1,52838389719892;1,55555567096163;0,906735395569924;0,505569093294629;0,505568510213577;0,542423295383888;0,645128743653648;0,999999654320567;0,839312184375599;0,686365732674007;0,484882772849465;0,338111817657018;-2,14551609259277;-2,4282524118668;-2,59869384510399;-3,05978324250474;-4,0610219701259;-3,99395385733955;-3,3217977374888;-2,72007905507952;-2,13829182353672;-1,18500861275905;-1,85736416666674;-2,23882456322202;-2,86260508058283;-5,02140762454537;-5,09729664790047;-4,06960428105759;-3,34524631734356;-2,65932913921636;0,0616023919182442;0,0160928837337721;0,0388562224715487;0,0179218411707625;0,0385225292945519;0,00612082035677787;0,015699196058898;0,00918210322227181;-3;-3;1;0,939143844498186;1;-3;-3;0,49654611688345618;1;1;-13175,5457900744;NA;All
3600;1,88304088315069;2,84254900688767;2,29896849114977;2,50980797761203;2,71397452471025;2,28043562394877;2,41260264278576;2,44819771007298;2,45700793771892;1,97913013422064;1,92132520506502;1,63046728101526;1,43501376778664;4,90550357958464;1,52473550763761;1,76609058341847;1,91673558388257;1,51866759986513;1,93717807202571;1,61222558828219;-21,2493949166985;-3,79008603045278;-7,20969029393746;-8,51566303812501;-5,61065921085665;-5,62225021785504;-10,536537451225;-9,44246507450126;-6,41341979102222;-16,1050701691777;-11,9039710737268;-17,958603469274;-25,1241603258947;-42,2201109096562;-17,9934367568665;-15,1495215606078;-15,8921403085173;-20,6995455137417;-14,7704510396926;-19,5432018278614;2,68199219822906;1,52838389719892;1,55555567096163;0,906735395569924;0,505569093294629;0,505568510213577;0,542423295383888;0,645128743653648;0,999999654320567;0,839312184375599;0,686365732674007;0,484882772849465;0,338111817657018;-2,14551609259277;-2,4282524118668;-2,59869384510399;-3,05978324250474;-4,0610219701259;-3,99395385733955;-3,3217977374888;-2,72007905507952;-2,13829182353672;-1,18500861275905;-1,85736416666674;-2,23882456322202;-2,86260508058283;-5,02140762454537;-5,09729664790047;-4,06960428105759;-3,34524631734356;-2,65932913921636;0,0616023919182442;0,0160928837337721;0,0388562224715487;0,0179218411707625;0,0385225292945519;0,00612082035677787;0,015699196058898;0,00918210322227181;-3;-3;1;0,962701237496725;1;-3;-3;0,68612076684270051;1;1;-13175,9754180100;NA;All
3610;1,88304088315069;2,84254900688767;2,29896849114977;2,50980797761203;2,71397452471025;2,28043562394877;2,41260264278576;2,44819771007298;2,45700793771892;1,97913013422064;1,92132520506502;1,63046728101526;1,43501376778664;4,90550357958464;1,52473550763761;1,76609058341847;1,91673558388257;1,51866759986513;1,93717807202571;1,61222558828219;-21,2493949166985;-3,79008603045278;-7,20969029393746;-8,51566303812501;-5,61065921085665;-5,62225021785504;-10,536537451225;-9,44246507450126;-6,41341979102222;-16,1050701691777;-11,9039710737268;-17,958603469274;-25,1241603258947;-42,2201109096562;-17,9934367568665;-15,1495215606078;-15,8921403085173;-20,6995455137417;-14,7704510396926;-19,5432018278614;2,68199219822906;1,52838389719892;1,55555567096163;0,906735395569924;0,505569093294629;0,505568510213577;0,542423295383888;0,645128743653648;0,999999654320567;0,839312184375599;0,686365732674007;0,484882772849465;0,338111817657018;-2,14551609259277;-2,4282524118668;-2,59869384510399;-3,05978324250474;-4,0610219701259;-3,99395385733955;-3,3217977374888;-2,72007905507952;-2,13829182353672;-1,18500861275905;-1,85736416666674;-2,23882456322202;-2,86260508058283;-5,02140762454537;-5,09729664790047;-4,06960428105759;-3,34524631734356;-2,65932913921636;0,0616023919182442;0,0160928837337721;0,0388562224715487;0,0179218411707625;0,0385225292945519;0,00612082035677787;0,015699196058898;0,00918210322227181;-3;-3;1;1,043758121610773;1;-3;-3;0,22424941207839399;1;1;-13175,2625839928;NA;All
3620;1,88304088315069;2,84254900688767;2,29896849114977;2,50980797761203;2,71397452471025;2,28043562394877;2,41260264278576;2,44819771007298;2,45700793771892;1,97913013422064;1,92132520506502;1,63046728101526;1,43501376778664;4,90550357958464;1,52473550763761;1,76609058341847;1,91673558388257;1,51866759986513;1,93717807202571;1,61222558828219;-21,2493949166985;-3,79008603045278;-7,20969029393746;-8,51566303812501;-5,61065921085665;-5,62225021785504;-10,536537451225;-9,44246507450126;-6,41341979102222;-16,1050701691777;-11,9039710737268;-17,958603469274;-25,1241603258947;-42,2201109096562;-17,9934367568665;-15,1495215606078;-15,8921403085173;-20,6995455137417;-14,7704510396926;-19,5432018278614;2,68199219822906;1,52838389719892;1,55555567096163;0,906735395569924;0,505569093294629;0,505568510213577;0,542423295383888;0,645128743653648;0,999999654320567;0,839312184375599;0,686365732674007;0,484882772849465;0,338111817657018;-2,14551609259277;-2,4282524118668;-2,59869384510399;-3,05978324250474;-4,0610219701259;-3,99395385733955;-3,3217977374888;-2,72007905507952;-2,13829182353672;-1,18500861275905;-1,85736416666674;-2,23882456322202;-2,86260508058283;-5,02140762454537;-5,09729664790047;-4,06960428105759;-3,34524631734356;-2,65932913921636;0,0616023919182442;0,0160928837337721;0,0388562224715487;0,0179218411707625;0,0385225292945519;0,00612082035677787;0,015699196058898;0,00918210322227181;-3;-3;1;0,991299301745782;1;-3;-3;0,34361014696630737;1;1;-13174,5034216197;NA;All
3630;1,88304088315069;2,84254900688767;2,29896849114977;2,50980797761203;2,71397452471025;2,28043562394877;2,41260264278576;2,44819771007298;2,45700793771892;1,97913013422064;1,92132520506502;1,63046728101526;1,43501376778664;4,90550357958464;1,52473550763761;1,76609058341847;1,91673558388257;1,51866759986513;1,93717807202571;1,61222558828219;-21,2493949166985;-3,79008603045278;-7,20969029393746;-8,51566303812501;-5,61065921085665;-5,62225021785504;-10,536537451225;-9,44246507450126;-6,41341979102222;-16,1050701691777;-11,9039710737268;-17,958603469274;-25,1241603258947;-42,2201109096562;-17,9934367568665;-15,1495215606078;-15,8921403085173;-20,6995455137417;-14,7704510396926;-19,5432018278614;2,68199219822906;1,52838389719892;1,55555567096163;0,906735395569924;0,505569093294629;0,505568510213577;0,542423295383888;0,645128743653648;0,999999654320567;0,839312184375599;0,686365732674007;0,484882772849465;0,338111817657018;-2,14551609259277;-2,4282524118668;-2,59869384510399;-3,05978324250474;-4,0610219701259;-3,99395385733955;-3,3217977374888;-2,72007905507952;-2,13829182353672;-1,18500861275905;-1,85736416666674;-2,23882456322202;-2,86260508058283;-5,02140762454537;-5,09729664790047;-4,06960428105759;-3,34524631734356;-2,65932913921636;0,0616023919182442;0,0160928837337721;0,0388562224715487;0,0179218411707625;0,0385225292945519;0,00612082035677787;0,015699196058898;0,00918210322227181;-3;-3;1;1,073682261760834;1;-3;-3;0,35142472720480333;1;1;-13175,7296198884;NA;All
3640;1,88304088315069;2,84254900688767;2,29896849114977;2,50980797761203;2,71397452471025;2,28043562394877;2,41260264278576;2,44819771007298;2,45700793771892;1,97913013422064;1,92132520506502;1,63046728101526;1,43501376778664;4,90550357958464;1,52473550763761;1,76609058341847;1,91673558388257;1,51866759986513;1,93717807202571;1,61222558828219;-21,2493949166985;-3,79008603045278;-7,20969029393746;-8,51566303812501;-5,61065921085665;-5,62225021785504;-10,536537451225;-9,44246507450126;-6,41341979102222;-16,1050701691777;-11,9039710737268;-17,958603469274;-25,1241603258947;-42,2201109096562;-17,9934367568665;-15,1495215606078;-15,8921403085173;-20,6995455137417;-14,7704510396926;-19,5432018278614;2,68199219822906;1,52838389719892;1,55555567096163;0,906735395569924;0,505569093294629;0,505568510213577;0,542423295383888;0,645128743653648;0,999999654320567;0,839312184375599;0,686365732674007;0,484882772849465;0,338111817657018;-2,14551609259277;-2,4282524118668;-2,59869384510399;-3,05978324250474;-4,0610219701259;-3,99395385733955;-3,3217977374888;-2,72007905507952;-2,13829182353672;-1,18500861275905;-1,85736416666674;-2,23882456322202;-2,86260508058283;-5,02140762454537;-5,09729664790047;-4,06960428105759;-3,34524631734356;-2,65932913921636;0,0616023919182442;0,0160928837337721;0,0388562224715487;0,0179218411707625;0,0385225292945519;0,00612082035677787;0,015699196058898;0,00918210322227181;-3;-3;1;0,986093370887420;1;-3;-3;0,68165202327916974;1;1;-13175,6346386241;NA;All
3650;1,88304088315069;2,84254900688767;2,29896849114977;2,50980797761203;2,71397452471025;2,28043562394877;2,41260264278576;2,44819771007298;2,45700793771892;1,97913013422064;1,92132520506502;1,63046728101526;1,43501376778664;4,90550357958464;1,52473550763761;1,76609058341847;1,91673558388257;1,51866759986513;1,93717807202571;1,61222558828219;-21,2493949166985;-3,79008603045278;-7,20969029393746;-8,51566303812501;-5,61065921085665;-5,62225021785504;-10,536537451225;-9,44246507450126;-6,41341979102222;-16,1050701691777;-11,9039710737268;-17,958603469274;-25,1241603258947;-42,2201109096562;-17,9934367568665;-15,1495215606078;-15,8921403085173;-20,6995455137417;-14,7704510396926;-19,5432018278614;2,68199219822906;1,52838389719892;1,55555567096163;0,906735395569924;0,505569093294629;0,505568510213577;0,542423295383888;0,645128743653648;0,999999654320567;0,839312184375599;0,686365732674007;0,484882772849465;0,338111817657018;-2,14551609259277;-2,4282524118668;-2,59869384510399;-3,05978324250474;-4,0610219701259;-3,99395385733955;-3,3217977374888;-2,72007905507952;-2,13829182353672;-1,18500861275905;-1,85736416666674;-2,23882456322202;-2,86260508058283;-5,02140762454537;-5,09729664790047;-4,06960428105759;-3,34524631734356;-2,65932913921636;0,0616023919182442;0,0160928837337721;0,0388562224715487;0,0179218411707625;0,0385225292945519;0,00612082035677787;0,015699196058898;0,00918210322227181;-3;-3;1;0,954013591330033;1;-3;-3;0,65030246219927990;1;1;-13175,8921110108;NA;All
3660;1,88304088315069;2,84254900688767;2,29896849114977;2,50980797761203;2,71397452471025;2,28043562394877;2,41260264278576;2,44819771007298;2,45700793771892;1,97913013422064;1,92132520506502;1,63046728101526;1,43501376778664;4,90550357958464;1,52473550763761;1,76609058341847;1,91673558388257;1,51866759986513;1,93717807202571;1,61222558828219;-21,2493949166985;-3,79008603045278;-7,20969029393746;-8,51566303812501;-5,61065921085665;-5,62225021785504;-10,536537451225;-9,44246507450126;-6,41341979102222;-16,1050701691777;-11,9039710737268;-17,958603469274;-25,1241603258947;-42,2201109096562;-17,9934367568665;-15,1495215606078;-15,8921403085173;-20,6995455137417;-14,7704510396926;-19,5432018278614;2,68199219822906;1,52838389719892;1,55555567096163;0,906735395569924;0,505569093294629;0,505568510213577;0,542423295383888;0,645128743653648;0,999999654320567;0,839312184375599;0,686365732674007;0,484882772849465;0,338111817657018;-2,14551609259277;-2,4282524118668;-2,59869384510399;-3,05978324250474;-4,0610219701259;-3,99395385733955;-3,3217977374888;-2,72007905507952;-2,13829182353672;-1,18500861275905;-1,85736416666674;-2,23882456322202;-2,86260508058283;-5,02140762454537;-5,09729664790047;-4,06960428105759;-3,34524631734356;-2,65932913921636;0,0616023919182442;0,0160928837337721;0,0388562224715487;0,0179218411707625;0,0385225292945519;0,00612082035677787;0,015699196058898;0,00918210322227181;-3;-3;1;0,997935528620797;1;-3;-3;0,43556788833424320;1;1;-13174,4552664313;NA;All
3670;1,88304088315069;2,84254900688767;2,29896849114977;2,50980797761203;2,71397452471025;2,28043562394877;2,41260264278576;2,44819771007298;2,45700793771892;1,97913013422064;1,92132520506502;1,63046728101526;1,43501376778664;4,90550357958464;1,52473550763761;1,76609058341847;1,91673558388257;1,51866759986513;1,93717807202571;1,61222558828219;-21,2493949166985;-3,79008603045278;-7,20969029393746;-8,51566303812501;-5,61065921085665;-5,62225021785504;-10,536537451225;-9,44246507450126;-6,41341979102222;-16,1050701691777;-11,9039710737268;-17,958603469274;-25,1241603258947;-42,2201109096562;-17,9934367568665;-15,1495215606078;-15,8921403085173;-20,6995455137417;-14,7704510396926;-19,5432018278614;2,68199219822906;1,52838389719892;1,55555567096163;0,906735395569924;0,505569093294629;0,505568510213577;0,542423295383888;0,645128743653648;0,999999654320567;0,839312184375599;0,686365732674007;0,484882772849465;0,338111817657018;-2,14551609259277;-2,4282524118668;-2,59869384510399;-3,05978324250474;-4,0610219701259;-3,99395385733955;-3,3217977374888;-2,72007905507952;-2,13829182353672;-1,18500861275905;-1,85736416666674;-2,23882456322202;-2,86260508058283;-5,02140762454537;-5,09729664790047;-4,06960428105759;-3,34524631734356;-2,65932913921636;0,0616023919182442;0,0160928837337721;0,0388562224715487;0,0179218411707625;0,0385225292945519;0,00612082035677787;0,015699196058898;0,00918210322227181;-3;-3;1;1,008759620349981;1;-3;-3;0,37999550342305849;1;1;-13174,4489598332;NA;All
3680;1,88304088315069;2,84254900688767;2,29896849114977;2,50980797761203;2,71397452471025;2,28043562394877;2,41260264278576;2,44819771007298;2,45700793771892;1,97913013422064;1,92132520506502;1,63046728101526;1,43501376778664;4,90550357958464;1,52473550763761;1,76609058341847;1,91673558388257;1,51866759986513;1,93717807202571;1,61222558828219;-21,2493949166985;-3,79008603045278;-7,20969029393746;-8,51566303812501;-5,61065921085665;-5,62225021785504;-10,536537451225;-9,44246507450126;-6,41341979102222;-16,1050701691777;-11,9039710737268;-17,958603469274;-25,1241603258947;-42,2201109096562;-17,9934367568665;-15,1495215606078;-15,8921403085173;-20,6995455137417;-14,7704510396926;-19,5432018278614;2,68199219822906;1,52838389719892;1,55555567096163;0,906735395569924;0,505569093294629;0,505568510213577;0,542423295383888;0,645128743653648;0,999999654320567;0,839312184375599;0,686365732674007;0,484882772849465;0,338111817657018;-2,14551609259277;-2,4282524118668;-2,59869384510399;-3,05978324250474;-4,0610219701259;-3,99395385733955;-3,3217977374888;-2,72007905507952;-2,13829182353672;-1,18500861275905;-1,85736416666674;-2,23882456322202;-2,86260508058283;-5,02140762454537;-5,09729664790047;-4,06960428105759;-3,34524631734356;-2,65932913921636;0,0616023919182442;0,0160928837337721;0,0388562224715487;0,0179218411707625;0,0385225292945519;0,00612082035677787;0,015699196058898;0,00918210322227181;-3;-3;1;1,048799150431162;1;-3;-3;0,43914693847134417;1;1;-13175,0350984363;NA;All
3690;1,88304088315069;2,84254900688767;2,29896849114977;2,50980797761203;2,71397452471025;2,28043562394877;2,41260264278576;2,44819771007298;2,45700793771892;1,97913013422064;1,92132520506502;1,63046728101526;1,43501376778664;4,90550357958464;1,52473550763761;1,76609058341847;1,91673558388257;1,51866759986513;1,93717807202571;1,61222558828219;-21,2493949166985;-3,79008603045278;-7,20969029393746;-8,51566303812501;-5,61065921085665;-5,62225021785504;-10,536537451225;-9,44246507450126;-6,41341979102222;-16,1050701691777;-11,9039710737268;-17,958603469274;-25,1241603258947;-42,2201109096562;-17,9934367568665;-15,1495215606078;-15,8921403085173;-20,6995455137417;-14,7704510396926;-19,5432018278614;2,68199219822906;1,52838389719892;1,55555567096163;0,906735395569924;0,505569093294629;0,505568510213577;0,542423295383888;0,645128743653648;0,999999654320567;0,839312184375599;0,686365732674007;0,484882772849465;0,338111817657018;-2,14551609259277;-2,4282524118668;-2,59869384510399;-3,05978324250474;-4,0610219701259;-3,99395385733955;-3,3217977374888;-2,72007905507952;-2,13829182353672;-1,18500861275905;-1,85736416666674;-2,23882456322202;-2,86260508058283;-5,02140762454537;-5,09729664790047;-4,06960428105759;-3,34524631734356;-2,65932913921636;0,0616023919182442;0,0160928837337721;0,0388562224715487;0,0179218411707625;0,0385225292945519;0,00612082035677787;0,015699196058898;0,00918210322227181;-3;-3;1;1,021890908509885;1;-3;-3;0,38890142932926608;1;1;-13174,5361611879;NA;All
3700;1,88304088315069;2,84254900688767;2,29896849114977;2,50980797761203;2,71397452471025;2,28043562394877;2,41260264278576;2,44819771007298;2,45700793771892;1,97913013422064;1,92132520506502;1,63046728101526;1,43501376778664;4,90550357958464;1,52473550763761;1,76609058341847;1,91673558388257;1,51866759986513;1,93717807202571;1,61222558828219;-21,2493949166985;-3,79008603045278;-7,20969029393746;-8,51566303812501;-5,61065921085665;-5,62225021785504;-10,536537451225;-9,44246507450126;-6,41341979102222;-16,1050701691777;-11,9039710737268;-17,958603469274;-25,1241603258947;-42,2201109096562;-17,9934367568665;-15,1495215606078;-15,8921403085173;-20,6995455137417;-14,7704510396926;-19,5432018278614;2,68199219822906;1,52838389719892;1,55555567096163;0,906735395569924;0,505569093294629;0,505568510213577;0,542423295383888;0,645128743653648;0,999999654320567;0,839312184375599;0,686365732674007;0,484882772849465;0,338111817657018;-2,14551609259277;-2,4282524118668;-2,59869384510399;-3,05978324250474;-4,0610219701259;-3,99395385733955;-3,3217977374888;-2,72007905507952;-2,13829182353672;-1,18500861275905;-1,85736416666674;-2,23882456322202;-2,86260508058283;-5,02140762454537;-5,09729664790047;-4,06960428105759;-3,34524631734356;-2,65932913921636;0,0616023919182442;0,0160928837337721;0,0388562224715487;0,0179218411707625;0,0385225292945519;0,00612082035677787;0,015699196058898;0,00918210322227181;-3;-3;1;1,051853477864384;1;-3;-3;0,50730862575565439;1;1;-13175,2947934242;NA;All
3710;1,88304088315069;2,84254900688767;2,29896849114977;2,50980797761203;2,71397452471025;2,28043562394877;2,41260264278576;2,44819771007298;2,45700793771892;1,97913013422064;1,92132520506502;1,63046728101526;1,43501376778664;4,90550357958464;1,52473550763761;1,76609058341847;1,91673558388257;1,51866759986513;1,93717807202571;1,61222558828219;-21,2493949166985;-3,79008603045278;-7,20969029393746;-8,51566303812501;-5,61065921085665;-5,62225021785504;-10,536537451225;-9,44246507450126;-6,41341979102222;-16,1050701691777;-11,9039710737268;-17,958603469274;-25,1241603258947;-42,2201109096562;-17,9934367568665;-15,1495215606078;-15,8921403085173;-20,6995455137417;-14,7704510396926;-19,5432018278614;2,68199219822906;1,52838389719892;1,55555567096163;0,906735395569924;0,505569093294629;0,505568510213577;0,542423295383888;0,645128743653648;0,999999654320567;0,839312184375599;0,686365732674007;0,484882772849465;0,338111817657018;-2,14551609259277;-2,4282524118668;-2,59869384510399;-3,05978324250474;-4,0610219701259;-3,99395385733955;-3,3217977374888;-2,72007905507952;-2,13829182353672;-1,18500861275905;-1,85736416666674;-2,23882456322202;-2,86260508058283;-5,02140762454537;-5,09729664790047;-4,06960428105759;-3,34524631734356;-2,65932913921636;0,0616023919182442;0,0160928837337721;0,0388562224715487;0,0179218411707625;0,0385225292945519;0,00612082035677787;0,015699196058898;0,00918210322227181;-3;-3;1;0,969098206819467;1;-3;-3;0,37198132035535847;1;1;-13174,7068614525;NA;All
3720;1,88304088315069;2,84254900688767;2,29896849114977;2,50980797761203;2,71397452471025;2,28043562394877;2,41260264278576;2,44819771007298;2,45700793771892;1,97913013422064;1,92132520506502;1,63046728101526;1,43501376778664;4,90550357958464;1,52473550763761;1,76609058341847;1,91673558388257;1,51866759986513;1,93717807202571;1,61222558828219;-21,2493949166985;-3,79008603045278;-7,20969029393746;-8,51566303812501;-5,61065921085665;-5,62225021785504;-10,536537451225;-9,44246507450126;-6,41341979102222;-16,1050701691777;-11,9039710737268;-17,958603469274;-25,1241603258947;-42,2201109096562;-17,9934367568665;-15,1495215606078;-15,8921403085173;-20,6995455137417;-14,7704510396926;-19,5432018278614;2,68199219822906;1,52838389719892;1,55555567096163;0,906735395569924;0,505569093294629;0,505568510213577;0,542423295383888;0,645128743653648;0,999999654320567;0,839312184375599;0,686365732674007;0,484882772849465;0,338111817657018;-2,14551609259277;-2,4282524118668;-2,59869384510399;-3,05978324250474;-4,0610219701259;-3,99395385733955;-3,3217977374888;-2,72007905507952;-2,13829182353672;-1,18500861275905;-1,85736416666674;-2,23882456322202;-2,86260508058283;-5,02140762454537;-5,09729664790047;-4,06960428105759;-3,34524631734356;-2,65932913921636;0,0616023919182442;0,0160928837337721;0,0388562224715487;0,0179218411707625;0,0385225292945519;0,00612082035677787;0,015699196058898;0,00918210322227181;-3;-3;1;0,959350827349258;1;-3;-3;0,17121492410165348;1;1;-13175,6412578669;NA;All
3730;1,88304088315069;2,84254900688767;2,29896849114977;2,50980797761203;2,71397452471025;2,28043562394877;2,41260264278576;2,44819771007298;2,45700793771892;1,97913013422064;1,92132520506502;1,63046728101526;1,43501376778664;4,90550357958464;1,52473550763761;1,76609058341847;1,91673558388257;1,51866759986513;1,93717807202571;1,61222558828219;-21,2493949166985;-3,79008603045278;-7,20969029393746;-8,51566303812501;-5,61065921085665;-5,62225021785504;-10,536537451225;-9,44246507450126;-6,41341979102222;-16,1050701691777;-11,9039710737268;-17,958603469274;-25,1241603258947;-42,2201109096562;-17,9934367568665;-15,1495215606078;-15,8921403085173;-20,6995455137417;-14,7704510396926;-19,5432018278614;2,68199219822906;1,52838389719892;1,55555567096163;0,906735395569924;0,505569093294629;0,505568510213577;0,542423295383888;0,645128743653648;0,999999654320567;0,839312184375599;0,686365732674007;0,484882772849465;0,338111817657018;-2,14551609259277;-2,4282524118668;-2,59869384510399;-3,05978324250474;-4,0610219701259;-3,99395385733955;-3,3217977374888;-2,72007905507952;-2,13829182353672;-1,18500861275905;-1,85736416666674;-2,23882456322202;-2,86260508058283;-5,02140762454537;-5,09729664790047;-4,06960428105759;-3,34524631734356;-2,65932913921636;0,0616023919182442;0,0160928837337721;0,0388562224715487;0,0179218411707625;0,0385225292945519;0,00612082035677787;0,015699196058898;0,00918210322227181;-3;-3;1;1,029276090364899;1;-3;-3;0,47492390116267347;1;1;-13174,7283621676;NA;All
3740;1,88304088315069;2,84254900688767;2,29896849114977;2,50980797761203;2,71397452471025;2,28043562394877;2,41260264278576;2,44819771007298;2,45700793771892;1,97913013422064;1,92132520506502;1,63046728101526;1,43501376778664;4,90550357958464;1,52473550763761;1,76609058341847;1,91673558388257;1,51866759986513;1,93717807202571;1,61222558828219;-21,2493949166985;-3,79008603045278;-7,20969029393746;-8,51566303812501;-5,61065921085665;-5,62225021785504;-10,536537451225;-9,44246507450126;-6,41341979102222;-16,1050701691777;-11,9039710737268;-17,958603469274;-25,1241603258947;-42,2201109096562;-17,9934367568665;-15,1495215606078;-15,8921403085173;-20,6995455137417;-14,7704510396926;-19,5432018278614;2,68199219822906;1,52838389719892;1,55555567096163;0,906735395569924;0,505569093294629;0,505568510213577;0,542423295383888;0,645128743653648;0,999999654320567;0,839312184375599;0,686365732674007;0,484882772849465;0,338111817657018;-2,14551609259277;-2,4282524118668;-2,59869384510399;-3,05978324250474;-4,0610219701259;-3,99395385733955;-3,3217977374888;-2,72007905507952;-2,13829182353672;-1,18500861275905;-1,85736416666674;-2,23882456322202;-2,86260508058283;-5,02140762454537;-5,09729664790047;-4,06960428105759;-3,34524631734356;-2,65932913921636;0,0616023919182442;0,0160928837337721;0,0388562224715487;0,0179218411707625;0,0385225292945519;0,00612082035677787;0,015699196058898;0,00918210322227181;-3;-3;1;1,021564764495070;1;-3;-3;0,48200160320480534;1;1;-13174,6481715779;NA;All
3750;1,88304088315069;2,84254900688767;2,29896849114977;2,50980797761203;2,71397452471025;2,28043562394877;2,41260264278576;2,44819771007298;2,45700793771892;1,97913013422064;1,92132520506502;1,63046728101526;1,43501376778664;4,90550357958464;1,52473550763761;1,76609058341847;1,91673558388257;1,51866759986513;1,93717807202571;1,61222558828219;-21,2493949166985;-3,79008603045278;-7,20969029393746;-8,51566303812501;-5,61065921085665;-5,62225021785504;-10,536537451225;-9,44246507450126;-6,41341979102222;-16,1050701691777;-11,9039710737268;-17,958603469274;-25,1241603258947;-42,2201109096562;-17,9934367568665;-15,1495215606078;-15,8921403085173;-20,6995455137417;-14,7704510396926;-19,5432018278614;2,68199219822906;1,52838389719892;1,55555567096163;0,906735395569924;0,505569093294629;0,505568510213577;0,542423295383888;0,645128743653648;0,999999654320567;0,839312184375599;0,686365732674007;0,484882772849465;0,338111817657018;-2,14551609259277;-2,4282524118668;-2,59869384510399;-3,05978324250474;-4,0610219701259;-3,99395385733955;-3,3217977374888;-2,72007905507952;-2,13829182353672;-1,18500861275905;-1,85736416666674;-2,23882456322202;-2,86260508058283;-5,02140762454537;-5,09729664790047;-4,06960428105759;-3,34524631734356;-2,65932913921636;0,0616023919182442;0,0160928837337721;0,0388562224715487;0,0179218411707625;0,0385225292945519;0,00612082035677787;0,015699196058898;0,00918210322227181;-3;-3;1;0,961279227268791;1;-3;-3;0,16197265702500871;1;1;-13175,6651033810;NA;All
3760;1,88304088315069;2,84254900688767;2,29896849114977;2,50980797761203;2,71397452471025;2,28043562394877;2,41260264278576;2,44819771007298;2,45700793771892;1,97913013422064;1,92132520506502;1,63046728101526;1,43501376778664;4,90550357958464;1,52473550763761;1,76609058341847;1,91673558388257;1,51866759986513;1,93717807202571;1,61222558828219;-21,2493949166985;-3,79008603045278;-7,20969029393746;-8,51566303812501;-5,61065921085665;-5,62225021785504;-10,536537451225;-9,44246507450126;-6,41341979102222;-16,1050701691777;-11,9039710737268;-17,958603469274;-25,1241603258947;-42,2201109096562;-17,9934367568665;-15,1495215606078;-15,8921403085173;-20,6995455137417;-14,7704510396926;-19,5432018278614;2,68199219822906;1,52838389719892;1,55555567096163;0,906735395569924;0,505569093294629;0,505568510213577;0,542423295383888;0,645128743653648;0,999999654320567;0,839312184375599;0,686365732674007;0,484882772849465;0,338111817657018;-2,14551609259277;-2,4282524118668;-2,59869384510399;-3,05978324250474;-4,0610219701259;-3,99395385733955;-3,3217977374888;-2,72007905507952;-2,13829182353672;-1,18500861275905;-1,85736416666674;-2,23882456322202;-2,86260508058283;-5,02140762454537;-5,09729664790047;-4,06960428105759;-3,34524631734356;-2,65932913921636;0,0616023919182442;0,0160928837337721;0,0388562224715487;0,0179218411707625;0,0385225292945519;0,00612082035677787;0,015699196058898;0,00918210322227181;-3;-3;1;1,029612527701768;1;-3;-3;0,36703019147260690;1;1;-13174,6376042488;NA;All
3770;1,88304088315069;2,84254900688767;2,29896849114977;2,50980797761203;2,71397452471025;2,28043562394877;2,41260264278576;2,44819771007298;2,45700793771892;1,97913013422064;1,92132520506502;1,63046728101526;1,43501376778664;4,90550357958464;1,52473550763761;1,76609058341847;1,91673558388257;1,51866759986513;1,93717807202571;1,61222558828219;-21,2493949166985;-3,79008603045278;-7,20969029393746;-8,51566303812501;-5,61065921085665;-5,62225021785504;-10,536537451225;-9,44246507450126;-6,41341979102222;-16,1050701691777;-11,9039710737268;-17,958603469274;-25,1241603258947;-42,2201109096562;-17,9934367568665;-15,1495215606078;-15,8921403085173;-20,6995455137417;-14,7704510396926;-19,5432018278614;2,68199219822906;1,52838389719892;1,55555567096163;0,906735395569924;0,505569093294629;0,505568510213577;0,542423295383888;0,645128743653648;0,999999654320567;0,839312184375599;0,686365732674007;0,484882772849465;0,338111817657018;-2,14551609259277;-2,4282524118668;-2,59869384510399;-3,05978324250474;-4,0610219701259;-3,99395385733955;-3,3217977374888;-2,72007905507952;-2,13829182353672;-1,18500861275905;-1,85736416666674;-2,23882456322202;-2,86260508058283;-5,02140762454537;-5,09729664790047;-4,06960428105759;-3,34524631734356;-2,65932913921636;0,0616023919182442;0,0160928837337721;0,0388562224715487;0,0179218411707625;0,0385225292945519;0,00612082035677787;0,015699196058898;0,00918210322227181;-3;-3;1;1,000175499850388;1;-3;-3;0,68168118378767484;1;1;-13175,5962364711;NA;All
3780;1,88304088315069;2,84254900688767;2,29896849114977;2,50980797761203;2,71397452471025;2,28043562394877;2,41260264278576;2,44819771007298;2,45700793771892;1,97913013422064;1,92132520506502;1,63046728101526;1,43501376778664;4,90550357958464;1,52473550763761;1,76609058341847;1,91673558388257;1,51866759986513;1,93717807202571;1,61222558828219;-21,2493949166985;-3,79008603045278;-7,20969029393746;-8,51566303812501;-5,61065921085665;-5,62225021785504;-10,536537451225;-9,44246507450126;-6,41341979102222;-16,1050701691777;-11,9039710737268;-17,958603469274;-25,1241603258947;-42,2201109096562;-17,9934367568665;-15,1495215606078;-15,8921403085173;-20,6995455137417;-14,7704510396926;-19,5432018278614;2,68199219822906;1,52838389719892;1,55555567096163;0,906735395569924;0,505569093294629;0,505568510213577;0,542423295383888;0,645128743653648;0,999999654320567;0,839312184375599;0,686365732674007;0,484882772849465;0,338111817657018;-2,14551609259277;-2,4282524118668;-2,59869384510399;-3,05978324250474;-4,0610219701259;-3,99395385733955;-3,3217977374888;-2,72007905507952;-2,13829182353672;-1,18500861275905;-1,85736416666674;-2,23882456322202;-2,86260508058283;-5,02140762454537;-5,09729664790047;-4,06960428105759;-3,34524631734356;-2,65932913921636;0,0616023919182442;0,0160928837337721;0,0388562224715487;0,0179218411707625;0,0385225292945519;0,00612082035677787;0,015699196058898;0,00918210322227181;-3;-3;1;0,945973253710819;1;-3;-3;0,44826180113910152;1;1;-13175,2394567912;NA;All
3790;1,88304088315069;2,84254900688767;2,29896849114977;2,50980797761203;2,71397452471025;2,28043562394877;2,41260264278576;2,44819771007298;2,45700793771892;1,97913013422064;1,92132520506502;1,63046728101526;1,43501376778664;4,90550357958464;1,52473550763761;1,76609058341847;1,91673558388257;1,51866759986513;1,93717807202571;1,61222558828219;-21,2493949166985;-3,79008603045278;-7,20969029393746;-8,51566303812501;-5,61065921085665;-5,62225021785504;-10,536537451225;-9,44246507450126;-6,41341979102222;-16,1050701691777;-11,9039710737268;-17,958603469274;-25,1241603258947;-42,2201109096562;-17,9934367568665;-15,1495215606078;-15,8921403085173;-20,6995455137417;-14,7704510396926;-19,5432018278614;2,68199219822906;1,52838389719892;1,55555567096163;0,906735395569924;0,505569093294629;0,505568510213577;0,542423295383888;0,645128743653648;0,999999654320567;0,839312184375599;0,686365732674007;0,484882772849465;0,338111817657018;-2,14551609259277;-2,4282524118668;-2,59869384510399;-3,05978324250474;-4,0610219701259;-3,99395385733955;-3,3217977374888;-2,72007905507952;-2,13829182353672;-1,18500861275905;-1,85736416666674;-2,23882456322202;-2,86260508058283;-5,02140762454537;-5,09729664790047;-4,06960428105759;-3,34524631734356;-2,65932913921636;0,0616023919182442;0,0160928837337721;0,0388562224715487;0,0179218411707625;0,0385225292945519;0,00612082035677787;0,015699196058898;0,00918210322227181;-3;-3;1;0,985775400530563;1;-3;-3;0,42847450182286184;1;1;-13174,5055024362;NA;All
3800;1,88304088315069;2,84254900688767;2,29896849114977;2,50980797761203;2,71397452471025;2,28043562394877;2,41260264278576;2,44819771007298;2,45700793771892;1,97913013422064;1,92132520506502;1,63046728101526;1,43501376778664;4,90550357958464;1,52473550763761;1,76609058341847;1,91673558388257;1,51866759986513;1,93717807202571;1,61222558828219;-21,2493949166985;-3,79008603045278;-7,20969029393746;-8,51566303812501;-5,61065921085665;-5,62225021785504;-10,536537451225;-9,44246507450126;-6,41341979102222;-16,1050701691777;-11,9039710737268;-17,958603469274;-25,1241603258947;-42,2201109096562;-17,9934367568665;-15,1495215606078;-15,8921403085173;-20,6995455137417;-14,7704510396926;-19,5432018278614;2,68199219822906;1,52838389719892;1,55555567096163;0,906735395569924;0,505569093294629;0,505568510213577;0,542423295383888;0,645128743653648;0,999999654320567;0,839312184375599;0,686365732674007;0,484882772849465;0,338111817657018;-2,14551609259277;-2,4282524118668;-2,59869384510399;-3,05978324250474;-4,0610219701259;-3,99395385733955;-3,3217977374888;-2,72007905507952;-2,13829182353672;-1,18500861275905;-1,85736416666674;-2,23882456322202;-2,86260508058283;-5,02140762454537;-5,09729664790047;-4,06960428105759;-3,34524631734356;-2,65932913921636;0,0616023919182442;0,0160928837337721;0,0388562224715487;0,0179218411707625;0,0385225292945519;0,00612082035677787;0,015699196058898;0,00918210322227181;-3;-3;1;0,975727100888265;1;-3;-3;0,58580493600724237;1;1;-13175,0924975909;NA;All
3810;1,88304088315069;2,84254900688767;2,29896849114977;2,50980797761203;2,71397452471025;2,28043562394877;2,41260264278576;2,44819771007298;2,45700793771892;1,97913013422064;1,92132520506502;1,63046728101526;1,43501376778664;4,90550357958464;1,52473550763761;1,76609058341847;1,91673558388257;1,51866759986513;1,93717807202571;1,61222558828219;-21,2493949166985;-3,79008603045278;-7,20969029393746;-8,51566303812501;-5,61065921085665;-5,62225021785504;-10,536537451225;-9,44246507450126;-6,41341979102222;-16,1050701691777;-11,9039710737268;-17,958603469274;-25,1241603258947;-42,2201109096562;-17,9934367568665;-15,1495215606078;-15,8921403085173;-20,6995455137417;-14,7704510396926;-19,5432018278614;2,68199219822906;1,52838389719892;1,55555567096163;0,906735395569924;0,505569093294629;0,505568510213577;0,542423295383888;0,645128743653648;0,999999654320567;0,839312184375599;0,686365732674007;0,484882772849465;0,338111817657018;-2,14551609259277;-2,4282524118668;-2,59869384510399;-3,05978324250474;-4,0610219701259;-3,99395385733955;-3,3217977374888;-2,72007905507952;-2,13829182353672;-1,18500861275905;-1,85736416666674;-2,23882456322202;-2,86260508058283;-5,02140762454537;-5,09729664790047;-4,06960428105759;-3,34524631734356;-2,65932913921636;0,0616023919182442;0,0160928837337721;0,0388562224715487;0,0179218411707625;0,0385225292945519;0,00612082035677787;0,015699196058898;0,00918210322227181;-3;-3;1;1,119073961872430;1;-3;-3;0,62838181107915370;1;1;-13179,0694829784;NA;All
3820;1,88304088315069;2,84254900688767;2,29896849114977;2,50980797761203;2,71397452471025;2,28043562394877;2,41260264278576;2,44819771007298;2,45700793771892;1,97913013422064;1,92132520506502;1,63046728101526;1,43501376778664;4,90550357958464;1,52473550763761;1,76609058341847;1,91673558388257;1,51866759986513;1,93717807202571;1,61222558828219;-21,2493949166985;-3,79008603045278;-7,20969029393746;-8,51566303812501;-5,61065921085665;-5,62225021785504;-10,536537451225;-9,44246507450126;-6,41341979102222;-16,1050701691777;-11,9039710737268;-17,958603469274;-25,1241603258947;-42,2201109096562;-17,9934367568665;-15,1495215606078;-15,8921403085173;-20,6995455137417;-14,7704510396926;-19,5432018278614;2,68199219822906;1,52838389719892;1,55555567096163;0,906735395569924;0,505569093294629;0,505568510213577;0,542423295383888;0,645128743653648;0,999999654320567;0,839312184375599;0,686365732674007;0,484882772849465;0,338111817657018;-2,14551609259277;-2,4282524118668;-2,59869384510399;-3,05978324250474;-4,0610219701259;-3,99395385733955;-3,3217977374888;-2,72007905507952;-2,13829182353672;-1,18500861275905;-1,85736416666674;-2,23882456322202;-2,86260508058283;-5,02140762454537;-5,09729664790047;-4,06960428105759;-3,34524631734356;-2,65932913921636;0,0616023919182442;0,0160928837337721;0,0388562224715487;0,0179218411707625;0,0385225292945519;0,00612082035677787;0,015699196058898;0,00918210322227181;-3;-3;1;0,984671358602058;1;-3;-3;0,32462930865849005;1;1;-13174,5860040725;NA;All
3830;1,88304088315069;2,84254900688767;2,29896849114977;2,50980797761203;2,71397452471025;2,28043562394877;2,41260264278576;2,44819771007298;2,45700793771892;1,97913013422064;1,92132520506502;1,63046728101526;1,43501376778664;4,90550357958464;1,52473550763761;1,76609058341847;1,91673558388257;1,51866759986513;1,93717807202571;1,61222558828219;-21,2493949166985;-3,79008603045278;-7,20969029393746;-8,51566303812501;-5,61065921085665;-5,62225021785504;-10,536537451225;-9,44246507450126;-6,41341979102222;-16,1050701691777;-11,9039710737268;-17,958603469274;-25,1241603258947;-42,2201109096562;-17,9934367568665;-15,1495215606078;-15,8921403085173;-20,6995455137417;-14,7704510396926;-19,5432018278614;2,68199219822906;1,52838389719892;1,55555567096163;0,906735395569924;0,505569093294629;0,505568510213577;0,542423295383888;0,645128743653648;0,999999654320567;0,839312184375599;0,686365732674007;0,484882772849465;0,338111817657018;-2,14551609259277;-2,4282524118668;-2,59869384510399;-3,05978324250474;-4,0610219701259;-3,99395385733955;-3,3217977374888;-2,72007905507952;-2,13829182353672;-1,18500861275905;-1,85736416666674;-2,23882456322202;-2,86260508058283;-5,02140762454537;-5,09729664790047;-4,06960428105759;-3,34524631734356;-2,65932913921636;0,0616023919182442;0,0160928837337721;0,0388562224715487;0,0179218411707625;0,0385225292945519;0,00612082035677787;0,015699196058898;0,00918210322227181;-3;-3;1;1,095551830708071;1;-3;-3;0,22863816429434619;1;1;-13176,8691326252;NA;All
3840;1,88304088315069;2,84254900688767;2,29896849114977;2,50980797761203;2,71397452471025;2,28043562394877;2,41260264278576;2,44819771007298;2,45700793771892;1,97913013422064;1,92132520506502;1,63046728101526;1,43501376778664;4,90550357958464;1,52473550763761;1,76609058341847;1,91673558388257;1,51866759986513;1,93717807202571;1,61222558828219;-21,2493949166985;-3,79008603045278;-7,20969029393746;-8,51566303812501;-5,61065921085665;-5,62225021785504;-10,536537451225;-9,44246507450126;-6,41341979102222;-16,1050701691777;-11,9039710737268;-17,958603469274;-25,1241603258947;-42,2201109096562;-17,9934367568665;-15,1495215606078;-15,8921403085173;-20,6995455137417;-14,7704510396926;-19,5432018278614;2,68199219822906;1,52838389719892;1,55555567096163;0,906735395569924;0,505569093294629;0,505568510213577;0,542423295383888;0,645128743653648;0,999999654320567;0,839312184375599;0,686365732674007;0,484882772849465;0,338111817657018;-2,14551609259277;-2,4282524118668;-2,59869384510399;-3,05978324250474;-4,0610219701259;-3,99395385733955;-3,3217977374888;-2,72007905507952;-2,13829182353672;-1,18500861275905;-1,85736416666674;-2,23882456322202;-2,86260508058283;-5,02140762454537;-5,09729664790047;-4,06960428105759;-3,34524631734356;-2,65932913921636;0,0616023919182442;0,0160928837337721;0,0388562224715487;0,0179218411707625;0,0385225292945519;0,00612082035677787;0,015699196058898;0,00918210322227181;-3;-3;1;1,010232586319613;1;-3;-3;0,12626390168707871;1;1;-13175,5198077527;NA;All
3850;1,88304088315069;2,84254900688767;2,29896849114977;2,50980797761203;2,71397452471025;2,28043562394877;2,41260264278576;2,44819771007298;2,45700793771892;1,97913013422064;1,92132520506502;1,63046728101526;1,43501376778664;4,90550357958464;1,52473550763761;1,76609058341847;1,91673558388257;1,51866759986513;1,93717807202571;1,61222558828219;-21,2493949166985;-3,79008603045278;-7,20969029393746;-8,51566303812501;-5,61065921085665;-5,62225021785504;-10,536537451225;-9,44246507450126;-6,41341979102222;-16,1050701691777;-11,9039710737268;-17,958603469274;-25,1241603258947;-42,2201109096562;-17,9934367568665;-15,1495215606078;-15,8921403085173;-20,6995455137417;-14,7704510396926;-19,5432018278614;2,68199219822906;1,52838389719892;1,55555567096163;0,906735395569924;0,505569093294629;0,505568510213577;0,542423295383888;0,645128743653648;0,999999654320567;0,839312184375599;0,686365732674007;0,484882772849465;0,338111817657018;-2,14551609259277;-2,4282524118668;-2,59869384510399;-3,05978324250474;-4,0610219701259;-3,99395385733955;-3,3217977374888;-2,72007905507952;-2,13829182353672;-1,18500861275905;-1,85736416666674;-2,23882456322202;-2,86260508058283;-5,02140762454537;-5,09729664790047;-4,06960428105759;-3,34524631734356;-2,65932913921636;0,0616023919182442;0,0160928837337721;0,0388562224715487;0,0179218411707625;0,0385225292945519;0,00612082035677787;0,015699196058898;0,00918210322227181;-3;-3;1;0,915463231547730;1;-3;-3;0,48562664337716055;1;1;-13176,4133304738;NA;All
3860;1,88304088315069;2,84254900688767;2,29896849114977;2,50980797761203;2,71397452471025;2,28043562394877;2,41260264278576;2,44819771007298;2,45700793771892;1,97913013422064;1,92132520506502;1,63046728101526;1,43501376778664;4,90550357958464;1,52473550763761;1,76609058341847;1,91673558388257;1,51866759986513;1,93717807202571;1,61222558828219;-21,2493949166985;-3,79008603045278;-7,20969029393746;-8,51566303812501;-5,61065921085665;-5,62225021785504;-10,536537451225;-9,44246507450126;-6,41341979102222;-16,1050701691777;-11,9039710737268;-17,958603469274;-25,1241603258947;-42,2201109096562;-17,9934367568665;-15,1495215606078;-15,8921403085173;-20,6995455137417;-14,7704510396926;-19,5432018278614;2,68199219822906;1,52838389719892;1,55555567096163;0,906735395569924;0,505569093294629;0,505568510213577;0,542423295383888;0,645128743653648;0,999999654320567;0,839312184375599;0,686365732674007;0,484882772849465;0,338111817657018;-2,14551609259277;-2,4282524118668;-2,59869384510399;-3,05978324250474;-4,0610219701259;-3,99395385733955;-3,3217977374888;-2,72007905507952;-2,13829182353672;-1,18500861275905;-1,85736416666674;-2,23882456322202;-2,86260508058283;-5,02140762454537;-5,09729664790047;-4,06960428105759;-3,34524631734356;-2,65932913921636;0,0616023919182442;0,0160928837337721;0,0388562224715487;0,0179218411707625;0,0385225292945519;0,00612082035677787;0,015699196058898;0,00918210322227181;-3;-3;1;1,021462779852142;1;-3;-3;0,73628829717667899;1;1;-13176,2417753253;NA;All
3870;1,88304088315069;2,84254900688767;2,29896849114977;2,50980797761203;2,71397452471025;2,28043562394877;2,41260264278576;2,44819771007298;2,45700793771892;1,97913013422064;1,92132520506502;1,63046728101526;1,43501376778664;4,90550357958464;1,52473550763761;1,76609058341847;1,91673558388257;1,51866759986513;1,93717807202571;1,61222558828219;-21,2493949166985;-3,79008603045278;-7,20969029393746;-8,51566303812501;-5,61065921085665;-5,62225021785504;-10,536537451225;-9,44246507450126;-6,41341979102222;-16,1050701691777;-11,9039710737268;-17,958603469274;-25,1241603258947;-42,2201109096562;-17,9934367568665;-15,1495215606078;-15,8921403085173;-20,6995455137417;-14,7704510396926;-19,5432018278614;2,68199219822906;1,52838389719892;1,55555567096163;0,906735395569924;0,505569093294629;0,505568510213577;0,542423295383888;0,645128743653648;0,999999654320567;0,839312184375599;0,686365732674007;0,484882772849465;0,338111817657018;-2,14551609259277;-2,4282524118668;-2,59869384510399;-3,05978324250474;-4,0610219701259;-3,99395385733955;-3,3217977374888;-2,72007905507952;-2,13829182353672;-1,18500861275905;-1,85736416666674;-2,23882456322202;-2,86260508058283;-5,02140762454537;-5,09729664790047;-4,06960428105759;-3,34524631734356;-2,65932913921636;0,0616023919182442;0,0160928837337721;0,0388562224715487;0,0179218411707625;0,0385225292945519;0,00612082035677787;0,015699196058898;0,00918210322227181;-3;-3;1;1,063853597855388;1;-3;-3;0,59092750285441886;1;1;-13176,0779705260;NA;All
3880;1,88304088315069;2,84254900688767;2,29896849114977;2,50980797761203;2,71397452471025;2,28043562394877;2,41260264278576;2,44819771007298;2,45700793771892;1,97913013422064;1,92132520506502;1,63046728101526;1,43501376778664;4,90550357958464;1,52473550763761;1,76609058341847;1,91673558388257;1,51866759986513;1,93717807202571;1,61222558828219;-21,2493949166985;-3,79008603045278;-7,20969029393746;-8,51566303812501;-5,61065921085665;-5,62225021785504;-10,536537451225;-9,44246507450126;-6,41341979102222;-16,1050701691777;-11,9039710737268;-17,958603469274;-25,1241603258947;-42,2201109096562;-17,9934367568665;-15,1495215606078;-15,8921403085173;-20,6995455137417;-14,7704510396926;-19,5432018278614;2,68199219822906;1,52838389719892;1,55555567096163;0,906735395569924;0,505569093294629;0,505568510213577;0,542423295383888;0,645128743653648;0,999999654320567;0,839312184375599;0,686365732674007;0,484882772849465;0,338111817657018;-2,14551609259277;-2,4282524118668;-2,59869384510399;-3,05978324250474;-4,0610219701259;-3,99395385733955;-3,3217977374888;-2,72007905507952;-2,13829182353672;-1,18500861275905;-1,85736416666674;-2,23882456322202;-2,86260508058283;-5,02140762454537;-5,09729664790047;-4,06960428105759;-3,34524631734356;-2,65932913921636;0,0616023919182442;0,0160928837337721;0,0388562224715487;0,0179218411707625;0,0385225292945519;0,00612082035677787;0,015699196058898;0,00918210322227181;-3;-3;1;0,979940894727507;1;-3;-3;0,03840517916873074;1;1;-13176,4529973686;NA;All
3890;1,88304088315069;2,84254900688767;2,29896849114977;2,50980797761203;2,71397452471025;2,28043562394877;2,41260264278576;2,44819771007298;2,45700793771892;1,97913013422064;1,92132520506502;1,63046728101526;1,43501376778664;4,90550357958464;1,52473550763761;1,76609058341847;1,91673558388257;1,51866759986513;1,93717807202571;1,61222558828219;-21,2493949166985;-3,79008603045278;-7,20969029393746;-8,51566303812501;-5,61065921085665;-5,62225021785504;-10,536537451225;-9,44246507450126;-6,41341979102222;-16,1050701691777;-11,9039710737268;-17,958603469274;-25,1241603258947;-42,2201109096562;-17,9934367568665;-15,1495215606078;-15,8921403085173;-20,6995455137417;-14,7704510396926;-19,5432018278614;2,68199219822906;1,52838389719892;1,55555567096163;0,906735395569924;0,505569093294629;0,505568510213577;0,542423295383888;0,645128743653648;0,999999654320567;0,839312184375599;0,686365732674007;0,484882772849465;0,338111817657018;-2,14551609259277;-2,4282524118668;-2,59869384510399;-3,05978324250474;-4,0610219701259;-3,99395385733955;-3,3217977374888;-2,72007905507952;-2,13829182353672;-1,18500861275905;-1,85736416666674;-2,23882456322202;-2,86260508058283;-5,02140762454537;-5,09729664790047;-4,06960428105759;-3,34524631734356;-2,65932913921636;0,0616023919182442;0,0160928837337721;0,0388562224715487;0,0179218411707625;0,0385225292945519;0,00612082035677787;0,015699196058898;0,00918210322227181;-3;-3;1;0,947342294024593;1;-3;-3;0,17856039293584230;1;1;-13175,8754678879;NA;All
3900;1,88304088315069;2,84254900688767;2,29896849114977;2,50980797761203;2,71397452471025;2,28043562394877;2,41260264278576;2,44819771007298;2,45700793771892;1,97913013422064;1,92132520506502;1,63046728101526;1,43501376778664;4,90550357958464;1,52473550763761;1,76609058341847;1,91673558388257;1,51866759986513;1,93717807202571;1,61222558828219;-21,2493949166985;-3,79008603045278;-7,20969029393746;-8,51566303812501;-5,61065921085665;-5,62225021785504;-10,536537451225;-9,44246507450126;-6,41341979102222;-16,1050701691777;-11,9039710737268;-17,958603469274;-25,1241603258947;-42,2201109096562;-17,9934367568665;-15,1495215606078;-15,8921403085173;-20,6995455137417;-14,7704510396926;-19,5432018278614;2,68199219822906;1,52838389719892;1,55555567096163;0,906735395569924;0,505569093294629;0,505568510213577;0,542423295383888;0,645128743653648;0,999999654320567;0,839312184375599;0,686365732674007;0,484882772849465;0,338111817657018;-2,14551609259277;-2,4282524118668;-2,59869384510399;-3,05978324250474;-4,0610219701259;-3,99395385733955;-3,3217977374888;-2,72007905507952;-2,13829182353672;-1,18500861275905;-1,85736416666674;-2,23882456322202;-2,86260508058283;-5,02140762454537;-5,09729664790047;-4,06960428105759;-3,34524631734356;-2,65932913921636;0,0616023919182442;0,0160928837337721;0,0388562224715487;0,0179218411707625;0,0385225292945519;0,00612082035677787;0,015699196058898;0,00918210322227181;-3;-3;1;0,936995975138602;1;-3;-3;0,19075240180570968;1;1;-13176,0976995279;NA;All
3910;1,88304088315069;2,84254900688767;2,29896849114977;2,50980797761203;2,71397452471025;2,28043562394877;2,41260264278576;2,44819771007298;2,45700793771892;1,97913013422064;1,92132520506502;1,63046728101526;1,43501376778664;4,90550357958464;1,52473550763761;1,76609058341847;1,91673558388257;1,51866759986513;1,93717807202571;1,61222558828219;-21,2493949166985;-3,79008603045278;-7,20969029393746;-8,51566303812501;-5,61065921085665;-5,62225021785504;-10,536537451225;-9,44246507450126;-6,41341979102222;-16,1050701691777;-11,9039710737268;-17,958603469274;-25,1241603258947;-42,2201109096562;-17,9934367568665;-15,1495215606078;-15,8921403085173;-20,6995455137417;-14,7704510396926;-19,5432018278614;2,68199219822906;1,52838389719892;1,55555567096163;0,906735395569924;0,505569093294629;0,505568510213577;0,542423295383888;0,645128743653648;0,999999654320567;0,839312184375599;0,686365732674007;0,484882772849465;0,338111817657018;-2,14551609259277;-2,4282524118668;-2,59869384510399;-3,05978324250474;-4,0610219701259;-3,99395385733955;-3,3217977374888;-2,72007905507952;-2,13829182353672;-1,18500861275905;-1,85736416666674;-2,23882456322202;-2,86260508058283;-5,02140762454537;-5,09729664790047;-4,06960428105759;-3,34524631734356;-2,65932913921636;0,0616023919182442;0,0160928837337721;0,0388562224715487;0,0179218411707625;0,0385225292945519;0,00612082035677787;0,015699196058898;0,00918210322227181;-3;-3;1;0,988602832695713;1;-3;-3;0,57415219916232851;1;1;-13174,9142789280;NA;All
3920;1,88304088315069;2,84254900688767;2,29896849114977;2,50980797761203;2,71397452471025;2,28043562394877;2,41260264278576;2,44819771007298;2,45700793771892;1,97913013422064;1,92132520506502;1,63046728101526;1,43501376778664;4,90550357958464;1,52473550763761;1,76609058341847;1,91673558388257;1,51866759986513;1,93717807202571;1,61222558828219;-21,2493949166985;-3,79008603045278;-7,20969029393746;-8,51566303812501;-5,61065921085665;-5,62225021785504;-10,536537451225;-9,44246507450126;-6,41341979102222;-16,1050701691777;-11,9039710737268;-17,958603469274;-25,1241603258947;-42,2201109096562;-17,9934367568665;-15,1495215606078;-15,8921403085173;-20,6995455137417;-14,7704510396926;-19,5432018278614;2,68199219822906;1,52838389719892;1,55555567096163;0,906735395569924;0,505569093294629;0,505568510213577;0,542423295383888;0,645128743653648;0,999999654320567;0,839312184375599;0,686365732674007;0,484882772849465;0,338111817657018;-2,14551609259277;-2,4282524118668;-2,59869384510399;-3,05978324250474;-4,0610219701259;-3,99395385733955;-3,3217977374888;-2,72007905507952;-2,13829182353672;-1,18500861275905;-1,85736416666674;-2,23882456322202;-2,86260508058283;-5,02140762454537;-5,09729664790047;-4,06960428105759;-3,34524631734356;-2,65932913921636;0,0616023919182442;0,0160928837337721;0,0388562224715487;0,0179218411707625;0,0385225292945519;0,00612082035677787;0,015699196058898;0,00918210322227181;-3;-3;1;0,992759970367863;1;-3;-3;0,33451603961895160;1;1;-13174,5123190993;NA;All
3930;1,88304088315069;2,84254900688767;2,29896849114977;2,50980797761203;2,71397452471025;2,28043562394877;2,41260264278576;2,44819771007298;2,45700793771892;1,97913013422064;1,92132520506502;1,63046728101526;1,43501376778664;4,90550357958464;1,52473550763761;1,76609058341847;1,91673558388257;1,51866759986513;1,93717807202571;1,61222558828219;-21,2493949166985;-3,79008603045278;-7,20969029393746;-8,51566303812501;-5,61065921085665;-5,62225021785504;-10,536537451225;-9,44246507450126;-6,41341979102222;-16,1050701691777;-11,9039710737268;-17,958603469274;-25,1241603258947;-42,2201109096562;-17,9934367568665;-15,1495215606078;-15,8921403085173;-20,6995455137417;-14,7704510396926;-19,5432018278614;2,68199219822906;1,52838389719892;1,55555567096163;0,906735395569924;0,505569093294629;0,505568510213577;0,542423295383888;0,645128743653648;0,999999654320567;0,839312184375599;0,686365732674007;0,484882772849465;0,338111817657018;-2,14551609259277;-2,4282524118668;-2,59869384510399;-3,05978324250474;-4,0610219701259;-3,99395385733955;-3,3217977374888;-2,72007905507952;-2,13829182353672;-1,18500861275905;-1,85736416666674;-2,23882456322202;-2,86260508058283;-5,02140762454537;-5,09729664790047;-4,06960428105759;-3,34524631734356;-2,65932913921636;0,0616023919182442;0,0160928837337721;0,0388562224715487;0,0179218411707625;0,0385225292945519;0,00612082035677787;0,015699196058898;0,00918210322227181;-3;-3;1;0,971457425720066;1;-3;-3;0,34131719907518165;1;1;-13174,7092403476;NA;All
3940;1,88304088315069;2,84254900688767;2,29896849114977;2,50980797761203;2,71397452471025;2,28043562394877;2,41260264278576;2,44819771007298;2,45700793771892;1,97913013422064;1,92132520506502;1,63046728101526;1,43501376778664;4,90550357958464;1,52473550763761;1,76609058341847;1,91673558388257;1,51866759986513;1,93717807202571;1,61222558828219;-21,2493949166985;-3,79008603045278;-7,20969029393746;-8,51566303812501;-5,61065921085665;-5,62225021785504;-10,536537451225;-9,44246507450126;-6,41341979102222;-16,1050701691777;-11,9039710737268;-17,958603469274;-25,1241603258947;-42,2201109096562;-17,9934367568665;-15,1495215606078;-15,8921403085173;-20,6995455137417;-14,7704510396926;-19,5432018278614;2,68199219822906;1,52838389719892;1,55555567096163;0,906735395569924;0,505569093294629;0,505568510213577;0,542423295383888;0,645128743653648;0,999999654320567;0,839312184375599;0,686365732674007;0,484882772849465;0,338111817657018;-2,14551609259277;-2,4282524118668;-2,59869384510399;-3,05978324250474;-4,0610219701259;-3,99395385733955;-3,3217977374888;-2,72007905507952;-2,13829182353672;-1,18500861275905;-1,85736416666674;-2,23882456322202;-2,86260508058283;-5,02140762454537;-5,09729664790047;-4,06960428105759;-3,34524631734356;-2,65932913921636;0,0616023919182442;0,0160928837337721;0,0388562224715487;0,0179218411707625;0,0385225292945519;0,00612082035677787;0,015699196058898;0,00918210322227181;-3;-3;1;0,966630748310691;1;-3;-3;0,41035319707070728;1;1;-13174,7380409173;NA;All
3950;1,88304088315069;2,84254900688767;2,29896849114977;2,50980797761203;2,71397452471025;2,28043562394877;2,41260264278576;2,44819771007298;2,45700793771892;1,97913013422064;1,92132520506502;1,63046728101526;1,43501376778664;4,90550357958464;1,52473550763761;1,76609058341847;1,91673558388257;1,51866759986513;1,93717807202571;1,61222558828219;-21,2493949166985;-3,79008603045278;-7,20969029393746;-8,51566303812501;-5,61065921085665;-5,62225021785504;-10,536537451225;-9,44246507450126;-6,41341979102222;-16,1050701691777;-11,9039710737268;-17,958603469274;-25,1241603258947;-42,2201109096562;-17,9934367568665;-15,1495215606078;-15,8921403085173;-20,6995455137417;-14,7704510396926;-19,5432018278614;2,68199219822906;1,52838389719892;1,55555567096163;0,906735395569924;0,505569093294629;0,505568510213577;0,542423295383888;0,645128743653648;0,999999654320567;0,839312184375599;0,686365732674007;0,484882772849465;0,338111817657018;-2,14551609259277;-2,4282524118668;-2,59869384510399;-3,05978324250474;-4,0610219701259;-3,99395385733955;-3,3217977374888;-2,72007905507952;-2,13829182353672;-1,18500861275905;-1,85736416666674;-2,23882456322202;-2,86260508058283;-5,02140762454537;-5,09729664790047;-4,06960428105759;-3,34524631734356;-2,65932913921636;0,0616023919182442;0,0160928837337721;0,0388562224715487;0,0179218411707625;0,0385225292945519;0,00612082035677787;0,015699196058898;0,00918210322227181;-3;-3;1;0,968808475551789;1;-3;-3;0,26632735217707260;1;1;-13174,9627442180;NA;All
3960;1,88304088315069;2,84254900688767;2,29896849114977;2,50980797761203;2,71397452471025;2,28043562394877;2,41260264278576;2,44819771007298;2,45700793771892;1,97913013422064;1,92132520506502;1,63046728101526;1,43501376778664;4,90550357958464;1,52473550763761;1,76609058341847;1,91673558388257;1,51866759986513;1,93717807202571;1,61222558828219;-21,2493949166985;-3,79008603045278;-7,20969029393746;-8,51566303812501;-5,61065921085665;-5,62225021785504;-10,536537451225;-9,44246507450126;-6,41341979102222;-16,1050701691777;-11,9039710737268;-17,958603469274;-25,1241603258947;-42,2201109096562;-17,9934367568665;-15,1495215606078;-15,8921403085173;-20,6995455137417;-14,7704510396926;-19,5432018278614;2,68199219822906;1,52838389719892;1,55555567096163;0,906735395569924;0,505569093294629;0,505568510213577;0,542423295383888;0,645128743653648;0,999999654320567;0,839312184375599;0,686365732674007;0,484882772849465;0,338111817657018;-2,14551609259277;-2,4282524118668;-2,59869384510399;-3,05978324250474;-4,0610219701259;-3,99395385733955;-3,3217977374888;-2,72007905507952;-2,13829182353672;-1,18500861275905;-1,85736416666674;-2,23882456322202;-2,86260508058283;-5,02140762454537;-5,09729664790047;-4,06960428105759;-3,34524631734356;-2,65932913921636;0,0616023919182442;0,0160928837337721;0,0388562224715487;0,0179218411707625;0,0385225292945519;0,00612082035677787;0,015699196058898;0,00918210322227181;-3;-3;1;0,952845959962570;1;-3;-3;0,40734853412785221;1;1;-13175,0263572221;NA;All
3970;1,88304088315069;2,84254900688767;2,29896849114977;2,50980797761203;2,71397452471025;2,28043562394877;2,41260264278576;2,44819771007298;2,45700793771892;1,97913013422064;1,92132520506502;1,63046728101526;1,43501376778664;4,90550357958464;1,52473550763761;1,76609058341847;1,91673558388257;1,51866759986513;1,93717807202571;1,61222558828219;-21,2493949166985;-3,79008603045278;-7,20969029393746;-8,51566303812501;-5,61065921085665;-5,62225021785504;-10,536537451225;-9,44246507450126;-6,41341979102222;-16,1050701691777;-11,9039710737268;-17,958603469274;-25,1241603258947;-42,2201109096562;-17,9934367568665;-15,1495215606078;-15,8921403085173;-20,6995455137417;-14,7704510396926;-19,5432018278614;2,68199219822906;1,52838389719892;1,55555567096163;0,906735395569924;0,505569093294629;0,505568510213577;0,542423295383888;0,645128743653648;0,999999654320567;0,839312184375599;0,686365732674007;0,484882772849465;0,338111817657018;-2,14551609259277;-2,4282524118668;-2,59869384510399;-3,05978324250474;-4,0610219701259;-3,99395385733955;-3,3217977374888;-2,72007905507952;-2,13829182353672;-1,18500861275905;-1,85736416666674;-2,23882456322202;-2,86260508058283;-5,02140762454537;-5,09729664790047;-4,06960428105759;-3,34524631734356;-2,65932913921636;0,0616023919182442;0,0160928837337721;0,0388562224715487;0,0179218411707625;0,0385225292945519;0,00612082035677787;0,015699196058898;0,00918210322227181;-3;-3;1;1,029097785930304;1;-3;-3;0,36911284796371219;1;1;-13174,6292011735;NA;All
3980;1,88304088315069;2,84254900688767;2,29896849114977;2,50980797761203;2,71397452471025;2,28043562394877;2,41260264278576;2,44819771007298;2,45700793771892;1,97913013422064;1,92132520506502;1,63046728101526;1,43501376778664;4,90550357958464;1,52473550763761;1,76609058341847;1,91673558388257;1,51866759986513;1,93717807202571;1,61222558828219;-21,2493949166985;-3,79008603045278;-7,20969029393746;-8,51566303812501;-5,61065921085665;-5,62225021785504;-10,536537451225;-9,44246507450126;-6,41341979102222;-16,1050701691777;-11,9039710737268;-17,958603469274;-25,1241603258947;-42,2201109096562;-17,9934367568665;-15,1495215606078;-15,8921403085173;-20,6995455137417;-14,7704510396926;-19,5432018278614;2,68199219822906;1,52838389719892;1,55555567096163;0,906735395569924;0,505569093294629;0,505568510213577;0,542423295383888;0,645128743653648;0,999999654320567;0,839312184375599;0,686365732674007;0,484882772849465;0,338111817657018;-2,14551609259277;-2,4282524118668;-2,59869384510399;-3,05978324250474;-4,0610219701259;-3,99395385733955;-3,3217977374888;-2,72007905507952;-2,13829182353672;-1,18500861275905;-1,85736416666674;-2,23882456322202;-2,86260508058283;-5,02140762454537;-5,09729664790047;-4,06960428105759;-3,34524631734356;-2,65932913921636;0,0616023919182442;0,0160928837337721;0,0388562224715487;0,0179218411707625;0,0385225292945519;0,00612082035677787;0,015699196058898;0,00918210322227181;-3;-3;1;0,954732218750541;1;-3;-3;0,35648985228992514;1;1;-13175,0081339007;NA;All
3990;1,88304088315069;2,84254900688767;2,29896849114977;2,50980797761203;2,71397452471025;2,28043562394877;2,41260264278576;2,44819771007298;2,45700793771892;1,97913013422064;1,92132520506502;1,63046728101526;1,43501376778664;4,90550357958464;1,52473550763761;1,76609058341847;1,91673558388257;1,51866759986513;1,93717807202571;1,61222558828219;-21,2493949166985;-3,79008603045278;-7,20969029393746;-8,51566303812501;-5,61065921085665;-5,62225021785504;-10,536537451225;-9,44246507450126;-6,41341979102222;-16,1050701691777;-11,9039710737268;-17,958603469274;-25,1241603258947;-42,2201109096562;-17,9934367568665;-15,1495215606078;-15,8921403085173;-20,6995455137417;-14,7704510396926;-19,5432018278614;2,68199219822906;1,52838389719892;1,55555567096163;0,906735395569924;0,505569093294629;0,505568510213577;0,542423295383888;0,645128743653648;0,999999654320567;0,839312184375599;0,686365732674007;0,484882772849465;0,338111817657018;-2,14551609259277;-2,4282524118668;-2,59869384510399;-3,05978324250474;-4,0610219701259;-3,99395385733955;-3,3217977374888;-2,72007905507952;-2,13829182353672;-1,18500861275905;-1,85736416666674;-2,23882456322202;-2,86260508058283;-5,02140762454537;-5,09729664790047;-4,06960428105759;-3,34524631734356;-2,65932913921636;0,0616023919182442;0,0160928837337721;0,0388562224715487;0,0179218411707625;0,0385225292945519;0,00612082035677787;0,015699196058898;0,00918210322227181;-3;-3;1;1,049484157973017;1;-3;-3;0,40197136951506590;1;1;-13175,0103706790;NA;All
4000;1,88304088315069;2,84254900688767;2,29896849114977;2,50980797761203;2,71397452471025;2,28043562394877;2,41260264278576;2,44819771007298;2,45700793771892;1,97913013422064;1,92132520506502;1,63046728101526;1,43501376778664;4,90550357958464;1,52473550763761;1,76609058341847;1,91673558388257;1,51866759986513;1,93717807202571;1,61222558828219;-21,2493949166985;-3,79008603045278;-7,20969029393746;-8,51566303812501;-5,61065921085665;-5,62225021785504;-10,536537451225;-9,44246507450126;-6,41341979102222;-16,1050701691777;-11,9039710737268;-17,958603469274;-25,1241603258947;-42,2201109096562;-17,9934367568665;-15,1495215606078;-15,8921403085173;-20,6995455137417;-14,7704510396926;-19,5432018278614;2,68199219822906;1,52838389719892;1,55555567096163;0,906735395569924;0,505569093294629;0,505568510213577;0,542423295383888;0,645128743653648;0,999999654320567;0,839312184375599;0,686365732674007;0,484882772849465;0,338111817657018;-2,14551609259277;-2,4282524118668;-2,59869384510399;-3,05978324250474;-4,0610219701259;-3,99395385733955;-3,3217977374888;-2,72007905507952;-2,13829182353672;-1,18500861275905;-1,85736416666674;-2,23882456322202;-2,86260508058283;-5,02140762454537;-5,09729664790047;-4,06960428105759;-3,34524631734356;-2,65932913921636;0,0616023919182442;0,0160928837337721;0,0388562224715487;0,0179218411707625;0,0385225292945519;0,00612082035677787;0,015699196058898;0,00918210322227181;-3;-3;1;1,055133387118839;1;-3;-3;0,39548896961685537;1;1;-13175,1511526604;NA;All
4010;1,88304088315069;2,84254900688767;2,29896849114977;2,50980797761203;2,71397452471025;2,28043562394877;2,41260264278576;2,44819771007298;2,45700793771892;1,97913013422064;1,92132520506502;1,63046728101526;1,43501376778664;4,90550357958464;1,52473550763761;1,76609058341847;1,91673558388257;1,51866759986513;1,93717807202571;1,61222558828219;-21,2493949166985;-3,79008603045278;-7,20969029393746;-8,51566303812501;-5,61065921085665;-5,62225021785504;-10,536537451225;-9,44246507450126;-6,41341979102222;-16,1050701691777;-11,9039710737268;-17,958603469274;-25,1241603258947;-42,2201109096562;-17,9934367568665;-15,1495215606078;-15,8921403085173;-20,6995455137417;-14,7704510396926;-19,5432018278614;2,68199219822906;1,52838389719892;1,55555567096163;0,906735395569924;0,505569093294629;0,505568510213577;0,542423295383888;0,645128743653648;0,999999654320567;0,839312184375599;0,686365732674007;0,484882772849465;0,338111817657018;-2,14551609259277;-2,4282524118668;-2,59869384510399;-3,05978324250474;-4,0610219701259;-3,99395385733955;-3,3217977374888;-2,72007905507952;-2,13829182353672;-1,18500861275905;-1,85736416666674;-2,23882456322202;-2,86260508058283;-5,02140762454537;-5,09729664790047;-4,06960428105759;-3,34524631734356;-2,65932913921636;0,0616023919182442;0,0160928837337721;0,0388562224715487;0,0179218411707625;0,0385225292945519;0,00612082035677787;0,015699196058898;0,00918210322227181;-3;-3;1;0,996339748823681;1;-3;-3;0,26039557022415566;1;1;-13174,7187878895;NA;All
4020;1,88304088315069;2,84254900688767;2,29896849114977;2,50980797761203;2,71397452471025;2,28043562394877;2,41260264278576;2,44819771007298;2,45700793771892;1,97913013422064;1,92132520506502;1,63046728101526;1,43501376778664;4,90550357958464;1,52473550763761;1,76609058341847;1,91673558388257;1,51866759986513;1,93717807202571;1,61222558828219;-21,2493949166985;-3,79008603045278;-7,20969029393746;-8,51566303812501;-5,61065921085665;-5,62225021785504;-10,536537451225;-9,44246507450126;-6,41341979102222;-16,1050701691777;-11,9039710737268;-17,958603469274;-25,1241603258947;-42,2201109096562;-17,9934367568665;-15,1495215606078;-15,8921403085173;-20,6995455137417;-14,7704510396926;-19,5432018278614;2,68199219822906;1,52838389719892;1,55555567096163;0,906735395569924;0,505569093294629;0,505568510213577;0,542423295383888;0,645128743653648;0,999999654320567;0,839312184375599;0,686365732674007;0,484882772849465;0,338111817657018;-2,14551609259277;-2,4282524118668;-2,59869384510399;-3,05978324250474;-4,0610219701259;-3,99395385733955;-3,3217977374888;-2,72007905507952;-2,13829182353672;-1,18500861275905;-1,85736416666674;-2,23882456322202;-2,86260508058283;-5,02140762454537;-5,09729664790047;-4,06960428105759;-3,34524631734356;-2,65932913921636;0,0616023919182442;0,0160928837337721;0,0388562224715487;0,0179218411707625;0,0385225292945519;0,00612082035677787;0,015699196058898;0,00918210322227181;-3;-3;1;1,017336185268616;1;-3;-3;0,43123359387720311;1;1;-13174,5144659171;NA;All
4030;1,88304088315069;2,84254900688767;2,29896849114977;2,50980797761203;2,71397452471025;2,28043562394877;2,41260264278576;2,44819771007298;2,45700793771892;1,97913013422064;1,92132520506502;1,63046728101526;1,43501376778664;4,90550357958464;1,52473550763761;1,76609058341847;1,91673558388257;1,51866759986513;1,93717807202571;1,61222558828219;-21,2493949166985;-3,79008603045278;-7,20969029393746;-8,51566303812501;-5,61065921085665;-5,62225021785504;-10,536537451225;-9,44246507450126;-6,41341979102222;-16,1050701691777;-11,9039710737268;-17,958603469274;-25,1241603258947;-42,2201109096562;-17,9934367568665;-15,1495215606078;-15,8921403085173;-20,6995455137417;-14,7704510396926;-19,5432018278614;2,68199219822906;1,52838389719892;1,55555567096163;0,906735395569924;0,505569093294629;0,505568510213577;0,542423295383888;0,645128743653648;0,999999654320567;0,839312184375599;0,686365732674007;0,484882772849465;0,338111817657018;-2,14551609259277;-2,4282524118668;-2,59869384510399;-3,05978324250474;-4,0610219701259;-3,99395385733955;-3,3217977374888;-2,72007905507952;-2,13829182353672;-1,18500861275905;-1,85736416666674;-2,23882456322202;-2,86260508058283;-5,02140762454537;-5,09729664790047;-4,06960428105759;-3,34524631734356;-2,65932913921636;0,0616023919182442;0,0160928837337721;0,0388562224715487;0,0179218411707625;0,0385225292945519;0,00612082035677787;0,015699196058898;0,00918210322227181;-3;-3;1;0,965094590518614;1;-3;-3;0,36292172225786801;1;1;-13174,7846884929;NA;All
4040;1,88304088315069;2,84254900688767;2,29896849114977;2,50980797761203;2,71397452471025;2,28043562394877;2,41260264278576;2,44819771007298;2,45700793771892;1,97913013422064;1,92132520506502;1,63046728101526;1,43501376778664;4,90550357958464;1,52473550763761;1,76609058341847;1,91673558388257;1,51866759986513;1,93717807202571;1,61222558828219;-21,2493949166985;-3,79008603045278;-7,20969029393746;-8,51566303812501;-5,61065921085665;-5,62225021785504;-10,536537451225;-9,44246507450126;-6,41341979102222;-16,1050701691777;-11,9039710737268;-17,958603469274;-25,1241603258947;-42,2201109096562;-17,9934367568665;-15,1495215606078;-15,8921403085173;-20,6995455137417;-14,7704510396926;-19,5432018278614;2,68199219822906;1,52838389719892;1,55555567096163;0,906735395569924;0,505569093294629;0,505568510213577;0,542423295383888;0,645128743653648;0,999999654320567;0,839312184375599;0,686365732674007;0,484882772849465;0,338111817657018;-2,14551609259277;-2,4282524118668;-2,59869384510399;-3,05978324250474;-4,0610219701259;-3,99395385733955;-3,3217977374888;-2,72007905507952;-2,13829182353672;-1,18500861275905;-1,85736416666674;-2,23882456322202;-2,86260508058283;-5,02140762454537;-5,09729664790047;-4,06960428105759;-3,34524631734356;-2,65932913921636;0,0616023919182442;0,0160928837337721;0,0388562224715487;0,0179218411707625;0,0385225292945519;0,00612082035677787;0,015699196058898;0,00918210322227181;-3;-3;1;1,010369062474445;1;-3;-3;0,28014567045745420;1;1;-13174,6490939343;NA;All
4050;1,88304088315069;2,84254900688767;2,29896849114977;2,50980797761203;2,71397452471025;2,28043562394877;2,41260264278576;2,44819771007298;2,45700793771892;1,97913013422064;1,92132520506502;1,63046728101526;1,43501376778664;4,90550357958464;1,52473550763761;1,76609058341847;1,91673558388257;1,51866759986513;1,93717807202571;1,61222558828219;-21,2493949166985;-3,79008603045278;-7,20969029393746;-8,51566303812501;-5,61065921085665;-5,62225021785504;-10,536537451225;-9,44246507450126;-6,41341979102222;-16,1050701691777;-11,9039710737268;-17,958603469274;-25,1241603258947;-42,2201109096562;-17,9934367568665;-15,1495215606078;-15,8921403085173;-20,6995455137417;-14,7704510396926;-19,5432018278614;2,68199219822906;1,52838389719892;1,55555567096163;0,906735395569924;0,505569093294629;0,505568510213577;0,542423295383888;0,645128743653648;0,999999654320567;0,839312184375599;0,686365732674007;0,484882772849465;0,338111817657018;-2,14551609259277;-2,4282524118668;-2,59869384510399;-3,05978324250474;-4,0610219701259;-3,99395385733955;-3,3217977374888;-2,72007905507952;-2,13829182353672;-1,18500861275905;-1,85736416666674;-2,23882456322202;-2,86260508058283;-5,02140762454537;-5,09729664790047;-4,06960428105759;-3,34524631734356;-2,65932913921636;0,0616023919182442;0,0160928837337721;0,0388562224715487;0,0179218411707625;0,0385225292945519;0,00612082035677787;0,015699196058898;0,00918210322227181;-3;-3;1;0,902451215014168;1;-3;-3;0,22559247283085176;1;1;-13177,2787336632;NA;All
4060;1,88304088315069;2,84254900688767;2,29896849114977;2,50980797761203;2,71397452471025;2,28043562394877;2,41260264278576;2,44819771007298;2,45700793771892;1,97913013422064;1,92132520506502;1,63046728101526;1,43501376778664;4,90550357958464;1,52473550763761;1,76609058341847;1,91673558388257;1,51866759986513;1,93717807202571;1,61222558828219;-21,2493949166985;-3,79008603045278;-7,20969029393746;-8,51566303812501;-5,61065921085665;-5,62225021785504;-10,536537451225;-9,44246507450126;-6,41341979102222;-16,1050701691777;-11,9039710737268;-17,958603469274;-25,1241603258947;-42,2201109096562;-17,9934367568665;-15,1495215606078;-15,8921403085173;-20,6995455137417;-14,7704510396926;-19,5432018278614;2,68199219822906;1,52838389719892;1,55555567096163;0,906735395569924;0,505569093294629;0,505568510213577;0,542423295383888;0,645128743653648;0,999999654320567;0,839312184375599;0,686365732674007;0,484882772849465;0,338111817657018;-2,14551609259277;-2,4282524118668;-2,59869384510399;-3,05978324250474;-4,0610219701259;-3,99395385733955;-3,3217977374888;-2,72007905507952;-2,13829182353672;-1,18500861275905;-1,85736416666674;-2,23882456322202;-2,86260508058283;-5,02140762454537;-5,09729664790047;-4,06960428105759;-3,34524631734356;-2,65932913921636;0,0616023919182442;0,0160928837337721;0,0388562224715487;0,0179218411707625;0,0385225292945519;0,00612082035677787;0,015699196058898;0,00918210322227181;-3;-3;1;1,004064670385942;1;-3;-3;0,17885461286716786;1;1;-13175,1338788194;NA;All
4070;1,88304088315069;2,84254900688767;2,29896849114977;2,50980797761203;2,71397452471025;2,28043562394877;2,41260264278576;2,44819771007298;2,45700793771892;1,97913013422064;1,92132520506502;1,63046728101526;1,43501376778664;4,90550357958464;1,52473550763761;1,76609058341847;1,91673558388257;1,51866759986513;1,93717807202571;1,61222558828219;-21,2493949166985;-3,79008603045278;-7,20969029393746;-8,51566303812501;-5,61065921085665;-5,62225021785504;-10,536537451225;-9,44246507450126;-6,41341979102222;-16,1050701691777;-11,9039710737268;-17,958603469274;-25,1241603258947;-42,2201109096562;-17,9934367568665;-15,1495215606078;-15,8921403085173;-20,6995455137417;-14,7704510396926;-19,5432018278614;2,68199219822906;1,52838389719892;1,55555567096163;0,906735395569924;0,505569093294629;0,505568510213577;0,542423295383888;0,645128743653648;0,999999654320567;0,839312184375599;0,686365732674007;0,484882772849465;0,338111817657018;-2,14551609259277;-2,4282524118668;-2,59869384510399;-3,05978324250474;-4,0610219701259;-3,99395385733955;-3,3217977374888;-2,72007905507952;-2,13829182353672;-1,18500861275905;-1,85736416666674;-2,23882456322202;-2,86260508058283;-5,02140762454537;-5,09729664790047;-4,06960428105759;-3,34524631734356;-2,65932913921636;0,0616023919182442;0,0160928837337721;0,0388562224715487;0,0179218411707625;0,0385225292945519;0,00612082035677787;0,015699196058898;0,00918210322227181;-3;-3;1;1,040606382584658;1;-3;-3;0,36815620082313832;1;1;-13174,8180624336;NA;All
4080;1,88304088315069;2,84254900688767;2,29896849114977;2,50980797761203;2,71397452471025;2,28043562394877;2,41260264278576;2,44819771007298;2,45700793771892;1,97913013422064;1,92132520506502;1,63046728101526;1,43501376778664;4,90550357958464;1,52473550763761;1,76609058341847;1,91673558388257;1,51866759986513;1,93717807202571;1,61222558828219;-21,2493949166985;-3,79008603045278;-7,20969029393746;-8,51566303812501;-5,61065921085665;-5,62225021785504;-10,536537451225;-9,44246507450126;-6,41341979102222;-16,1050701691777;-11,9039710737268;-17,958603469274;-25,1241603258947;-42,2201109096562;-17,9934367568665;-15,1495215606078;-15,8921403085173;-20,6995455137417;-14,7704510396926;-19,5432018278614;2,68199219822906;1,52838389719892;1,55555567096163;0,906735395569924;0,505569093294629;0,505568510213577;0,542423295383888;0,645128743653648;0,999999654320567;0,839312184375599;0,686365732674007;0,484882772849465;0,338111817657018;-2,14551609259277;-2,4282524118668;-2,59869384510399;-3,05978324250474;-4,0610219701259;-3,99395385733955;-3,3217977374888;-2,72007905507952;-2,13829182353672;-1,18500861275905;-1,85736416666674;-2,23882456322202;-2,86260508058283;-5,02140762454537;-5,09729664790047;-4,06960428105759;-3,34524631734356;-2,65932913921636;0,0616023919182442;0,0160928837337721;0,0388562224715487;0,0179218411707625;0,0385225292945519;0,00612082035677787;0,015699196058898;0,00918210322227181;-3;-3;1;1,004080404613200;1;-3;-3;0,36784599804327966;1;1;-13174,4465671643;NA;All
4090;1,88304088315069;2,84254900688767;2,29896849114977;2,50980797761203;2,71397452471025;2,28043562394877;2,41260264278576;2,44819771007298;2,45700793771892;1,97913013422064;1,92132520506502;1,63046728101526;1,43501376778664;4,90550357958464;1,52473550763761;1,76609058341847;1,91673558388257;1,51866759986513;1,93717807202571;1,61222558828219;-21,2493949166985;-3,79008603045278;-7,20969029393746;-8,51566303812501;-5,61065921085665;-5,62225021785504;-10,536537451225;-9,44246507450126;-6,41341979102222;-16,1050701691777;-11,9039710737268;-17,958603469274;-25,1241603258947;-42,2201109096562;-17,9934367568665;-15,1495215606078;-15,8921403085173;-20,6995455137417;-14,7704510396926;-19,5432018278614;2,68199219822906;1,52838389719892;1,55555567096163;0,906735395569924;0,505569093294629;0,505568510213577;0,542423295383888;0,645128743653648;0,999999654320567;0,839312184375599;0,686365732674007;0,484882772849465;0,338111817657018;-2,14551609259277;-2,4282524118668;-2,59869384510399;-3,05978324250474;-4,0610219701259;-3,99395385733955;-3,3217977374888;-2,72007905507952;-2,13829182353672;-1,18500861275905;-1,85736416666674;-2,23882456322202;-2,86260508058283;-5,02140762454537;-5,09729664790047;-4,06960428105759;-3,34524631734356;-2,65932913921636;0,0616023919182442;0,0160928837337721;0,0388562224715487;0,0179218411707625;0,0385225292945519;0,00612082035677787;0,015699196058898;0,00918210322227181;-3;-3;1;1,008263057215351;1;-3;-3;0,59196062671027061;1;1;-13174,9995805879;NA;All
4100;1,88304088315069;2,84254900688767;2,29896849114977;2,50980797761203;2,71397452471025;2,28043562394877;2,41260264278576;2,44819771007298;2,45700793771892;1,97913013422064;1,92132520506502;1,63046728101526;1,43501376778664;4,90550357958464;1,52473550763761;1,76609058341847;1,91673558388257;1,51866759986513;1,93717807202571;1,61222558828219;-21,2493949166985;-3,79008603045278;-7,20969029393746;-8,51566303812501;-5,61065921085665;-5,62225021785504;-10,536537451225;-9,44246507450126;-6,41341979102222;-16,1050701691777;-11,9039710737268;-17,958603469274;-25,1241603258947;-42,2201109096562;-17,9934367568665;-15,1495215606078;-15,8921403085173;-20,6995455137417;-14,7704510396926;-19,5432018278614;2,68199219822906;1,52838389719892;1,55555567096163;0,906735395569924;0,505569093294629;0,505568510213577;0,542423295383888;0,645128743653648;0,999999654320567;0,839312184375599;0,686365732674007;0,484882772849465;0,338111817657018;-2,14551609259277;-2,4282524118668;-2,59869384510399;-3,05978324250474;-4,0610219701259;-3,99395385733955;-3,3217977374888;-2,72007905507952;-2,13829182353672;-1,18500861275905;-1,85736416666674;-2,23882456322202;-2,86260508058283;-5,02140762454537;-5,09729664790047;-4,06960428105759;-3,34524631734356;-2,65932913921636;0,0616023919182442;0,0160928837337721;0,0388562224715487;0,0179218411707625;0,0385225292945519;0,00612082035677787;0,015699196058898;0,00918210322227181;-3;-3;1;1,008581318489223;1;-3;-3;0,38337602511418306;1;1;-13174,4472329732;NA;All
4110;1,88304088315069;2,84254900688767;2,29896849114977;2,50980797761203;2,71397452471025;2,28043562394877;2,41260264278576;2,44819771007298;2,45700793771892;1,97913013422064;1,92132520506502;1,63046728101526;1,43501376778664;4,90550357958464;1,52473550763761;1,76609058341847;1,91673558388257;1,51866759986513;1,93717807202571;1,61222558828219;-21,2493949166985;-3,79008603045278;-7,20969029393746;-8,51566303812501;-5,61065921085665;-5,62225021785504;-10,536537451225;-9,44246507450126;-6,41341979102222;-16,1050701691777;-11,9039710737268;-17,958603469274;-25,1241603258947;-42,2201109096562;-17,9934367568665;-15,1495215606078;-15,8921403085173;-20,6995455137417;-14,7704510396926;-19,5432018278614;2,68199219822906;1,52838389719892;1,55555567096163;0,906735395569924;0,505569093294629;0,505568510213577;0,542423295383888;0,645128743653648;0,999999654320567;0,839312184375599;0,686365732674007;0,484882772849465;0,338111817657018;-2,14551609259277;-2,4282524118668;-2,59869384510399;-3,05978324250474;-4,0610219701259;-3,99395385733955;-3,3217977374888;-2,72007905507952;-2,13829182353672;-1,18500861275905;-1,85736416666674;-2,23882456322202;-2,86260508058283;-5,02140762454537;-5,09729664790047;-4,06960428105759;-3,34524631734356;-2,65932913921636;0,0616023919182442;0,0160928837337721;0,0388562224715487;0,0179218411707625;0,0385225292945519;0,00612082035677787;0,015699196058898;0,00918210322227181;-3;-3;1;0,931497979075673;1;-3;-3;0,68781678653797185;1;1;-13176,8636850879;NA;All
4120;1,88304088315069;2,84254900688767;2,29896849114977;2,50980797761203;2,71397452471025;2,28043562394877;2,41260264278576;2,44819771007298;2,45700793771892;1,97913013422064;1,92132520506502;1,63046728101526;1,43501376778664;4,90550357958464;1,52473550763761;1,76609058341847;1,91673558388257;1,51866759986513;1,93717807202571;1,61222558828219;-21,2493949166985;-3,79008603045278;-7,20969029393746;-8,51566303812501;-5,61065921085665;-5,62225021785504;-10,536537451225;-9,44246507450126;-6,41341979102222;-16,1050701691777;-11,9039710737268;-17,958603469274;-25,1241603258947;-42,2201109096562;-17,9934367568665;-15,1495215606078;-15,8921403085173;-20,6995455137417;-14,7704510396926;-19,5432018278614;2,68199219822906;1,52838389719892;1,55555567096163;0,906735395569924;0,505569093294629;0,505568510213577;0,542423295383888;0,645128743653648;0,999999654320567;0,839312184375599;0,686365732674007;0,484882772849465;0,338111817657018;-2,14551609259277;-2,4282524118668;-2,59869384510399;-3,05978324250474;-4,0610219701259;-3,99395385733955;-3,3217977374888;-2,72007905507952;-2,13829182353672;-1,18500861275905;-1,85736416666674;-2,23882456322202;-2,86260508058283;-5,02140762454537;-5,09729664790047;-4,06960428105759;-3,34524631734356;-2,65932913921636;0,0616023919182442;0,0160928837337721;0,0388562224715487;0,0179218411707625;0,0385225292945519;0,00612082035677787;0,015699196058898;0,00918210322227181;-3;-3;1;1,054741505491753;1;-3;-3;0,38519057207749136;1;1;-13175,1372014581;NA;All
4130;1,88304088315069;2,84254900688767;2,29896849114977;2,50980797761203;2,71397452471025;2,28043562394877;2,41260264278576;2,44819771007298;2,45700793771892;1,97913013422064;1,92132520506502;1,63046728101526;1,43501376778664;4,90550357958464;1,52473550763761;1,76609058341847;1,91673558388257;1,51866759986513;1,93717807202571;1,61222558828219;-21,2493949166985;-3,79008603045278;-7,20969029393746;-8,51566303812501;-5,61065921085665;-5,62225021785504;-10,536537451225;-9,44246507450126;-6,41341979102222;-16,1050701691777;-11,9039710737268;-17,958603469274;-25,1241603258947;-42,2201109096562;-17,9934367568665;-15,1495215606078;-15,8921403085173;-20,6995455137417;-14,7704510396926;-19,5432018278614;2,68199219822906;1,52838389719892;1,55555567096163;0,906735395569924;0,505569093294629;0,505568510213577;0,542423295383888;0,645128743653648;0,999999654320567;0,839312184375599;0,686365732674007;0,484882772849465;0,338111817657018;-2,14551609259277;-2,4282524118668;-2,59869384510399;-3,05978324250474;-4,0610219701259;-3,99395385733955;-3,3217977374888;-2,72007905507952;-2,13829182353672;-1,18500861275905;-1,85736416666674;-2,23882456322202;-2,86260508058283;-5,02140762454537;-5,09729664790047;-4,06960428105759;-3,34524631734356;-2,65932913921636;0,0616023919182442;0,0160928837337721;0,0388562224715487;0,0179218411707625;0,0385225292945519;0,00612082035677787;0,015699196058898;0,00918210322227181;-3;-3;1;0,982336228736717;1;-3;-3;0,40153774276538662;1;1;-13174,5239152103;NA;All
4140;1,88304088315069;2,84254900688767;2,29896849114977;2,50980797761203;2,71397452471025;2,28043562394877;2,41260264278576;2,44819771007298;2,45700793771892;1,97913013422064;1,92132520506502;1,63046728101526;1,43501376778664;4,90550357958464;1,52473550763761;1,76609058341847;1,91673558388257;1,51866759986513;1,93717807202571;1,61222558828219;-21,2493949166985;-3,79008603045278;-7,20969029393746;-8,51566303812501;-5,61065921085665;-5,62225021785504;-10,536537451225;-9,44246507450126;-6,41341979102222;-16,1050701691777;-11,9039710737268;-17,958603469274;-25,1241603258947;-42,2201109096562;-17,9934367568665;-15,1495215606078;-15,8921403085173;-20,6995455137417;-14,7704510396926;-19,5432018278614;2,68199219822906;1,52838389719892;1,55555567096163;0,906735395569924;0,505569093294629;0,505568510213577;0,542423295383888;0,645128743653648;0,999999654320567;0,839312184375599;0,686365732674007;0,484882772849465;0,338111817657018;-2,14551609259277;-2,4282524118668;-2,59869384510399;-3,05978324250474;-4,0610219701259;-3,99395385733955;-3,3217977374888;-2,72007905507952;-2,13829182353672;-1,18500861275905;-1,85736416666674;-2,23882456322202;-2,86260508058283;-5,02140762454537;-5,09729664790047;-4,06960428105759;-3,34524631734356;-2,65932913921636;0,0616023919182442;0,0160928837337721;0,0388562224715487;0,0179218411707625;0,0385225292945519;0,00612082035677787;0,015699196058898;0,00918210322227181;-3;-3;1;1,027378915852238;1;-3;-3;0,61879188679813346;1;1;-13175,3552462259;NA;All
4150;1,88304088315069;2,84254900688767;2,29896849114977;2,50980797761203;2,71397452471025;2,28043562394877;2,41260264278576;2,44819771007298;2,45700793771892;1,97913013422064;1,92132520506502;1,63046728101526;1,43501376778664;4,90550357958464;1,52473550763761;1,76609058341847;1,91673558388257;1,51866759986513;1,93717807202571;1,61222558828219;-21,2493949166985;-3,79008603045278;-7,20969029393746;-8,51566303812501;-5,61065921085665;-5,62225021785504;-10,536537451225;-9,44246507450126;-6,41341979102222;-16,1050701691777;-11,9039710737268;-17,958603469274;-25,1241603258947;-42,2201109096562;-17,9934367568665;-15,1495215606078;-15,8921403085173;-20,6995455137417;-14,7704510396926;-19,5432018278614;2,68199219822906;1,52838389719892;1,55555567096163;0,906735395569924;0,505569093294629;0,505568510213577;0,542423295383888;0,645128743653648;0,999999654320567;0,839312184375599;0,686365732674007;0,484882772849465;0,338111817657018;-2,14551609259277;-2,4282524118668;-2,59869384510399;-3,05978324250474;-4,0610219701259;-3,99395385733955;-3,3217977374888;-2,72007905507952;-2,13829182353672;-1,18500861275905;-1,85736416666674;-2,23882456322202;-2,86260508058283;-5,02140762454537;-5,09729664790047;-4,06960428105759;-3,34524631734356;-2,65932913921636;0,0616023919182442;0,0160928837337721;0,0388562224715487;0,0179218411707625;0,0385225292945519;0,00612082035677787;0,015699196058898;0,00918210322227181;-3;-3;1;0,963587902743056;1;-3;-3;0,66714672267637243;1;1;-13175,8091653915;NA;All
4160;1,88304088315069;2,84254900688767;2,29896849114977;2,50980797761203;2,71397452471025;2,28043562394877;2,41260264278576;2,44819771007298;2,45700793771892;1,97913013422064;1,92132520506502;1,63046728101526;1,43501376778664;4,90550357958464;1,52473550763761;1,76609058341847;1,91673558388257;1,51866759986513;1,93717807202571;1,61222558828219;-21,2493949166985;-3,79008603045278;-7,20969029393746;-8,51566303812501;-5,61065921085665;-5,62225021785504;-10,536537451225;-9,44246507450126;-6,41341979102222;-16,1050701691777;-11,9039710737268;-17,958603469274;-25,1241603258947;-42,2201109096562;-17,9934367568665;-15,1495215606078;-15,8921403085173;-20,6995455137417;-14,7704510396926;-19,5432018278614;2,68199219822906;1,52838389719892;1,55555567096163;0,906735395569924;0,505569093294629;0,505568510213577;0,542423295383888;0,645128743653648;0,999999654320567;0,839312184375599;0,686365732674007;0,484882772849465;0,338111817657018;-2,14551609259277;-2,4282524118668;-2,59869384510399;-3,05978324250474;-4,0610219701259;-3,99395385733955;-3,3217977374888;-2,72007905507952;-2,13829182353672;-1,18500861275905;-1,85736416666674;-2,23882456322202;-2,86260508058283;-5,02140762454537;-5,09729664790047;-4,06960428105759;-3,34524631734356;-2,65932913921636;0,0616023919182442;0,0160928837337721;0,0388562224715487;0,0179218411707625;0,0385225292945519;0,00612082035677787;0,015699196058898;0,00918210322227181;-3;-3;1;1,007939420762938;1;-3;-3;0,71111060549416727;1;1;-13175,8755327221;NA;All
4170;1,88304088315069;2,84254900688767;2,29896849114977;2,50980797761203;2,71397452471025;2,28043562394877;2,41260264278576;2,44819771007298;2,45700793771892;1,97913013422064;1,92132520506502;1,63046728101526;1,43501376778664;4,90550357958464;1,52473550763761;1,76609058341847;1,91673558388257;1,51866759986513;1,93717807202571;1,61222558828219;-21,2493949166985;-3,79008603045278;-7,20969029393746;-8,51566303812501;-5,61065921085665;-5,62225021785504;-10,536537451225;-9,44246507450126;-6,41341979102222;-16,1050701691777;-11,9039710737268;-17,958603469274;-25,1241603258947;-42,2201109096562;-17,9934367568665;-15,1495215606078;-15,8921403085173;-20,6995455137417;-14,7704510396926;-19,5432018278614;2,68199219822906;1,52838389719892;1,55555567096163;0,906735395569924;0,505569093294629;0,505568510213577;0,542423295383888;0,645128743653648;0,999999654320567;0,839312184375599;0,686365732674007;0,484882772849465;0,338111817657018;-2,14551609259277;-2,4282524118668;-2,59869384510399;-3,05978324250474;-4,0610219701259;-3,99395385733955;-3,3217977374888;-2,72007905507952;-2,13829182353672;-1,18500861275905;-1,85736416666674;-2,23882456322202;-2,86260508058283;-5,02140762454537;-5,09729664790047;-4,06960428105759;-3,34524631734356;-2,65932913921636;0,0616023919182442;0,0160928837337721;0,0388562224715487;0,0179218411707625;0,0385225292945519;0,00612082035677787;0,015699196058898;0,00918210322227181;-3;-3;1;0,949260037961076;1;-3;-3;0,71010257280444578;1;1;-13176,4890027070;NA;All
4180;1,88304088315069;2,84254900688767;2,29896849114977;2,50980797761203;2,71397452471025;2,28043562394877;2,41260264278576;2,44819771007298;2,45700793771892;1,97913013422064;1,92132520506502;1,63046728101526;1,43501376778664;4,90550357958464;1,52473550763761;1,76609058341847;1,91673558388257;1,51866759986513;1,93717807202571;1,61222558828219;-21,2493949166985;-3,79008603045278;-7,20969029393746;-8,51566303812501;-5,61065921085665;-5,62225021785504;-10,536537451225;-9,44246507450126;-6,41341979102222;-16,1050701691777;-11,9039710737268;-17,958603469274;-25,1241603258947;-42,2201109096562;-17,9934367568665;-15,1495215606078;-15,8921403085173;-20,6995455137417;-14,7704510396926;-19,5432018278614;2,68199219822906;1,52838389719892;1,55555567096163;0,906735395569924;0,505569093294629;0,505568510213577;0,542423295383888;0,645128743653648;0,999999654320567;0,839312184375599;0,686365732674007;0,484882772849465;0,338111817657018;-2,14551609259277;-2,4282524118668;-2,59869384510399;-3,05978324250474;-4,0610219701259;-3,99395385733955;-3,3217977374888;-2,72007905507952;-2,13829182353672;-1,18500861275905;-1,85736416666674;-2,23882456322202;-2,86260508058283;-5,02140762454537;-5,09729664790047;-4,06960428105759;-3,34524631734356;-2,65932913921636;0,0616023919182442;0,0160928837337721;0,0388562224715487;0,0179218411707625;0,0385225292945519;0,00612082035677787;0,015699196058898;0,00918210322227181;-3;-3;1;1,001243522719836;1;-3;-3;0,14328302364974466;1;1;-13175,3816064305;NA;All
4190;1,88304088315069;2,84254900688767;2,29896849114977;2,50980797761203;2,71397452471025;2,28043562394877;2,41260264278576;2,44819771007298;2,45700793771892;1,97913013422064;1,92132520506502;1,63046728101526;1,43501376778664;4,90550357958464;1,52473550763761;1,76609058341847;1,91673558388257;1,51866759986513;1,93717807202571;1,61222558828219;-21,2493949166985;-3,79008603045278;-7,20969029393746;-8,51566303812501;-5,61065921085665;-5,62225021785504;-10,536537451225;-9,44246507450126;-6,41341979102222;-16,1050701691777;-11,9039710737268;-17,958603469274;-25,1241603258947;-42,2201109096562;-17,9934367568665;-15,1495215606078;-15,8921403085173;-20,6995455137417;-14,7704510396926;-19,5432018278614;2,68199219822906;1,52838389719892;1,55555567096163;0,906735395569924;0,505569093294629;0,505568510213577;0,542423295383888;0,645128743653648;0,999999654320567;0,839312184375599;0,686365732674007;0,484882772849465;0,338111817657018;-2,14551609259277;-2,4282524118668;-2,59869384510399;-3,05978324250474;-4,0610219701259;-3,99395385733955;-3,3217977374888;-2,72007905507952;-2,13829182353672;-1,18500861275905;-1,85736416666674;-2,23882456322202;-2,86260508058283;-5,02140762454537;-5,09729664790047;-4,06960428105759;-3,34524631734356;-2,65932913921636;0,0616023919182442;0,0160928837337721;0,0388562224715487;0,0179218411707625;0,0385225292945519;0,00612082035677787;0,015699196058898;0,00918210322227181;-3;-3;1;1,120939238856051;1;-3;-3;0,38297511346838814;1;1;-13177,9683532986;NA;All
4200;1,88304088315069;2,84254900688767;2,29896849114977;2,50980797761203;2,71397452471025;2,28043562394877;2,41260264278576;2,44819771007298;2,45700793771892;1,97913013422064;1,92132520506502;1,63046728101526;1,43501376778664;4,90550357958464;1,52473550763761;1,76609058341847;1,91673558388257;1,51866759986513;1,93717807202571;1,61222558828219;-21,2493949166985;-3,79008603045278;-7,20969029393746;-8,51566303812501;-5,61065921085665;-5,62225021785504;-10,536537451225;-9,44246507450126;-6,41341979102222;-16,1050701691777;-11,9039710737268;-17,958603469274;-25,1241603258947;-42,2201109096562;-17,9934367568665;-15,1495215606078;-15,8921403085173;-20,6995455137417;-14,7704510396926;-19,5432018278614;2,68199219822906;1,52838389719892;1,55555567096163;0,906735395569924;0,505569093294629;0,505568510213577;0,542423295383888;0,645128743653648;0,999999654320567;0,839312184375599;0,686365732674007;0,484882772849465;0,338111817657018;-2,14551609259277;-2,4282524118668;-2,59869384510399;-3,05978324250474;-4,0610219701259;-3,99395385733955;-3,3217977374888;-2,72007905507952;-2,13829182353672;-1,18500861275905;-1,85736416666674;-2,23882456322202;-2,86260508058283;-5,02140762454537;-5,09729664790047;-4,06960428105759;-3,34524631734356;-2,65932913921636;0,0616023919182442;0,0160928837337721;0,0388562224715487;0,0179218411707625;0,0385225292945519;0,00612082035677787;0,015699196058898;0,00918210322227181;-3;-3;1;0,981201811238126;1;-3;-3;0,44855822602929135;1;1;-13174,5687921408;NA;All
4210;1,88304088315069;2,84254900688767;2,29896849114977;2,50980797761203;2,71397452471025;2,28043562394877;2,41260264278576;2,44819771007298;2,45700793771892;1,97913013422064;1,92132520506502;1,63046728101526;1,43501376778664;4,90550357958464;1,52473550763761;1,76609058341847;1,91673558388257;1,51866759986513;1,93717807202571;1,61222558828219;-21,2493949166985;-3,79008603045278;-7,20969029393746;-8,51566303812501;-5,61065921085665;-5,62225021785504;-10,536537451225;-9,44246507450126;-6,41341979102222;-16,1050701691777;-11,9039710737268;-17,958603469274;-25,1241603258947;-42,2201109096562;-17,9934367568665;-15,1495215606078;-15,8921403085173;-20,6995455137417;-14,7704510396926;-19,5432018278614;2,68199219822906;1,52838389719892;1,55555567096163;0,906735395569924;0,505569093294629;0,505568510213577;0,542423295383888;0,645128743653648;0,999999654320567;0,839312184375599;0,686365732674007;0,484882772849465;0,338111817657018;-2,14551609259277;-2,4282524118668;-2,59869384510399;-3,05978324250474;-4,0610219701259;-3,99395385733955;-3,3217977374888;-2,72007905507952;-2,13829182353672;-1,18500861275905;-1,85736416666674;-2,23882456322202;-2,86260508058283;-5,02140762454537;-5,09729664790047;-4,06960428105759;-3,34524631734356;-2,65932913921636;0,0616023919182442;0,0160928837337721;0,0388562224715487;0,0179218411707625;0,0385225292945519;0,00612082035677787;0,015699196058898;0,00918210322227181;-3;-3;1;0,978945631480431;1;-3;-3;0,41561245675741343;1;1;-13174,5625035826;NA;All
4220;1,88304088315069;2,84254900688767;2,29896849114977;2,50980797761203;2,71397452471025;2,28043562394877;2,41260264278576;2,44819771007298;2,45700793771892;1,97913013422064;1,92132520506502;1,63046728101526;1,43501376778664;4,90550357958464;1,52473550763761;1,76609058341847;1,91673558388257;1,51866759986513;1,93717807202571;1,61222558828219;-21,2493949166985;-3,79008603045278;-7,20969029393746;-8,51566303812501;-5,61065921085665;-5,62225021785504;-10,536537451225;-9,44246507450126;-6,41341979102222;-16,1050701691777;-11,9039710737268;-17,958603469274;-25,1241603258947;-42,2201109096562;-17,9934367568665;-15,1495215606078;-15,8921403085173;-20,6995455137417;-14,7704510396926;-19,5432018278614;2,68199219822906;1,52838389719892;1,55555567096163;0,906735395569924;0,505569093294629;0,505568510213577;0,542423295383888;0,645128743653648;0,999999654320567;0,839312184375599;0,686365732674007;0,484882772849465;0,338111817657018;-2,14551609259277;-2,4282524118668;-2,59869384510399;-3,05978324250474;-4,0610219701259;-3,99395385733955;-3,3217977374888;-2,72007905507952;-2,13829182353672;-1,18500861275905;-1,85736416666674;-2,23882456322202;-2,86260508058283;-5,02140762454537;-5,09729664790047;-4,06960428105759;-3,34524631734356;-2,65932913921636;0,0616023919182442;0,0160928837337721;0,0388562224715487;0,0179218411707625;0,0385225292945519;0,00612082035677787;0,015699196058898;0,00918210322227181;-3;-3;1;1,014923791769122;1;-3;-3;0,69127836136898169;1;1;-13175,7525725073;NA;All
4230;1,88304088315069;2,84254900688767;2,29896849114977;2,50980797761203;2,71397452471025;2,28043562394877;2,41260264278576;2,44819771007298;2,45700793771892;1,97913013422064;1,92132520506502;1,63046728101526;1,43501376778664;4,90550357958464;1,52473550763761;1,76609058341847;1,91673558388257;1,51866759986513;1,93717807202571;1,61222558828219;-21,2493949166985;-3,79008603045278;-7,20969029393746;-8,51566303812501;-5,61065921085665;-5,62225021785504;-10,536537451225;-9,44246507450126;-6,41341979102222;-16,1050701691777;-11,9039710737268;-17,958603469274;-25,1241603258947;-42,2201109096562;-17,9934367568665;-15,1495215606078;-15,8921403085173;-20,6995455137417;-14,7704510396926;-19,5432018278614;2,68199219822906;1,52838389719892;1,55555567096163;0,906735395569924;0,505569093294629;0,505568510213577;0,542423295383888;0,645128743653648;0,999999654320567;0,839312184375599;0,686365732674007;0,484882772849465;0,338111817657018;-2,14551609259277;-2,4282524118668;-2,59869384510399;-3,05978324250474;-4,0610219701259;-3,99395385733955;-3,3217977374888;-2,72007905507952;-2,13829182353672;-1,18500861275905;-1,85736416666674;-2,23882456322202;-2,86260508058283;-5,02140762454537;-5,09729664790047;-4,06960428105759;-3,34524631734356;-2,65932913921636;0,0616023919182442;0,0160928837337721;0,0388562224715487;0,0179218411707625;0,0385225292945519;0,00612082035677787;0,015699196058898;0,00918210322227181;-3;-3;1;1,027566189359427;1;-3;-3;0,31938117661318433;1;1;-13174,6779580210;NA;All
4240;1,88304088315069;2,84254900688767;2,29896849114977;2,50980797761203;2,71397452471025;2,28043562394877;2,41260264278576;2,44819771007298;2,45700793771892;1,97913013422064;1,92132520506502;1,63046728101526;1,43501376778664;4,90550357958464;1,52473550763761;1,76609058341847;1,91673558388257;1,51866759986513;1,93717807202571;1,61222558828219;-21,2493949166985;-3,79008603045278;-7,20969029393746;-8,51566303812501;-5,61065921085665;-5,62225021785504;-10,536537451225;-9,44246507450126;-6,41341979102222;-16,1050701691777;-11,9039710737268;-17,958603469274;-25,1241603258947;-42,2201109096562;-17,9934367568665;-15,1495215606078;-15,8921403085173;-20,6995455137417;-14,7704510396926;-19,5432018278614;2,68199219822906;1,52838389719892;1,55555567096163;0,906735395569924;0,505569093294629;0,505568510213577;0,542423295383888;0,645128743653648;0,999999654320567;0,839312184375599;0,686365732674007;0,484882772849465;0,338111817657018;-2,14551609259277;-2,4282524118668;-2,59869384510399;-3,05978324250474;-4,0610219701259;-3,99395385733955;-3,3217977374888;-2,72007905507952;-2,13829182353672;-1,18500861275905;-1,85736416666674;-2,23882456322202;-2,86260508058283;-5,02140762454537;-5,09729664790047;-4,06960428105759;-3,34524631734356;-2,65932913921636;0,0616023919182442;0,0160928837337721;0,0388562224715487;0,0179218411707625;0,0385225292945519;0,00612082035677787;0,015699196058898;0,00918210322227181;-3;-3;1;1,082829969519095;1;-3;-3;0,48568364299247968;1;1;-13176,2833467311;NA;All
4250;1,88304088315069;2,84254900688767;2,29896849114977;2,50980797761203;2,71397452471025;2,28043562394877;2,41260264278576;2,44819771007298;2,45700793771892;1,97913013422064;1,92132520506502;1,63046728101526;1,43501376778664;4,90550357958464;1,52473550763761;1,76609058341847;1,91673558388257;1,51866759986513;1,93717807202571;1,61222558828219;-21,2493949166985;-3,79008603045278;-7,20969029393746;-8,51566303812501;-5,61065921085665;-5,62225021785504;-10,536537451225;-9,44246507450126;-6,41341979102222;-16,1050701691777;-11,9039710737268;-17,958603469274;-25,1241603258947;-42,2201109096562;-17,9934367568665;-15,1495215606078;-15,8921403085173;-20,6995455137417;-14,7704510396926;-19,5432018278614;2,68199219822906;1,52838389719892;1,55555567096163;0,906735395569924;0,505569093294629;0,505568510213577;0,542423295383888;0,645128743653648;0,999999654320567;0,839312184375599;0,686365732674007;0,484882772849465;0,338111817657018;-2,14551609259277;-2,4282524118668;-2,59869384510399;-3,05978324250474;-4,0610219701259;-3,99395385733955;-3,3217977374888;-2,72007905507952;-2,13829182353672;-1,18500861275905;-1,85736416666674;-2,23882456322202;-2,86260508058283;-5,02140762454537;-5,09729664790047;-4,06960428105759;-3,34524631734356;-2,65932913921636;0,0616023919182442;0,0160928837337721;0,0388562224715487;0,0179218411707625;0,0385225292945519;0,00612082035677787;0,015699196058898;0,00918210322227181;-3;-3;1;1,084444996262134;1;-3;-3;0,49494664128937665;1;1;-13176,3865108619;NA;All
4260;1,88304088315069;2,84254900688767;2,29896849114977;2,50980797761203;2,71397452471025;2,28043562394877;2,41260264278576;2,44819771007298;2,45700793771892;1,97913013422064;1,92132520506502;1,63046728101526;1,43501376778664;4,90550357958464;1,52473550763761;1,76609058341847;1,91673558388257;1,51866759986513;1,93717807202571;1,61222558828219;-21,2493949166985;-3,79008603045278;-7,20969029393746;-8,51566303812501;-5,61065921085665;-5,62225021785504;-10,536537451225;-9,44246507450126;-6,41341979102222;-16,1050701691777;-11,9039710737268;-17,958603469274;-25,1241603258947;-42,2201109096562;-17,9934367568665;-15,1495215606078;-15,8921403085173;-20,6995455137417;-14,7704510396926;-19,5432018278614;2,68199219822906;1,52838389719892;1,55555567096163;0,906735395569924;0,505569093294629;0,505568510213577;0,542423295383888;0,645128743653648;0,999999654320567;0,839312184375599;0,686365732674007;0,484882772849465;0,338111817657018;-2,14551609259277;-2,4282524118668;-2,59869384510399;-3,05978324250474;-4,0610219701259;-3,99395385733955;-3,3217977374888;-2,72007905507952;-2,13829182353672;-1,18500861275905;-1,85736416666674;-2,23882456322202;-2,86260508058283;-5,02140762454537;-5,09729664790047;-4,06960428105759;-3,34524631734356;-2,65932913921636;0,0616023919182442;0,0160928837337721;0,0388562224715487;0,0179218411707625;0,0385225292945519;0,00612082035677787;0,015699196058898;0,00918210322227181;-3;-3;1;0,965604335907576;1;-3;-3;0,41407994563487927;1;1;-13174,7572550617;NA;All
4270;1,88304088315069;2,84254900688767;2,29896849114977;2,50980797761203;2,71397452471025;2,28043562394877;2,41260264278576;2,44819771007298;2,45700793771892;1,97913013422064;1,92132520506502;1,63046728101526;1,43501376778664;4,90550357958464;1,52473550763761;1,76609058341847;1,91673558388257;1,51866759986513;1,93717807202571;1,61222558828219;-21,2493949166985;-3,79008603045278;-7,20969029393746;-8,51566303812501;-5,61065921085665;-5,62225021785504;-10,536537451225;-9,44246507450126;-6,41341979102222;-16,1050701691777;-11,9039710737268;-17,958603469274;-25,1241603258947;-42,2201109096562;-17,9934367568665;-15,1495215606078;-15,8921403085173;-20,6995455137417;-14,7704510396926;-19,5432018278614;2,68199219822906;1,52838389719892;1,55555567096163;0,906735395569924;0,505569093294629;0,505568510213577;0,542423295383888;0,645128743653648;0,999999654320567;0,839312184375599;0,686365732674007;0,484882772849465;0,338111817657018;-2,14551609259277;-2,4282524118668;-2,59869384510399;-3,05978324250474;-4,0610219701259;-3,99395385733955;-3,3217977374888;-2,72007905507952;-2,13829182353672;-1,18500861275905;-1,85736416666674;-2,23882456322202;-2,86260508058283;-5,02140762454537;-5,09729664790047;-4,06960428105759;-3,34524631734356;-2,65932913921636;0,0616023919182442;0,0160928837337721;0,0388562224715487;0,0179218411707625;0,0385225292945519;0,00612082035677787;0,015699196058898;0,00918210322227181;-3;-3;1;1,027273677440772;1;-3;-3;0,52234430674563703;1;1;-13174,8494446405;NA;All
4280;1,88304088315069;2,84254900688767;2,29896849114977;2,50980797761203;2,71397452471025;2,28043562394877;2,41260264278576;2,44819771007298;2,45700793771892;1,97913013422064;1,92132520506502;1,63046728101526;1,43501376778664;4,90550357958464;1,52473550763761;1,76609058341847;1,91673558388257;1,51866759986513;1,93717807202571;1,61222558828219;-21,2493949166985;-3,79008603045278;-7,20969029393746;-8,51566303812501;-5,61065921085665;-5,62225021785504;-10,536537451225;-9,44246507450126;-6,41341979102222;-16,1050701691777;-11,9039710737268;-17,958603469274;-25,1241603258947;-42,2201109096562;-17,9934367568665;-15,1495215606078;-15,8921403085173;-20,6995455137417;-14,7704510396926;-19,5432018278614;2,68199219822906;1,52838389719892;1,55555567096163;0,906735395569924;0,505569093294629;0,505568510213577;0,542423295383888;0,645128743653648;0,999999654320567;0,839312184375599;0,686365732674007;0,484882772849465;0,338111817657018;-2,14551609259277;-2,4282524118668;-2,59869384510399;-3,05978324250474;-4,0610219701259;-3,99395385733955;-3,3217977374888;-2,72007905507952;-2,13829182353672;-1,18500861275905;-1,85736416666674;-2,23882456322202;-2,86260508058283;-5,02140762454537;-5,09729664790047;-4,06960428105759;-3,34524631734356;-2,65932913921636;0,0616023919182442;0,0160928837337721;0,0388562224715487;0,0179218411707625;0,0385225292945519;0,00612082035677787;0,015699196058898;0,00918210322227181;-3;-3;1;1,033073934838988;1;-3;-3;0,25521307854897135;1;1;-13174,9474689552;NA;All
4290;1,88304088315069;2,84254900688767;2,29896849114977;2,50980797761203;2,71397452471025;2,28043562394877;2,41260264278576;2,44819771007298;2,45700793771892;1,97913013422064;1,92132520506502;1,63046728101526;1,43501376778664;4,90550357958464;1,52473550763761;1,76609058341847;1,91673558388257;1,51866759986513;1,93717807202571;1,61222558828219;-21,2493949166985;-3,79008603045278;-7,20969029393746;-8,51566303812501;-5,61065921085665;-5,62225021785504;-10,536537451225;-9,44246507450126;-6,41341979102222;-16,1050701691777;-11,9039710737268;-17,958603469274;-25,1241603258947;-42,2201109096562;-17,9934367568665;-15,1495215606078;-15,8921403085173;-20,6995455137417;-14,7704510396926;-19,5432018278614;2,68199219822906;1,52838389719892;1,55555567096163;0,906735395569924;0,505569093294629;0,505568510213577;0,542423295383888;0,645128743653648;0,999999654320567;0,839312184375599;0,686365732674007;0,484882772849465;0,338111817657018;-2,14551609259277;-2,4282524118668;-2,59869384510399;-3,05978324250474;-4,0610219701259;-3,99395385733955;-3,3217977374888;-2,72007905507952;-2,13829182353672;-1,18500861275905;-1,85736416666674;-2,23882456322202;-2,86260508058283;-5,02140762454537;-5,09729664790047;-4,06960428105759;-3,34524631734356;-2,65932913921636;0,0616023919182442;0,0160928837337721;0,0388562224715487;0,0179218411707625;0,0385225292945519;0,00612082035677787;0,015699196058898;0,00918210322227181;-3;-3;1;0,969453026732577;1;-3;-3;0,19842844285567787;1;1;-13175,2854145110;NA;All
4300;1,88304088315069;2,84254900688767;2,29896849114977;2,50980797761203;2,71397452471025;2,28043562394877;2,41260264278576;2,44819771007298;2,45700793771892;1,97913013422064;1,92132520506502;1,63046728101526;1,43501376778664;4,90550357958464;1,52473550763761;1,76609058341847;1,91673558388257;1,51866759986513;1,93717807202571;1,61222558828219;-21,2493949166985;-3,79008603045278;-7,20969029393746;-8,51566303812501;-5,61065921085665;-5,62225021785504;-10,536537451225;-9,44246507450126;-6,41341979102222;-16,1050701691777;-11,9039710737268;-17,958603469274;-25,1241603258947;-42,2201109096562;-17,9934367568665;-15,1495215606078;-15,8921403085173;-20,6995455137417;-14,7704510396926;-19,5432018278614;2,68199219822906;1,52838389719892;1,55555567096163;0,906735395569924;0,505569093294629;0,505568510213577;0,542423295383888;0,645128743653648;0,999999654320567;0,839312184375599;0,686365732674007;0,484882772849465;0,338111817657018;-2,14551609259277;-2,4282524118668;-2,59869384510399;-3,05978324250474;-4,0610219701259;-3,99395385733955;-3,3217977374888;-2,72007905507952;-2,13829182353672;-1,18500861275905;-1,85736416666674;-2,23882456322202;-2,86260508058283;-5,02140762454537;-5,09729664790047;-4,06960428105759;-3,34524631734356;-2,65932913921636;0,0616023919182442;0,0160928837337721;0,0388562224715487;0,0179218411707625;0,0385225292945519;0,00612082035677787;0,015699196058898;0,00918210322227181;-3;-3;1;1,059552259984680;1;-3;-3;0,31383392989605041;1;1;-13175,3322691309;NA;All
4310;1,88304088315069;2,84254900688767;2,29896849114977;2,50980797761203;2,71397452471025;2,28043562394877;2,41260264278576;2,44819771007298;2,45700793771892;1,97913013422064;1,92132520506502;1,63046728101526;1,43501376778664;4,90550357958464;1,52473550763761;1,76609058341847;1,91673558388257;1,51866759986513;1,93717807202571;1,61222558828219;-21,2493949166985;-3,79008603045278;-7,20969029393746;-8,51566303812501;-5,61065921085665;-5,62225021785504;-10,536537451225;-9,44246507450126;-6,41341979102222;-16,1050701691777;-11,9039710737268;-17,958603469274;-25,1241603258947;-42,2201109096562;-17,9934367568665;-15,1495215606078;-15,8921403085173;-20,6995455137417;-14,7704510396926;-19,5432018278614;2,68199219822906;1,52838389719892;1,55555567096163;0,906735395569924;0,505569093294629;0,505568510213577;0,542423295383888;0,645128743653648;0,999999654320567;0,839312184375599;0,686365732674007;0,484882772849465;0,338111817657018;-2,14551609259277;-2,4282524118668;-2,59869384510399;-3,05978324250474;-4,0610219701259;-3,99395385733955;-3,3217977374888;-2,72007905507952;-2,13829182353672;-1,18500861275905;-1,85736416666674;-2,23882456322202;-2,86260508058283;-5,02140762454537;-5,09729664790047;-4,06960428105759;-3,34524631734356;-2,65932913921636;0,0616023919182442;0,0160928837337721;0,0388562224715487;0,0179218411707625;0,0385225292945519;0,00612082035677787;0,015699196058898;0,00918210322227181;-3;-3;1;1,047665481527660;1;-3;-3;0,38543124108004256;1;1;-13174,9631634538;NA;All
4320;1,88304088315069;2,84254900688767;2,29896849114977;2,50980797761203;2,71397452471025;2,28043562394877;2,41260264278576;2,44819771007298;2,45700793771892;1,97913013422064;1,92132520506502;1,63046728101526;1,43501376778664;4,90550357958464;1,52473550763761;1,76609058341847;1,91673558388257;1,51866759986513;1,93717807202571;1,61222558828219;-21,2493949166985;-3,79008603045278;-7,20969029393746;-8,51566303812501;-5,61065921085665;-5,62225021785504;-10,536537451225;-9,44246507450126;-6,41341979102222;-16,1050701691777;-11,9039710737268;-17,958603469274;-25,1241603258947;-42,2201109096562;-17,9934367568665;-15,1495215606078;-15,8921403085173;-20,6995455137417;-14,7704510396926;-19,5432018278614;2,68199219822906;1,52838389719892;1,55555567096163;0,906735395569924;0,505569093294629;0,505568510213577;0,542423295383888;0,645128743653648;0,999999654320567;0,839312184375599;0,686365732674007;0,484882772849465;0,338111817657018;-2,14551609259277;-2,4282524118668;-2,59869384510399;-3,05978324250474;-4,0610219701259;-3,99395385733955;-3,3217977374888;-2,72007905507952;-2,13829182353672;-1,18500861275905;-1,85736416666674;-2,23882456322202;-2,86260508058283;-5,02140762454537;-5,09729664790047;-4,06960428105759;-3,34524631734356;-2,65932913921636;0,0616023919182442;0,0160928837337721;0,0388562224715487;0,0179218411707625;0,0385225292945519;0,00612082035677787;0,015699196058898;0,00918210322227181;-3;-3;1;0,933557409252552;1;-3;-3;0,20899660062923489;1;1;-13176,1037532874;NA;All
4330;1,88304088315069;2,84254900688767;2,29896849114977;2,50980797761203;2,71397452471025;2,28043562394877;2,41260264278576;2,44819771007298;2,45700793771892;1,97913013422064;1,92132520506502;1,63046728101526;1,43501376778664;4,90550357958464;1,52473550763761;1,76609058341847;1,91673558388257;1,51866759986513;1,93717807202571;1,61222558828219;-21,2493949166985;-3,79008603045278;-7,20969029393746;-8,51566303812501;-5,61065921085665;-5,62225021785504;-10,536537451225;-9,44246507450126;-6,41341979102222;-16,1050701691777;-11,9039710737268;-17,958603469274;-25,1241603258947;-42,2201109096562;-17,9934367568665;-15,1495215606078;-15,8921403085173;-20,6995455137417;-14,7704510396926;-19,5432018278614;2,68199219822906;1,52838389719892;1,55555567096163;0,906735395569924;0,505569093294629;0,505568510213577;0,542423295383888;0,645128743653648;0,999999654320567;0,839312184375599;0,686365732674007;0,484882772849465;0,338111817657018;-2,14551609259277;-2,4282524118668;-2,59869384510399;-3,05978324250474;-4,0610219701259;-3,99395385733955;-3,3217977374888;-2,72007905507952;-2,13829182353672;-1,18500861275905;-1,85736416666674;-2,23882456322202;-2,86260508058283;-5,02140762454537;-5,09729664790047;-4,06960428105759;-3,34524631734356;-2,65932913921636;0,0616023919182442;0,0160928837337721;0,0388562224715487;0,0179218411707625;0,0385225292945519;0,00612082035677787;0,015699196058898;0,00918210322227181;-3;-3;1;0,987146406875672;1;-3;-3;0,19096205896876051;1;1;-13175,1209598270;NA;All
4340;1,88304088315069;2,84254900688767;2,29896849114977;2,50980797761203;2,71397452471025;2,28043562394877;2,41260264278576;2,44819771007298;2,45700793771892;1,97913013422064;1,92132520506502;1,63046728101526;1,43501376778664;4,90550357958464;1,52473550763761;1,76609058341847;1,91673558388257;1,51866759986513;1,93717807202571;1,61222558828219;-21,2493949166985;-3,79008603045278;-7,20969029393746;-8,51566303812501;-5,61065921085665;-5,62225021785504;-10,536537451225;-9,44246507450126;-6,41341979102222;-16,1050701691777;-11,9039710737268;-17,958603469274;-25,1241603258947;-42,2201109096562;-17,9934367568665;-15,1495215606078;-15,8921403085173;-20,6995455137417;-14,7704510396926;-19,5432018278614;2,68199219822906;1,52838389719892;1,55555567096163;0,906735395569924;0,505569093294629;0,505568510213577;0,542423295383888;0,645128743653648;0,999999654320567;0,839312184375599;0,686365732674007;0,484882772849465;0,338111817657018;-2,14551609259277;-2,4282524118668;-2,59869384510399;-3,05978324250474;-4,0610219701259;-3,99395385733955;-3,3217977374888;-2,72007905507952;-2,13829182353672;-1,18500861275905;-1,85736416666674;-2,23882456322202;-2,86260508058283;-5,02140762454537;-5,09729664790047;-4,06960428105759;-3,34524631734356;-2,65932913921636;0,0616023919182442;0,0160928837337721;0,0388562224715487;0,0179218411707625;0,0385225292945519;0,00612082035677787;0,015699196058898;0,00918210322227181;-3;-3;1;0,904891112907527;1;-3;-3;0,62127165331942236;1;1;-13177,5372633505;NA;All
4350;1,88304088315069;2,84254900688767;2,29896849114977;2,50980797761203;2,71397452471025;2,28043562394877;2,41260264278576;2,44819771007298;2,45700793771892;1,97913013422064;1,92132520506502;1,63046728101526;1,43501376778664;4,90550357958464;1,52473550763761;1,76609058341847;1,91673558388257;1,51866759986513;1,93717807202571;1,61222558828219;-21,2493949166985;-3,79008603045278;-7,20969029393746;-8,51566303812501;-5,61065921085665;-5,62225021785504;-10,536537451225;-9,44246507450126;-6,41341979102222;-16,1050701691777;-11,9039710737268;-17,958603469274;-25,1241603258947;-42,2201109096562;-17,9934367568665;-15,1495215606078;-15,8921403085173;-20,6995455137417;-14,7704510396926;-19,5432018278614;2,68199219822906;1,52838389719892;1,55555567096163;0,906735395569924;0,505569093294629;0,505568510213577;0,542423295383888;0,645128743653648;0,999999654320567;0,839312184375599;0,686365732674007;0,484882772849465;0,338111817657018;-2,14551609259277;-2,4282524118668;-2,59869384510399;-3,05978324250474;-4,0610219701259;-3,99395385733955;-3,3217977374888;-2,72007905507952;-2,13829182353672;-1,18500861275905;-1,85736416666674;-2,23882456322202;-2,86260508058283;-5,02140762454537;-5,09729664790047;-4,06960428105759;-3,34524631734356;-2,65932913921636;0,0616023919182442;0,0160928837337721;0,0388562224715487;0,0179218411707625;0,0385225292945519;0,00612082035677787;0,015699196058898;0,00918210322227181;-3;-3;1;1,101049908168043;1;-3;-3;0,31691656755476144;1;1;-13176,8992138098;NA;All
4360;1,88304088315069;2,84254900688767;2,29896849114977;2,50980797761203;2,71397452471025;2,28043562394877;2,41260264278576;2,44819771007298;2,45700793771892;1,97913013422064;1,92132520506502;1,63046728101526;1,43501376778664;4,90550357958464;1,52473550763761;1,76609058341847;1,91673558388257;1,51866759986513;1,93717807202571;1,61222558828219;-21,2493949166985;-3,79008603045278;-7,20969029393746;-8,51566303812501;-5,61065921085665;-5,62225021785504;-10,536537451225;-9,44246507450126;-6,41341979102222;-16,1050701691777;-11,9039710737268;-17,958603469274;-25,1241603258947;-42,2201109096562;-17,9934367568665;-15,1495215606078;-15,8921403085173;-20,6995455137417;-14,7704510396926;-19,5432018278614;2,68199219822906;1,52838389719892;1,55555567096163;0,906735395569924;0,505569093294629;0,505568510213577;0,542423295383888;0,645128743653648;0,999999654320567;0,839312184375599;0,686365732674007;0,484882772849465;0,338111817657018;-2,14551609259277;-2,4282524118668;-2,59869384510399;-3,05978324250474;-4,0610219701259;-3,99395385733955;-3,3217977374888;-2,72007905507952;-2,13829182353672;-1,18500861275905;-1,85736416666674;-2,23882456322202;-2,86260508058283;-5,02140762454537;-5,09729664790047;-4,06960428105759;-3,34524631734356;-2,65932913921636;0,0616023919182442;0,0160928837337721;0,0388562224715487;0,0179218411707625;0,0385225292945519;0,00612082035677787;0,015699196058898;0,00918210322227181;-3;-3;1;1,006674780888855;1;-3;-3;0,30337079965867669;1;1;-13174,5668718089;NA;All
4370;1,88304088315069;2,84254900688767;2,29896849114977;2,50980797761203;2,71397452471025;2,28043562394877;2,41260264278576;2,44819771007298;2,45700793771892;1,97913013422064;1,92132520506502;1,63046728101526;1,43501376778664;4,90550357958464;1,52473550763761;1,76609058341847;1,91673558388257;1,51866759986513;1,93717807202571;1,61222558828219;-21,2493949166985;-3,79008603045278;-7,20969029393746;-8,51566303812501;-5,61065921085665;-5,62225021785504;-10,536537451225;-9,44246507450126;-6,41341979102222;-16,1050701691777;-11,9039710737268;-17,958603469274;-25,1241603258947;-42,2201109096562;-17,9934367568665;-15,1495215606078;-15,8921403085173;-20,6995455137417;-14,7704510396926;-19,5432018278614;2,68199219822906;1,52838389719892;1,55555567096163;0,906735395569924;0,505569093294629;0,505568510213577;0,542423295383888;0,645128743653648;0,999999654320567;0,839312184375599;0,686365732674007;0,484882772849465;0,338111817657018;-2,14551609259277;-2,4282524118668;-2,59869384510399;-3,05978324250474;-4,0610219701259;-3,99395385733955;-3,3217977374888;-2,72007905507952;-2,13829182353672;-1,18500861275905;-1,85736416666674;-2,23882456322202;-2,86260508058283;-5,02140762454537;-5,09729664790047;-4,06960428105759;-3,34524631734356;-2,65932913921636;0,0616023919182442;0,0160928837337721;0,0388562224715487;0,0179218411707625;0,0385225292945519;0,00612082035677787;0,015699196058898;0,00918210322227181;-3;-3;1;1,006674780888855;1;-3;-3;0,30337079965867669;1;1;-13174,5668718089;NA;All
4380;1,88304088315069;2,84254900688767;2,29896849114977;2,50980797761203;2,71397452471025;2,28043562394877;2,41260264278576;2,44819771007298;2,45700793771892;1,97913013422064;1,92132520506502;1,63046728101526;1,43501376778664;4,90550357958464;1,52473550763761;1,76609058341847;1,91673558388257;1,51866759986513;1,93717807202571;1,61222558828219;-21,2493949166985;-3,79008603045278;-7,20969029393746;-8,51566303812501;-5,61065921085665;-5,62225021785504;-10,536537451225;-9,44246507450126;-6,41341979102222;-16,1050701691777;-11,9039710737268;-17,958603469274;-25,1241603258947;-42,2201109096562;-17,9934367568665;-15,1495215606078;-15,8921403085173;-20,6995455137417;-14,7704510396926;-19,5432018278614;2,68199219822906;1,52838389719892;1,55555567096163;0,906735395569924;0,505569093294629;0,505568510213577;0,542423295383888;0,645128743653648;0,999999654320567;0,839312184375599;0,686365732674007;0,484882772849465;0,338111817657018;-2,14551609259277;-2,4282524118668;-2,59869384510399;-3,05978324250474;-4,0610219701259;-3,99395385733955;-3,3217977374888;-2,72007905507952;-2,13829182353672;-1,18500861275905;-1,85736416666674;-2,23882456322202;-2,86260508058283;-5,02140762454537;-5,09729664790047;-4,06960428105759;-3,34524631734356;-2,65932913921636;0,0616023919182442;0,0160928837337721;0,0388562224715487;0,0179218411707625;0,0385225292945519;0,00612082035677787;0,015699196058898;0,00918210322227181;-3;-3;1;1,044964390027513;1;-3;-3;0,18483266273672191;1;1;-13175,4966975989;NA;All
4390;1,88304088315069;2,84254900688767;2,29896849114977;2,50980797761203;2,71397452471025;2,28043562394877;2,41260264278576;2,44819771007298;2,45700793771892;1,97913013422064;1,92132520506502;1,63046728101526;1,43501376778664;4,90550357958464;1,52473550763761;1,76609058341847;1,91673558388257;1,51866759986513;1,93717807202571;1,61222558828219;-21,2493949166985;-3,79008603045278;-7,20969029393746;-8,51566303812501;-5,61065921085665;-5,62225021785504;-10,536537451225;-9,44246507450126;-6,41341979102222;-16,1050701691777;-11,9039710737268;-17,958603469274;-25,1241603258947;-42,2201109096562;-17,9934367568665;-15,1495215606078;-15,8921403085173;-20,6995455137417;-14,7704510396926;-19,5432018278614;2,68199219822906;1,52838389719892;1,55555567096163;0,906735395569924;0,505569093294629;0,505568510213577;0,542423295383888;0,645128743653648;0,999999654320567;0,839312184375599;0,686365732674007;0,484882772849465;0,338111817657018;-2,14551609259277;-2,4282524118668;-2,59869384510399;-3,05978324250474;-4,0610219701259;-3,99395385733955;-3,3217977374888;-2,72007905507952;-2,13829182353672;-1,18500861275905;-1,85736416666674;-2,23882456322202;-2,86260508058283;-5,02140762454537;-5,09729664790047;-4,06960428105759;-3,34524631734356;-2,65932913921636;0,0616023919182442;0,0160928837337721;0,0388562224715487;0,0179218411707625;0,0385225292945519;0,00612082035677787;0,015699196058898;0,00918210322227181;-3;-3;1;1,015101686605371;1;-3;-3;0,37849471661359624;1;1;-13174,4824499217;NA;All
4400;1,88304088315069;2,84254900688767;2,29896849114977;2,50980797761203;2,71397452471025;2,28043562394877;2,41260264278576;2,44819771007298;2,45700793771892;1,97913013422064;1,92132520506502;1,63046728101526;1,43501376778664;4,90550357958464;1,52473550763761;1,76609058341847;1,91673558388257;1,51866759986513;1,93717807202571;1,61222558828219;-21,2493949166985;-3,79008603045278;-7,20969029393746;-8,51566303812501;-5,61065921085665;-5,62225021785504;-10,536537451225;-9,44246507450126;-6,41341979102222;-16,1050701691777;-11,9039710737268;-17,958603469274;-25,1241603258947;-42,2201109096562;-17,9934367568665;-15,1495215606078;-15,8921403085173;-20,6995455137417;-14,7704510396926;-19,5432018278614;2,68199219822906;1,52838389719892;1,55555567096163;0,906735395569924;0,505569093294629;0,505568510213577;0,542423295383888;0,645128743653648;0,999999654320567;0,839312184375599;0,686365732674007;0,484882772849465;0,338111817657018;-2,14551609259277;-2,4282524118668;-2,59869384510399;-3,05978324250474;-4,0610219701259;-3,99395385733955;-3,3217977374888;-2,72007905507952;-2,13829182353672;-1,18500861275905;-1,85736416666674;-2,23882456322202;-2,86260508058283;-5,02140762454537;-5,09729664790047;-4,06960428105759;-3,34524631734356;-2,65932913921636;0,0616023919182442;0,0160928837337721;0,0388562224715487;0,0179218411707625;0,0385225292945519;0,00612082035677787;0,015699196058898;0,00918210322227181;-3;-3;1;0,942368757426520;1;-3;-3;0,33176471088794252;1;1;-13175,3745790333;NA;All
4410;1,88304088315069;2,84254900688767;2,29896849114977;2,50980797761203;2,71397452471025;2,28043562394877;2,41260264278576;2,44819771007298;2,45700793771892;1,97913013422064;1,92132520506502;1,63046728101526;1,43501376778664;4,90550357958464;1,52473550763761;1,76609058341847;1,91673558388257;1,51866759986513;1,93717807202571;1,61222558828219;-21,2493949166985;-3,79008603045278;-7,20969029393746;-8,51566303812501;-5,61065921085665;-5,62225021785504;-10,536537451225;-9,44246507450126;-6,41341979102222;-16,1050701691777;-11,9039710737268;-17,958603469274;-25,1241603258947;-42,2201109096562;-17,9934367568665;-15,1495215606078;-15,8921403085173;-20,6995455137417;-14,7704510396926;-19,5432018278614;2,68199219822906;1,52838389719892;1,55555567096163;0,906735395569924;0,505569093294629;0,505568510213577;0,542423295383888;0,645128743653648;0,999999654320567;0,839312184375599;0,686365732674007;0,484882772849465;0,338111817657018;-2,14551609259277;-2,4282524118668;-2,59869384510399;-3,05978324250474;-4,0610219701259;-3,99395385733955;-3,3217977374888;-2,72007905507952;-2,13829182353672;-1,18500861275905;-1,85736416666674;-2,23882456322202;-2,86260508058283;-5,02140762454537;-5,09729664790047;-4,06960428105759;-3,34524631734356;-2,65932913921636;0,0616023919182442;0,0160928837337721;0,0388562224715487;0,0179218411707625;0,0385225292945519;0,00612082035677787;0,015699196058898;0,00918210322227181;-3;-3;1;1,004900929526118;1;-3;-3;0,08945014941406022;1;1;-13175,8218159904;NA;All
4420;1,88304088315069;2,84254900688767;2,29896849114977;2,50980797761203;2,71397452471025;2,28043562394877;2,41260264278576;2,44819771007298;2,45700793771892;1,97913013422064;1,92132520506502;1,63046728101526;1,43501376778664;4,90550357958464;1,52473550763761;1,76609058341847;1,91673558388257;1,51866759986513;1,93717807202571;1,61222558828219;-21,2493949166985;-3,79008603045278;-7,20969029393746;-8,51566303812501;-5,61065921085665;-5,62225021785504;-10,536537451225;-9,44246507450126;-6,41341979102222;-16,1050701691777;-11,9039710737268;-17,958603469274;-25,1241603258947;-42,2201109096562;-17,9934367568665;-15,1495215606078;-15,8921403085173;-20,6995455137417;-14,7704510396926;-19,5432018278614;2,68199219822906;1,52838389719892;1,55555567096163;0,906735395569924;0,505569093294629;0,505568510213577;0,542423295383888;0,645128743653648;0,999999654320567;0,839312184375599;0,686365732674007;0,484882772849465;0,338111817657018;-2,14551609259277;-2,4282524118668;-2,59869384510399;-3,05978324250474;-4,0610219701259;-3,99395385733955;-3,3217977374888;-2,72007905507952;-2,13829182353672;-1,18500861275905;-1,85736416666674;-2,23882456322202;-2,86260508058283;-5,02140762454537;-5,09729664790047;-4,06960428105759;-3,34524631734356;-2,65932913921636;0,0616023919182442;0,0160928837337721;0,0388562224715487;0,0179218411707625;0,0385225292945519;0,00612082035677787;0,015699196058898;0,00918210322227181;-3;-3;1;1,014231839293416;1;-3;-3;0,43142353017249135;1;1;-13174,4917661567;NA;All
4430;1,88304088315069;2,84254900688767;2,29896849114977;2,50980797761203;2,71397452471025;2,28043562394877;2,41260264278576;2,44819771007298;2,45700793771892;1,97913013422064;1,92132520506502;1,63046728101526;1,43501376778664;4,90550357958464;1,52473550763761;1,76609058341847;1,91673558388257;1,51866759986513;1,93717807202571;1,61222558828219;-21,2493949166985;-3,79008603045278;-7,20969029393746;-8,51566303812501;-5,61065921085665;-5,62225021785504;-10,536537451225;-9,44246507450126;-6,41341979102222;-16,1050701691777;-11,9039710737268;-17,958603469274;-25,1241603258947;-42,2201109096562;-17,9934367568665;-15,1495215606078;-15,8921403085173;-20,6995455137417;-14,7704510396926;-19,5432018278614;2,68199219822906;1,52838389719892;1,55555567096163;0,906735395569924;0,505569093294629;0,505568510213577;0,542423295383888;0,645128743653648;0,999999654320567;0,839312184375599;0,686365732674007;0,484882772849465;0,338111817657018;-2,14551609259277;-2,4282524118668;-2,59869384510399;-3,05978324250474;-4,0610219701259;-3,99395385733955;-3,3217977374888;-2,72007905507952;-2,13829182353672;-1,18500861275905;-1,85736416666674;-2,23882456322202;-2,86260508058283;-5,02140762454537;-5,09729664790047;-4,06960428105759;-3,34524631734356;-2,65932913921636;0,0616023919182442;0,0160928837337721;0,0388562224715487;0,0179218411707625;0,0385225292945519;0,00612082035677787;0,015699196058898;0,00918210322227181;-3;-3;1;0,886370706480917;1;-3;-3;0,41296894311566207;1;1;-13177,7757010828;NA;All
4440;1,88304088315069;2,84254900688767;2,29896849114977;2,50980797761203;2,71397452471025;2,28043562394877;2,41260264278576;2,44819771007298;2,45700793771892;1,97913013422064;1,92132520506502;1,63046728101526;1,43501376778664;4,90550357958464;1,52473550763761;1,76609058341847;1,91673558388257;1,51866759986513;1,93717807202571;1,61222558828219;-21,2493949166985;-3,79008603045278;-7,20969029393746;-8,51566303812501;-5,61065921085665;-5,62225021785504;-10,536537451225;-9,44246507450126;-6,41341979102222;-16,1050701691777;-11,9039710737268;-17,958603469274;-25,1241603258947;-42,2201109096562;-17,9934367568665;-15,1495215606078;-15,8921403085173;-20,6995455137417;-14,7704510396926;-19,5432018278614;2,68199219822906;1,52838389719892;1,55555567096163;0,906735395569924;0,505569093294629;0,505568510213577;0,542423295383888;0,645128743653648;0,999999654320567;0,839312184375599;0,686365732674007;0,484882772849465;0,338111817657018;-2,14551609259277;-2,4282524118668;-2,59869384510399;-3,05978324250474;-4,0610219701259;-3,99395385733955;-3,3217977374888;-2,72007905507952;-2,13829182353672;-1,18500861275905;-1,85736416666674;-2,23882456322202;-2,86260508058283;-5,02140762454537;-5,09729664790047;-4,06960428105759;-3,34524631734356;-2,65932913921636;0,0616023919182442;0,0160928837337721;0,0388562224715487;0,0179218411707625;0,0385225292945519;0,00612082035677787;0,015699196058898;0,00918210322227181;-3;-3;1;1,090555459343681;1;-3;-3;0,44573806000320382;1;1;-13176,4997322410;NA;All
4450;1,88304088315069;2,84254900688767;2,29896849114977;2,50980797761203;2,71397452471025;2,28043562394877;2,41260264278576;2,44819771007298;2,45700793771892;1,97913013422064;1,92132520506502;1,63046728101526;1,43501376778664;4,90550357958464;1,52473550763761;1,76609058341847;1,91673558388257;1,51866759986513;1,93717807202571;1,61222558828219;-21,2493949166985;-3,79008603045278;-7,20969029393746;-8,51566303812501;-5,61065921085665;-5,62225021785504;-10,536537451225;-9,44246507450126;-6,41341979102222;-16,1050701691777;-11,9039710737268;-17,958603469274;-25,1241603258947;-42,2201109096562;-17,9934367568665;-15,1495215606078;-15,8921403085173;-20,6995455137417;-14,7704510396926;-19,5432018278614;2,68199219822906;1,52838389719892;1,55555567096163;0,906735395569924;0,505569093294629;0,505568510213577;0,542423295383888;0,645128743653648;0,999999654320567;0,839312184375599;0,686365732674007;0,484882772849465;0,338111817657018;-2,14551609259277;-2,4282524118668;-2,59869384510399;-3,05978324250474;-4,0610219701259;-3,99395385733955;-3,3217977374888;-2,72007905507952;-2,13829182353672;-1,18500861275905;-1,85736416666674;-2,23882456322202;-2,86260508058283;-5,02140762454537;-5,09729664790047;-4,06960428105759;-3,34524631734356;-2,65932913921636;0,0616023919182442;0,0160928837337721;0,0388562224715487;0,0179218411707625;0,0385225292945519;0,00612082035677787;0,015699196058898;0,00918210322227181;-3;-3;1;1,013192734923627;1;-3;-3;0,47544716653157298;1;1;-13174,5601598420;NA;All
4460;1,88304088315069;2,84254900688767;2,29896849114977;2,50980797761203;2,71397452471025;2,28043562394877;2,41260264278576;2,44819771007298;2,45700793771892;1,97913013422064;1,92132520506502;1,63046728101526;1,43501376778664;4,90550357958464;1,52473550763761;1,76609058341847;1,91673558388257;1,51866759986513;1,93717807202571;1,61222558828219;-21,2493949166985;-3,79008603045278;-7,20969029393746;-8,51566303812501;-5,61065921085665;-5,62225021785504;-10,536537451225;-9,44246507450126;-6,41341979102222;-16,1050701691777;-11,9039710737268;-17,958603469274;-25,1241603258947;-42,2201109096562;-17,9934367568665;-15,1495215606078;-15,8921403085173;-20,6995455137417;-14,7704510396926;-19,5432018278614;2,68199219822906;1,52838389719892;1,55555567096163;0,906735395569924;0,505569093294629;0,505568510213577;0,542423295383888;0,645128743653648;0,999999654320567;0,839312184375599;0,686365732674007;0,484882772849465;0,338111817657018;-2,14551609259277;-2,4282524118668;-2,59869384510399;-3,05978324250474;-4,0610219701259;-3,99395385733955;-3,3217977374888;-2,72007905507952;-2,13829182353672;-1,18500861275905;-1,85736416666674;-2,23882456322202;-2,86260508058283;-5,02140762454537;-5,09729664790047;-4,06960428105759;-3,34524631734356;-2,65932913921636;0,0616023919182442;0,0160928837337721;0,0388562224715487;0,0179218411707625;0,0385225292945519;0,00612082035677787;0,015699196058898;0,00918210322227181;-3;-3;1;0,985079411754382;1;-3;-3;0,55684542913362944;1;1;-13174,8550706854;NA;All
4470;1,88304088315069;2,84254900688767;2,29896849114977;2,50980797761203;2,71397452471025;2,28043562394877;2,41260264278576;2,44819771007298;2,45700793771892;1,97913013422064;1,92132520506502;1,63046728101526;1,43501376778664;4,90550357958464;1,52473550763761;1,76609058341847;1,91673558388257;1,51866759986513;1,93717807202571;1,61222558828219;-21,2493949166985;-3,79008603045278;-7,20969029393746;-8,51566303812501;-5,61065921085665;-5,62225021785504;-10,536537451225;-9,44246507450126;-6,41341979102222;-16,1050701691777;-11,9039710737268;-17,958603469274;-25,1241603258947;-42,2201109096562;-17,9934367568665;-15,1495215606078;-15,8921403085173;-20,6995455137417;-14,7704510396926;-19,5432018278614;2,68199219822906;1,52838389719892;1,55555567096163;0,906735395569924;0,505569093294629;0,505568510213577;0,542423295383888;0,645128743653648;0,999999654320567;0,839312184375599;0,686365732674007;0,484882772849465;0,338111817657018;-2,14551609259277;-2,4282524118668;-2,59869384510399;-3,05978324250474;-4,0610219701259;-3,99395385733955;-3,3217977374888;-2,72007905507952;-2,13829182353672;-1,18500861275905;-1,85736416666674;-2,23882456322202;-2,86260508058283;-5,02140762454537;-5,09729664790047;-4,06960428105759;-3,34524631734356;-2,65932913921636;0,0616023919182442;0,0160928837337721;0,0388562224715487;0,0179218411707625;0,0385225292945519;0,00612082035677787;0,015699196058898;0,00918210322227181;-3;-3;1;1,047800394217803;1;-3;-3;0,42480322935228165;1;1;-13174,9904328916;NA;All
4480;1,88304088315069;2,84254900688767;2,29896849114977;2,50980797761203;2,71397452471025;2,28043562394877;2,41260264278576;2,44819771007298;2,45700793771892;1,97913013422064;1,92132520506502;1,63046728101526;1,43501376778664;4,90550357958464;1,52473550763761;1,76609058341847;1,91673558388257;1,51866759986513;1,93717807202571;1,61222558828219;-21,2493949166985;-3,79008603045278;-7,20969029393746;-8,51566303812501;-5,61065921085665;-5,62225021785504;-10,536537451225;-9,44246507450126;-6,41341979102222;-16,1050701691777;-11,9039710737268;-17,958603469274;-25,1241603258947;-42,2201109096562;-17,9934367568665;-15,1495215606078;-15,8921403085173;-20,6995455137417;-14,7704510396926;-19,5432018278614;2,68199219822906;1,52838389719892;1,55555567096163;0,906735395569924;0,505569093294629;0,505568510213577;0,542423295383888;0,645128743653648;0,999999654320567;0,839312184375599;0,686365732674007;0,484882772849465;0,338111817657018;-2,14551609259277;-2,4282524118668;-2,59869384510399;-3,05978324250474;-4,0610219701259;-3,99395385733955;-3,3217977374888;-2,72007905507952;-2,13829182353672;-1,18500861275905;-1,85736416666674;-2,23882456322202;-2,86260508058283;-5,02140762454537;-5,09729664790047;-4,06960428105759;-3,34524631734356;-2,65932913921636;0,0616023919182442;0,0160928837337721;0,0388562224715487;0,0179218411707625;0,0385225292945519;0,00612082035677787;0,015699196058898;0,00918210322227181;-3;-3;1;0,986353078886717;1;-3;-3;0,37928429684286358;1;1;-13174,4954974494;NA;All
4490;1,88304088315069;2,84254900688767;2,29896849114977;2,50980797761203;2,71397452471025;2,28043562394877;2,41260264278576;2,44819771007298;2,45700793771892;1,97913013422064;1,92132520506502;1,63046728101526;1,43501376778664;4,90550357958464;1,52473550763761;1,76609058341847;1,91673558388257;1,51866759986513;1,93717807202571;1,61222558828219;-21,2493949166985;-3,79008603045278;-7,20969029393746;-8,51566303812501;-5,61065921085665;-5,62225021785504;-10,536537451225;-9,44246507450126;-6,41341979102222;-16,1050701691777;-11,9039710737268;-17,958603469274;-25,1241603258947;-42,2201109096562;-17,9934367568665;-15,1495215606078;-15,8921403085173;-20,6995455137417;-14,7704510396926;-19,5432018278614;2,68199219822906;1,52838389719892;1,55555567096163;0,906735395569924;0,505569093294629;0,505568510213577;0,542423295383888;0,645128743653648;0,999999654320567;0,839312184375599;0,686365732674007;0,484882772849465;0,338111817657018;-2,14551609259277;-2,4282524118668;-2,59869384510399;-3,05978324250474;-4,0610219701259;-3,99395385733955;-3,3217977374888;-2,72007905507952;-2,13829182353672;-1,18500861275905;-1,85736416666674;-2,23882456322202;-2,86260508058283;-5,02140762454537;-5,09729664790047;-4,06960428105759;-3,34524631734356;-2,65932913921636;0,0616023919182442;0,0160928837337721;0,0388562224715487;0,0179218411707625;0,0385225292945519;0,00612082035677787;0,015699196058898;0,00918210322227181;-3;-3;1;1,068124208284934;1;-3;-3;0,28107864320220932;1;1;-13175,6628896980;NA;All
4500;1,88304088315069;2,84254900688767;2,29896849114977;2,50980797761203;2,71397452471025;2,28043562394877;2,41260264278576;2,44819771007298;2,45700793771892;1,97913013422064;1,92132520506502;1,63046728101526;1,43501376778664;4,90550357958464;1,52473550763761;1,76609058341847;1,91673558388257;1,51866759986513;1,93717807202571;1,61222558828219;-21,2493949166985;-3,79008603045278;-7,20969029393746;-8,51566303812501;-5,61065921085665;-5,62225021785504;-10,536537451225;-9,44246507450126;-6,41341979102222;-16,1050701691777;-11,9039710737268;-17,958603469274;-25,1241603258947;-42,2201109096562;-17,9934367568665;-15,1495215606078;-15,8921403085173;-20,6995455137417;-14,7704510396926;-19,5432018278614;2,68199219822906;1,52838389719892;1,55555567096163;0,906735395569924;0,505569093294629;0,505568510213577;0,542423295383888;0,645128743653648;0,999999654320567;0,839312184375599;0,686365732674007;0,484882772849465;0,338111817657018;-2,14551609259277;-2,4282524118668;-2,59869384510399;-3,05978324250474;-4,0610219701259;-3,99395385733955;-3,3217977374888;-2,72007905507952;-2,13829182353672;-1,18500861275905;-1,85736416666674;-2,23882456322202;-2,86260508058283;-5,02140762454537;-5,09729664790047;-4,06960428105759;-3,34524631734356;-2,65932913921636;0,0616023919182442;0,0160928837337721;0,0388562224715487;0,0179218411707625;0,0385225292945519;0,00612082035677787;0,015699196058898;0,00918210322227181;-3;-3;1;1,022763247767501;1;-3;-3;0,51512915778112989;1;1;-13174,7643891092;NA;All
4510;1,88304088315069;2,84254900688767;2,29896849114977;2,50980797761203;2,71397452471025;2,28043562394877;2,41260264278576;2,44819771007298;2,45700793771892;1,97913013422064;1,92132520506502;1,63046728101526;1,43501376778664;4,90550357958464;1,52473550763761;1,76609058341847;1,91673558388257;1,51866759986513;1,93717807202571;1,61222558828219;-21,2493949166985;-3,79008603045278;-7,20969029393746;-8,51566303812501;-5,61065921085665;-5,62225021785504;-10,536537451225;-9,44246507450126;-6,41341979102222;-16,1050701691777;-11,9039710737268;-17,958603469274;-25,1241603258947;-42,2201109096562;-17,9934367568665;-15,1495215606078;-15,8921403085173;-20,6995455137417;-14,7704510396926;-19,5432018278614;2,68199219822906;1,52838389719892;1,55555567096163;0,906735395569924;0,505569093294629;0,505568510213577;0,542423295383888;0,645128743653648;0,999999654320567;0,839312184375599;0,686365732674007;0,484882772849465;0,338111817657018;-2,14551609259277;-2,4282524118668;-2,59869384510399;-3,05978324250474;-4,0610219701259;-3,99395385733955;-3,3217977374888;-2,72007905507952;-2,13829182353672;-1,18500861275905;-1,85736416666674;-2,23882456322202;-2,86260508058283;-5,02140762454537;-5,09729664790047;-4,06960428105759;-3,34524631734356;-2,65932913921636;0,0616023919182442;0,0160928837337721;0,0388562224715487;0,0179218411707625;0,0385225292945519;0,00612082035677787;0,015699196058898;0,00918210322227181;-3;-3;1;1,086678316681978;1;-3;-3;0,21715166055164881;1;1;-13176,5493832652;NA;All
4520;1,88304088315069;2,84254900688767;2,29896849114977;2,50980797761203;2,71397452471025;2,28043562394877;2,41260264278576;2,44819771007298;2,45700793771892;1,97913013422064;1,92132520506502;1,63046728101526;1,43501376778664;4,90550357958464;1,52473550763761;1,76609058341847;1,91673558388257;1,51866759986513;1,93717807202571;1,61222558828219;-21,2493949166985;-3,79008603045278;-7,20969029393746;-8,51566303812501;-5,61065921085665;-5,62225021785504;-10,536537451225;-9,44246507450126;-6,41341979102222;-16,1050701691777;-11,9039710737268;-17,958603469274;-25,1241603258947;-42,2201109096562;-17,9934367568665;-15,1495215606078;-15,8921403085173;-20,6995455137417;-14,7704510396926;-19,5432018278614;2,68199219822906;1,52838389719892;1,55555567096163;0,906735395569924;0,505569093294629;0,505568510213577;0,542423295383888;0,645128743653648;0,999999654320567;0,839312184375599;0,686365732674007;0,484882772849465;0,338111817657018;-2,14551609259277;-2,4282524118668;-2,59869384510399;-3,05978324250474;-4,0610219701259;-3,99395385733955;-3,3217977374888;-2,72007905507952;-2,13829182353672;-1,18500861275905;-1,85736416666674;-2,23882456322202;-2,86260508058283;-5,02140762454537;-5,09729664790047;-4,06960428105759;-3,34524631734356;-2,65932913921636;0,0616023919182442;0,0160928837337721;0,0388562224715487;0,0179218411707625;0,0385225292945519;0,00612082035677787;0,015699196058898;0,00918210322227181;-3;-3;1;0,964156040524553;1;-3;-3;0,15038624629573580;1;1;-13175,6923817948;NA;All
4530;1,88304088315069;2,84254900688767;2,29896849114977;2,50980797761203;2,71397452471025;2,28043562394877;2,41260264278576;2,44819771007298;2,45700793771892;1,97913013422064;1,92132520506502;1,63046728101526;1,43501376778664;4,90550357958464;1,52473550763761;1,76609058341847;1,91673558388257;1,51866759986513;1,93717807202571;1,61222558828219;-21,2493949166985;-3,79008603045278;-7,20969029393746;-8,51566303812501;-5,61065921085665;-5,62225021785504;-10,536537451225;-9,44246507450126;-6,41341979102222;-16,1050701691777;-11,9039710737268;-17,958603469274;-25,1241603258947;-42,2201109096562;-17,9934367568665;-15,1495215606078;-15,8921403085173;-20,6995455137417;-14,7704510396926;-19,5432018278614;2,68199219822906;1,52838389719892;1,55555567096163;0,906735395569924;0,505569093294629;0,505568510213577;0,542423295383888;0,645128743653648;0,999999654320567;0,839312184375599;0,686365732674007;0,484882772849465;0,338111817657018;-2,14551609259277;-2,4282524118668;-2,59869384510399;-3,05978324250474;-4,0610219701259;-3,99395385733955;-3,3217977374888;-2,72007905507952;-2,13829182353672;-1,18500861275905;-1,85736416666674;-2,23882456322202;-2,86260508058283;-5,02140762454537;-5,09729664790047;-4,06960428105759;-3,34524631734356;-2,65932913921636;0,0616023919182442;0,0160928837337721;0,0388562224715487;0,0179218411707625;0,0385225292945519;0,00612082035677787;0,015699196058898;0,00918210322227181;-3;-3;1;1,072146248689390;1;-3;-3;0,11760036441547522;1;1;-13176,6359016633;NA;All
4540;1,88304088315069;2,84254900688767;2,29896849114977;2,50980797761203;2,71397452471025;2,28043562394877;2,41260264278576;2,44819771007298;2,45700793771892;1,97913013422064;1,92132520506502;1,63046728101526;1,43501376778664;4,90550357958464;1,52473550763761;1,76609058341847;1,91673558388257;1,51866759986513;1,93717807202571;1,61222558828219;-21,2493949166985;-3,79008603045278;-7,20969029393746;-8,51566303812501;-5,61065921085665;-5,62225021785504;-10,536537451225;-9,44246507450126;-6,41341979102222;-16,1050701691777;-11,9039710737268;-17,958603469274;-25,1241603258947;-42,2201109096562;-17,9934367568665;-15,1495215606078;-15,8921403085173;-20,6995455137417;-14,7704510396926;-19,5432018278614;2,68199219822906;1,52838389719892;1,55555567096163;0,906735395569924;0,505569093294629;0,505568510213577;0,542423295383888;0,645128743653648;0,999999654320567;0,839312184375599;0,686365732674007;0,484882772849465;0,338111817657018;-2,14551609259277;-2,4282524118668;-2,59869384510399;-3,05978324250474;-4,0610219701259;-3,99395385733955;-3,3217977374888;-2,72007905507952;-2,13829182353672;-1,18500861275905;-1,85736416666674;-2,23882456322202;-2,86260508058283;-5,02140762454537;-5,09729664790047;-4,06960428105759;-3,34524631734356;-2,65932913921636;0,0616023919182442;0,0160928837337721;0,0388562224715487;0,0179218411707625;0,0385225292945519;0,00612082035677787;0,015699196058898;0,00918210322227181;-3;-3;1;1,066364002948906;1;-3;-3;0,13324815770378776;1;1;-13176,3480216661;NA;All
4550;1,88304088315069;2,84254900688767;2,29896849114977;2,50980797761203;2,71397452471025;2,28043562394877;2,41260264278576;2,44819771007298;2,45700793771892;1,97913013422064;1,92132520506502;1,63046728101526;1,43501376778664;4,90550357958464;1,52473550763761;1,76609058341847;1,91673558388257;1,51866759986513;1,93717807202571;1,61222558828219;-21,2493949166985;-3,79008603045278;-7,20969029393746;-8,51566303812501;-5,61065921085665;-5,62225021785504;-10,536537451225;-9,44246507450126;-6,41341979102222;-16,1050701691777;-11,9039710737268;-17,958603469274;-25,1241603258947;-42,2201109096562;-17,9934367568665;-15,1495215606078;-15,8921403085173;-20,6995455137417;-14,7704510396926;-19,5432018278614;2,68199219822906;1,52838389719892;1,55555567096163;0,906735395569924;0,505569093294629;0,505568510213577;0,542423295383888;0,645128743653648;0,999999654320567;0,839312184375599;0,686365732674007;0,484882772849465;0,338111817657018;-2,14551609259277;-2,4282524118668;-2,59869384510399;-3,05978324250474;-4,0610219701259;-3,99395385733955;-3,3217977374888;-2,72007905507952;-2,13829182353672;-1,18500861275905;-1,85736416666674;-2,23882456322202;-2,86260508058283;-5,02140762454537;-5,09729664790047;-4,06960428105759;-3,34524631734356;-2,65932913921636;0,0616023919182442;0,0160928837337721;0,0388562224715487;0,0179218411707625;0,0385225292945519;0,00612082035677787;0,015699196058898;0,00918210322227181;-3;-3;1;0,926817818710331;1;-3;-3;0,50122864833829850;1;1;-13175,9908344186;NA;All
4560;1,88304088315069;2,84254900688767;2,29896849114977;2,50980797761203;2,71397452471025;2,28043562394877;2,41260264278576;2,44819771007298;2,45700793771892;1,97913013422064;1,92132520506502;1,63046728101526;1,43501376778664;4,90550357958464;1,52473550763761;1,76609058341847;1,91673558388257;1,51866759986513;1,93717807202571;1,61222558828219;-21,2493949166985;-3,79008603045278;-7,20969029393746;-8,51566303812501;-5,61065921085665;-5,62225021785504;-10,536537451225;-9,44246507450126;-6,41341979102222;-16,1050701691777;-11,9039710737268;-17,958603469274;-25,1241603258947;-42,2201109096562;-17,9934367568665;-15,1495215606078;-15,8921403085173;-20,6995455137417;-14,7704510396926;-19,5432018278614;2,68199219822906;1,52838389719892;1,55555567096163;0,906735395569924;0,505569093294629;0,505568510213577;0,542423295383888;0,645128743653648;0,999999654320567;0,839312184375599;0,686365732674007;0,484882772849465;0,338111817657018;-2,14551609259277;-2,4282524118668;-2,59869384510399;-3,05978324250474;-4,0610219701259;-3,99395385733955;-3,3217977374888;-2,72007905507952;-2,13829182353672;-1,18500861275905;-1,85736416666674;-2,23882456322202;-2,86260508058283;-5,02140762454537;-5,09729664790047;-4,06960428105759;-3,34524631734356;-2,65932913921636;0,0616023919182442;0,0160928837337721;0,0388562224715487;0,0179218411707625;0,0385225292945519;0,00612082035677787;0,015699196058898;0,00918210322227181;-3;-3;1;1,061756866984283;1;-3;-3;0,52043835479929612;1;1;-13175,6370551279;NA;All
4570;1,88304088315069;2,84254900688767;2,29896849114977;2,50980797761203;2,71397452471025;2,28043562394877;2,41260264278576;2,44819771007298;2,45700793771892;1,97913013422064;1,92132520506502;1,63046728101526;1,43501376778664;4,90550357958464;1,52473550763761;1,76609058341847;1,91673558388257;1,51866759986513;1,93717807202571;1,61222558828219;-21,2493949166985;-3,79008603045278;-7,20969029393746;-8,51566303812501;-5,61065921085665;-5,62225021785504;-10,536537451225;-9,44246507450126;-6,41341979102222;-16,1050701691777;-11,9039710737268;-17,958603469274;-25,1241603258947;-42,2201109096562;-17,9934367568665;-15,1495215606078;-15,8921403085173;-20,6995455137417;-14,7704510396926;-19,5432018278614;2,68199219822906;1,52838389719892;1,55555567096163;0,906735395569924;0,505569093294629;0,505568510213577;0,542423295383888;0,645128743653648;0,999999654320567;0,839312184375599;0,686365732674007;0,484882772849465;0,338111817657018;-2,14551609259277;-2,4282524118668;-2,59869384510399;-3,05978324250474;-4,0610219701259;-3,99395385733955;-3,3217977374888;-2,72007905507952;-2,13829182353672;-1,18500861275905;-1,85736416666674;-2,23882456322202;-2,86260508058283;-5,02140762454537;-5,09729664790047;-4,06960428105759;-3,34524631734356;-2,65932913921636;0,0616023919182442;0,0160928837337721;0,0388562224715487;0,0179218411707625;0,0385225292945519;0,00612082035677787;0,015699196058898;0,00918210322227181;-3;-3;1;1,034692205665662;1;-3;-3;0,10023983729497454;1;1;-13175,9369296002;NA;All
4580;1,88304088315069;2,84254900688767;2,29896849114977;2,50980797761203;2,71397452471025;2,28043562394877;2,41260264278576;2,44819771007298;2,45700793771892;1,97913013422064;1,92132520506502;1,63046728101526;1,43501376778664;4,90550357958464;1,52473550763761;1,76609058341847;1,91673558388257;1,51866759986513;1,93717807202571;1,61222558828219;-21,2493949166985;-3,79008603045278;-7,20969029393746;-8,51566303812501;-5,61065921085665;-5,62225021785504;-10,536537451225;-9,44246507450126;-6,41341979102222;-16,1050701691777;-11,9039710737268;-17,958603469274;-25,1241603258947;-42,2201109096562;-17,9934367568665;-15,1495215606078;-15,8921403085173;-20,6995455137417;-14,7704510396926;-19,5432018278614;2,68199219822906;1,52838389719892;1,55555567096163;0,906735395569924;0,505569093294629;0,505568510213577;0,542423295383888;0,645128743653648;0,999999654320567;0,839312184375599;0,686365732674007;0,484882772849465;0,338111817657018;-2,14551609259277;-2,4282524118668;-2,59869384510399;-3,05978324250474;-4,0610219701259;-3,99395385733955;-3,3217977374888;-2,72007905507952;-2,13829182353672;-1,18500861275905;-1,85736416666674;-2,23882456322202;-2,86260508058283;-5,02140762454537;-5,09729664790047;-4,06960428105759;-3,34524631734356;-2,65932913921636;0,0616023919182442;0,0160928837337721;0,0388562224715487;0,0179218411707625;0,0385225292945519;0,00612082035677787;0,015699196058898;0,00918210322227181;-3;-3;1;1,063518311894953;1;-3;-3;0,07413132556996804;1;1;-13176,7458063656;NA;All
4590;1,88304088315069;2,84254900688767;2,29896849114977;2,50980797761203;2,71397452471025;2,28043562394877;2,41260264278576;2,44819771007298;2,45700793771892;1,97913013422064;1,92132520506502;1,63046728101526;1,43501376778664;4,90550357958464;1,52473550763761;1,76609058341847;1,91673558388257;1,51866759986513;1,93717807202571;1,61222558828219;-21,2493949166985;-3,79008603045278;-7,20969029393746;-8,51566303812501;-5,61065921085665;-5,62225021785504;-10,536537451225;-9,44246507450126;-6,41341979102222;-16,1050701691777;-11,9039710737268;-17,958603469274;-25,1241603258947;-42,2201109096562;-17,9934367568665;-15,1495215606078;-15,8921403085173;-20,6995455137417;-14,7704510396926;-19,5432018278614;2,68199219822906;1,52838389719892;1,55555567096163;0,906735395569924;0,505569093294629;0,505568510213577;0,542423295383888;0,645128743653648;0,999999654320567;0,839312184375599;0,686365732674007;0,484882772849465;0,338111817657018;-2,14551609259277;-2,4282524118668;-2,59869384510399;-3,05978324250474;-4,0610219701259;-3,99395385733955;-3,3217977374888;-2,72007905507952;-2,13829182353672;-1,18500861275905;-1,85736416666674;-2,23882456322202;-2,86260508058283;-5,02140762454537;-5,09729664790047;-4,06960428105759;-3,34524631734356;-2,65932913921636;0,0616023919182442;0,0160928837337721;0,0388562224715487;0,0179218411707625;0,0385225292945519;0,00612082035677787;0,015699196058898;0,00918210322227181;-3;-3;1;1,045006818806835;1;-3;-3;0,33198622120510124;1;1;-13174,9451374023;NA;All
4600;1,88304088315069;2,84254900688767;2,29896849114977;2,50980797761203;2,71397452471025;2,28043562394877;2,41260264278576;2,44819771007298;2,45700793771892;1,97913013422064;1,92132520506502;1,63046728101526;1,43501376778664;4,90550357958464;1,52473550763761;1,76609058341847;1,91673558388257;1,51866759986513;1,93717807202571;1,61222558828219;-21,2493949166985;-3,79008603045278;-7,20969029393746;-8,51566303812501;-5,61065921085665;-5,62225021785504;-10,536537451225;-9,44246507450126;-6,41341979102222;-16,1050701691777;-11,9039710737268;-17,958603469274;-25,1241603258947;-42,2201109096562;-17,9934367568665;-15,1495215606078;-15,8921403085173;-20,6995455137417;-14,7704510396926;-19,5432018278614;2,68199219822906;1,52838389719892;1,55555567096163;0,906735395569924;0,505569093294629;0,505568510213577;0,542423295383888;0,645128743653648;0,999999654320567;0,839312184375599;0,686365732674007;0,484882772849465;0,338111817657018;-2,14551609259277;-2,4282524118668;-2,59869384510399;-3,05978324250474;-4,0610219701259;-3,99395385733955;-3,3217977374888;-2,72007905507952;-2,13829182353672;-1,18500861275905;-1,85736416666674;-2,23882456322202;-2,86260508058283;-5,02140762454537;-5,09729664790047;-4,06960428105759;-3,34524631734356;-2,65932913921636;0,0616023919182442;0,0160928837337721;0,0388562224715487;0,0179218411707625;0,0385225292945519;0,00612082035677787;0,015699196058898;0,00918210322227181;-3;-3;1;0,968839013854514;1;-3;-3;0,57052566142093697;1;1;-13175,1138867148;NA;All
4610;1,88304088315069;2,84254900688767;2,29896849114977;2,50980797761203;2,71397452471025;2,28043562394877;2,41260264278576;2,44819771007298;2,45700793771892;1,97913013422064;1,92132520506502;1,63046728101526;1,43501376778664;4,90550357958464;1,52473550763761;1,76609058341847;1,91673558388257;1,51866759986513;1,93717807202571;1,61222558828219;-21,2493949166985;-3,79008603045278;-7,20969029393746;-8,51566303812501;-5,61065921085665;-5,62225021785504;-10,536537451225;-9,44246507450126;-6,41341979102222;-16,1050701691777;-11,9039710737268;-17,958603469274;-25,1241603258947;-42,2201109096562;-17,9934367568665;-15,1495215606078;-15,8921403085173;-20,6995455137417;-14,7704510396926;-19,5432018278614;2,68199219822906;1,52838389719892;1,55555567096163;0,906735395569924;0,505569093294629;0,505568510213577;0,542423295383888;0,645128743653648;0,999999654320567;0,839312184375599;0,686365732674007;0,484882772849465;0,338111817657018;-2,14551609259277;-2,4282524118668;-2,59869384510399;-3,05978324250474;-4,0610219701259;-3,99395385733955;-3,3217977374888;-2,72007905507952;-2,13829182353672;-1,18500861275905;-1,85736416666674;-2,23882456322202;-2,86260508058283;-5,02140762454537;-5,09729664790047;-4,06960428105759;-3,34524631734356;-2,65932913921636;0,0616023919182442;0,0160928837337721;0,0388562224715487;0,0179218411707625;0,0385225292945519;0,00612082035677787;0,015699196058898;0,00918210322227181;-3;-3;1;1,020466669355467;1;-3;-3;0,45731919224785877;1;1;-13174,5818321161;NA;All
4620;1,88304088315069;2,84254900688767;2,29896849114977;2,50980797761203;2,71397452471025;2,28043562394877;2,41260264278576;2,44819771007298;2,45700793771892;1,97913013422064;1,92132520506502;1,63046728101526;1,43501376778664;4,90550357958464;1,52473550763761;1,76609058341847;1,91673558388257;1,51866759986513;1,93717807202571;1,61222558828219;-21,2493949166985;-3,79008603045278;-7,20969029393746;-8,51566303812501;-5,61065921085665;-5,62225021785504;-10,536537451225;-9,44246507450126;-6,41341979102222;-16,1050701691777;-11,9039710737268;-17,958603469274;-25,1241603258947;-42,2201109096562;-17,9934367568665;-15,1495215606078;-15,8921403085173;-20,6995455137417;-14,7704510396926;-19,5432018278614;2,68199219822906;1,52838389719892;1,55555567096163;0,906735395569924;0,505569093294629;0,505568510213577;0,542423295383888;0,645128743653648;0,999999654320567;0,839312184375599;0,686365732674007;0,484882772849465;0,338111817657018;-2,14551609259277;-2,4282524118668;-2,59869384510399;-3,05978324250474;-4,0610219701259;-3,99395385733955;-3,3217977374888;-2,72007905507952;-2,13829182353672;-1,18500861275905;-1,85736416666674;-2,23882456322202;-2,86260508058283;-5,02140762454537;-5,09729664790047;-4,06960428105759;-3,34524631734356;-2,65932913921636;0,0616023919182442;0,0160928837337721;0,0388562224715487;0,0179218411707625;0,0385225292945519;0,00612082035677787;0,015699196058898;0,00918210322227181;-3;-3;1;0,976344731582981;1;-3;-3;0,76716211495332531;1;1;-13176,5144728614;NA;All
4630;1,88304088315069;2,84254900688767;2,29896849114977;2,50980797761203;2,71397452471025;2,28043562394877;2,41260264278576;2,44819771007298;2,45700793771892;1,97913013422064;1,92132520506502;1,63046728101526;1,43501376778664;4,90550357958464;1,52473550763761;1,76609058341847;1,91673558388257;1,51866759986513;1,93717807202571;1,61222558828219;-21,2493949166985;-3,79008603045278;-7,20969029393746;-8,51566303812501;-5,61065921085665;-5,62225021785504;-10,536537451225;-9,44246507450126;-6,41341979102222;-16,1050701691777;-11,9039710737268;-17,958603469274;-25,1241603258947;-42,2201109096562;-17,9934367568665;-15,1495215606078;-15,8921403085173;-20,6995455137417;-14,7704510396926;-19,5432018278614;2,68199219822906;1,52838389719892;1,55555567096163;0,906735395569924;0,505569093294629;0,505568510213577;0,542423295383888;0,645128743653648;0,999999654320567;0,839312184375599;0,686365732674007;0,484882772849465;0,338111817657018;-2,14551609259277;-2,4282524118668;-2,59869384510399;-3,05978324250474;-4,0610219701259;-3,99395385733955;-3,3217977374888;-2,72007905507952;-2,13829182353672;-1,18500861275905;-1,85736416666674;-2,23882456322202;-2,86260508058283;-5,02140762454537;-5,09729664790047;-4,06960428105759;-3,34524631734356;-2,65932913921636;0,0616023919182442;0,0160928837337721;0,0388562224715487;0,0179218411707625;0,0385225292945519;0,00612082035677787;0,015699196058898;0,00918210322227181;-3;-3;1;1,021668410508560;1;-3;-3;0,56077087870308073;1;1;-13174,9446995767;NA;All
4640;1,88304088315069;2,84254900688767;2,29896849114977;2,50980797761203;2,71397452471025;2,28043562394877;2,41260264278576;2,44819771007298;2,45700793771892;1,97913013422064;1,92132520506502;1,63046728101526;1,43501376778664;4,90550357958464;1,52473550763761;1,76609058341847;1,91673558388257;1,51866759986513;1,93717807202571;1,61222558828219;-21,2493949166985;-3,79008603045278;-7,20969029393746;-8,51566303812501;-5,61065921085665;-5,62225021785504;-10,536537451225;-9,44246507450126;-6,41341979102222;-16,1050701691777;-11,9039710737268;-17,958603469274;-25,1241603258947;-42,2201109096562;-17,9934367568665;-15,1495215606078;-15,8921403085173;-20,6995455137417;-14,7704510396926;-19,5432018278614;2,68199219822906;1,52838389719892;1,55555567096163;0,906735395569924;0,505569093294629;0,505568510213577;0,542423295383888;0,645128743653648;0,999999654320567;0,839312184375599;0,686365732674007;0,484882772849465;0,338111817657018;-2,14551609259277;-2,4282524118668;-2,59869384510399;-3,05978324250474;-4,0610219701259;-3,99395385733955;-3,3217977374888;-2,72007905507952;-2,13829182353672;-1,18500861275905;-1,85736416666674;-2,23882456322202;-2,86260508058283;-5,02140762454537;-5,09729664790047;-4,06960428105759;-3,34524631734356;-2,65932913921636;0,0616023919182442;0,0160928837337721;0,0388562224715487;0,0179218411707625;0,0385225292945519;0,00612082035677787;0,015699196058898;0,00918210322227181;-3;-3;1;0,969991473108154;1;-3;-3;0,76096753005927875;1;1;-13176,5358133335;NA;All
4650;1,88304088315069;2,84254900688767;2,29896849114977;2,50980797761203;2,71397452471025;2,28043562394877;2,41260264278576;2,44819771007298;2,45700793771892;1,97913013422064;1,92132520506502;1,63046728101526;1,43501376778664;4,90550357958464;1,52473550763761;1,76609058341847;1,91673558388257;1,51866759986513;1,93717807202571;1,61222558828219;-21,2493949166985;-3,79008603045278;-7,20969029393746;-8,51566303812501;-5,61065921085665;-5,62225021785504;-10,536537451225;-9,44246507450126;-6,41341979102222;-16,1050701691777;-11,9039710737268;-17,958603469274;-25,1241603258947;-42,2201109096562;-17,9934367568665;-15,1495215606078;-15,8921403085173;-20,6995455137417;-14,7704510396926;-19,5432018278614;2,68199219822906;1,52838389719892;1,55555567096163;0,906735395569924;0,505569093294629;0,505568510213577;0,542423295383888;0,645128743653648;0,999999654320567;0,839312184375599;0,686365732674007;0,484882772849465;0,338111817657018;-2,14551609259277;-2,4282524118668;-2,59869384510399;-3,05978324250474;-4,0610219701259;-3,99395385733955;-3,3217977374888;-2,72007905507952;-2,13829182353672;-1,18500861275905;-1,85736416666674;-2,23882456322202;-2,86260508058283;-5,02140762454537;-5,09729664790047;-4,06960428105759;-3,34524631734356;-2,65932913921636;0,0616023919182442;0,0160928837337721;0,0388562224715487;0,0179218411707625;0,0385225292945519;0,00612082035677787;0,015699196058898;0,00918210322227181;-3;-3;1;1,007442489129523;1;-3;-3;0,65750772148764769;1;1;-13175,4282571545;NA;All
4660;1,88304088315069;2,84254900688767;2,29896849114977;2,50980797761203;2,71397452471025;2,28043562394877;2,41260264278576;2,44819771007298;2,45700793771892;1,97913013422064;1,92132520506502;1,63046728101526;1,43501376778664;4,90550357958464;1,52473550763761;1,76609058341847;1,91673558388257;1,51866759986513;1,93717807202571;1,61222558828219;-21,2493949166985;-3,79008603045278;-7,20969029393746;-8,51566303812501;-5,61065921085665;-5,62225021785504;-10,536537451225;-9,44246507450126;-6,41341979102222;-16,1050701691777;-11,9039710737268;-17,958603469274;-25,1241603258947;-42,2201109096562;-17,9934367568665;-15,1495215606078;-15,8921403085173;-20,6995455137417;-14,7704510396926;-19,5432018278614;2,68199219822906;1,52838389719892;1,55555567096163;0,906735395569924;0,505569093294629;0,505568510213577;0,542423295383888;0,645128743653648;0,999999654320567;0,839312184375599;0,686365732674007;0,484882772849465;0,338111817657018;-2,14551609259277;-2,4282524118668;-2,59869384510399;-3,05978324250474;-4,0610219701259;-3,99395385733955;-3,3217977374888;-2,72007905507952;-2,13829182353672;-1,18500861275905;-1,85736416666674;-2,23882456322202;-2,86260508058283;-5,02140762454537;-5,09729664790047;-4,06960428105759;-3,34524631734356;-2,65932913921636;0,0616023919182442;0,0160928837337721;0,0388562224715487;0,0179218411707625;0,0385225292945519;0,00612082035677787;0,015699196058898;0,00918210322227181;-3;-3;1;1,010930145383623;1;-3;-3;0,53102616740398900;1;1;-13174,7207991165;NA;All
4670;1,88304088315069;2,84254900688767;2,29896849114977;2,50980797761203;2,71397452471025;2,28043562394877;2,41260264278576;2,44819771007298;2,45700793771892;1,97913013422064;1,92132520506502;1,63046728101526;1,43501376778664;4,90550357958464;1,52473550763761;1,76609058341847;1,91673558388257;1,51866759986513;1,93717807202571;1,61222558828219;-21,2493949166985;-3,79008603045278;-7,20969029393746;-8,51566303812501;-5,61065921085665;-5,62225021785504;-10,536537451225;-9,44246507450126;-6,41341979102222;-16,1050701691777;-11,9039710737268;-17,958603469274;-25,1241603258947;-42,2201109096562;-17,9934367568665;-15,1495215606078;-15,8921403085173;-20,6995455137417;-14,7704510396926;-19,5432018278614;2,68199219822906;1,52838389719892;1,55555567096163;0,906735395569924;0,505569093294629;0,505568510213577;0,542423295383888;0,645128743653648;0,999999654320567;0,839312184375599;0,686365732674007;0,484882772849465;0,338111817657018;-2,14551609259277;-2,4282524118668;-2,59869384510399;-3,05978324250474;-4,0610219701259;-3,99395385733955;-3,3217977374888;-2,72007905507952;-2,13829182353672;-1,18500861275905;-1,85736416666674;-2,23882456322202;-2,86260508058283;-5,02140762454537;-5,09729664790047;-4,06960428105759;-3,34524631734356;-2,65932913921636;0,0616023919182442;0,0160928837337721;0,0388562224715487;0,0179218411707625;0,0385225292945519;0,00612082035677787;0,015699196058898;0,00918210322227181;-3;-3;1;1,003109371268888;1;-3;-3;0,56931164821626112;1;1;-13174,8618395270;NA;All
4680;1,88304088315069;2,84254900688767;2,29896849114977;2,50980797761203;2,71397452471025;2,28043562394877;2,41260264278576;2,44819771007298;2,45700793771892;1,97913013422064;1,92132520506502;1,63046728101526;1,43501376778664;4,90550357958464;1,52473550763761;1,76609058341847;1,91673558388257;1,51866759986513;1,93717807202571;1,61222558828219;-21,2493949166985;-3,79008603045278;-7,20969029393746;-8,51566303812501;-5,61065921085665;-5,62225021785504;-10,536537451225;-9,44246507450126;-6,41341979102222;-16,1050701691777;-11,9039710737268;-17,958603469274;-25,1241603258947;-42,2201109096562;-17,9934367568665;-15,1495215606078;-15,8921403085173;-20,6995455137417;-14,7704510396926;-19,5432018278614;2,68199219822906;1,52838389719892;1,55555567096163;0,906735395569924;0,505569093294629;0,505568510213577;0,542423295383888;0,645128743653648;0,999999654320567;0,839312184375599;0,686365732674007;0,484882772849465;0,338111817657018;-2,14551609259277;-2,4282524118668;-2,59869384510399;-3,05978324250474;-4,0610219701259;-3,99395385733955;-3,3217977374888;-2,72007905507952;-2,13829182353672;-1,18500861275905;-1,85736416666674;-2,23882456322202;-2,86260508058283;-5,02140762454537;-5,09729664790047;-4,06960428105759;-3,34524631734356;-2,65932913921636;0,0616023919182442;0,0160928837337721;0,0388562224715487;0,0179218411707625;0,0385225292945519;0,00612082035677787;0,015699196058898;0,00918210322227181;-3;-3;1;0,952194792206872;1;-3;-3;0,31779873957418431;1;1;-13175,1397568390;NA;All
4690;1,88304088315069;2,84254900688767;2,29896849114977;2,50980797761203;2,71397452471025;2,28043562394877;2,41260264278576;2,44819771007298;2,45700793771892;1,97913013422064;1,92132520506502;1,63046728101526;1,43501376778664;4,90550357958464;1,52473550763761;1,76609058341847;1,91673558388257;1,51866759986513;1,93717807202571;1,61222558828219;-21,2493949166985;-3,79008603045278;-7,20969029393746;-8,51566303812501;-5,61065921085665;-5,62225021785504;-10,536537451225;-9,44246507450126;-6,41341979102222;-16,1050701691777;-11,9039710737268;-17,958603469274;-25,1241603258947;-42,2201109096562;-17,9934367568665;-15,1495215606078;-15,8921403085173;-20,6995455137417;-14,7704510396926;-19,5432018278614;2,68199219822906;1,52838389719892;1,55555567096163;0,906735395569924;0,505569093294629;0,505568510213577;0,542423295383888;0,645128743653648;0,999999654320567;0,839312184375599;0,686365732674007;0,484882772849465;0,338111817657018;-2,14551609259277;-2,4282524118668;-2,59869384510399;-3,05978324250474;-4,0610219701259;-3,99395385733955;-3,3217977374888;-2,72007905507952;-2,13829182353672;-1,18500861275905;-1,85736416666674;-2,23882456322202;-2,86260508058283;-5,02140762454537;-5,09729664790047;-4,06960428105759;-3,34524631734356;-2,65932913921636;0,0616023919182442;0,0160928837337721;0,0388562224715487;0,0179218411707625;0,0385225292945519;0,00612082035677787;0,015699196058898;0,00918210322227181;-3;-3;1;0,967228689695622;1;-3;-3;0,16497348670222028;1;1;-13175,5352083021;NA;All
4700;1,88304088315069;2,84254900688767;2,29896849114977;2,50980797761203;2,71397452471025;2,28043562394877;2,41260264278576;2,44819771007298;2,45700793771892;1,97913013422064;1,92132520506502;1,63046728101526;1,43501376778664;4,90550357958464;1,52473550763761;1,76609058341847;1,91673558388257;1,51866759986513;1,93717807202571;1,61222558828219;-21,2493949166985;-3,79008603045278;-7,20969029393746;-8,51566303812501;-5,61065921085665;-5,62225021785504;-10,536537451225;-9,44246507450126;-6,41341979102222;-16,1050701691777;-11,9039710737268;-17,958603469274;-25,1241603258947;-42,2201109096562;-17,9934367568665;-15,1495215606078;-15,8921403085173;-20,6995455137417;-14,7704510396926;-19,5432018278614;2,68199219822906;1,52838389719892;1,55555567096163;0,906735395569924;0,505569093294629;0,505568510213577;0,542423295383888;0,645128743653648;0,999999654320567;0,839312184375599;0,686365732674007;0,484882772849465;0,338111817657018;-2,14551609259277;-2,4282524118668;-2,59869384510399;-3,05978324250474;-4,0610219701259;-3,99395385733955;-3,3217977374888;-2,72007905507952;-2,13829182353672;-1,18500861275905;-1,85736416666674;-2,23882456322202;-2,86260508058283;-5,02140762454537;-5,09729664790047;-4,06960428105759;-3,34524631734356;-2,65932913921636;0,0616023919182442;0,0160928837337721;0,0388562224715487;0,0179218411707625;0,0385225292945519;0,00612082035677787;0,015699196058898;0,00918210322227181;-3;-3;1;0,912752426945026;1;-3;-3;0,25662460375367813;1;1;-13176,6748194480;NA;All
4710;1,88304088315069;2,84254900688767;2,29896849114977;2,50980797761203;2,71397452471025;2,28043562394877;2,41260264278576;2,44819771007298;2,45700793771892;1,97913013422064;1,92132520506502;1,63046728101526;1,43501376778664;4,90550357958464;1,52473550763761;1,76609058341847;1,91673558388257;1,51866759986513;1,93717807202571;1,61222558828219;-21,2493949166985;-3,79008603045278;-7,20969029393746;-8,51566303812501;-5,61065921085665;-5,62225021785504;-10,536537451225;-9,44246507450126;-6,41341979102222;-16,1050701691777;-11,9039710737268;-17,958603469274;-25,1241603258947;-42,2201109096562;-17,9934367568665;-15,1495215606078;-15,8921403085173;-20,6995455137417;-14,7704510396926;-19,5432018278614;2,68199219822906;1,52838389719892;1,55555567096163;0,906735395569924;0,505569093294629;0,505568510213577;0,542423295383888;0,645128743653648;0,999999654320567;0,839312184375599;0,686365732674007;0,484882772849465;0,338111817657018;-2,14551609259277;-2,4282524118668;-2,59869384510399;-3,05978324250474;-4,0610219701259;-3,99395385733955;-3,3217977374888;-2,72007905507952;-2,13829182353672;-1,18500861275905;-1,85736416666674;-2,23882456322202;-2,86260508058283;-5,02140762454537;-5,09729664790047;-4,06960428105759;-3,34524631734356;-2,65932913921636;0,0616023919182442;0,0160928837337721;0,0388562224715487;0,0179218411707625;0,0385225292945519;0,00612082035677787;0,015699196058898;0,00918210322227181;-3;-3;1;1,004162917111782;1;-3;-3;0,47664070825590560;1;1;-13174,5256801371;NA;All
4720;1,88304088315069;2,84254900688767;2,29896849114977;2,50980797761203;2,71397452471025;2,28043562394877;2,41260264278576;2,44819771007298;2,45700793771892;1,97913013422064;1,92132520506502;1,63046728101526;1,43501376778664;4,90550357958464;1,52473550763761;1,76609058341847;1,91673558388257;1,51866759986513;1,93717807202571;1,61222558828219;-21,2493949166985;-3,79008603045278;-7,20969029393746;-8,51566303812501;-5,61065921085665;-5,62225021785504;-10,536537451225;-9,44246507450126;-6,41341979102222;-16,1050701691777;-11,9039710737268;-17,958603469274;-25,1241603258947;-42,2201109096562;-17,9934367568665;-15,1495215606078;-15,8921403085173;-20,6995455137417;-14,7704510396926;-19,5432018278614;2,68199219822906;1,52838389719892;1,55555567096163;0,906735395569924;0,505569093294629;0,505568510213577;0,542423295383888;0,645128743653648;0,999999654320567;0,839312184375599;0,686365732674007;0,484882772849465;0,338111817657018;-2,14551609259277;-2,4282524118668;-2,59869384510399;-3,05978324250474;-4,0610219701259;-3,99395385733955;-3,3217977374888;-2,72007905507952;-2,13829182353672;-1,18500861275905;-1,85736416666674;-2,23882456322202;-2,86260508058283;-5,02140762454537;-5,09729664790047;-4,06960428105759;-3,34524631734356;-2,65932913921636;0,0616023919182442;0,0160928837337721;0,0388562224715487;0,0179218411707625;0,0385225292945519;0,00612082035677787;0,015699196058898;0,00918210322227181;-3;-3;1;0,975451659360141;1;-3;-3;0,36073687889907369;1;1;-13174,6251006671;NA;All
4730;1,88304088315069;2,84254900688767;2,29896849114977;2,50980797761203;2,71397452471025;2,28043562394877;2,41260264278576;2,44819771007298;2,45700793771892;1,97913013422064;1,92132520506502;1,63046728101526;1,43501376778664;4,90550357958464;1,52473550763761;1,76609058341847;1,91673558388257;1,51866759986513;1,93717807202571;1,61222558828219;-21,2493949166985;-3,79008603045278;-7,20969029393746;-8,51566303812501;-5,61065921085665;-5,62225021785504;-10,536537451225;-9,44246507450126;-6,41341979102222;-16,1050701691777;-11,9039710737268;-17,958603469274;-25,1241603258947;-42,2201109096562;-17,9934367568665;-15,1495215606078;-15,8921403085173;-20,6995455137417;-14,7704510396926;-19,5432018278614;2,68199219822906;1,52838389719892;1,55555567096163;0,906735395569924;0,505569093294629;0,505568510213577;0,542423295383888;0,645128743653648;0,999999654320567;0,839312184375599;0,686365732674007;0,484882772849465;0,338111817657018;-2,14551609259277;-2,4282524118668;-2,59869384510399;-3,05978324250474;-4,0610219701259;-3,99395385733955;-3,3217977374888;-2,72007905507952;-2,13829182353672;-1,18500861275905;-1,85736416666674;-2,23882456322202;-2,86260508058283;-5,02140762454537;-5,09729664790047;-4,06960428105759;-3,34524631734356;-2,65932913921636;0,0616023919182442;0,0160928837337721;0,0388562224715487;0,0179218411707625;0,0385225292945519;0,00612082035677787;0,015699196058898;0,00918210322227181;-3;-3;1;0,990273884135125;1;-3;-3;0,20228155299073641;1;1;-13175,0321130931;NA;All
4740;1,88304088315069;2,84254900688767;2,29896849114977;2,50980797761203;2,71397452471025;2,28043562394877;2,41260264278576;2,44819771007298;2,45700793771892;1,97913013422064;1,92132520506502;1,63046728101526;1,43501376778664;4,90550357958464;1,52473550763761;1,76609058341847;1,91673558388257;1,51866759986513;1,93717807202571;1,61222558828219;-21,2493949166985;-3,79008603045278;-7,20969029393746;-8,51566303812501;-5,61065921085665;-5,62225021785504;-10,536537451225;-9,44246507450126;-6,41341979102222;-16,1050701691777;-11,9039710737268;-17,958603469274;-25,1241603258947;-42,2201109096562;-17,9934367568665;-15,1495215606078;-15,8921403085173;-20,6995455137417;-14,7704510396926;-19,5432018278614;2,68199219822906;1,52838389719892;1,55555567096163;0,906735395569924;0,505569093294629;0,505568510213577;0,542423295383888;0,645128743653648;0,999999654320567;0,839312184375599;0,686365732674007;0,484882772849465;0,338111817657018;-2,14551609259277;-2,4282524118668;-2,59869384510399;-3,05978324250474;-4,0610219701259;-3,99395385733955;-3,3217977374888;-2,72007905507952;-2,13829182353672;-1,18500861275905;-1,85736416666674;-2,23882456322202;-2,86260508058283;-5,02140762454537;-5,09729664790047;-4,06960428105759;-3,34524631734356;-2,65932913921636;0,0616023919182442;0,0160928837337721;0,0388562224715487;0,0179218411707625;0,0385225292945519;0,00612082035677787;0,015699196058898;0,00918210322227181;-3;-3;1;1,043663635733565;1;-3;-3;0,34719495403844486;1;1;-13174,8965514827;NA;All
4750;1,88304088315069;2,84254900688767;2,29896849114977;2,50980797761203;2,71397452471025;2,28043562394877;2,41260264278576;2,44819771007298;2,45700793771892;1,97913013422064;1,92132520506502;1,63046728101526;1,43501376778664;4,90550357958464;1,52473550763761;1,76609058341847;1,91673558388257;1,51866759986513;1,93717807202571;1,61222558828219;-21,2493949166985;-3,79008603045278;-7,20969029393746;-8,51566303812501;-5,61065921085665;-5,62225021785504;-10,536537451225;-9,44246507450126;-6,41341979102222;-16,1050701691777;-11,9039710737268;-17,958603469274;-25,1241603258947;-42,2201109096562;-17,9934367568665;-15,1495215606078;-15,8921403085173;-20,6995455137417;-14,7704510396926;-19,5432018278614;2,68199219822906;1,52838389719892;1,55555567096163;0,906735395569924;0,505569093294629;0,505568510213577;0,542423295383888;0,645128743653648;0,999999654320567;0,839312184375599;0,686365732674007;0,484882772849465;0,338111817657018;-2,14551609259277;-2,4282524118668;-2,59869384510399;-3,05978324250474;-4,0610219701259;-3,99395385733955;-3,3217977374888;-2,72007905507952;-2,13829182353672;-1,18500861275905;-1,85736416666674;-2,23882456322202;-2,86260508058283;-5,02140762454537;-5,09729664790047;-4,06960428105759;-3,34524631734356;-2,65932913921636;0,0616023919182442;0,0160928837337721;0,0388562224715487;0,0179218411707625;0,0385225292945519;0,00612082035677787;0,015699196058898;0,00918210322227181;-3;-3;1;1,106585205405586;1;-3;-3;0,63933332358404571;1;1;-13178,4021903308;NA;All
4760;1,88304088315069;2,84254900688767;2,29896849114977;2,50980797761203;2,71397452471025;2,28043562394877;2,41260264278576;2,44819771007298;2,45700793771892;1,97913013422064;1,92132520506502;1,63046728101526;1,43501376778664;4,90550357958464;1,52473550763761;1,76609058341847;1,91673558388257;1,51866759986513;1,93717807202571;1,61222558828219;-21,2493949166985;-3,79008603045278;-7,20969029393746;-8,51566303812501;-5,61065921085665;-5,62225021785504;-10,536537451225;-9,44246507450126;-6,41341979102222;-16,1050701691777;-11,9039710737268;-17,958603469274;-25,1241603258947;-42,2201109096562;-17,9934367568665;-15,1495215606078;-15,8921403085173;-20,6995455137417;-14,7704510396926;-19,5432018278614;2,68199219822906;1,52838389719892;1,55555567096163;0,906735395569924;0,505569093294629;0,505568510213577;0,542423295383888;0,645128743653648;0,999999654320567;0,839312184375599;0,686365732674007;0,484882772849465;0,338111817657018;-2,14551609259277;-2,4282524118668;-2,59869384510399;-3,05978324250474;-4,0610219701259;-3,99395385733955;-3,3217977374888;-2,72007905507952;-2,13829182353672;-1,18500861275905;-1,85736416666674;-2,23882456322202;-2,86260508058283;-5,02140762454537;-5,09729664790047;-4,06960428105759;-3,34524631734356;-2,65932913921636;0,0616023919182442;0,0160928837337721;0,0388562224715487;0,0179218411707625;0,0385225292945519;0,00612082035677787;0,015699196058898;0,00918210322227181;-3;-3;1;1,023531744755809;1;-3;-3;0,44428402010014167;1;1;-13174,5927750936;NA;All
4770;1,88304088315069;2,84254900688767;2,29896849114977;2,50980797761203;2,71397452471025;2,28043562394877;2,41260264278576;2,44819771007298;2,45700793771892;1,97913013422064;1,92132520506502;1,63046728101526;1,43501376778664;4,90550357958464;1,52473550763761;1,76609058341847;1,91673558388257;1,51866759986513;1,93717807202571;1,61222558828219;-21,2493949166985;-3,79008603045278;-7,20969029393746;-8,51566303812501;-5,61065921085665;-5,62225021785504;-10,536537451225;-9,44246507450126;-6,41341979102222;-16,1050701691777;-11,9039710737268;-17,958603469274;-25,1241603258947;-42,2201109096562;-17,9934367568665;-15,1495215606078;-15,8921403085173;-20,6995455137417;-14,7704510396926;-19,5432018278614;2,68199219822906;1,52838389719892;1,55555567096163;0,906735395569924;0,505569093294629;0,505568510213577;0,542423295383888;0,645128743653648;0,999999654320567;0,839312184375599;0,686365732674007;0,484882772849465;0,338111817657018;-2,14551609259277;-2,4282524118668;-2,59869384510399;-3,05978324250474;-4,0610219701259;-3,99395385733955;-3,3217977374888;-2,72007905507952;-2,13829182353672;-1,18500861275905;-1,85736416666674;-2,23882456322202;-2,86260508058283;-5,02140762454537;-5,09729664790047;-4,06960428105759;-3,34524631734356;-2,65932913921636;0,0616023919182442;0,0160928837337721;0,0388562224715487;0,0179218411707625;0,0385225292945519;0,00612082035677787;0,015699196058898;0,00918210322227181;-3;-3;1;0,985752766697798;1;-3;-3;0,56948693855178956;1;1;-13174,9097706701;NA;All
4780;1,88304088315069;2,84254900688767;2,29896849114977;2,50980797761203;2,71397452471025;2,28043562394877;2,41260264278576;2,44819771007298;2,45700793771892;1,97913013422064;1,92132520506502;1,63046728101526;1,43501376778664;4,90550357958464;1,52473550763761;1,76609058341847;1,91673558388257;1,51866759986513;1,93717807202571;1,61222558828219;-21,2493949166985;-3,79008603045278;-7,20969029393746;-8,51566303812501;-5,61065921085665;-5,62225021785504;-10,536537451225;-9,44246507450126;-6,41341979102222;-16,1050701691777;-11,9039710737268;-17,958603469274;-25,1241603258947;-42,2201109096562;-17,9934367568665;-15,1495215606078;-15,8921403085173;-20,6995455137417;-14,7704510396926;-19,5432018278614;2,68199219822906;1,52838389719892;1,55555567096163;0,906735395569924;0,505569093294629;0,505568510213577;0,542423295383888;0,645128743653648;0,999999654320567;0,839312184375599;0,686365732674007;0,484882772849465;0,338111817657018;-2,14551609259277;-2,4282524118668;-2,59869384510399;-3,05978324250474;-4,0610219701259;-3,99395385733955;-3,3217977374888;-2,72007905507952;-2,13829182353672;-1,18500861275905;-1,85736416666674;-2,23882456322202;-2,86260508058283;-5,02140762454537;-5,09729664790047;-4,06960428105759;-3,34524631734356;-2,65932913921636;0,0616023919182442;0,0160928837337721;0,0388562224715487;0,0179218411707625;0,0385225292945519;0,00612082035677787;0,015699196058898;0,00918210322227181;-3;-3;1;0,971351600814671;1;-3;-3;0,48898272105465018;1;1;-13174,7718940005;NA;All
4790;1,88304088315069;2,84254900688767;2,29896849114977;2,50980797761203;2,71397452471025;2,28043562394877;2,41260264278576;2,44819771007298;2,45700793771892;1,97913013422064;1,92132520506502;1,63046728101526;1,43501376778664;4,90550357958464;1,52473550763761;1,76609058341847;1,91673558388257;1,51866759986513;1,93717807202571;1,61222558828219;-21,2493949166985;-3,79008603045278;-7,20969029393746;-8,51566303812501;-5,61065921085665;-5,62225021785504;-10,536537451225;-9,44246507450126;-6,41341979102222;-16,1050701691777;-11,9039710737268;-17,958603469274;-25,1241603258947;-42,2201109096562;-17,9934367568665;-15,1495215606078;-15,8921403085173;-20,6995455137417;-14,7704510396926;-19,5432018278614;2,68199219822906;1,52838389719892;1,55555567096163;0,906735395569924;0,505569093294629;0,505568510213577;0,542423295383888;0,645128743653648;0,999999654320567;0,839312184375599;0,686365732674007;0,484882772849465;0,338111817657018;-2,14551609259277;-2,4282524118668;-2,59869384510399;-3,05978324250474;-4,0610219701259;-3,99395385733955;-3,3217977374888;-2,72007905507952;-2,13829182353672;-1,18500861275905;-1,85736416666674;-2,23882456322202;-2,86260508058283;-5,02140762454537;-5,09729664790047;-4,06960428105759;-3,34524631734356;-2,65932913921636;0,0616023919182442;0,0160928837337721;0,0388562224715487;0,0179218411707625;0,0385225292945519;0,00612082035677787;0,015699196058898;0,00918210322227181;-3;-3;1;0,961732617800455;1;-3;-3;0,21907618020359301;1;1;-13175,3075184251;NA;All
4800;1,88304088315069;2,84254900688767;2,29896849114977;2,50980797761203;2,71397452471025;2,28043562394877;2,41260264278576;2,44819771007298;2,45700793771892;1,97913013422064;1,92132520506502;1,63046728101526;1,43501376778664;4,90550357958464;1,52473550763761;1,76609058341847;1,91673558388257;1,51866759986513;1,93717807202571;1,61222558828219;-21,2493949166985;-3,79008603045278;-7,20969029393746;-8,51566303812501;-5,61065921085665;-5,62225021785504;-10,536537451225;-9,44246507450126;-6,41341979102222;-16,1050701691777;-11,9039710737268;-17,958603469274;-25,1241603258947;-42,2201109096562;-17,9934367568665;-15,1495215606078;-15,8921403085173;-20,6995455137417;-14,7704510396926;-19,5432018278614;2,68199219822906;1,52838389719892;1,55555567096163;0,906735395569924;0,505569093294629;0,505568510213577;0,542423295383888;0,645128743653648;0,999999654320567;0,839312184375599;0,686365732674007;0,484882772849465;0,338111817657018;-2,14551609259277;-2,4282524118668;-2,59869384510399;-3,05978324250474;-4,0610219701259;-3,99395385733955;-3,3217977374888;-2,72007905507952;-2,13829182353672;-1,18500861275905;-1,85736416666674;-2,23882456322202;-2,86260508058283;-5,02140762454537;-5,09729664790047;-4,06960428105759;-3,34524631734356;-2,65932913921636;0,0616023919182442;0,0160928837337721;0,0388562224715487;0,0179218411707625;0,0385225292945519;0,00612082035677787;0,015699196058898;0,00918210322227181;-3;-3;1;0,964350505768122;1;-3;-3;0,45128665924238431;1;1;-13174,8144562701;NA;All
4810;1,88304088315069;2,84254900688767;2,29896849114977;2,50980797761203;2,71397452471025;2,28043562394877;2,41260264278576;2,44819771007298;2,45700793771892;1,97913013422064;1,92132520506502;1,63046728101526;1,43501376778664;4,90550357958464;1,52473550763761;1,76609058341847;1,91673558388257;1,51866759986513;1,93717807202571;1,61222558828219;-21,2493949166985;-3,79008603045278;-7,20969029393746;-8,51566303812501;-5,61065921085665;-5,62225021785504;-10,536537451225;-9,44246507450126;-6,41341979102222;-16,1050701691777;-11,9039710737268;-17,958603469274;-25,1241603258947;-42,2201109096562;-17,9934367568665;-15,1495215606078;-15,8921403085173;-20,6995455137417;-14,7704510396926;-19,5432018278614;2,68199219822906;1,52838389719892;1,55555567096163;0,906735395569924;0,505569093294629;0,505568510213577;0,542423295383888;0,645128743653648;0,999999654320567;0,839312184375599;0,686365732674007;0,484882772849465;0,338111817657018;-2,14551609259277;-2,4282524118668;-2,59869384510399;-3,05978324250474;-4,0610219701259;-3,99395385733955;-3,3217977374888;-2,72007905507952;-2,13829182353672;-1,18500861275905;-1,85736416666674;-2,23882456322202;-2,86260508058283;-5,02140762454537;-5,09729664790047;-4,06960428105759;-3,34524631734356;-2,65932913921636;0,0616023919182442;0,0160928837337721;0,0388562224715487;0,0179218411707625;0,0385225292945519;0,00612082035677787;0,015699196058898;0,00918210322227181;-3;-3;1;1,025335850191081;1;-3;-3;0,44529756113573632;1;1;-13174,6158168640;NA;All
4820;1,88304088315069;2,84254900688767;2,29896849114977;2,50980797761203;2,71397452471025;2,28043562394877;2,41260264278576;2,44819771007298;2,45700793771892;1,97913013422064;1,92132520506502;1,63046728101526;1,43501376778664;4,90550357958464;1,52473550763761;1,76609058341847;1,91673558388257;1,51866759986513;1,93717807202571;1,61222558828219;-21,2493949166985;-3,79008603045278;-7,20969029393746;-8,51566303812501;-5,61065921085665;-5,62225021785504;-10,536537451225;-9,44246507450126;-6,41341979102222;-16,1050701691777;-11,9039710737268;-17,958603469274;-25,1241603258947;-42,2201109096562;-17,9934367568665;-15,1495215606078;-15,8921403085173;-20,6995455137417;-14,7704510396926;-19,5432018278614;2,68199219822906;1,52838389719892;1,55555567096163;0,906735395569924;0,505569093294629;0,505568510213577;0,542423295383888;0,645128743653648;0,999999654320567;0,839312184375599;0,686365732674007;0,484882772849465;0,338111817657018;-2,14551609259277;-2,4282524118668;-2,59869384510399;-3,05978324250474;-4,0610219701259;-3,99395385733955;-3,3217977374888;-2,72007905507952;-2,13829182353672;-1,18500861275905;-1,85736416666674;-2,23882456322202;-2,86260508058283;-5,02140762454537;-5,09729664790047;-4,06960428105759;-3,34524631734356;-2,65932913921636;0,0616023919182442;0,0160928837337721;0,0388562224715487;0,0179218411707625;0,0385225292945519;0,00612082035677787;0,015699196058898;0,00918210322227181;-3;-3;1;0,944495221864911;1;-3;-3;0,34100372776424120;1;1;-13175,2965679473;NA;All
4830;1,88304088315069;2,84254900688767;2,29896849114977;2,50980797761203;2,71397452471025;2,28043562394877;2,41260264278576;2,44819771007298;2,45700793771892;1,97913013422064;1,92132520506502;1,63046728101526;1,43501376778664;4,90550357958464;1,52473550763761;1,76609058341847;1,91673558388257;1,51866759986513;1,93717807202571;1,61222558828219;-21,2493949166985;-3,79008603045278;-7,20969029393746;-8,51566303812501;-5,61065921085665;-5,62225021785504;-10,536537451225;-9,44246507450126;-6,41341979102222;-16,1050701691777;-11,9039710737268;-17,958603469274;-25,1241603258947;-42,2201109096562;-17,9934367568665;-15,1495215606078;-15,8921403085173;-20,6995455137417;-14,7704510396926;-19,5432018278614;2,68199219822906;1,52838389719892;1,55555567096163;0,906735395569924;0,505569093294629;0,505568510213577;0,542423295383888;0,645128743653648;0,999999654320567;0,839312184375599;0,686365732674007;0,484882772849465;0,338111817657018;-2,14551609259277;-2,4282524118668;-2,59869384510399;-3,05978324250474;-4,0610219701259;-3,99395385733955;-3,3217977374888;-2,72007905507952;-2,13829182353672;-1,18500861275905;-1,85736416666674;-2,23882456322202;-2,86260508058283;-5,02140762454537;-5,09729664790047;-4,06960428105759;-3,34524631734356;-2,65932913921636;0,0616023919182442;0,0160928837337721;0,0388562224715487;0,0179218411707625;0,0385225292945519;0,00612082035677787;0,015699196058898;0,00918210322227181;-3;-3;1;0,969531758933926;1;-3;-3;0,41561508859502494;1;1;-13174,6911366382;NA;All
4840;1,88304088315069;2,84254900688767;2,29896849114977;2,50980797761203;2,71397452471025;2,28043562394877;2,41260264278576;2,44819771007298;2,45700793771892;1,97913013422064;1,92132520506502;1,63046728101526;1,43501376778664;4,90550357958464;1,52473550763761;1,76609058341847;1,91673558388257;1,51866759986513;1,93717807202571;1,61222558828219;-21,2493949166985;-3,79008603045278;-7,20969029393746;-8,51566303812501;-5,61065921085665;-5,62225021785504;-10,536537451225;-9,44246507450126;-6,41341979102222;-16,1050701691777;-11,9039710737268;-17,958603469274;-25,1241603258947;-42,2201109096562;-17,9934367568665;-15,1495215606078;-15,8921403085173;-20,6995455137417;-14,7704510396926;-19,5432018278614;2,68199219822906;1,52838389719892;1,55555567096163;0,906735395569924;0,505569093294629;0,505568510213577;0,542423295383888;0,645128743653648;0,999999654320567;0,839312184375599;0,686365732674007;0,484882772849465;0,338111817657018;-2,14551609259277;-2,4282524118668;-2,59869384510399;-3,05978324250474;-4,0610219701259;-3,99395385733955;-3,3217977374888;-2,72007905507952;-2,13829182353672;-1,18500861275905;-1,85736416666674;-2,23882456322202;-2,86260508058283;-5,02140762454537;-5,09729664790047;-4,06960428105759;-3,34524631734356;-2,65932913921636;0,0616023919182442;0,0160928837337721;0,0388562224715487;0,0179218411707625;0,0385225292945519;0,00612082035677787;0,015699196058898;0,00918210322227181;-3;-3;1;1,000394183845904;1;-3;-3;0,42933284112830034;1;1;-13174,4466445124;NA;All
4850;1,88304088315069;2,84254900688767;2,29896849114977;2,50980797761203;2,71397452471025;2,28043562394877;2,41260264278576;2,44819771007298;2,45700793771892;1,97913013422064;1,92132520506502;1,63046728101526;1,43501376778664;4,90550357958464;1,52473550763761;1,76609058341847;1,91673558388257;1,51866759986513;1,93717807202571;1,61222558828219;-21,2493949166985;-3,79008603045278;-7,20969029393746;-8,51566303812501;-5,61065921085665;-5,62225021785504;-10,536537451225;-9,44246507450126;-6,41341979102222;-16,1050701691777;-11,9039710737268;-17,958603469274;-25,1241603258947;-42,2201109096562;-17,9934367568665;-15,1495215606078;-15,8921403085173;-20,6995455137417;-14,7704510396926;-19,5432018278614;2,68199219822906;1,52838389719892;1,55555567096163;0,906735395569924;0,505569093294629;0,505568510213577;0,542423295383888;0,645128743653648;0,999999654320567;0,839312184375599;0,686365732674007;0,484882772849465;0,338111817657018;-2,14551609259277;-2,4282524118668;-2,59869384510399;-3,05978324250474;-4,0610219701259;-3,99395385733955;-3,3217977374888;-2,72007905507952;-2,13829182353672;-1,18500861275905;-1,85736416666674;-2,23882456322202;-2,86260508058283;-5,02140762454537;-5,09729664790047;-4,06960428105759;-3,34524631734356;-2,65932913921636;0,0616023919182442;0,0160928837337721;0,0388562224715487;0,0179218411707625;0,0385225292945519;0,00612082035677787;0,015699196058898;0,00918210322227181;-3;-3;1;0,989993514924804;1;-3;-3;0,64187047132739439;1;1;-13175,3134288864;NA;All
4860;1,88304088315069;2,84254900688767;2,29896849114977;2,50980797761203;2,71397452471025;2,28043562394877;2,41260264278576;2,44819771007298;2,45700793771892;1,97913013422064;1,92132520506502;1,63046728101526;1,43501376778664;4,90550357958464;1,52473550763761;1,76609058341847;1,91673558388257;1,51866759986513;1,93717807202571;1,61222558828219;-21,2493949166985;-3,79008603045278;-7,20969029393746;-8,51566303812501;-5,61065921085665;-5,62225021785504;-10,536537451225;-9,44246507450126;-6,41341979102222;-16,1050701691777;-11,9039710737268;-17,958603469274;-25,1241603258947;-42,2201109096562;-17,9934367568665;-15,1495215606078;-15,8921403085173;-20,6995455137417;-14,7704510396926;-19,5432018278614;2,68199219822906;1,52838389719892;1,55555567096163;0,906735395569924;0,505569093294629;0,505568510213577;0,542423295383888;0,645128743653648;0,999999654320567;0,839312184375599;0,686365732674007;0,484882772849465;0,338111817657018;-2,14551609259277;-2,4282524118668;-2,59869384510399;-3,05978324250474;-4,0610219701259;-3,99395385733955;-3,3217977374888;-2,72007905507952;-2,13829182353672;-1,18500861275905;-1,85736416666674;-2,23882456322202;-2,86260508058283;-5,02140762454537;-5,09729664790047;-4,06960428105759;-3,34524631734356;-2,65932913921636;0,0616023919182442;0,0160928837337721;0,0388562224715487;0,0179218411707625;0,0385225292945519;0,00612082035677787;0,015699196058898;0,00918210322227181;-3;-3;1;1,024453380078646;1;-3;-3;0,31684665158809111;1;1;-13174,6473624846;NA;All
4870;1,88304088315069;2,84254900688767;2,29896849114977;2,50980797761203;2,71397452471025;2,28043562394877;2,41260264278576;2,44819771007298;2,45700793771892;1,97913013422064;1,92132520506502;1,63046728101526;1,43501376778664;4,90550357958464;1,52473550763761;1,76609058341847;1,91673558388257;1,51866759986513;1,93717807202571;1,61222558828219;-21,2493949166985;-3,79008603045278;-7,20969029393746;-8,51566303812501;-5,61065921085665;-5,62225021785504;-10,536537451225;-9,44246507450126;-6,41341979102222;-16,1050701691777;-11,9039710737268;-17,958603469274;-25,1241603258947;-42,2201109096562;-17,9934367568665;-15,1495215606078;-15,8921403085173;-20,6995455137417;-14,7704510396926;-19,5432018278614;2,68199219822906;1,52838389719892;1,55555567096163;0,906735395569924;0,505569093294629;0,505568510213577;0,542423295383888;0,645128743653648;0,999999654320567;0,839312184375599;0,686365732674007;0,484882772849465;0,338111817657018;-2,14551609259277;-2,4282524118668;-2,59869384510399;-3,05978324250474;-4,0610219701259;-3,99395385733955;-3,3217977374888;-2,72007905507952;-2,13829182353672;-1,18500861275905;-1,85736416666674;-2,23882456322202;-2,86260508058283;-5,02140762454537;-5,09729664790047;-4,06960428105759;-3,34524631734356;-2,65932913921636;0,0616023919182442;0,0160928837337721;0,0388562224715487;0,0179218411707625;0,0385225292945519;0,00612082035677787;0,015699196058898;0,00918210322227181;-3;-3;1;0,953075353559578;1;-3;-3;0,19051712612542396;1;1;-13175,6574984870;NA;All
4880;1,88304088315069;2,84254900688767;2,29896849114977;2,50980797761203;2,71397452471025;2,28043562394877;2,41260264278576;2,44819771007298;2,45700793771892;1,97913013422064;1,92132520506502;1,63046728101526;1,43501376778664;4,90550357958464;1,52473550763761;1,76609058341847;1,91673558388257;1,51866759986513;1,93717807202571;1,61222558828219;-21,2493949166985;-3,79008603045278;-7,20969029393746;-8,51566303812501;-5,61065921085665;-5,62225021785504;-10,536537451225;-9,44246507450126;-6,41341979102222;-16,1050701691777;-11,9039710737268;-17,958603469274;-25,1241603258947;-42,2201109096562;-17,9934367568665;-15,1495215606078;-15,8921403085173;-20,6995455137417;-14,7704510396926;-19,5432018278614;2,68199219822906;1,52838389719892;1,55555567096163;0,906735395569924;0,505569093294629;0,505568510213577;0,542423295383888;0,645128743653648;0,999999654320567;0,839312184375599;0,686365732674007;0,484882772849465;0,338111817657018;-2,14551609259277;-2,4282524118668;-2,59869384510399;-3,05978324250474;-4,0610219701259;-3,99395385733955;-3,3217977374888;-2,72007905507952;-2,13829182353672;-1,18500861275905;-1,85736416666674;-2,23882456322202;-2,86260508058283;-5,02140762454537;-5,09729664790047;-4,06960428105759;-3,34524631734356;-2,65932913921636;0,0616023919182442;0,0160928837337721;0,0388562224715487;0,0179218411707625;0,0385225292945519;0,00612082035677787;0,015699196058898;0,00918210322227181;-3;-3;1;0,972801199663160;1;-3;-3;0,31349786895375897;1;1;-13174,7489859252;NA;All
4890;1,88304088315069;2,84254900688767;2,29896849114977;2,50980797761203;2,71397452471025;2,28043562394877;2,41260264278576;2,44819771007298;2,45700793771892;1,97913013422064;1,92132520506502;1,63046728101526;1,43501376778664;4,90550357958464;1,52473550763761;1,76609058341847;1,91673558388257;1,51866759986513;1,93717807202571;1,61222558828219;-21,2493949166985;-3,79008603045278;-7,20969029393746;-8,51566303812501;-5,61065921085665;-5,62225021785504;-10,536537451225;-9,44246507450126;-6,41341979102222;-16,1050701691777;-11,9039710737268;-17,958603469274;-25,1241603258947;-42,2201109096562;-17,9934367568665;-15,1495215606078;-15,8921403085173;-20,6995455137417;-14,7704510396926;-19,5432018278614;2,68199219822906;1,52838389719892;1,55555567096163;0,906735395569924;0,505569093294629;0,505568510213577;0,542423295383888;0,645128743653648;0,999999654320567;0,839312184375599;0,686365732674007;0,484882772849465;0,338111817657018;-2,14551609259277;-2,4282524118668;-2,59869384510399;-3,05978324250474;-4,0610219701259;-3,99395385733955;-3,3217977374888;-2,72007905507952;-2,13829182353672;-1,18500861275905;-1,85736416666674;-2,23882456322202;-2,86260508058283;-5,02140762454537;-5,09729664790047;-4,06960428105759;-3,34524631734356;-2,65932913921636;0,0616023919182442;0,0160928837337721;0,0388562224715487;0,0179218411707625;0,0385225292945519;0,00612082035677787;0,015699196058898;0,00918210322227181;-3;-3;1;0,987467683990474;1;-3;-3;0,51057347503855988;1;1;-13174,6593509799;NA;All
4900;1,88304088315069;2,84254900688767;2,29896849114977;2,50980797761203;2,71397452471025;2,28043562394877;2,41260264278576;2,44819771007298;2,45700793771892;1,97913013422064;1,92132520506502;1,63046728101526;1,43501376778664;4,90550357958464;1,52473550763761;1,76609058341847;1,91673558388257;1,51866759986513;1,93717807202571;1,61222558828219;-21,2493949166985;-3,79008603045278;-7,20969029393746;-8,51566303812501;-5,61065921085665;-5,62225021785504;-10,536537451225;-9,44246507450126;-6,41341979102222;-16,1050701691777;-11,9039710737268;-17,958603469274;-25,1241603258947;-42,2201109096562;-17,9934367568665;-15,1495215606078;-15,8921403085173;-20,6995455137417;-14,7704510396926;-19,5432018278614;2,68199219822906;1,52838389719892;1,55555567096163;0,906735395569924;0,505569093294629;0,505568510213577;0,542423295383888;0,645128743653648;0,999999654320567;0,839312184375599;0,686365732674007;0,484882772849465;0,338111817657018;-2,14551609259277;-2,4282524118668;-2,59869384510399;-3,05978324250474;-4,0610219701259;-3,99395385733955;-3,3217977374888;-2,72007905507952;-2,13829182353672;-1,18500861275905;-1,85736416666674;-2,23882456322202;-2,86260508058283;-5,02140762454537;-5,09729664790047;-4,06960428105759;-3,34524631734356;-2,65932913921636;0,0616023919182442;0,0160928837337721;0,0388562224715487;0,0179218411707625;0,0385225292945519;0,00612082035677787;0,015699196058898;0,00918210322227181;-3;-3;1;1,022840928632252;1;-3;-3;0,82276709678456228;1;1;-13177,2233820443;NA;All
4910;1,88304088315069;2,84254900688767;2,29896849114977;2,50980797761203;2,71397452471025;2,28043562394877;2,41260264278576;2,44819771007298;2,45700793771892;1,97913013422064;1,92132520506502;1,63046728101526;1,43501376778664;4,90550357958464;1,52473550763761;1,76609058341847;1,91673558388257;1,51866759986513;1,93717807202571;1,61222558828219;-21,2493949166985;-3,79008603045278;-7,20969029393746;-8,51566303812501;-5,61065921085665;-5,62225021785504;-10,536537451225;-9,44246507450126;-6,41341979102222;-16,1050701691777;-11,9039710737268;-17,958603469274;-25,1241603258947;-42,2201109096562;-17,9934367568665;-15,1495215606078;-15,8921403085173;-20,6995455137417;-14,7704510396926;-19,5432018278614;2,68199219822906;1,52838389719892;1,55555567096163;0,906735395569924;0,505569093294629;0,505568510213577;0,542423295383888;0,645128743653648;0,999999654320567;0,839312184375599;0,686365732674007;0,484882772849465;0,338111817657018;-2,14551609259277;-2,4282524118668;-2,59869384510399;-3,05978324250474;-4,0610219701259;-3,99395385733955;-3,3217977374888;-2,72007905507952;-2,13829182353672;-1,18500861275905;-1,85736416666674;-2,23882456322202;-2,86260508058283;-5,02140762454537;-5,09729664790047;-4,06960428105759;-3,34524631734356;-2,65932913921636;0,0616023919182442;0,0160928837337721;0,0388562224715487;0,0179218411707625;0,0385225292945519;0,00612082035677787;0,015699196058898;0,00918210322227181;-3;-3;1;0,973001936863466;1;-3;-3;0,54288243350345566;1;1;-13174,9268612215;NA;All
4920;1,88304088315069;2,84254900688767;2,29896849114977;2,50980797761203;2,71397452471025;2,28043562394877;2,41260264278576;2,44819771007298;2,45700793771892;1,97913013422064;1,92132520506502;1,63046728101526;1,43501376778664;4,90550357958464;1,52473550763761;1,76609058341847;1,91673558388257;1,51866759986513;1,93717807202571;1,61222558828219;-21,2493949166985;-3,79008603045278;-7,20969029393746;-8,51566303812501;-5,61065921085665;-5,62225021785504;-10,536537451225;-9,44246507450126;-6,41341979102222;-16,1050701691777;-11,9039710737268;-17,958603469274;-25,1241603258947;-42,2201109096562;-17,9934367568665;-15,1495215606078;-15,8921403085173;-20,6995455137417;-14,7704510396926;-19,5432018278614;2,68199219822906;1,52838389719892;1,55555567096163;0,906735395569924;0,505569093294629;0,505568510213577;0,542423295383888;0,645128743653648;0,999999654320567;0,839312184375599;0,686365732674007;0,484882772849465;0,338111817657018;-2,14551609259277;-2,4282524118668;-2,59869384510399;-3,05978324250474;-4,0610219701259;-3,99395385733955;-3,3217977374888;-2,72007905507952;-2,13829182353672;-1,18500861275905;-1,85736416666674;-2,23882456322202;-2,86260508058283;-5,02140762454537;-5,09729664790047;-4,06960428105759;-3,34524631734356;-2,65932913921636;0,0616023919182442;0,0160928837337721;0,0388562224715487;0,0179218411707625;0,0385225292945519;0,00612082035677787;0,015699196058898;0,00918210322227181;-3;-3;1;1,002679763701524;1;-3;-3;0,15810727988631426;1;1;-13175,2732881004;NA;All
4930;1,88304088315069;2,84254900688767;2,29896849114977;2,50980797761203;2,71397452471025;2,28043562394877;2,41260264278576;2,44819771007298;2,45700793771892;1,97913013422064;1,92132520506502;1,63046728101526;1,43501376778664;4,90550357958464;1,52473550763761;1,76609058341847;1,91673558388257;1,51866759986513;1,93717807202571;1,61222558828219;-21,2493949166985;-3,79008603045278;-7,20969029393746;-8,51566303812501;-5,61065921085665;-5,62225021785504;-10,536537451225;-9,44246507450126;-6,41341979102222;-16,1050701691777;-11,9039710737268;-17,958603469274;-25,1241603258947;-42,2201109096562;-17,9934367568665;-15,1495215606078;-15,8921403085173;-20,6995455137417;-14,7704510396926;-19,5432018278614;2,68199219822906;1,52838389719892;1,55555567096163;0,906735395569924;0,505569093294629;0,505568510213577;0,542423295383888;0,645128743653648;0,999999654320567;0,839312184375599;0,686365732674007;0,484882772849465;0,338111817657018;-2,14551609259277;-2,4282524118668;-2,59869384510399;-3,05978324250474;-4,0610219701259;-3,99395385733955;-3,3217977374888;-2,72007905507952;-2,13829182353672;-1,18500861275905;-1,85736416666674;-2,23882456322202;-2,86260508058283;-5,02140762454537;-5,09729664790047;-4,06960428105759;-3,34524631734356;-2,65932913921636;0,0616023919182442;0,0160928837337721;0,0388562224715487;0,0179218411707625;0,0385225292945519;0,00612082035677787;0,015699196058898;0,00918210322227181;-3;-3;1;1,133086809464094;1;-3;-3;0,03617104454031927;1;1;-13179,9824079262;NA;All
4940;1,88304088315069;2,84254900688767;2,29896849114977;2,50980797761203;2,71397452471025;2,28043562394877;2,41260264278576;2,44819771007298;2,45700793771892;1,97913013422064;1,92132520506502;1,63046728101526;1,43501376778664;4,90550357958464;1,52473550763761;1,76609058341847;1,91673558388257;1,51866759986513;1,93717807202571;1,61222558828219;-21,2493949166985;-3,79008603045278;-7,20969029393746;-8,51566303812501;-5,61065921085665;-5,62225021785504;-10,536537451225;-9,44246507450126;-6,41341979102222;-16,1050701691777;-11,9039710737268;-17,958603469274;-25,1241603258947;-42,2201109096562;-17,9934367568665;-15,1495215606078;-15,8921403085173;-20,6995455137417;-14,7704510396926;-19,5432018278614;2,68199219822906;1,52838389719892;1,55555567096163;0,906735395569924;0,505569093294629;0,505568510213577;0,542423295383888;0,645128743653648;0,999999654320567;0,839312184375599;0,686365732674007;0,484882772849465;0,338111817657018;-2,14551609259277;-2,4282524118668;-2,59869384510399;-3,05978324250474;-4,0610219701259;-3,99395385733955;-3,3217977374888;-2,72007905507952;-2,13829182353672;-1,18500861275905;-1,85736416666674;-2,23882456322202;-2,86260508058283;-5,02140762454537;-5,09729664790047;-4,06960428105759;-3,34524631734356;-2,65932913921636;0,0616023919182442;0,0160928837337721;0,0388562224715487;0,0179218411707625;0,0385225292945519;0,00612082035677787;0,015699196058898;0,00918210322227181;-3;-3;1;1,021445213292579;1;-3;-3;0,23785693539611599;1;1;-13174,8869828040;NA;All
4950;1,88304088315069;2,84254900688767;2,29896849114977;2,50980797761203;2,71397452471025;2,28043562394877;2,41260264278576;2,44819771007298;2,45700793771892;1,97913013422064;1,92132520506502;1,63046728101526;1,43501376778664;4,90550357958464;1,52473550763761;1,76609058341847;1,91673558388257;1,51866759986513;1,93717807202571;1,61222558828219;-21,2493949166985;-3,79008603045278;-7,20969029393746;-8,51566303812501;-5,61065921085665;-5,62225021785504;-10,536537451225;-9,44246507450126;-6,41341979102222;-16,1050701691777;-11,9039710737268;-17,958603469274;-25,1241603258947;-42,2201109096562;-17,9934367568665;-15,1495215606078;-15,8921403085173;-20,6995455137417;-14,7704510396926;-19,5432018278614;2,68199219822906;1,52838389719892;1,55555567096163;0,906735395569924;0,505569093294629;0,505568510213577;0,542423295383888;0,645128743653648;0,999999654320567;0,839312184375599;0,686365732674007;0,484882772849465;0,338111817657018;-2,14551609259277;-2,4282524118668;-2,59869384510399;-3,05978324250474;-4,0610219701259;-3,99395385733955;-3,3217977374888;-2,72007905507952;-2,13829182353672;-1,18500861275905;-1,85736416666674;-2,23882456322202;-2,86260508058283;-5,02140762454537;-5,09729664790047;-4,06960428105759;-3,34524631734356;-2,65932913921636;0,0616023919182442;0,0160928837337721;0,0388562224715487;0,0179218411707625;0,0385225292945519;0,00612082035677787;0,015699196058898;0,00918210322227181;-3;-3;1;1,018304957745216;1;-3;-3;0,38813775998486005;1;1;-13174,5034225269;NA;All
4960;1,88304088315069;2,84254900688767;2,29896849114977;2,50980797761203;2,71397452471025;2,28043562394877;2,41260264278576;2,44819771007298;2,45700793771892;1,97913013422064;1,92132520506502;1,63046728101526;1,43501376778664;4,90550357958464;1,52473550763761;1,76609058341847;1,91673558388257;1,51866759986513;1,93717807202571;1,61222558828219;-21,2493949166985;-3,79008603045278;-7,20969029393746;-8,51566303812501;-5,61065921085665;-5,62225021785504;-10,536537451225;-9,44246507450126;-6,41341979102222;-16,1050701691777;-11,9039710737268;-17,958603469274;-25,1241603258947;-42,2201109096562;-17,9934367568665;-15,1495215606078;-15,8921403085173;-20,6995455137417;-14,7704510396926;-19,5432018278614;2,68199219822906;1,52838389719892;1,55555567096163;0,906735395569924;0,505569093294629;0,505568510213577;0,542423295383888;0,645128743653648;0,999999654320567;0,839312184375599;0,686365732674007;0,484882772849465;0,338111817657018;-2,14551609259277;-2,4282524118668;-2,59869384510399;-3,05978324250474;-4,0610219701259;-3,99395385733955;-3,3217977374888;-2,72007905507952;-2,13829182353672;-1,18500861275905;-1,85736416666674;-2,23882456322202;-2,86260508058283;-5,02140762454537;-5,09729664790047;-4,06960428105759;-3,34524631734356;-2,65932913921636;0,0616023919182442;0,0160928837337721;0,0388562224715487;0,0179218411707625;0,0385225292945519;0,00612082035677787;0,015699196058898;0,00918210322227181;-3;-3;1;0,944590887254759;1;-3;-3;0,16919136320348566;1;1;-13176,0105595891;NA;All
4970;1,88304088315069;2,84254900688767;2,29896849114977;2,50980797761203;2,71397452471025;2,28043562394877;2,41260264278576;2,44819771007298;2,45700793771892;1,97913013422064;1,92132520506502;1,63046728101526;1,43501376778664;4,90550357958464;1,52473550763761;1,76609058341847;1,91673558388257;1,51866759986513;1,93717807202571;1,61222558828219;-21,2493949166985;-3,79008603045278;-7,20969029393746;-8,51566303812501;-5,61065921085665;-5,62225021785504;-10,536537451225;-9,44246507450126;-6,41341979102222;-16,1050701691777;-11,9039710737268;-17,958603469274;-25,1241603258947;-42,2201109096562;-17,9934367568665;-15,1495215606078;-15,8921403085173;-20,6995455137417;-14,7704510396926;-19,5432018278614;2,68199219822906;1,52838389719892;1,55555567096163;0,906735395569924;0,505569093294629;0,505568510213577;0,542423295383888;0,645128743653648;0,999999654320567;0,839312184375599;0,686365732674007;0,484882772849465;0,338111817657018;-2,14551609259277;-2,4282524118668;-2,59869384510399;-3,05978324250474;-4,0610219701259;-3,99395385733955;-3,3217977374888;-2,72007905507952;-2,13829182353672;-1,18500861275905;-1,85736416666674;-2,23882456322202;-2,86260508058283;-5,02140762454537;-5,09729664790047;-4,06960428105759;-3,34524631734356;-2,65932913921636;0,0616023919182442;0,0160928837337721;0,0388562224715487;0,0179218411707625;0,0385225292945519;0,00612082035677787;0,015699196058898;0,00918210322227181;-3;-3;1;0,996354082817258;1;-3;-3;0,40401200385904174;1;1;-13174,4388651757;NA;All
4980;1,88304088315069;2,84254900688767;2,29896849114977;2,50980797761203;2,71397452471025;2,28043562394877;2,41260264278576;2,44819771007298;2,45700793771892;1,97913013422064;1,92132520506502;1,63046728101526;1,43501376778664;4,90550357958464;1,52473550763761;1,76609058341847;1,91673558388257;1,51866759986513;1,93717807202571;1,61222558828219;-21,2493949166985;-3,79008603045278;-7,20969029393746;-8,51566303812501;-5,61065921085665;-5,62225021785504;-10,536537451225;-9,44246507450126;-6,41341979102222;-16,1050701691777;-11,9039710737268;-17,958603469274;-25,1241603258947;-42,2201109096562;-17,9934367568665;-15,1495215606078;-15,8921403085173;-20,6995455137417;-14,7704510396926;-19,5432018278614;2,68199219822906;1,52838389719892;1,55555567096163;0,906735395569924;0,505569093294629;0,505568510213577;0,542423295383888;0,645128743653648;0,999999654320567;0,839312184375599;0,686365732674007;0,484882772849465;0,338111817657018;-2,14551609259277;-2,4282524118668;-2,59869384510399;-3,05978324250474;-4,0610219701259;-3,99395385733955;-3,3217977374888;-2,72007905507952;-2,13829182353672;-1,18500861275905;-1,85736416666674;-2,23882456322202;-2,86260508058283;-5,02140762454537;-5,09729664790047;-4,06960428105759;-3,34524631734356;-2,65932913921636;0,0616023919182442;0,0160928837337721;0,0388562224715487;0,0179218411707625;0,0385225292945519;0,00612082035677787;0,015699196058898;0,00918210322227181;-3;-3;1;0,987020594408226;1;-3;-3;0,09813944445317772;1;1;-13175,8124497629;NA;All
4990;1,88304088315069;2,84254900688767;2,29896849114977;2,50980797761203;2,71397452471025;2,28043562394877;2,41260264278576;2,44819771007298;2,45700793771892;1,97913013422064;1,92132520506502;1,63046728101526;1,43501376778664;4,90550357958464;1,52473550763761;1,76609058341847;1,91673558388257;1,51866759986513;1,93717807202571;1,61222558828219;-21,2493949166985;-3,79008603045278;-7,20969029393746;-8,51566303812501;-5,61065921085665;-5,62225021785504;-10,536537451225;-9,44246507450126;-6,41341979102222;-16,1050701691777;-11,9039710737268;-17,958603469274;-25,1241603258947;-42,2201109096562;-17,9934367568665;-15,1495215606078;-15,8921403085173;-20,6995455137417;-14,7704510396926;-19,5432018278614;2,68199219822906;1,52838389719892;1,55555567096163;0,906735395569924;0,505569093294629;0,505568510213577;0,542423295383888;0,645128743653648;0,999999654320567;0,839312184375599;0,686365732674007;0,484882772849465;0,338111817657018;-2,14551609259277;-2,4282524118668;-2,59869384510399;-3,05978324250474;-4,0610219701259;-3,99395385733955;-3,3217977374888;-2,72007905507952;-2,13829182353672;-1,18500861275905;-1,85736416666674;-2,23882456322202;-2,86260508058283;-5,02140762454537;-5,09729664790047;-4,06960428105759;-3,34524631734356;-2,65932913921636;0,0616023919182442;0,0160928837337721;0,0388562224715487;0,0179218411707625;0,0385225292945519;0,00612082035677787;0,015699196058898;0,00918210322227181;-3;-3;1;1,029745472810654;1;-3;-3;0,54232820297413309;1;1;-13174,9687600341;NA;All
5000;1,88304088315069;2,84254900688767;2,29896849114977;2,50980797761203;2,71397452471025;2,28043562394877;2,41260264278576;2,44819771007298;2,45700793771892;1,97913013422064;1,92132520506502;1,63046728101526;1,43501376778664;4,90550357958464;1,52473550763761;1,76609058341847;1,91673558388257;1,51866759986513;1,93717807202571;1,61222558828219;-21,2493949166985;-3,79008603045278;-7,20969029393746;-8,51566303812501;-5,61065921085665;-5,62225021785504;-10,536537451225;-9,44246507450126;-6,41341979102222;-16,1050701691777;-11,9039710737268;-17,958603469274;-25,1241603258947;-42,2201109096562;-17,9934367568665;-15,1495215606078;-15,8921403085173;-20,6995455137417;-14,7704510396926;-19,5432018278614;2,68199219822906;1,52838389719892;1,55555567096163;0,906735395569924;0,505569093294629;0,505568510213577;0,542423295383888;0,645128743653648;0,999999654320567;0,839312184375599;0,686365732674007;0,484882772849465;0,338111817657018;-2,14551609259277;-2,4282524118668;-2,59869384510399;-3,05978324250474;-4,0610219701259;-3,99395385733955;-3,3217977374888;-2,72007905507952;-2,13829182353672;-1,18500861275905;-1,85736416666674;-2,23882456322202;-2,86260508058283;-5,02140762454537;-5,09729664790047;-4,06960428105759;-3,34524631734356;-2,65932913921636;0,0616023919182442;0,0160928837337721;0,0388562224715487;0,0179218411707625;0,0385225292945519;0,00612082035677787;0,015699196058898;0,00918210322227181;-3;-3;1;0,872443765938558;1;-3;-3;0,29547919413172952;1;1;-13178,7057811864;NA;All
