Iteration;beta1_1011;beta1_1112;beta1_1213;beta1_1314;beta1_1415;beta1_1516;beta1_1617;beta1_1718;beta1_1819;beta1_1920;beta2_1011;beta2_1112;beta2_1213;beta2_1314;beta2_1415;beta2_1516;beta2_1617;beta2_1718;beta2_1819;beta2_1920;eta1_1011;eta1_1112;eta1_1213;eta1_1314;eta1_1415;eta1_1516;eta1_1617;eta1_1718;eta1_1819;eta1_1920;eta2_1011;eta2_1112;eta2_1213;eta2_1314;eta2_1415;eta2_1516;eta2_1617;eta2_1718;eta2_1819;eta2_1920;alpha1;gamma1;alpha2;gamma2;pi_<6m;pi_6-12m;pi_1;pi_2-4;pi_5-17;pi_18-49;pi_50-64;pi_65-74;pi_75+;lh1_<6m;lh1_6-12m;lh1_1;lh1_2-4;lh1_5-17;lh1_18-49;lh1_50-64;lh1_65-74;lh1_75+;lh2_<6m;lh2_6-12m;lh2_1;lh2_2-4;lh2_5-17;lh2_18-49;lh2_50-64;lh2_65-74;lh2_75+;kappa1_0-4;kappa1_5-14;kappa1_15-64;kappa1_65+;kappa2_0-4;kappa2_5-14;kappa2_15-64;kappa2_65+;lromega1;lrpsi1;delta1;sigma1;theta1;lromega2;lrpsi2;delta2;sigma2;theta2;Loglik;Accepted;Season
0;1,88304088315069;2,84254900688767;2,29896849114977;2,50980797761203;2,71397452471025;2,28043562394877;2,41260264278576;2,44819771007298;2,45700793771892;1,97913013422064;1,92132520506502;1,63046728101526;1,43501376778664;4,90550357958464;1,52473550763761;1,76609058341847;1,91673558388257;1,51866759986513;1,93717807202571;1,61222558828219;-21,2493949166985;-3,79008603045278;-7,20969029393746;-8,51566303812501;-5,61065921085665;-5,62225021785504;-10,536537451225;-9,44246507450126;-6,41341979102222;-16,1050701691777;-11,9039710737268;-17,958603469274;-25,1241603258947;-42,2201109096562;-17,9934367568665;-15,1495215606078;-15,8921403085173;-20,6995455137417;-14,7704510396926;-19,5432018278614;2,68199219822906;1,52838389719892;1,55555567096163;0,906735395569924;0,505569093294629;0,505568510213577;0,542423295383888;0,645128743653648;0,999999654320567;0,839312184375599;0,686365732674007;0,484882772849465;0,338111817657018;-2,14551609259277;-2,4282524118668;-2,59869384510399;-3,05978324250474;-4,0610219701259;-3,99395385733955;-3,3217977374888;-2,72007905507952;-2,13829182353672;-1,18500861275905;-1,85736416666674;-2,23882456322202;-2,86260508058283;-5,02140762454537;-5,09729664790047;-4,06960428105759;-3,34524631734356;-2,65932913921636;0,0616023919182442;0,0160928837337721;0,0388562224715487;0,0179218411707625;0,0385225292945519;0,00612082035677787;0,015699196058898;0,00918210322227181;-3,000000000000000;-3,00000000000000000;1;1;1;-3;-3;1;1;1;NA;NA;All
10;1,88304088315069;2,84254900688767;2,29896849114977;2,50980797761203;2,71397452471025;2,28043562394877;2,41260264278576;2,44819771007298;2,45700793771892;1,97913013422064;1,92132520506502;1,63046728101526;1,43501376778664;4,90550357958464;1,52473550763761;1,76609058341847;1,91673558388257;1,51866759986513;1,93717807202571;1,61222558828219;-21,2493949166985;-3,79008603045278;-7,20969029393746;-8,51566303812501;-5,61065921085665;-5,62225021785504;-10,536537451225;-9,44246507450126;-6,41341979102222;-16,1050701691777;-11,9039710737268;-17,958603469274;-25,1241603258947;-42,2201109096562;-17,9934367568665;-15,1495215606078;-15,8921403085173;-20,6995455137417;-14,7704510396926;-19,5432018278614;2,68199219822906;1,52838389719892;1,55555567096163;0,906735395569924;0,505569093294629;0,505568510213577;0,542423295383888;0,645128743653648;0,999999654320567;0,839312184375599;0,686365732674007;0,484882772849465;0,338111817657018;-2,14551609259277;-2,4282524118668;-2,59869384510399;-3,05978324250474;-4,0610219701259;-3,99395385733955;-3,3217977374888;-2,72007905507952;-2,13829182353672;-1,18500861275905;-1,85736416666674;-2,23882456322202;-2,86260508058283;-5,02140762454537;-5,09729664790047;-4,06960428105759;-3,34524631734356;-2,65932913921636;0,0616023919182442;0,0160928837337721;0,0388562224715487;0,0179218411707625;0,0385225292945519;0,00612082035677787;0,015699196058898;0,00918210322227181;-3,114072459914168;-2,41153920456961535;1;1;1;-3;-3;1;1;1;-13179,5613104307;NA;All
20;1,88304088315069;2,84254900688767;2,29896849114977;2,50980797761203;2,71397452471025;2,28043562394877;2,41260264278576;2,44819771007298;2,45700793771892;1,97913013422064;1,92132520506502;1,63046728101526;1,43501376778664;4,90550357958464;1,52473550763761;1,76609058341847;1,91673558388257;1,51866759986513;1,93717807202571;1,61222558828219;-21,2493949166985;-3,79008603045278;-7,20969029393746;-8,51566303812501;-5,61065921085665;-5,62225021785504;-10,536537451225;-9,44246507450126;-6,41341979102222;-16,1050701691777;-11,9039710737268;-17,958603469274;-25,1241603258947;-42,2201109096562;-17,9934367568665;-15,1495215606078;-15,8921403085173;-20,6995455137417;-14,7704510396926;-19,5432018278614;2,68199219822906;1,52838389719892;1,55555567096163;0,906735395569924;0,505569093294629;0,505568510213577;0,542423295383888;0,645128743653648;0,999999654320567;0,839312184375599;0,686365732674007;0,484882772849465;0,338111817657018;-2,14551609259277;-2,4282524118668;-2,59869384510399;-3,05978324250474;-4,0610219701259;-3,99395385733955;-3,3217977374888;-2,72007905507952;-2,13829182353672;-1,18500861275905;-1,85736416666674;-2,23882456322202;-2,86260508058283;-5,02140762454537;-5,09729664790047;-4,06960428105759;-3,34524631734356;-2,65932913921636;0,0616023919182442;0,0160928837337721;0,0388562224715487;0,0179218411707625;0,0385225292945519;0,00612082035677787;0,015699196058898;0,00918210322227181;-3,069148216160151;-1,86614537672271297;1;1;1;-3;-3;1;1;1;-13179,4192896445;NA;All
30;1,88304088315069;2,84254900688767;2,29896849114977;2,50980797761203;2,71397452471025;2,28043562394877;2,41260264278576;2,44819771007298;2,45700793771892;1,97913013422064;1,92132520506502;1,63046728101526;1,43501376778664;4,90550357958464;1,52473550763761;1,76609058341847;1,91673558388257;1,51866759986513;1,93717807202571;1,61222558828219;-21,2493949166985;-3,79008603045278;-7,20969029393746;-8,51566303812501;-5,61065921085665;-5,62225021785504;-10,536537451225;-9,44246507450126;-6,41341979102222;-16,1050701691777;-11,9039710737268;-17,958603469274;-25,1241603258947;-42,2201109096562;-17,9934367568665;-15,1495215606078;-15,8921403085173;-20,6995455137417;-14,7704510396926;-19,5432018278614;2,68199219822906;1,52838389719892;1,55555567096163;0,906735395569924;0,505569093294629;0,505568510213577;0,542423295383888;0,645128743653648;0,999999654320567;0,839312184375599;0,686365732674007;0,484882772849465;0,338111817657018;-2,14551609259277;-2,4282524118668;-2,59869384510399;-3,05978324250474;-4,0610219701259;-3,99395385733955;-3,3217977374888;-2,72007905507952;-2,13829182353672;-1,18500861275905;-1,85736416666674;-2,23882456322202;-2,86260508058283;-5,02140762454537;-5,09729664790047;-4,06960428105759;-3,34524631734356;-2,65932913921636;0,0616023919182442;0,0160928837337721;0,0388562224715487;0,0179218411707625;0,0385225292945519;0,00612082035677787;0,015699196058898;0,00918210322227181;-3,284010097879254;-1,74291602117081190;1;1;1;-3;-3;1;1;1;-13179,3523951186;NA;All
40;1,88304088315069;2,84254900688767;2,29896849114977;2,50980797761203;2,71397452471025;2,28043562394877;2,41260264278576;2,44819771007298;2,45700793771892;1,97913013422064;1,92132520506502;1,63046728101526;1,43501376778664;4,90550357958464;1,52473550763761;1,76609058341847;1,91673558388257;1,51866759986513;1,93717807202571;1,61222558828219;-21,2493949166985;-3,79008603045278;-7,20969029393746;-8,51566303812501;-5,61065921085665;-5,62225021785504;-10,536537451225;-9,44246507450126;-6,41341979102222;-16,1050701691777;-11,9039710737268;-17,958603469274;-25,1241603258947;-42,2201109096562;-17,9934367568665;-15,1495215606078;-15,8921403085173;-20,6995455137417;-14,7704510396926;-19,5432018278614;2,68199219822906;1,52838389719892;1,55555567096163;0,906735395569924;0,505569093294629;0,505568510213577;0,542423295383888;0,645128743653648;0,999999654320567;0,839312184375599;0,686365732674007;0,484882772849465;0,338111817657018;-2,14551609259277;-2,4282524118668;-2,59869384510399;-3,05978324250474;-4,0610219701259;-3,99395385733955;-3,3217977374888;-2,72007905507952;-2,13829182353672;-1,18500861275905;-1,85736416666674;-2,23882456322202;-2,86260508058283;-5,02140762454537;-5,09729664790047;-4,06960428105759;-3,34524631734356;-2,65932913921636;0,0616023919182442;0,0160928837337721;0,0388562224715487;0,0179218411707625;0,0385225292945519;0,00612082035677787;0,015699196058898;0,00918210322227181;-3,058985890867741;-1,31127906166376640;1;1;1;-3;-3;1;1;1;-13178,9270895066;NA;All
50;1,88304088315069;2,84254900688767;2,29896849114977;2,50980797761203;2,71397452471025;2,28043562394877;2,41260264278576;2,44819771007298;2,45700793771892;1,97913013422064;1,92132520506502;1,63046728101526;1,43501376778664;4,90550357958464;1,52473550763761;1,76609058341847;1,91673558388257;1,51866759986513;1,93717807202571;1,61222558828219;-21,2493949166985;-3,79008603045278;-7,20969029393746;-8,51566303812501;-5,61065921085665;-5,62225021785504;-10,536537451225;-9,44246507450126;-6,41341979102222;-16,1050701691777;-11,9039710737268;-17,958603469274;-25,1241603258947;-42,2201109096562;-17,9934367568665;-15,1495215606078;-15,8921403085173;-20,6995455137417;-14,7704510396926;-19,5432018278614;2,68199219822906;1,52838389719892;1,55555567096163;0,906735395569924;0,505569093294629;0,505568510213577;0,542423295383888;0,645128743653648;0,999999654320567;0,839312184375599;0,686365732674007;0,484882772849465;0,338111817657018;-2,14551609259277;-2,4282524118668;-2,59869384510399;-3,05978324250474;-4,0610219701259;-3,99395385733955;-3,3217977374888;-2,72007905507952;-2,13829182353672;-1,18500861275905;-1,85736416666674;-2,23882456322202;-2,86260508058283;-5,02140762454537;-5,09729664790047;-4,06960428105759;-3,34524631734356;-2,65932913921636;0,0616023919182442;0,0160928837337721;0,0388562224715487;0,0179218411707625;0,0385225292945519;0,00612082035677787;0,015699196058898;0,00918210322227181;-2,441467464856483;-0,92860228761193919;1;1;1;-3;-3;1;1;1;-13178,0862914626;NA;All
60;1,88304088315069;2,84254900688767;2,29896849114977;2,50980797761203;2,71397452471025;2,28043562394877;2,41260264278576;2,44819771007298;2,45700793771892;1,97913013422064;1,92132520506502;1,63046728101526;1,43501376778664;4,90550357958464;1,52473550763761;1,76609058341847;1,91673558388257;1,51866759986513;1,93717807202571;1,61222558828219;-21,2493949166985;-3,79008603045278;-7,20969029393746;-8,51566303812501;-5,61065921085665;-5,62225021785504;-10,536537451225;-9,44246507450126;-6,41341979102222;-16,1050701691777;-11,9039710737268;-17,958603469274;-25,1241603258947;-42,2201109096562;-17,9934367568665;-15,1495215606078;-15,8921403085173;-20,6995455137417;-14,7704510396926;-19,5432018278614;2,68199219822906;1,52838389719892;1,55555567096163;0,906735395569924;0,505569093294629;0,505568510213577;0,542423295383888;0,645128743653648;0,999999654320567;0,839312184375599;0,686365732674007;0,484882772849465;0,338111817657018;-2,14551609259277;-2,4282524118668;-2,59869384510399;-3,05978324250474;-4,0610219701259;-3,99395385733955;-3,3217977374888;-2,72007905507952;-2,13829182353672;-1,18500861275905;-1,85736416666674;-2,23882456322202;-2,86260508058283;-5,02140762454537;-5,09729664790047;-4,06960428105759;-3,34524631734356;-2,65932913921636;0,0616023919182442;0,0160928837337721;0,0388562224715487;0,0179218411707625;0,0385225292945519;0,00612082035677787;0,015699196058898;0,00918210322227181;-3,169571285314336;-0,99757487321140448;1;1;1;-3;-3;1;1;1;-13178,2667656152;NA;All
70;1,88304088315069;2,84254900688767;2,29896849114977;2,50980797761203;2,71397452471025;2,28043562394877;2,41260264278576;2,44819771007298;2,45700793771892;1,97913013422064;1,92132520506502;1,63046728101526;1,43501376778664;4,90550357958464;1,52473550763761;1,76609058341847;1,91673558388257;1,51866759986513;1,93717807202571;1,61222558828219;-21,2493949166985;-3,79008603045278;-7,20969029393746;-8,51566303812501;-5,61065921085665;-5,62225021785504;-10,536537451225;-9,44246507450126;-6,41341979102222;-16,1050701691777;-11,9039710737268;-17,958603469274;-25,1241603258947;-42,2201109096562;-17,9934367568665;-15,1495215606078;-15,8921403085173;-20,6995455137417;-14,7704510396926;-19,5432018278614;2,68199219822906;1,52838389719892;1,55555567096163;0,906735395569924;0,505569093294629;0,505568510213577;0,542423295383888;0,645128743653648;0,999999654320567;0,839312184375599;0,686365732674007;0,484882772849465;0,338111817657018;-2,14551609259277;-2,4282524118668;-2,59869384510399;-3,05978324250474;-4,0610219701259;-3,99395385733955;-3,3217977374888;-2,72007905507952;-2,13829182353672;-1,18500861275905;-1,85736416666674;-2,23882456322202;-2,86260508058283;-5,02140762454537;-5,09729664790047;-4,06960428105759;-3,34524631734356;-2,65932913921636;0,0616023919182442;0,0160928837337721;0,0388562224715487;0,0179218411707625;0,0385225292945519;0,00612082035677787;0,015699196058898;0,00918210322227181;-2,337415093908085;-0,17880201552605901;1;1;1;-3;-3;1;1;1;-13174,5452659220;NA;All
80;1,88304088315069;2,84254900688767;2,29896849114977;2,50980797761203;2,71397452471025;2,28043562394877;2,41260264278576;2,44819771007298;2,45700793771892;1,97913013422064;1,92132520506502;1,63046728101526;1,43501376778664;4,90550357958464;1,52473550763761;1,76609058341847;1,91673558388257;1,51866759986513;1,93717807202571;1,61222558828219;-21,2493949166985;-3,79008603045278;-7,20969029393746;-8,51566303812501;-5,61065921085665;-5,62225021785504;-10,536537451225;-9,44246507450126;-6,41341979102222;-16,1050701691777;-11,9039710737268;-17,958603469274;-25,1241603258947;-42,2201109096562;-17,9934367568665;-15,1495215606078;-15,8921403085173;-20,6995455137417;-14,7704510396926;-19,5432018278614;2,68199219822906;1,52838389719892;1,55555567096163;0,906735395569924;0,505569093294629;0,505568510213577;0,542423295383888;0,645128743653648;0,999999654320567;0,839312184375599;0,686365732674007;0,484882772849465;0,338111817657018;-2,14551609259277;-2,4282524118668;-2,59869384510399;-3,05978324250474;-4,0610219701259;-3,99395385733955;-3,3217977374888;-2,72007905507952;-2,13829182353672;-1,18500861275905;-1,85736416666674;-2,23882456322202;-2,86260508058283;-5,02140762454537;-5,09729664790047;-4,06960428105759;-3,34524631734356;-2,65932913921636;0,0616023919182442;0,0160928837337721;0,0388562224715487;0,0179218411707625;0,0385225292945519;0,00612082035677787;0,015699196058898;0,00918210322227181;-1,712378626923542;0,06533290462110175;1;1;1;-3;-3;1;1;1;-13174,8909799453;NA;All
90;1,88304088315069;2,84254900688767;2,29896849114977;2,50980797761203;2,71397452471025;2,28043562394877;2,41260264278576;2,44819771007298;2,45700793771892;1,97913013422064;1,92132520506502;1,63046728101526;1,43501376778664;4,90550357958464;1,52473550763761;1,76609058341847;1,91673558388257;1,51866759986513;1,93717807202571;1,61222558828219;-21,2493949166985;-3,79008603045278;-7,20969029393746;-8,51566303812501;-5,61065921085665;-5,62225021785504;-10,536537451225;-9,44246507450126;-6,41341979102222;-16,1050701691777;-11,9039710737268;-17,958603469274;-25,1241603258947;-42,2201109096562;-17,9934367568665;-15,1495215606078;-15,8921403085173;-20,6995455137417;-14,7704510396926;-19,5432018278614;2,68199219822906;1,52838389719892;1,55555567096163;0,906735395569924;0,505569093294629;0,505568510213577;0,542423295383888;0,645128743653648;0,999999654320567;0,839312184375599;0,686365732674007;0,484882772849465;0,338111817657018;-2,14551609259277;-2,4282524118668;-2,59869384510399;-3,05978324250474;-4,0610219701259;-3,99395385733955;-3,3217977374888;-2,72007905507952;-2,13829182353672;-1,18500861275905;-1,85736416666674;-2,23882456322202;-2,86260508058283;-5,02140762454537;-5,09729664790047;-4,06960428105759;-3,34524631734356;-2,65932913921636;0,0616023919182442;0,0160928837337721;0,0388562224715487;0,0179218411707625;0,0385225292945519;0,00612082035677787;0,015699196058898;0,00918210322227181;-1,920055737566676;-0,44046670744260275;1;1;1;-3;-3;1;1;1;-13175,9573217607;NA;All
100;1,88304088315069;2,84254900688767;2,29896849114977;2,50980797761203;2,71397452471025;2,28043562394877;2,41260264278576;2,44819771007298;2,45700793771892;1,97913013422064;1,92132520506502;1,63046728101526;1,43501376778664;4,90550357958464;1,52473550763761;1,76609058341847;1,91673558388257;1,51866759986513;1,93717807202571;1,61222558828219;-21,2493949166985;-3,79008603045278;-7,20969029393746;-8,51566303812501;-5,61065921085665;-5,62225021785504;-10,536537451225;-9,44246507450126;-6,41341979102222;-16,1050701691777;-11,9039710737268;-17,958603469274;-25,1241603258947;-42,2201109096562;-17,9934367568665;-15,1495215606078;-15,8921403085173;-20,6995455137417;-14,7704510396926;-19,5432018278614;2,68199219822906;1,52838389719892;1,55555567096163;0,906735395569924;0,505569093294629;0,505568510213577;0,542423295383888;0,645128743653648;0,999999654320567;0,839312184375599;0,686365732674007;0,484882772849465;0,338111817657018;-2,14551609259277;-2,4282524118668;-2,59869384510399;-3,05978324250474;-4,0610219701259;-3,99395385733955;-3,3217977374888;-2,72007905507952;-2,13829182353672;-1,18500861275905;-1,85736416666674;-2,23882456322202;-2,86260508058283;-5,02140762454537;-5,09729664790047;-4,06960428105759;-3,34524631734356;-2,65932913921636;0,0616023919182442;0,0160928837337721;0,0388562224715487;0,0179218411707625;0,0385225292945519;0,00612082035677787;0,015699196058898;0,00918210322227181;-2,073038927157946;-0,03055839739298291;1;1;1;-3;-3;1;1;1;-13174,3608092831;NA;All
110;1,88304088315069;2,84254900688767;2,29896849114977;2,50980797761203;2,71397452471025;2,28043562394877;2,41260264278576;2,44819771007298;2,45700793771892;1,97913013422064;1,92132520506502;1,63046728101526;1,43501376778664;4,90550357958464;1,52473550763761;1,76609058341847;1,91673558388257;1,51866759986513;1,93717807202571;1,61222558828219;-21,2493949166985;-3,79008603045278;-7,20969029393746;-8,51566303812501;-5,61065921085665;-5,62225021785504;-10,536537451225;-9,44246507450126;-6,41341979102222;-16,1050701691777;-11,9039710737268;-17,958603469274;-25,1241603258947;-42,2201109096562;-17,9934367568665;-15,1495215606078;-15,8921403085173;-20,6995455137417;-14,7704510396926;-19,5432018278614;2,68199219822906;1,52838389719892;1,55555567096163;0,906735395569924;0,505569093294629;0,505568510213577;0,542423295383888;0,645128743653648;0,999999654320567;0,839312184375599;0,686365732674007;0,484882772849465;0,338111817657018;-2,14551609259277;-2,4282524118668;-2,59869384510399;-3,05978324250474;-4,0610219701259;-3,99395385733955;-3,3217977374888;-2,72007905507952;-2,13829182353672;-1,18500861275905;-1,85736416666674;-2,23882456322202;-2,86260508058283;-5,02140762454537;-5,09729664790047;-4,06960428105759;-3,34524631734356;-2,65932913921636;0,0616023919182442;0,0160928837337721;0,0388562224715487;0,0179218411707625;0,0385225292945519;0,00612082035677787;0,015699196058898;0,00918210322227181;-2,073038927157946;-0,03055839739298291;1;1;1;-3;-3;1;1;1;-13174,3608092831;NA;All
120;1,88304088315069;2,84254900688767;2,29896849114977;2,50980797761203;2,71397452471025;2,28043562394877;2,41260264278576;2,44819771007298;2,45700793771892;1,97913013422064;1,92132520506502;1,63046728101526;1,43501376778664;4,90550357958464;1,52473550763761;1,76609058341847;1,91673558388257;1,51866759986513;1,93717807202571;1,61222558828219;-21,2493949166985;-3,79008603045278;-7,20969029393746;-8,51566303812501;-5,61065921085665;-5,62225021785504;-10,536537451225;-9,44246507450126;-6,41341979102222;-16,1050701691777;-11,9039710737268;-17,958603469274;-25,1241603258947;-42,2201109096562;-17,9934367568665;-15,1495215606078;-15,8921403085173;-20,6995455137417;-14,7704510396926;-19,5432018278614;2,68199219822906;1,52838389719892;1,55555567096163;0,906735395569924;0,505569093294629;0,505568510213577;0,542423295383888;0,645128743653648;0,999999654320567;0,839312184375599;0,686365732674007;0,484882772849465;0,338111817657018;-2,14551609259277;-2,4282524118668;-2,59869384510399;-3,05978324250474;-4,0610219701259;-3,99395385733955;-3,3217977374888;-2,72007905507952;-2,13829182353672;-1,18500861275905;-1,85736416666674;-2,23882456322202;-2,86260508058283;-5,02140762454537;-5,09729664790047;-4,06960428105759;-3,34524631734356;-2,65932913921636;0,0616023919182442;0,0160928837337721;0,0388562224715487;0,0179218411707625;0,0385225292945519;0,00612082035677787;0,015699196058898;0,00918210322227181;-1,944700937796182;-0,28406603567964828;1;1;1;-3;-3;1;1;1;-13175,0906832517;NA;All
130;1,88304088315069;2,84254900688767;2,29896849114977;2,50980797761203;2,71397452471025;2,28043562394877;2,41260264278576;2,44819771007298;2,45700793771892;1,97913013422064;1,92132520506502;1,63046728101526;1,43501376778664;4,90550357958464;1,52473550763761;1,76609058341847;1,91673558388257;1,51866759986513;1,93717807202571;1,61222558828219;-21,2493949166985;-3,79008603045278;-7,20969029393746;-8,51566303812501;-5,61065921085665;-5,62225021785504;-10,536537451225;-9,44246507450126;-6,41341979102222;-16,1050701691777;-11,9039710737268;-17,958603469274;-25,1241603258947;-42,2201109096562;-17,9934367568665;-15,1495215606078;-15,8921403085173;-20,6995455137417;-14,7704510396926;-19,5432018278614;2,68199219822906;1,52838389719892;1,55555567096163;0,906735395569924;0,505569093294629;0,505568510213577;0,542423295383888;0,645128743653648;0,999999654320567;0,839312184375599;0,686365732674007;0,484882772849465;0,338111817657018;-2,14551609259277;-2,4282524118668;-2,59869384510399;-3,05978324250474;-4,0610219701259;-3,99395385733955;-3,3217977374888;-2,72007905507952;-2,13829182353672;-1,18500861275905;-1,85736416666674;-2,23882456322202;-2,86260508058283;-5,02140762454537;-5,09729664790047;-4,06960428105759;-3,34524631734356;-2,65932913921636;0,0616023919182442;0,0160928837337721;0,0388562224715487;0,0179218411707625;0,0385225292945519;0,00612082035677787;0,015699196058898;0,00918210322227181;-1,790679612533295;-0,03501409064022490;1;1;1;-3;-3;1;1;1;-13174,4425935854;NA;All
140;1,88304088315069;2,84254900688767;2,29896849114977;2,50980797761203;2,71397452471025;2,28043562394877;2,41260264278576;2,44819771007298;2,45700793771892;1,97913013422064;1,92132520506502;1,63046728101526;1,43501376778664;4,90550357958464;1,52473550763761;1,76609058341847;1,91673558388257;1,51866759986513;1,93717807202571;1,61222558828219;-21,2493949166985;-3,79008603045278;-7,20969029393746;-8,51566303812501;-5,61065921085665;-5,62225021785504;-10,536537451225;-9,44246507450126;-6,41341979102222;-16,1050701691777;-11,9039710737268;-17,958603469274;-25,1241603258947;-42,2201109096562;-17,9934367568665;-15,1495215606078;-15,8921403085173;-20,6995455137417;-14,7704510396926;-19,5432018278614;2,68199219822906;1,52838389719892;1,55555567096163;0,906735395569924;0,505569093294629;0,505568510213577;0,542423295383888;0,645128743653648;0,999999654320567;0,839312184375599;0,686365732674007;0,484882772849465;0,338111817657018;-2,14551609259277;-2,4282524118668;-2,59869384510399;-3,05978324250474;-4,0610219701259;-3,99395385733955;-3,3217977374888;-2,72007905507952;-2,13829182353672;-1,18500861275905;-1,85736416666674;-2,23882456322202;-2,86260508058283;-5,02140762454537;-5,09729664790047;-4,06960428105759;-3,34524631734356;-2,65932913921636;0,0616023919182442;0,0160928837337721;0,0388562224715487;0,0179218411707625;0,0385225292945519;0,00612082035677787;0,015699196058898;0,00918210322227181;-1,790679612533295;-0,03501409064022490;1;1;1;-3;-3;1;1;1;-13174,4425935854;NA;All
150;1,88304088315069;2,84254900688767;2,29896849114977;2,50980797761203;2,71397452471025;2,28043562394877;2,41260264278576;2,44819771007298;2,45700793771892;1,97913013422064;1,92132520506502;1,63046728101526;1,43501376778664;4,90550357958464;1,52473550763761;1,76609058341847;1,91673558388257;1,51866759986513;1,93717807202571;1,61222558828219;-21,2493949166985;-3,79008603045278;-7,20969029393746;-8,51566303812501;-5,61065921085665;-5,62225021785504;-10,536537451225;-9,44246507450126;-6,41341979102222;-16,1050701691777;-11,9039710737268;-17,958603469274;-25,1241603258947;-42,2201109096562;-17,9934367568665;-15,1495215606078;-15,8921403085173;-20,6995455137417;-14,7704510396926;-19,5432018278614;2,68199219822906;1,52838389719892;1,55555567096163;0,906735395569924;0,505569093294629;0,505568510213577;0,542423295383888;0,645128743653648;0,999999654320567;0,839312184375599;0,686365732674007;0,484882772849465;0,338111817657018;-2,14551609259277;-2,4282524118668;-2,59869384510399;-3,05978324250474;-4,0610219701259;-3,99395385733955;-3,3217977374888;-2,72007905507952;-2,13829182353672;-1,18500861275905;-1,85736416666674;-2,23882456322202;-2,86260508058283;-5,02140762454537;-5,09729664790047;-4,06960428105759;-3,34524631734356;-2,65932913921636;0,0616023919182442;0,0160928837337721;0,0388562224715487;0,0179218411707625;0,0385225292945519;0,00612082035677787;0,015699196058898;0,00918210322227181;-1,790679612533295;-0,03501409064022490;1;1;1;-3;-3;1;1;1;-13174,4425935854;NA;All
160;1,88304088315069;2,84254900688767;2,29896849114977;2,50980797761203;2,71397452471025;2,28043562394877;2,41260264278576;2,44819771007298;2,45700793771892;1,97913013422064;1,92132520506502;1,63046728101526;1,43501376778664;4,90550357958464;1,52473550763761;1,76609058341847;1,91673558388257;1,51866759986513;1,93717807202571;1,61222558828219;-21,2493949166985;-3,79008603045278;-7,20969029393746;-8,51566303812501;-5,61065921085665;-5,62225021785504;-10,536537451225;-9,44246507450126;-6,41341979102222;-16,1050701691777;-11,9039710737268;-17,958603469274;-25,1241603258947;-42,2201109096562;-17,9934367568665;-15,1495215606078;-15,8921403085173;-20,6995455137417;-14,7704510396926;-19,5432018278614;2,68199219822906;1,52838389719892;1,55555567096163;0,906735395569924;0,505569093294629;0,505568510213577;0,542423295383888;0,645128743653648;0,999999654320567;0,839312184375599;0,686365732674007;0,484882772849465;0,338111817657018;-2,14551609259277;-2,4282524118668;-2,59869384510399;-3,05978324250474;-4,0610219701259;-3,99395385733955;-3,3217977374888;-2,72007905507952;-2,13829182353672;-1,18500861275905;-1,85736416666674;-2,23882456322202;-2,86260508058283;-5,02140762454537;-5,09729664790047;-4,06960428105759;-3,34524631734356;-2,65932913921636;0,0616023919182442;0,0160928837337721;0,0388562224715487;0,0179218411707625;0,0385225292945519;0,00612082035677787;0,015699196058898;0,00918210322227181;-1,790679612533295;-0,03501409064022490;1;1;1;-3;-3;1;1;1;-13174,4425935854;NA;All
170;1,88304088315069;2,84254900688767;2,29896849114977;2,50980797761203;2,71397452471025;2,28043562394877;2,41260264278576;2,44819771007298;2,45700793771892;1,97913013422064;1,92132520506502;1,63046728101526;1,43501376778664;4,90550357958464;1,52473550763761;1,76609058341847;1,91673558388257;1,51866759986513;1,93717807202571;1,61222558828219;-21,2493949166985;-3,79008603045278;-7,20969029393746;-8,51566303812501;-5,61065921085665;-5,62225021785504;-10,536537451225;-9,44246507450126;-6,41341979102222;-16,1050701691777;-11,9039710737268;-17,958603469274;-25,1241603258947;-42,2201109096562;-17,9934367568665;-15,1495215606078;-15,8921403085173;-20,6995455137417;-14,7704510396926;-19,5432018278614;2,68199219822906;1,52838389719892;1,55555567096163;0,906735395569924;0,505569093294629;0,505568510213577;0,542423295383888;0,645128743653648;0,999999654320567;0,839312184375599;0,686365732674007;0,484882772849465;0,338111817657018;-2,14551609259277;-2,4282524118668;-2,59869384510399;-3,05978324250474;-4,0610219701259;-3,99395385733955;-3,3217977374888;-2,72007905507952;-2,13829182353672;-1,18500861275905;-1,85736416666674;-2,23882456322202;-2,86260508058283;-5,02140762454537;-5,09729664790047;-4,06960428105759;-3,34524631734356;-2,65932913921636;0,0616023919182442;0,0160928837337721;0,0388562224715487;0,0179218411707625;0,0385225292945519;0,00612082035677787;0,015699196058898;0,00918210322227181;-2,641062320549620;-0,20370489679194329;1;1;1;-3;-3;1;1;1;-13174,6195984448;NA;All
180;1,88304088315069;2,84254900688767;2,29896849114977;2,50980797761203;2,71397452471025;2,28043562394877;2,41260264278576;2,44819771007298;2,45700793771892;1,97913013422064;1,92132520506502;1,63046728101526;1,43501376778664;4,90550357958464;1,52473550763761;1,76609058341847;1,91673558388257;1,51866759986513;1,93717807202571;1,61222558828219;-21,2493949166985;-3,79008603045278;-7,20969029393746;-8,51566303812501;-5,61065921085665;-5,62225021785504;-10,536537451225;-9,44246507450126;-6,41341979102222;-16,1050701691777;-11,9039710737268;-17,958603469274;-25,1241603258947;-42,2201109096562;-17,9934367568665;-15,1495215606078;-15,8921403085173;-20,6995455137417;-14,7704510396926;-19,5432018278614;2,68199219822906;1,52838389719892;1,55555567096163;0,906735395569924;0,505569093294629;0,505568510213577;0,542423295383888;0,645128743653648;0,999999654320567;0,839312184375599;0,686365732674007;0,484882772849465;0,338111817657018;-2,14551609259277;-2,4282524118668;-2,59869384510399;-3,05978324250474;-4,0610219701259;-3,99395385733955;-3,3217977374888;-2,72007905507952;-2,13829182353672;-1,18500861275905;-1,85736416666674;-2,23882456322202;-2,86260508058283;-5,02140762454537;-5,09729664790047;-4,06960428105759;-3,34524631734356;-2,65932913921636;0,0616023919182442;0,0160928837337721;0,0388562224715487;0,0179218411707625;0,0385225292945519;0,00612082035677787;0,015699196058898;0,00918210322227181;-2,641062320549620;-0,20370489679194329;1;1;1;-3;-3;1;1;1;-13174,6195984448;NA;All
190;1,88304088315069;2,84254900688767;2,29896849114977;2,50980797761203;2,71397452471025;2,28043562394877;2,41260264278576;2,44819771007298;2,45700793771892;1,97913013422064;1,92132520506502;1,63046728101526;1,43501376778664;4,90550357958464;1,52473550763761;1,76609058341847;1,91673558388257;1,51866759986513;1,93717807202571;1,61222558828219;-21,2493949166985;-3,79008603045278;-7,20969029393746;-8,51566303812501;-5,61065921085665;-5,62225021785504;-10,536537451225;-9,44246507450126;-6,41341979102222;-16,1050701691777;-11,9039710737268;-17,958603469274;-25,1241603258947;-42,2201109096562;-17,9934367568665;-15,1495215606078;-15,8921403085173;-20,6995455137417;-14,7704510396926;-19,5432018278614;2,68199219822906;1,52838389719892;1,55555567096163;0,906735395569924;0,505569093294629;0,505568510213577;0,542423295383888;0,645128743653648;0,999999654320567;0,839312184375599;0,686365732674007;0,484882772849465;0,338111817657018;-2,14551609259277;-2,4282524118668;-2,59869384510399;-3,05978324250474;-4,0610219701259;-3,99395385733955;-3,3217977374888;-2,72007905507952;-2,13829182353672;-1,18500861275905;-1,85736416666674;-2,23882456322202;-2,86260508058283;-5,02140762454537;-5,09729664790047;-4,06960428105759;-3,34524631734356;-2,65932913921636;0,0616023919182442;0,0160928837337721;0,0388562224715487;0,0179218411707625;0,0385225292945519;0,00612082035677787;0,015699196058898;0,00918210322227181;-2,597053309169965;-0,13848874772698919;1;1;1;-3;-3;1;1;1;-13174,3927335364;NA;All
200;1,88304088315069;2,84254900688767;2,29896849114977;2,50980797761203;2,71397452471025;2,28043562394877;2,41260264278576;2,44819771007298;2,45700793771892;1,97913013422064;1,92132520506502;1,63046728101526;1,43501376778664;4,90550357958464;1,52473550763761;1,76609058341847;1,91673558388257;1,51866759986513;1,93717807202571;1,61222558828219;-21,2493949166985;-3,79008603045278;-7,20969029393746;-8,51566303812501;-5,61065921085665;-5,62225021785504;-10,536537451225;-9,44246507450126;-6,41341979102222;-16,1050701691777;-11,9039710737268;-17,958603469274;-25,1241603258947;-42,2201109096562;-17,9934367568665;-15,1495215606078;-15,8921403085173;-20,6995455137417;-14,7704510396926;-19,5432018278614;2,68199219822906;1,52838389719892;1,55555567096163;0,906735395569924;0,505569093294629;0,505568510213577;0,542423295383888;0,645128743653648;0,999999654320567;0,839312184375599;0,686365732674007;0,484882772849465;0,338111817657018;-2,14551609259277;-2,4282524118668;-2,59869384510399;-3,05978324250474;-4,0610219701259;-3,99395385733955;-3,3217977374888;-2,72007905507952;-2,13829182353672;-1,18500861275905;-1,85736416666674;-2,23882456322202;-2,86260508058283;-5,02140762454537;-5,09729664790047;-4,06960428105759;-3,34524631734356;-2,65932913921636;0,0616023919182442;0,0160928837337721;0,0388562224715487;0,0179218411707625;0,0385225292945519;0,00612082035677787;0,015699196058898;0,00918210322227181;-2,597053309169965;-0,13848874772698919;1;1;1;-3;-3;1;1;1;-13174,3927335364;NA;All
210;1,88304088315069;2,84254900688767;2,29896849114977;2,50980797761203;2,71397452471025;2,28043562394877;2,41260264278576;2,44819771007298;2,45700793771892;1,97913013422064;1,92132520506502;1,63046728101526;1,43501376778664;4,90550357958464;1,52473550763761;1,76609058341847;1,91673558388257;1,51866759986513;1,93717807202571;1,61222558828219;-21,2493949166985;-3,79008603045278;-7,20969029393746;-8,51566303812501;-5,61065921085665;-5,62225021785504;-10,536537451225;-9,44246507450126;-6,41341979102222;-16,1050701691777;-11,9039710737268;-17,958603469274;-25,1241603258947;-42,2201109096562;-17,9934367568665;-15,1495215606078;-15,8921403085173;-20,6995455137417;-14,7704510396926;-19,5432018278614;2,68199219822906;1,52838389719892;1,55555567096163;0,906735395569924;0,505569093294629;0,505568510213577;0,542423295383888;0,645128743653648;0,999999654320567;0,839312184375599;0,686365732674007;0,484882772849465;0,338111817657018;-2,14551609259277;-2,4282524118668;-2,59869384510399;-3,05978324250474;-4,0610219701259;-3,99395385733955;-3,3217977374888;-2,72007905507952;-2,13829182353672;-1,18500861275905;-1,85736416666674;-2,23882456322202;-2,86260508058283;-5,02140762454537;-5,09729664790047;-4,06960428105759;-3,34524631734356;-2,65932913921636;0,0616023919182442;0,0160928837337721;0,0388562224715487;0,0179218411707625;0,0385225292945519;0,00612082035677787;0,015699196058898;0,00918210322227181;-1,962879317181518;0,02954388874710887;1;1;1;-3;-3;1;1;1;-13174,5708521539;NA;All
220;1,88304088315069;2,84254900688767;2,29896849114977;2,50980797761203;2,71397452471025;2,28043562394877;2,41260264278576;2,44819771007298;2,45700793771892;1,97913013422064;1,92132520506502;1,63046728101526;1,43501376778664;4,90550357958464;1,52473550763761;1,76609058341847;1,91673558388257;1,51866759986513;1,93717807202571;1,61222558828219;-21,2493949166985;-3,79008603045278;-7,20969029393746;-8,51566303812501;-5,61065921085665;-5,62225021785504;-10,536537451225;-9,44246507450126;-6,41341979102222;-16,1050701691777;-11,9039710737268;-17,958603469274;-25,1241603258947;-42,2201109096562;-17,9934367568665;-15,1495215606078;-15,8921403085173;-20,6995455137417;-14,7704510396926;-19,5432018278614;2,68199219822906;1,52838389719892;1,55555567096163;0,906735395569924;0,505569093294629;0,505568510213577;0,542423295383888;0,645128743653648;0,999999654320567;0,839312184375599;0,686365732674007;0,484882772849465;0,338111817657018;-2,14551609259277;-2,4282524118668;-2,59869384510399;-3,05978324250474;-4,0610219701259;-3,99395385733955;-3,3217977374888;-2,72007905507952;-2,13829182353672;-1,18500861275905;-1,85736416666674;-2,23882456322202;-2,86260508058283;-5,02140762454537;-5,09729664790047;-4,06960428105759;-3,34524631734356;-2,65932913921636;0,0616023919182442;0,0160928837337721;0,0388562224715487;0,0179218411707625;0,0385225292945519;0,00612082035677787;0,015699196058898;0,00918210322227181;-1,962879317181518;0,02954388874710887;1;1;1;-3;-3;1;1;1;-13174,5708521539;NA;All
230;1,88304088315069;2,84254900688767;2,29896849114977;2,50980797761203;2,71397452471025;2,28043562394877;2,41260264278576;2,44819771007298;2,45700793771892;1,97913013422064;1,92132520506502;1,63046728101526;1,43501376778664;4,90550357958464;1,52473550763761;1,76609058341847;1,91673558388257;1,51866759986513;1,93717807202571;1,61222558828219;-21,2493949166985;-3,79008603045278;-7,20969029393746;-8,51566303812501;-5,61065921085665;-5,62225021785504;-10,536537451225;-9,44246507450126;-6,41341979102222;-16,1050701691777;-11,9039710737268;-17,958603469274;-25,1241603258947;-42,2201109096562;-17,9934367568665;-15,1495215606078;-15,8921403085173;-20,6995455137417;-14,7704510396926;-19,5432018278614;2,68199219822906;1,52838389719892;1,55555567096163;0,906735395569924;0,505569093294629;0,505568510213577;0,542423295383888;0,645128743653648;0,999999654320567;0,839312184375599;0,686365732674007;0,484882772849465;0,338111817657018;-2,14551609259277;-2,4282524118668;-2,59869384510399;-3,05978324250474;-4,0610219701259;-3,99395385733955;-3,3217977374888;-2,72007905507952;-2,13829182353672;-1,18500861275905;-1,85736416666674;-2,23882456322202;-2,86260508058283;-5,02140762454537;-5,09729664790047;-4,06960428105759;-3,34524631734356;-2,65932913921636;0,0616023919182442;0,0160928837337721;0,0388562224715487;0,0179218411707625;0,0385225292945519;0,00612082035677787;0,015699196058898;0,00918210322227181;-0,704425632345553;0,06987875527452736;1;1;1;-3;-3;1;1;1;-13177,2808949568;NA;All
240;1,88304088315069;2,84254900688767;2,29896849114977;2,50980797761203;2,71397452471025;2,28043562394877;2,41260264278576;2,44819771007298;2,45700793771892;1,97913013422064;1,92132520506502;1,63046728101526;1,43501376778664;4,90550357958464;1,52473550763761;1,76609058341847;1,91673558388257;1,51866759986513;1,93717807202571;1,61222558828219;-21,2493949166985;-3,79008603045278;-7,20969029393746;-8,51566303812501;-5,61065921085665;-5,62225021785504;-10,536537451225;-9,44246507450126;-6,41341979102222;-16,1050701691777;-11,9039710737268;-17,958603469274;-25,1241603258947;-42,2201109096562;-17,9934367568665;-15,1495215606078;-15,8921403085173;-20,6995455137417;-14,7704510396926;-19,5432018278614;2,68199219822906;1,52838389719892;1,55555567096163;0,906735395569924;0,505569093294629;0,505568510213577;0,542423295383888;0,645128743653648;0,999999654320567;0,839312184375599;0,686365732674007;0,484882772849465;0,338111817657018;-2,14551609259277;-2,4282524118668;-2,59869384510399;-3,05978324250474;-4,0610219701259;-3,99395385733955;-3,3217977374888;-2,72007905507952;-2,13829182353672;-1,18500861275905;-1,85736416666674;-2,23882456322202;-2,86260508058283;-5,02140762454537;-5,09729664790047;-4,06960428105759;-3,34524631734356;-2,65932913921636;0,0616023919182442;0,0160928837337721;0,0388562224715487;0,0179218411707625;0,0385225292945519;0,00612082035677787;0,015699196058898;0,00918210322227181;-1,167989143773358;0,06002716943348296;1;1;1;-3;-3;1;1;1;-13175,4505087806;NA;All
250;1,88304088315069;2,84254900688767;2,29896849114977;2,50980797761203;2,71397452471025;2,28043562394877;2,41260264278576;2,44819771007298;2,45700793771892;1,97913013422064;1,92132520506502;1,63046728101526;1,43501376778664;4,90550357958464;1,52473550763761;1,76609058341847;1,91673558388257;1,51866759986513;1,93717807202571;1,61222558828219;-21,2493949166985;-3,79008603045278;-7,20969029393746;-8,51566303812501;-5,61065921085665;-5,62225021785504;-10,536537451225;-9,44246507450126;-6,41341979102222;-16,1050701691777;-11,9039710737268;-17,958603469274;-25,1241603258947;-42,2201109096562;-17,9934367568665;-15,1495215606078;-15,8921403085173;-20,6995455137417;-14,7704510396926;-19,5432018278614;2,68199219822906;1,52838389719892;1,55555567096163;0,906735395569924;0,505569093294629;0,505568510213577;0,542423295383888;0,645128743653648;0,999999654320567;0,839312184375599;0,686365732674007;0,484882772849465;0,338111817657018;-2,14551609259277;-2,4282524118668;-2,59869384510399;-3,05978324250474;-4,0610219701259;-3,99395385733955;-3,3217977374888;-2,72007905507952;-2,13829182353672;-1,18500861275905;-1,85736416666674;-2,23882456322202;-2,86260508058283;-5,02140762454537;-5,09729664790047;-4,06960428105759;-3,34524631734356;-2,65932913921636;0,0616023919182442;0,0160928837337721;0,0388562224715487;0,0179218411707625;0,0385225292945519;0,00612082035677787;0,015699196058898;0,00918210322227181;-1,072561479527566;-0,06906981282950680;1;1;1;-3;-3;1;1;1;-13175,2320534932;NA;All
260;1,88304088315069;2,84254900688767;2,29896849114977;2,50980797761203;2,71397452471025;2,28043562394877;2,41260264278576;2,44819771007298;2,45700793771892;1,97913013422064;1,92132520506502;1,63046728101526;1,43501376778664;4,90550357958464;1,52473550763761;1,76609058341847;1,91673558388257;1,51866759986513;1,93717807202571;1,61222558828219;-21,2493949166985;-3,79008603045278;-7,20969029393746;-8,51566303812501;-5,61065921085665;-5,62225021785504;-10,536537451225;-9,44246507450126;-6,41341979102222;-16,1050701691777;-11,9039710737268;-17,958603469274;-25,1241603258947;-42,2201109096562;-17,9934367568665;-15,1495215606078;-15,8921403085173;-20,6995455137417;-14,7704510396926;-19,5432018278614;2,68199219822906;1,52838389719892;1,55555567096163;0,906735395569924;0,505569093294629;0,505568510213577;0,542423295383888;0,645128743653648;0,999999654320567;0,839312184375599;0,686365732674007;0,484882772849465;0,338111817657018;-2,14551609259277;-2,4282524118668;-2,59869384510399;-3,05978324250474;-4,0610219701259;-3,99395385733955;-3,3217977374888;-2,72007905507952;-2,13829182353672;-1,18500861275905;-1,85736416666674;-2,23882456322202;-2,86260508058283;-5,02140762454537;-5,09729664790047;-4,06960428105759;-3,34524631734356;-2,65932913921636;0,0616023919182442;0,0160928837337721;0,0388562224715487;0,0179218411707625;0,0385225292945519;0,00612082035677787;0,015699196058898;0,00918210322227181;-0,678835291500775;-0,09685882789275402;1;1;1;-3;-3;1;1;1;-13176,8530915698;NA;All
270;1,88304088315069;2,84254900688767;2,29896849114977;2,50980797761203;2,71397452471025;2,28043562394877;2,41260264278576;2,44819771007298;2,45700793771892;1,97913013422064;1,92132520506502;1,63046728101526;1,43501376778664;4,90550357958464;1,52473550763761;1,76609058341847;1,91673558388257;1,51866759986513;1,93717807202571;1,61222558828219;-21,2493949166985;-3,79008603045278;-7,20969029393746;-8,51566303812501;-5,61065921085665;-5,62225021785504;-10,536537451225;-9,44246507450126;-6,41341979102222;-16,1050701691777;-11,9039710737268;-17,958603469274;-25,1241603258947;-42,2201109096562;-17,9934367568665;-15,1495215606078;-15,8921403085173;-20,6995455137417;-14,7704510396926;-19,5432018278614;2,68199219822906;1,52838389719892;1,55555567096163;0,906735395569924;0,505569093294629;0,505568510213577;0,542423295383888;0,645128743653648;0,999999654320567;0,839312184375599;0,686365732674007;0,484882772849465;0,338111817657018;-2,14551609259277;-2,4282524118668;-2,59869384510399;-3,05978324250474;-4,0610219701259;-3,99395385733955;-3,3217977374888;-2,72007905507952;-2,13829182353672;-1,18500861275905;-1,85736416666674;-2,23882456322202;-2,86260508058283;-5,02140762454537;-5,09729664790047;-4,06960428105759;-3,34524631734356;-2,65932913921636;0,0616023919182442;0,0160928837337721;0,0388562224715487;0,0179218411707625;0,0385225292945519;0,00612082035677787;0,015699196058898;0,00918210322227181;-1,175859610416372;-0,28878805225018311;1;1;1;-3;-3;1;1;1;-13175,6974354159;NA;All
280;1,88304088315069;2,84254900688767;2,29896849114977;2,50980797761203;2,71397452471025;2,28043562394877;2,41260264278576;2,44819771007298;2,45700793771892;1,97913013422064;1,92132520506502;1,63046728101526;1,43501376778664;4,90550357958464;1,52473550763761;1,76609058341847;1,91673558388257;1,51866759986513;1,93717807202571;1,61222558828219;-21,2493949166985;-3,79008603045278;-7,20969029393746;-8,51566303812501;-5,61065921085665;-5,62225021785504;-10,536537451225;-9,44246507450126;-6,41341979102222;-16,1050701691777;-11,9039710737268;-17,958603469274;-25,1241603258947;-42,2201109096562;-17,9934367568665;-15,1495215606078;-15,8921403085173;-20,6995455137417;-14,7704510396926;-19,5432018278614;2,68199219822906;1,52838389719892;1,55555567096163;0,906735395569924;0,505569093294629;0,505568510213577;0,542423295383888;0,645128743653648;0,999999654320567;0,839312184375599;0,686365732674007;0,484882772849465;0,338111817657018;-2,14551609259277;-2,4282524118668;-2,59869384510399;-3,05978324250474;-4,0610219701259;-3,99395385733955;-3,3217977374888;-2,72007905507952;-2,13829182353672;-1,18500861275905;-1,85736416666674;-2,23882456322202;-2,86260508058283;-5,02140762454537;-5,09729664790047;-4,06960428105759;-3,34524631734356;-2,65932913921636;0,0616023919182442;0,0160928837337721;0,0388562224715487;0,0179218411707625;0,0385225292945519;0,00612082035677787;0,015699196058898;0,00918210322227181;-1,697129567528199;-0,86273277267129411;1;1;1;-3;-3;1;1;1;-13178,0070227923;NA;All
290;1,88304088315069;2,84254900688767;2,29896849114977;2,50980797761203;2,71397452471025;2,28043562394877;2,41260264278576;2,44819771007298;2,45700793771892;1,97913013422064;1,92132520506502;1,63046728101526;1,43501376778664;4,90550357958464;1,52473550763761;1,76609058341847;1,91673558388257;1,51866759986513;1,93717807202571;1,61222558828219;-21,2493949166985;-3,79008603045278;-7,20969029393746;-8,51566303812501;-5,61065921085665;-5,62225021785504;-10,536537451225;-9,44246507450126;-6,41341979102222;-16,1050701691777;-11,9039710737268;-17,958603469274;-25,1241603258947;-42,2201109096562;-17,9934367568665;-15,1495215606078;-15,8921403085173;-20,6995455137417;-14,7704510396926;-19,5432018278614;2,68199219822906;1,52838389719892;1,55555567096163;0,906735395569924;0,505569093294629;0,505568510213577;0,542423295383888;0,645128743653648;0,999999654320567;0,839312184375599;0,686365732674007;0,484882772849465;0,338111817657018;-2,14551609259277;-2,4282524118668;-2,59869384510399;-3,05978324250474;-4,0610219701259;-3,99395385733955;-3,3217977374888;-2,72007905507952;-2,13829182353672;-1,18500861275905;-1,85736416666674;-2,23882456322202;-2,86260508058283;-5,02140762454537;-5,09729664790047;-4,06960428105759;-3,34524631734356;-2,65932913921636;0,0616023919182442;0,0160928837337721;0,0388562224715487;0,0179218411707625;0,0385225292945519;0,00612082035677787;0,015699196058898;0,00918210322227181;-2,788041175633812;-1,14074581044955314;1;1;1;-3;-3;1;1;1;-13178,6252971297;NA;All
300;1,88304088315069;2,84254900688767;2,29896849114977;2,50980797761203;2,71397452471025;2,28043562394877;2,41260264278576;2,44819771007298;2,45700793771892;1,97913013422064;1,92132520506502;1,63046728101526;1,43501376778664;4,90550357958464;1,52473550763761;1,76609058341847;1,91673558388257;1,51866759986513;1,93717807202571;1,61222558828219;-21,2493949166985;-3,79008603045278;-7,20969029393746;-8,51566303812501;-5,61065921085665;-5,62225021785504;-10,536537451225;-9,44246507450126;-6,41341979102222;-16,1050701691777;-11,9039710737268;-17,958603469274;-25,1241603258947;-42,2201109096562;-17,9934367568665;-15,1495215606078;-15,8921403085173;-20,6995455137417;-14,7704510396926;-19,5432018278614;2,68199219822906;1,52838389719892;1,55555567096163;0,906735395569924;0,505569093294629;0,505568510213577;0,542423295383888;0,645128743653648;0,999999654320567;0,839312184375599;0,686365732674007;0,484882772849465;0,338111817657018;-2,14551609259277;-2,4282524118668;-2,59869384510399;-3,05978324250474;-4,0610219701259;-3,99395385733955;-3,3217977374888;-2,72007905507952;-2,13829182353672;-1,18500861275905;-1,85736416666674;-2,23882456322202;-2,86260508058283;-5,02140762454537;-5,09729664790047;-4,06960428105759;-3,34524631734356;-2,65932913921636;0,0616023919182442;0,0160928837337721;0,0388562224715487;0,0179218411707625;0,0385225292945519;0,00612082035677787;0,015699196058898;0,00918210322227181;-3,822535209309434;-0,13225563425736714;1;1;1;-3;-3;1;1;1;-13174,3510334750;NA;All
310;1,88304088315069;2,84254900688767;2,29896849114977;2,50980797761203;2,71397452471025;2,28043562394877;2,41260264278576;2,44819771007298;2,45700793771892;1,97913013422064;1,92132520506502;1,63046728101526;1,43501376778664;4,90550357958464;1,52473550763761;1,76609058341847;1,91673558388257;1,51866759986513;1,93717807202571;1,61222558828219;-21,2493949166985;-3,79008603045278;-7,20969029393746;-8,51566303812501;-5,61065921085665;-5,62225021785504;-10,536537451225;-9,44246507450126;-6,41341979102222;-16,1050701691777;-11,9039710737268;-17,958603469274;-25,1241603258947;-42,2201109096562;-17,9934367568665;-15,1495215606078;-15,8921403085173;-20,6995455137417;-14,7704510396926;-19,5432018278614;2,68199219822906;1,52838389719892;1,55555567096163;0,906735395569924;0,505569093294629;0,505568510213577;0,542423295383888;0,645128743653648;0,999999654320567;0,839312184375599;0,686365732674007;0,484882772849465;0,338111817657018;-2,14551609259277;-2,4282524118668;-2,59869384510399;-3,05978324250474;-4,0610219701259;-3,99395385733955;-3,3217977374888;-2,72007905507952;-2,13829182353672;-1,18500861275905;-1,85736416666674;-2,23882456322202;-2,86260508058283;-5,02140762454537;-5,09729664790047;-4,06960428105759;-3,34524631734356;-2,65932913921636;0,0616023919182442;0,0160928837337721;0,0388562224715487;0,0179218411707625;0,0385225292945519;0,00612082035677787;0,015699196058898;0,00918210322227181;-2,690423384541799;0,01113323008602674;1;1;1;-3;-3;1;1;1;-13174,3914516870;NA;All
320;1,88304088315069;2,84254900688767;2,29896849114977;2,50980797761203;2,71397452471025;2,28043562394877;2,41260264278576;2,44819771007298;2,45700793771892;1,97913013422064;1,92132520506502;1,63046728101526;1,43501376778664;4,90550357958464;1,52473550763761;1,76609058341847;1,91673558388257;1,51866759986513;1,93717807202571;1,61222558828219;-21,2493949166985;-3,79008603045278;-7,20969029393746;-8,51566303812501;-5,61065921085665;-5,62225021785504;-10,536537451225;-9,44246507450126;-6,41341979102222;-16,1050701691777;-11,9039710737268;-17,958603469274;-25,1241603258947;-42,2201109096562;-17,9934367568665;-15,1495215606078;-15,8921403085173;-20,6995455137417;-14,7704510396926;-19,5432018278614;2,68199219822906;1,52838389719892;1,55555567096163;0,906735395569924;0,505569093294629;0,505568510213577;0,542423295383888;0,645128743653648;0,999999654320567;0,839312184375599;0,686365732674007;0,484882772849465;0,338111817657018;-2,14551609259277;-2,4282524118668;-2,59869384510399;-3,05978324250474;-4,0610219701259;-3,99395385733955;-3,3217977374888;-2,72007905507952;-2,13829182353672;-1,18500861275905;-1,85736416666674;-2,23882456322202;-2,86260508058283;-5,02140762454537;-5,09729664790047;-4,06960428105759;-3,34524631734356;-2,65932913921636;0,0616023919182442;0,0160928837337721;0,0388562224715487;0,0179218411707625;0,0385225292945519;0,00612082035677787;0,015699196058898;0,00918210322227181;-2,690423384541799;0,01113323008602674;1;1;1;-3;-3;1;1;1;-13174,3914516870;NA;All
330;1,88304088315069;2,84254900688767;2,29896849114977;2,50980797761203;2,71397452471025;2,28043562394877;2,41260264278576;2,44819771007298;2,45700793771892;1,97913013422064;1,92132520506502;1,63046728101526;1,43501376778664;4,90550357958464;1,52473550763761;1,76609058341847;1,91673558388257;1,51866759986513;1,93717807202571;1,61222558828219;-21,2493949166985;-3,79008603045278;-7,20969029393746;-8,51566303812501;-5,61065921085665;-5,62225021785504;-10,536537451225;-9,44246507450126;-6,41341979102222;-16,1050701691777;-11,9039710737268;-17,958603469274;-25,1241603258947;-42,2201109096562;-17,9934367568665;-15,1495215606078;-15,8921403085173;-20,6995455137417;-14,7704510396926;-19,5432018278614;2,68199219822906;1,52838389719892;1,55555567096163;0,906735395569924;0,505569093294629;0,505568510213577;0,542423295383888;0,645128743653648;0,999999654320567;0,839312184375599;0,686365732674007;0,484882772849465;0,338111817657018;-2,14551609259277;-2,4282524118668;-2,59869384510399;-3,05978324250474;-4,0610219701259;-3,99395385733955;-3,3217977374888;-2,72007905507952;-2,13829182353672;-1,18500861275905;-1,85736416666674;-2,23882456322202;-2,86260508058283;-5,02140762454537;-5,09729664790047;-4,06960428105759;-3,34524631734356;-2,65932913921636;0,0616023919182442;0,0160928837337721;0,0388562224715487;0,0179218411707625;0,0385225292945519;0,00612082035677787;0,015699196058898;0,00918210322227181;-2,993601278466403;-0,12479707193477496;1;1;1;-3;-3;1;1;1;-13174,3418706240;NA;All
340;1,88304088315069;2,84254900688767;2,29896849114977;2,50980797761203;2,71397452471025;2,28043562394877;2,41260264278576;2,44819771007298;2,45700793771892;1,97913013422064;1,92132520506502;1,63046728101526;1,43501376778664;4,90550357958464;1,52473550763761;1,76609058341847;1,91673558388257;1,51866759986513;1,93717807202571;1,61222558828219;-21,2493949166985;-3,79008603045278;-7,20969029393746;-8,51566303812501;-5,61065921085665;-5,62225021785504;-10,536537451225;-9,44246507450126;-6,41341979102222;-16,1050701691777;-11,9039710737268;-17,958603469274;-25,1241603258947;-42,2201109096562;-17,9934367568665;-15,1495215606078;-15,8921403085173;-20,6995455137417;-14,7704510396926;-19,5432018278614;2,68199219822906;1,52838389719892;1,55555567096163;0,906735395569924;0,505569093294629;0,505568510213577;0,542423295383888;0,645128743653648;0,999999654320567;0,839312184375599;0,686365732674007;0,484882772849465;0,338111817657018;-2,14551609259277;-2,4282524118668;-2,59869384510399;-3,05978324250474;-4,0610219701259;-3,99395385733955;-3,3217977374888;-2,72007905507952;-2,13829182353672;-1,18500861275905;-1,85736416666674;-2,23882456322202;-2,86260508058283;-5,02140762454537;-5,09729664790047;-4,06960428105759;-3,34524631734356;-2,65932913921636;0,0616023919182442;0,0160928837337721;0,0388562224715487;0,0179218411707625;0,0385225292945519;0,00612082035677787;0,015699196058898;0,00918210322227181;-2,563019047510827;-0,16784647771418751;1;1;1;-3;-3;1;1;1;-13174,4865298308;NA;All
350;1,88304088315069;2,84254900688767;2,29896849114977;2,50980797761203;2,71397452471025;2,28043562394877;2,41260264278576;2,44819771007298;2,45700793771892;1,97913013422064;1,92132520506502;1,63046728101526;1,43501376778664;4,90550357958464;1,52473550763761;1,76609058341847;1,91673558388257;1,51866759986513;1,93717807202571;1,61222558828219;-21,2493949166985;-3,79008603045278;-7,20969029393746;-8,51566303812501;-5,61065921085665;-5,62225021785504;-10,536537451225;-9,44246507450126;-6,41341979102222;-16,1050701691777;-11,9039710737268;-17,958603469274;-25,1241603258947;-42,2201109096562;-17,9934367568665;-15,1495215606078;-15,8921403085173;-20,6995455137417;-14,7704510396926;-19,5432018278614;2,68199219822906;1,52838389719892;1,55555567096163;0,906735395569924;0,505569093294629;0,505568510213577;0,542423295383888;0,645128743653648;0,999999654320567;0,839312184375599;0,686365732674007;0,484882772849465;0,338111817657018;-2,14551609259277;-2,4282524118668;-2,59869384510399;-3,05978324250474;-4,0610219701259;-3,99395385733955;-3,3217977374888;-2,72007905507952;-2,13829182353672;-1,18500861275905;-1,85736416666674;-2,23882456322202;-2,86260508058283;-5,02140762454537;-5,09729664790047;-4,06960428105759;-3,34524631734356;-2,65932913921636;0,0616023919182442;0,0160928837337721;0,0388562224715487;0,0179218411707625;0,0385225292945519;0,00612082035677787;0,015699196058898;0,00918210322227181;-2,563019047510827;-0,16784647771418751;1;1;1;-3;-3;1;1;1;-13174,4865298308;NA;All
360;1,88304088315069;2,84254900688767;2,29896849114977;2,50980797761203;2,71397452471025;2,28043562394877;2,41260264278576;2,44819771007298;2,45700793771892;1,97913013422064;1,92132520506502;1,63046728101526;1,43501376778664;4,90550357958464;1,52473550763761;1,76609058341847;1,91673558388257;1,51866759986513;1,93717807202571;1,61222558828219;-21,2493949166985;-3,79008603045278;-7,20969029393746;-8,51566303812501;-5,61065921085665;-5,62225021785504;-10,536537451225;-9,44246507450126;-6,41341979102222;-16,1050701691777;-11,9039710737268;-17,958603469274;-25,1241603258947;-42,2201109096562;-17,9934367568665;-15,1495215606078;-15,8921403085173;-20,6995455137417;-14,7704510396926;-19,5432018278614;2,68199219822906;1,52838389719892;1,55555567096163;0,906735395569924;0,505569093294629;0,505568510213577;0,542423295383888;0,645128743653648;0,999999654320567;0,839312184375599;0,686365732674007;0,484882772849465;0,338111817657018;-2,14551609259277;-2,4282524118668;-2,59869384510399;-3,05978324250474;-4,0610219701259;-3,99395385733955;-3,3217977374888;-2,72007905507952;-2,13829182353672;-1,18500861275905;-1,85736416666674;-2,23882456322202;-2,86260508058283;-5,02140762454537;-5,09729664790047;-4,06960428105759;-3,34524631734356;-2,65932913921636;0,0616023919182442;0,0160928837337721;0,0388562224715487;0,0179218411707625;0,0385225292945519;0,00612082035677787;0,015699196058898;0,00918210322227181;-2,835337451937556;0,09459027328349626;1;1;1;-3;-3;1;1;1;-13174,9304559787;NA;All
370;1,88304088315069;2,84254900688767;2,29896849114977;2,50980797761203;2,71397452471025;2,28043562394877;2,41260264278576;2,44819771007298;2,45700793771892;1,97913013422064;1,92132520506502;1,63046728101526;1,43501376778664;4,90550357958464;1,52473550763761;1,76609058341847;1,91673558388257;1,51866759986513;1,93717807202571;1,61222558828219;-21,2493949166985;-3,79008603045278;-7,20969029393746;-8,51566303812501;-5,61065921085665;-5,62225021785504;-10,536537451225;-9,44246507450126;-6,41341979102222;-16,1050701691777;-11,9039710737268;-17,958603469274;-25,1241603258947;-42,2201109096562;-17,9934367568665;-15,1495215606078;-15,8921403085173;-20,6995455137417;-14,7704510396926;-19,5432018278614;2,68199219822906;1,52838389719892;1,55555567096163;0,906735395569924;0,505569093294629;0,505568510213577;0,542423295383888;0,645128743653648;0,999999654320567;0,839312184375599;0,686365732674007;0,484882772849465;0,338111817657018;-2,14551609259277;-2,4282524118668;-2,59869384510399;-3,05978324250474;-4,0610219701259;-3,99395385733955;-3,3217977374888;-2,72007905507952;-2,13829182353672;-1,18500861275905;-1,85736416666674;-2,23882456322202;-2,86260508058283;-5,02140762454537;-5,09729664790047;-4,06960428105759;-3,34524631734356;-2,65932913921636;0,0616023919182442;0,0160928837337721;0,0388562224715487;0,0179218411707625;0,0385225292945519;0,00612082035677787;0,015699196058898;0,00918210322227181;-3,446844738834657;-0,26250448937502679;1;1;1;-3;-3;1;1;1;-13174,8713642841;NA;All
380;1,88304088315069;2,84254900688767;2,29896849114977;2,50980797761203;2,71397452471025;2,28043562394877;2,41260264278576;2,44819771007298;2,45700793771892;1,97913013422064;1,92132520506502;1,63046728101526;1,43501376778664;4,90550357958464;1,52473550763761;1,76609058341847;1,91673558388257;1,51866759986513;1,93717807202571;1,61222558828219;-21,2493949166985;-3,79008603045278;-7,20969029393746;-8,51566303812501;-5,61065921085665;-5,62225021785504;-10,536537451225;-9,44246507450126;-6,41341979102222;-16,1050701691777;-11,9039710737268;-17,958603469274;-25,1241603258947;-42,2201109096562;-17,9934367568665;-15,1495215606078;-15,8921403085173;-20,6995455137417;-14,7704510396926;-19,5432018278614;2,68199219822906;1,52838389719892;1,55555567096163;0,906735395569924;0,505569093294629;0,505568510213577;0,542423295383888;0,645128743653648;0,999999654320567;0,839312184375599;0,686365732674007;0,484882772849465;0,338111817657018;-2,14551609259277;-2,4282524118668;-2,59869384510399;-3,05978324250474;-4,0610219701259;-3,99395385733955;-3,3217977374888;-2,72007905507952;-2,13829182353672;-1,18500861275905;-1,85736416666674;-2,23882456322202;-2,86260508058283;-5,02140762454537;-5,09729664790047;-4,06960428105759;-3,34524631734356;-2,65932913921636;0,0616023919182442;0,0160928837337721;0,0388562224715487;0,0179218411707625;0,0385225292945519;0,00612082035677787;0,015699196058898;0,00918210322227181;-3,765021771322458;-0,27856738498003858;1;1;1;-3;-3;1;1;1;-13174,9510808924;NA;All
390;1,88304088315069;2,84254900688767;2,29896849114977;2,50980797761203;2,71397452471025;2,28043562394877;2,41260264278576;2,44819771007298;2,45700793771892;1,97913013422064;1,92132520506502;1,63046728101526;1,43501376778664;4,90550357958464;1,52473550763761;1,76609058341847;1,91673558388257;1,51866759986513;1,93717807202571;1,61222558828219;-21,2493949166985;-3,79008603045278;-7,20969029393746;-8,51566303812501;-5,61065921085665;-5,62225021785504;-10,536537451225;-9,44246507450126;-6,41341979102222;-16,1050701691777;-11,9039710737268;-17,958603469274;-25,1241603258947;-42,2201109096562;-17,9934367568665;-15,1495215606078;-15,8921403085173;-20,6995455137417;-14,7704510396926;-19,5432018278614;2,68199219822906;1,52838389719892;1,55555567096163;0,906735395569924;0,505569093294629;0,505568510213577;0,542423295383888;0,645128743653648;0,999999654320567;0,839312184375599;0,686365732674007;0,484882772849465;0,338111817657018;-2,14551609259277;-2,4282524118668;-2,59869384510399;-3,05978324250474;-4,0610219701259;-3,99395385733955;-3,3217977374888;-2,72007905507952;-2,13829182353672;-1,18500861275905;-1,85736416666674;-2,23882456322202;-2,86260508058283;-5,02140762454537;-5,09729664790047;-4,06960428105759;-3,34524631734356;-2,65932913921636;0,0616023919182442;0,0160928837337721;0,0388562224715487;0,0179218411707625;0,0385225292945519;0,00612082035677787;0,015699196058898;0,00918210322227181;-3,531043658955971;0,01413098779953975;1;1;1;-3;-3;1;1;1;-13174,3827547348;NA;All
400;1,88304088315069;2,84254900688767;2,29896849114977;2,50980797761203;2,71397452471025;2,28043562394877;2,41260264278576;2,44819771007298;2,45700793771892;1,97913013422064;1,92132520506502;1,63046728101526;1,43501376778664;4,90550357958464;1,52473550763761;1,76609058341847;1,91673558388257;1,51866759986513;1,93717807202571;1,61222558828219;-21,2493949166985;-3,79008603045278;-7,20969029393746;-8,51566303812501;-5,61065921085665;-5,62225021785504;-10,536537451225;-9,44246507450126;-6,41341979102222;-16,1050701691777;-11,9039710737268;-17,958603469274;-25,1241603258947;-42,2201109096562;-17,9934367568665;-15,1495215606078;-15,8921403085173;-20,6995455137417;-14,7704510396926;-19,5432018278614;2,68199219822906;1,52838389719892;1,55555567096163;0,906735395569924;0,505569093294629;0,505568510213577;0,542423295383888;0,645128743653648;0,999999654320567;0,839312184375599;0,686365732674007;0,484882772849465;0,338111817657018;-2,14551609259277;-2,4282524118668;-2,59869384510399;-3,05978324250474;-4,0610219701259;-3,99395385733955;-3,3217977374888;-2,72007905507952;-2,13829182353672;-1,18500861275905;-1,85736416666674;-2,23882456322202;-2,86260508058283;-5,02140762454537;-5,09729664790047;-4,06960428105759;-3,34524631734356;-2,65932913921636;0,0616023919182442;0,0160928837337721;0,0388562224715487;0,0179218411707625;0,0385225292945519;0,00612082035677787;0,015699196058898;0,00918210322227181;-3,531043658955971;0,01413098779953975;1;1;1;-3;-3;1;1;1;-13174,3827547348;NA;All
410;1,88304088315069;2,84254900688767;2,29896849114977;2,50980797761203;2,71397452471025;2,28043562394877;2,41260264278576;2,44819771007298;2,45700793771892;1,97913013422064;1,92132520506502;1,63046728101526;1,43501376778664;4,90550357958464;1,52473550763761;1,76609058341847;1,91673558388257;1,51866759986513;1,93717807202571;1,61222558828219;-21,2493949166985;-3,79008603045278;-7,20969029393746;-8,51566303812501;-5,61065921085665;-5,62225021785504;-10,536537451225;-9,44246507450126;-6,41341979102222;-16,1050701691777;-11,9039710737268;-17,958603469274;-25,1241603258947;-42,2201109096562;-17,9934367568665;-15,1495215606078;-15,8921403085173;-20,6995455137417;-14,7704510396926;-19,5432018278614;2,68199219822906;1,52838389719892;1,55555567096163;0,906735395569924;0,505569093294629;0,505568510213577;0,542423295383888;0,645128743653648;0,999999654320567;0,839312184375599;0,686365732674007;0,484882772849465;0,338111817657018;-2,14551609259277;-2,4282524118668;-2,59869384510399;-3,05978324250474;-4,0610219701259;-3,99395385733955;-3,3217977374888;-2,72007905507952;-2,13829182353672;-1,18500861275905;-1,85736416666674;-2,23882456322202;-2,86260508058283;-5,02140762454537;-5,09729664790047;-4,06960428105759;-3,34524631734356;-2,65932913921636;0,0616023919182442;0,0160928837337721;0,0388562224715487;0,0179218411707625;0,0385225292945519;0,00612082035677787;0,015699196058898;0,00918210322227181;-3,531043658955971;0,01413098779953975;1;1;1;-3;-3;1;1;1;-13174,3827547348;NA;All
420;1,88304088315069;2,84254900688767;2,29896849114977;2,50980797761203;2,71397452471025;2,28043562394877;2,41260264278576;2,44819771007298;2,45700793771892;1,97913013422064;1,92132520506502;1,63046728101526;1,43501376778664;4,90550357958464;1,52473550763761;1,76609058341847;1,91673558388257;1,51866759986513;1,93717807202571;1,61222558828219;-21,2493949166985;-3,79008603045278;-7,20969029393746;-8,51566303812501;-5,61065921085665;-5,62225021785504;-10,536537451225;-9,44246507450126;-6,41341979102222;-16,1050701691777;-11,9039710737268;-17,958603469274;-25,1241603258947;-42,2201109096562;-17,9934367568665;-15,1495215606078;-15,8921403085173;-20,6995455137417;-14,7704510396926;-19,5432018278614;2,68199219822906;1,52838389719892;1,55555567096163;0,906735395569924;0,505569093294629;0,505568510213577;0,542423295383888;0,645128743653648;0,999999654320567;0,839312184375599;0,686365732674007;0,484882772849465;0,338111817657018;-2,14551609259277;-2,4282524118668;-2,59869384510399;-3,05978324250474;-4,0610219701259;-3,99395385733955;-3,3217977374888;-2,72007905507952;-2,13829182353672;-1,18500861275905;-1,85736416666674;-2,23882456322202;-2,86260508058283;-5,02140762454537;-5,09729664790047;-4,06960428105759;-3,34524631734356;-2,65932913921636;0,0616023919182442;0,0160928837337721;0,0388562224715487;0,0179218411707625;0,0385225292945519;0,00612082035677787;0,015699196058898;0,00918210322227181;-3,531043658955971;0,01413098779953975;1;1;1;-3;-3;1;1;1;-13174,3827547348;NA;All
430;1,88304088315069;2,84254900688767;2,29896849114977;2,50980797761203;2,71397452471025;2,28043562394877;2,41260264278576;2,44819771007298;2,45700793771892;1,97913013422064;1,92132520506502;1,63046728101526;1,43501376778664;4,90550357958464;1,52473550763761;1,76609058341847;1,91673558388257;1,51866759986513;1,93717807202571;1,61222558828219;-21,2493949166985;-3,79008603045278;-7,20969029393746;-8,51566303812501;-5,61065921085665;-5,62225021785504;-10,536537451225;-9,44246507450126;-6,41341979102222;-16,1050701691777;-11,9039710737268;-17,958603469274;-25,1241603258947;-42,2201109096562;-17,9934367568665;-15,1495215606078;-15,8921403085173;-20,6995455137417;-14,7704510396926;-19,5432018278614;2,68199219822906;1,52838389719892;1,55555567096163;0,906735395569924;0,505569093294629;0,505568510213577;0,542423295383888;0,645128743653648;0,999999654320567;0,839312184375599;0,686365732674007;0,484882772849465;0,338111817657018;-2,14551609259277;-2,4282524118668;-2,59869384510399;-3,05978324250474;-4,0610219701259;-3,99395385733955;-3,3217977374888;-2,72007905507952;-2,13829182353672;-1,18500861275905;-1,85736416666674;-2,23882456322202;-2,86260508058283;-5,02140762454537;-5,09729664790047;-4,06960428105759;-3,34524631734356;-2,65932913921636;0,0616023919182442;0,0160928837337721;0,0388562224715487;0,0179218411707625;0,0385225292945519;0,00612082035677787;0,015699196058898;0,00918210322227181;-0,995759892823292;0,02096278678058333;1;1;1;-3;-3;1;1;1;-13175,6395337149;NA;All
440;1,88304088315069;2,84254900688767;2,29896849114977;2,50980797761203;2,71397452471025;2,28043562394877;2,41260264278576;2,44819771007298;2,45700793771892;1,97913013422064;1,92132520506502;1,63046728101526;1,43501376778664;4,90550357958464;1,52473550763761;1,76609058341847;1,91673558388257;1,51866759986513;1,93717807202571;1,61222558828219;-21,2493949166985;-3,79008603045278;-7,20969029393746;-8,51566303812501;-5,61065921085665;-5,62225021785504;-10,536537451225;-9,44246507450126;-6,41341979102222;-16,1050701691777;-11,9039710737268;-17,958603469274;-25,1241603258947;-42,2201109096562;-17,9934367568665;-15,1495215606078;-15,8921403085173;-20,6995455137417;-14,7704510396926;-19,5432018278614;2,68199219822906;1,52838389719892;1,55555567096163;0,906735395569924;0,505569093294629;0,505568510213577;0,542423295383888;0,645128743653648;0,999999654320567;0,839312184375599;0,686365732674007;0,484882772849465;0,338111817657018;-2,14551609259277;-2,4282524118668;-2,59869384510399;-3,05978324250474;-4,0610219701259;-3,99395385733955;-3,3217977374888;-2,72007905507952;-2,13829182353672;-1,18500861275905;-1,85736416666674;-2,23882456322202;-2,86260508058283;-5,02140762454537;-5,09729664790047;-4,06960428105759;-3,34524631734356;-2,65932913921636;0,0616023919182442;0,0160928837337721;0,0388562224715487;0,0179218411707625;0,0385225292945519;0,00612082035677787;0,015699196058898;0,00918210322227181;-0,995759892823292;0,02096278678058333;1;1;1;-3;-3;1;1;1;-13175,6395337149;NA;All
450;1,88304088315069;2,84254900688767;2,29896849114977;2,50980797761203;2,71397452471025;2,28043562394877;2,41260264278576;2,44819771007298;2,45700793771892;1,97913013422064;1,92132520506502;1,63046728101526;1,43501376778664;4,90550357958464;1,52473550763761;1,76609058341847;1,91673558388257;1,51866759986513;1,93717807202571;1,61222558828219;-21,2493949166985;-3,79008603045278;-7,20969029393746;-8,51566303812501;-5,61065921085665;-5,62225021785504;-10,536537451225;-9,44246507450126;-6,41341979102222;-16,1050701691777;-11,9039710737268;-17,958603469274;-25,1241603258947;-42,2201109096562;-17,9934367568665;-15,1495215606078;-15,8921403085173;-20,6995455137417;-14,7704510396926;-19,5432018278614;2,68199219822906;1,52838389719892;1,55555567096163;0,906735395569924;0,505569093294629;0,505568510213577;0,542423295383888;0,645128743653648;0,999999654320567;0,839312184375599;0,686365732674007;0,484882772849465;0,338111817657018;-2,14551609259277;-2,4282524118668;-2,59869384510399;-3,05978324250474;-4,0610219701259;-3,99395385733955;-3,3217977374888;-2,72007905507952;-2,13829182353672;-1,18500861275905;-1,85736416666674;-2,23882456322202;-2,86260508058283;-5,02140762454537;-5,09729664790047;-4,06960428105759;-3,34524631734356;-2,65932913921636;0,0616023919182442;0,0160928837337721;0,0388562224715487;0,0179218411707625;0,0385225292945519;0,00612082035677787;0,015699196058898;0,00918210322227181;-0,995759892823292;0,02096278678058333;1;1;1;-3;-3;1;1;1;-13175,6395337149;NA;All
460;1,88304088315069;2,84254900688767;2,29896849114977;2,50980797761203;2,71397452471025;2,28043562394877;2,41260264278576;2,44819771007298;2,45700793771892;1,97913013422064;1,92132520506502;1,63046728101526;1,43501376778664;4,90550357958464;1,52473550763761;1,76609058341847;1,91673558388257;1,51866759986513;1,93717807202571;1,61222558828219;-21,2493949166985;-3,79008603045278;-7,20969029393746;-8,51566303812501;-5,61065921085665;-5,62225021785504;-10,536537451225;-9,44246507450126;-6,41341979102222;-16,1050701691777;-11,9039710737268;-17,958603469274;-25,1241603258947;-42,2201109096562;-17,9934367568665;-15,1495215606078;-15,8921403085173;-20,6995455137417;-14,7704510396926;-19,5432018278614;2,68199219822906;1,52838389719892;1,55555567096163;0,906735395569924;0,505569093294629;0,505568510213577;0,542423295383888;0,645128743653648;0,999999654320567;0,839312184375599;0,686365732674007;0,484882772849465;0,338111817657018;-2,14551609259277;-2,4282524118668;-2,59869384510399;-3,05978324250474;-4,0610219701259;-3,99395385733955;-3,3217977374888;-2,72007905507952;-2,13829182353672;-1,18500861275905;-1,85736416666674;-2,23882456322202;-2,86260508058283;-5,02140762454537;-5,09729664790047;-4,06960428105759;-3,34524631734356;-2,65932913921636;0,0616023919182442;0,0160928837337721;0,0388562224715487;0,0179218411707625;0,0385225292945519;0,00612082035677787;0,015699196058898;0,00918210322227181;-2,970964307615788;-0,35160403575139954;1;1;1;-3;-3;1;1;1;-13175,3541400630;NA;All
470;1,88304088315069;2,84254900688767;2,29896849114977;2,50980797761203;2,71397452471025;2,28043562394877;2,41260264278576;2,44819771007298;2,45700793771892;1,97913013422064;1,92132520506502;1,63046728101526;1,43501376778664;4,90550357958464;1,52473550763761;1,76609058341847;1,91673558388257;1,51866759986513;1,93717807202571;1,61222558828219;-21,2493949166985;-3,79008603045278;-7,20969029393746;-8,51566303812501;-5,61065921085665;-5,62225021785504;-10,536537451225;-9,44246507450126;-6,41341979102222;-16,1050701691777;-11,9039710737268;-17,958603469274;-25,1241603258947;-42,2201109096562;-17,9934367568665;-15,1495215606078;-15,8921403085173;-20,6995455137417;-14,7704510396926;-19,5432018278614;2,68199219822906;1,52838389719892;1,55555567096163;0,906735395569924;0,505569093294629;0,505568510213577;0,542423295383888;0,645128743653648;0,999999654320567;0,839312184375599;0,686365732674007;0,484882772849465;0,338111817657018;-2,14551609259277;-2,4282524118668;-2,59869384510399;-3,05978324250474;-4,0610219701259;-3,99395385733955;-3,3217977374888;-2,72007905507952;-2,13829182353672;-1,18500861275905;-1,85736416666674;-2,23882456322202;-2,86260508058283;-5,02140762454537;-5,09729664790047;-4,06960428105759;-3,34524631734356;-2,65932913921636;0,0616023919182442;0,0160928837337721;0,0388562224715487;0,0179218411707625;0,0385225292945519;0,00612082035677787;0,015699196058898;0,00918210322227181;-2,970964307615788;-0,35160403575139954;1;1;1;-3;-3;1;1;1;-13175,3541400630;NA;All
480;1,88304088315069;2,84254900688767;2,29896849114977;2,50980797761203;2,71397452471025;2,28043562394877;2,41260264278576;2,44819771007298;2,45700793771892;1,97913013422064;1,92132520506502;1,63046728101526;1,43501376778664;4,90550357958464;1,52473550763761;1,76609058341847;1,91673558388257;1,51866759986513;1,93717807202571;1,61222558828219;-21,2493949166985;-3,79008603045278;-7,20969029393746;-8,51566303812501;-5,61065921085665;-5,62225021785504;-10,536537451225;-9,44246507450126;-6,41341979102222;-16,1050701691777;-11,9039710737268;-17,958603469274;-25,1241603258947;-42,2201109096562;-17,9934367568665;-15,1495215606078;-15,8921403085173;-20,6995455137417;-14,7704510396926;-19,5432018278614;2,68199219822906;1,52838389719892;1,55555567096163;0,906735395569924;0,505569093294629;0,505568510213577;0,542423295383888;0,645128743653648;0,999999654320567;0,839312184375599;0,686365732674007;0,484882772849465;0,338111817657018;-2,14551609259277;-2,4282524118668;-2,59869384510399;-3,05978324250474;-4,0610219701259;-3,99395385733955;-3,3217977374888;-2,72007905507952;-2,13829182353672;-1,18500861275905;-1,85736416666674;-2,23882456322202;-2,86260508058283;-5,02140762454537;-5,09729664790047;-4,06960428105759;-3,34524631734356;-2,65932913921636;0,0616023919182442;0,0160928837337721;0,0388562224715487;0,0179218411707625;0,0385225292945519;0,00612082035677787;0,015699196058898;0,00918210322227181;-2,970964307615788;-0,35160403575139954;1;1;1;-3;-3;1;1;1;-13175,3541400630;NA;All
490;1,88304088315069;2,84254900688767;2,29896849114977;2,50980797761203;2,71397452471025;2,28043562394877;2,41260264278576;2,44819771007298;2,45700793771892;1,97913013422064;1,92132520506502;1,63046728101526;1,43501376778664;4,90550357958464;1,52473550763761;1,76609058341847;1,91673558388257;1,51866759986513;1,93717807202571;1,61222558828219;-21,2493949166985;-3,79008603045278;-7,20969029393746;-8,51566303812501;-5,61065921085665;-5,62225021785504;-10,536537451225;-9,44246507450126;-6,41341979102222;-16,1050701691777;-11,9039710737268;-17,958603469274;-25,1241603258947;-42,2201109096562;-17,9934367568665;-15,1495215606078;-15,8921403085173;-20,6995455137417;-14,7704510396926;-19,5432018278614;2,68199219822906;1,52838389719892;1,55555567096163;0,906735395569924;0,505569093294629;0,505568510213577;0,542423295383888;0,645128743653648;0,999999654320567;0,839312184375599;0,686365732674007;0,484882772849465;0,338111817657018;-2,14551609259277;-2,4282524118668;-2,59869384510399;-3,05978324250474;-4,0610219701259;-3,99395385733955;-3,3217977374888;-2,72007905507952;-2,13829182353672;-1,18500861275905;-1,85736416666674;-2,23882456322202;-2,86260508058283;-5,02140762454537;-5,09729664790047;-4,06960428105759;-3,34524631734356;-2,65932913921636;0,0616023919182442;0,0160928837337721;0,0388562224715487;0,0179218411707625;0,0385225292945519;0,00612082035677787;0,015699196058898;0,00918210322227181;-3,846377826407527;0,14348841342274632;1;1;1;-3;-3;1;1;1;-13175,5051427541;NA;All
500;1,88304088315069;2,84254900688767;2,29896849114977;2,50980797761203;2,71397452471025;2,28043562394877;2,41260264278576;2,44819771007298;2,45700793771892;1,97913013422064;1,92132520506502;1,63046728101526;1,43501376778664;4,90550357958464;1,52473550763761;1,76609058341847;1,91673558388257;1,51866759986513;1,93717807202571;1,61222558828219;-21,2493949166985;-3,79008603045278;-7,20969029393746;-8,51566303812501;-5,61065921085665;-5,62225021785504;-10,536537451225;-9,44246507450126;-6,41341979102222;-16,1050701691777;-11,9039710737268;-17,958603469274;-25,1241603258947;-42,2201109096562;-17,9934367568665;-15,1495215606078;-15,8921403085173;-20,6995455137417;-14,7704510396926;-19,5432018278614;2,68199219822906;1,52838389719892;1,55555567096163;0,906735395569924;0,505569093294629;0,505568510213577;0,542423295383888;0,645128743653648;0,999999654320567;0,839312184375599;0,686365732674007;0,484882772849465;0,338111817657018;-2,14551609259277;-2,4282524118668;-2,59869384510399;-3,05978324250474;-4,0610219701259;-3,99395385733955;-3,3217977374888;-2,72007905507952;-2,13829182353672;-1,18500861275905;-1,85736416666674;-2,23882456322202;-2,86260508058283;-5,02140762454537;-5,09729664790047;-4,06960428105759;-3,34524631734356;-2,65932913921636;0,0616023919182442;0,0160928837337721;0,0388562224715487;0,0179218411707625;0,0385225292945519;0,00612082035677787;0,015699196058898;0,00918210322227181;-3,846377826407527;0,14348841342274632;1;1;1;-3;-3;1;1;1;-13175,5051427541;NA;All
510;1,88304088315069;2,84254900688767;2,29896849114977;2,50980797761203;2,71397452471025;2,28043562394877;2,41260264278576;2,44819771007298;2,45700793771892;1,97913013422064;1,92132520506502;1,63046728101526;1,43501376778664;4,90550357958464;1,52473550763761;1,76609058341847;1,91673558388257;1,51866759986513;1,93717807202571;1,61222558828219;-21,2493949166985;-3,79008603045278;-7,20969029393746;-8,51566303812501;-5,61065921085665;-5,62225021785504;-10,536537451225;-9,44246507450126;-6,41341979102222;-16,1050701691777;-11,9039710737268;-17,958603469274;-25,1241603258947;-42,2201109096562;-17,9934367568665;-15,1495215606078;-15,8921403085173;-20,6995455137417;-14,7704510396926;-19,5432018278614;2,68199219822906;1,52838389719892;1,55555567096163;0,906735395569924;0,505569093294629;0,505568510213577;0,542423295383888;0,645128743653648;0,999999654320567;0,839312184375599;0,686365732674007;0,484882772849465;0,338111817657018;-2,14551609259277;-2,4282524118668;-2,59869384510399;-3,05978324250474;-4,0610219701259;-3,99395385733955;-3,3217977374888;-2,72007905507952;-2,13829182353672;-1,18500861275905;-1,85736416666674;-2,23882456322202;-2,86260508058283;-5,02140762454537;-5,09729664790047;-4,06960428105759;-3,34524631734356;-2,65932913921636;0,0616023919182442;0,0160928837337721;0,0388562224715487;0,0179218411707625;0,0385225292945519;0,00612082035677787;0,015699196058898;0,00918210322227181;-3,846377826407527;0,14348841342274632;1;1;1;-3;-3;1;1;1;-13175,5051427541;NA;All
520;1,88304088315069;2,84254900688767;2,29896849114977;2,50980797761203;2,71397452471025;2,28043562394877;2,41260264278576;2,44819771007298;2,45700793771892;1,97913013422064;1,92132520506502;1,63046728101526;1,43501376778664;4,90550357958464;1,52473550763761;1,76609058341847;1,91673558388257;1,51866759986513;1,93717807202571;1,61222558828219;-21,2493949166985;-3,79008603045278;-7,20969029393746;-8,51566303812501;-5,61065921085665;-5,62225021785504;-10,536537451225;-9,44246507450126;-6,41341979102222;-16,1050701691777;-11,9039710737268;-17,958603469274;-25,1241603258947;-42,2201109096562;-17,9934367568665;-15,1495215606078;-15,8921403085173;-20,6995455137417;-14,7704510396926;-19,5432018278614;2,68199219822906;1,52838389719892;1,55555567096163;0,906735395569924;0,505569093294629;0,505568510213577;0,542423295383888;0,645128743653648;0,999999654320567;0,839312184375599;0,686365732674007;0,484882772849465;0,338111817657018;-2,14551609259277;-2,4282524118668;-2,59869384510399;-3,05978324250474;-4,0610219701259;-3,99395385733955;-3,3217977374888;-2,72007905507952;-2,13829182353672;-1,18500861275905;-1,85736416666674;-2,23882456322202;-2,86260508058283;-5,02140762454537;-5,09729664790047;-4,06960428105759;-3,34524631734356;-2,65932913921636;0,0616023919182442;0,0160928837337721;0,0388562224715487;0,0179218411707625;0,0385225292945519;0,00612082035677787;0,015699196058898;0,00918210322227181;-1,887629584782222;-0,38180917905528511;1;1;1;-3;-3;1;1;1;-13175,6373825213;NA;All
530;1,88304088315069;2,84254900688767;2,29896849114977;2,50980797761203;2,71397452471025;2,28043562394877;2,41260264278576;2,44819771007298;2,45700793771892;1,97913013422064;1,92132520506502;1,63046728101526;1,43501376778664;4,90550357958464;1,52473550763761;1,76609058341847;1,91673558388257;1,51866759986513;1,93717807202571;1,61222558828219;-21,2493949166985;-3,79008603045278;-7,20969029393746;-8,51566303812501;-5,61065921085665;-5,62225021785504;-10,536537451225;-9,44246507450126;-6,41341979102222;-16,1050701691777;-11,9039710737268;-17,958603469274;-25,1241603258947;-42,2201109096562;-17,9934367568665;-15,1495215606078;-15,8921403085173;-20,6995455137417;-14,7704510396926;-19,5432018278614;2,68199219822906;1,52838389719892;1,55555567096163;0,906735395569924;0,505569093294629;0,505568510213577;0,542423295383888;0,645128743653648;0,999999654320567;0,839312184375599;0,686365732674007;0,484882772849465;0,338111817657018;-2,14551609259277;-2,4282524118668;-2,59869384510399;-3,05978324250474;-4,0610219701259;-3,99395385733955;-3,3217977374888;-2,72007905507952;-2,13829182353672;-1,18500861275905;-1,85736416666674;-2,23882456322202;-2,86260508058283;-5,02140762454537;-5,09729664790047;-4,06960428105759;-3,34524631734356;-2,65932913921636;0,0616023919182442;0,0160928837337721;0,0388562224715487;0,0179218411707625;0,0385225292945519;0,00612082035677787;0,015699196058898;0,00918210322227181;-2,838137366674962;-0,04936178620074153;1;1;1;-3;-3;1;1;1;-13174,2665235572;NA;All
540;1,88304088315069;2,84254900688767;2,29896849114977;2,50980797761203;2,71397452471025;2,28043562394877;2,41260264278576;2,44819771007298;2,45700793771892;1,97913013422064;1,92132520506502;1,63046728101526;1,43501376778664;4,90550357958464;1,52473550763761;1,76609058341847;1,91673558388257;1,51866759986513;1,93717807202571;1,61222558828219;-21,2493949166985;-3,79008603045278;-7,20969029393746;-8,51566303812501;-5,61065921085665;-5,62225021785504;-10,536537451225;-9,44246507450126;-6,41341979102222;-16,1050701691777;-11,9039710737268;-17,958603469274;-25,1241603258947;-42,2201109096562;-17,9934367568665;-15,1495215606078;-15,8921403085173;-20,6995455137417;-14,7704510396926;-19,5432018278614;2,68199219822906;1,52838389719892;1,55555567096163;0,906735395569924;0,505569093294629;0,505568510213577;0,542423295383888;0,645128743653648;0,999999654320567;0,839312184375599;0,686365732674007;0,484882772849465;0,338111817657018;-2,14551609259277;-2,4282524118668;-2,59869384510399;-3,05978324250474;-4,0610219701259;-3,99395385733955;-3,3217977374888;-2,72007905507952;-2,13829182353672;-1,18500861275905;-1,85736416666674;-2,23882456322202;-2,86260508058283;-5,02140762454537;-5,09729664790047;-4,06960428105759;-3,34524631734356;-2,65932913921636;0,0616023919182442;0,0160928837337721;0,0388562224715487;0,0179218411707625;0,0385225292945519;0,00612082035677787;0,015699196058898;0,00918210322227181;-3,507169272907960;-0,02100520678206549;1;1;1;-3;-3;1;1;1;-13174,2855911000;NA;All
550;1,88304088315069;2,84254900688767;2,29896849114977;2,50980797761203;2,71397452471025;2,28043562394877;2,41260264278576;2,44819771007298;2,45700793771892;1,97913013422064;1,92132520506502;1,63046728101526;1,43501376778664;4,90550357958464;1,52473550763761;1,76609058341847;1,91673558388257;1,51866759986513;1,93717807202571;1,61222558828219;-21,2493949166985;-3,79008603045278;-7,20969029393746;-8,51566303812501;-5,61065921085665;-5,62225021785504;-10,536537451225;-9,44246507450126;-6,41341979102222;-16,1050701691777;-11,9039710737268;-17,958603469274;-25,1241603258947;-42,2201109096562;-17,9934367568665;-15,1495215606078;-15,8921403085173;-20,6995455137417;-14,7704510396926;-19,5432018278614;2,68199219822906;1,52838389719892;1,55555567096163;0,906735395569924;0,505569093294629;0,505568510213577;0,542423295383888;0,645128743653648;0,999999654320567;0,839312184375599;0,686365732674007;0,484882772849465;0,338111817657018;-2,14551609259277;-2,4282524118668;-2,59869384510399;-3,05978324250474;-4,0610219701259;-3,99395385733955;-3,3217977374888;-2,72007905507952;-2,13829182353672;-1,18500861275905;-1,85736416666674;-2,23882456322202;-2,86260508058283;-5,02140762454537;-5,09729664790047;-4,06960428105759;-3,34524631734356;-2,65932913921636;0,0616023919182442;0,0160928837337721;0,0388562224715487;0,0179218411707625;0,0385225292945519;0,00612082035677787;0,015699196058898;0,00918210322227181;-3,507169272907960;-0,02100520678206549;1;1;1;-3;-3;1;1;1;-13174,2855911000;NA;All
560;1,88304088315069;2,84254900688767;2,29896849114977;2,50980797761203;2,71397452471025;2,28043562394877;2,41260264278576;2,44819771007298;2,45700793771892;1,97913013422064;1,92132520506502;1,63046728101526;1,43501376778664;4,90550357958464;1,52473550763761;1,76609058341847;1,91673558388257;1,51866759986513;1,93717807202571;1,61222558828219;-21,2493949166985;-3,79008603045278;-7,20969029393746;-8,51566303812501;-5,61065921085665;-5,62225021785504;-10,536537451225;-9,44246507450126;-6,41341979102222;-16,1050701691777;-11,9039710737268;-17,958603469274;-25,1241603258947;-42,2201109096562;-17,9934367568665;-15,1495215606078;-15,8921403085173;-20,6995455137417;-14,7704510396926;-19,5432018278614;2,68199219822906;1,52838389719892;1,55555567096163;0,906735395569924;0,505569093294629;0,505568510213577;0,542423295383888;0,645128743653648;0,999999654320567;0,839312184375599;0,686365732674007;0,484882772849465;0,338111817657018;-2,14551609259277;-2,4282524118668;-2,59869384510399;-3,05978324250474;-4,0610219701259;-3,99395385733955;-3,3217977374888;-2,72007905507952;-2,13829182353672;-1,18500861275905;-1,85736416666674;-2,23882456322202;-2,86260508058283;-5,02140762454537;-5,09729664790047;-4,06960428105759;-3,34524631734356;-2,65932913921636;0,0616023919182442;0,0160928837337721;0,0388562224715487;0,0179218411707625;0,0385225292945519;0,00612082035677787;0,015699196058898;0,00918210322227181;-1,949199749902546;-0,55015372724343681;1;1;1;-3;-3;1;1;1;-13176,5491615443;NA;All
570;1,88304088315069;2,84254900688767;2,29896849114977;2,50980797761203;2,71397452471025;2,28043562394877;2,41260264278576;2,44819771007298;2,45700793771892;1,97913013422064;1,92132520506502;1,63046728101526;1,43501376778664;4,90550357958464;1,52473550763761;1,76609058341847;1,91673558388257;1,51866759986513;1,93717807202571;1,61222558828219;-21,2493949166985;-3,79008603045278;-7,20969029393746;-8,51566303812501;-5,61065921085665;-5,62225021785504;-10,536537451225;-9,44246507450126;-6,41341979102222;-16,1050701691777;-11,9039710737268;-17,958603469274;-25,1241603258947;-42,2201109096562;-17,9934367568665;-15,1495215606078;-15,8921403085173;-20,6995455137417;-14,7704510396926;-19,5432018278614;2,68199219822906;1,52838389719892;1,55555567096163;0,906735395569924;0,505569093294629;0,505568510213577;0,542423295383888;0,645128743653648;0,999999654320567;0,839312184375599;0,686365732674007;0,484882772849465;0,338111817657018;-2,14551609259277;-2,4282524118668;-2,59869384510399;-3,05978324250474;-4,0610219701259;-3,99395385733955;-3,3217977374888;-2,72007905507952;-2,13829182353672;-1,18500861275905;-1,85736416666674;-2,23882456322202;-2,86260508058283;-5,02140762454537;-5,09729664790047;-4,06960428105759;-3,34524631734356;-2,65932913921636;0,0616023919182442;0,0160928837337721;0,0388562224715487;0,0179218411707625;0,0385225292945519;0,00612082035677787;0,015699196058898;0,00918210322227181;-1,673573027927656;-0,14024404271791316;1;1;1;-3;-3;1;1;1;-13174,5977412378;NA;All
580;1,88304088315069;2,84254900688767;2,29896849114977;2,50980797761203;2,71397452471025;2,28043562394877;2,41260264278576;2,44819771007298;2,45700793771892;1,97913013422064;1,92132520506502;1,63046728101526;1,43501376778664;4,90550357958464;1,52473550763761;1,76609058341847;1,91673558388257;1,51866759986513;1,93717807202571;1,61222558828219;-21,2493949166985;-3,79008603045278;-7,20969029393746;-8,51566303812501;-5,61065921085665;-5,62225021785504;-10,536537451225;-9,44246507450126;-6,41341979102222;-16,1050701691777;-11,9039710737268;-17,958603469274;-25,1241603258947;-42,2201109096562;-17,9934367568665;-15,1495215606078;-15,8921403085173;-20,6995455137417;-14,7704510396926;-19,5432018278614;2,68199219822906;1,52838389719892;1,55555567096163;0,906735395569924;0,505569093294629;0,505568510213577;0,542423295383888;0,645128743653648;0,999999654320567;0,839312184375599;0,686365732674007;0,484882772849465;0,338111817657018;-2,14551609259277;-2,4282524118668;-2,59869384510399;-3,05978324250474;-4,0610219701259;-3,99395385733955;-3,3217977374888;-2,72007905507952;-2,13829182353672;-1,18500861275905;-1,85736416666674;-2,23882456322202;-2,86260508058283;-5,02140762454537;-5,09729664790047;-4,06960428105759;-3,34524631734356;-2,65932913921636;0,0616023919182442;0,0160928837337721;0,0388562224715487;0,0179218411707625;0,0385225292945519;0,00612082035677787;0,015699196058898;0,00918210322227181;-1,673573027927656;-0,14024404271791316;1;1;1;-3;-3;1;1;1;-13174,5977412378;NA;All
590;1,88304088315069;2,84254900688767;2,29896849114977;2,50980797761203;2,71397452471025;2,28043562394877;2,41260264278576;2,44819771007298;2,45700793771892;1,97913013422064;1,92132520506502;1,63046728101526;1,43501376778664;4,90550357958464;1,52473550763761;1,76609058341847;1,91673558388257;1,51866759986513;1,93717807202571;1,61222558828219;-21,2493949166985;-3,79008603045278;-7,20969029393746;-8,51566303812501;-5,61065921085665;-5,62225021785504;-10,536537451225;-9,44246507450126;-6,41341979102222;-16,1050701691777;-11,9039710737268;-17,958603469274;-25,1241603258947;-42,2201109096562;-17,9934367568665;-15,1495215606078;-15,8921403085173;-20,6995455137417;-14,7704510396926;-19,5432018278614;2,68199219822906;1,52838389719892;1,55555567096163;0,906735395569924;0,505569093294629;0,505568510213577;0,542423295383888;0,645128743653648;0,999999654320567;0,839312184375599;0,686365732674007;0,484882772849465;0,338111817657018;-2,14551609259277;-2,4282524118668;-2,59869384510399;-3,05978324250474;-4,0610219701259;-3,99395385733955;-3,3217977374888;-2,72007905507952;-2,13829182353672;-1,18500861275905;-1,85736416666674;-2,23882456322202;-2,86260508058283;-5,02140762454537;-5,09729664790047;-4,06960428105759;-3,34524631734356;-2,65932913921636;0,0616023919182442;0,0160928837337721;0,0388562224715487;0,0179218411707625;0,0385225292945519;0,00612082035677787;0,015699196058898;0,00918210322227181;-1,624636837546756;-0,60259365257357800;1;1;1;-3;-3;1;1;1;-13176,9331661687;NA;All
600;1,88304088315069;2,84254900688767;2,29896849114977;2,50980797761203;2,71397452471025;2,28043562394877;2,41260264278576;2,44819771007298;2,45700793771892;1,97913013422064;1,92132520506502;1,63046728101526;1,43501376778664;4,90550357958464;1,52473550763761;1,76609058341847;1,91673558388257;1,51866759986513;1,93717807202571;1,61222558828219;-21,2493949166985;-3,79008603045278;-7,20969029393746;-8,51566303812501;-5,61065921085665;-5,62225021785504;-10,536537451225;-9,44246507450126;-6,41341979102222;-16,1050701691777;-11,9039710737268;-17,958603469274;-25,1241603258947;-42,2201109096562;-17,9934367568665;-15,1495215606078;-15,8921403085173;-20,6995455137417;-14,7704510396926;-19,5432018278614;2,68199219822906;1,52838389719892;1,55555567096163;0,906735395569924;0,505569093294629;0,505568510213577;0,542423295383888;0,645128743653648;0,999999654320567;0,839312184375599;0,686365732674007;0,484882772849465;0,338111817657018;-2,14551609259277;-2,4282524118668;-2,59869384510399;-3,05978324250474;-4,0610219701259;-3,99395385733955;-3,3217977374888;-2,72007905507952;-2,13829182353672;-1,18500861275905;-1,85736416666674;-2,23882456322202;-2,86260508058283;-5,02140762454537;-5,09729664790047;-4,06960428105759;-3,34524631734356;-2,65932913921636;0,0616023919182442;0,0160928837337721;0,0388562224715487;0,0179218411707625;0,0385225292945519;0,00612082035677787;0,015699196058898;0,00918210322227181;-1,182562362607219;-0,15083042577432854;1;1;1;-3;-3;1;1;1;-13175,1267958825;NA;All
610;1,88304088315069;2,84254900688767;2,29896849114977;2,50980797761203;2,71397452471025;2,28043562394877;2,41260264278576;2,44819771007298;2,45700793771892;1,97913013422064;1,92132520506502;1,63046728101526;1,43501376778664;4,90550357958464;1,52473550763761;1,76609058341847;1,91673558388257;1,51866759986513;1,93717807202571;1,61222558828219;-21,2493949166985;-3,79008603045278;-7,20969029393746;-8,51566303812501;-5,61065921085665;-5,62225021785504;-10,536537451225;-9,44246507450126;-6,41341979102222;-16,1050701691777;-11,9039710737268;-17,958603469274;-25,1241603258947;-42,2201109096562;-17,9934367568665;-15,1495215606078;-15,8921403085173;-20,6995455137417;-14,7704510396926;-19,5432018278614;2,68199219822906;1,52838389719892;1,55555567096163;0,906735395569924;0,505569093294629;0,505568510213577;0,542423295383888;0,645128743653648;0,999999654320567;0,839312184375599;0,686365732674007;0,484882772849465;0,338111817657018;-2,14551609259277;-2,4282524118668;-2,59869384510399;-3,05978324250474;-4,0610219701259;-3,99395385733955;-3,3217977374888;-2,72007905507952;-2,13829182353672;-1,18500861275905;-1,85736416666674;-2,23882456322202;-2,86260508058283;-5,02140762454537;-5,09729664790047;-4,06960428105759;-3,34524631734356;-2,65932913921636;0,0616023919182442;0,0160928837337721;0,0388562224715487;0,0179218411707625;0,0385225292945519;0,00612082035677787;0,015699196058898;0,00918210322227181;-3,089557210264552;-0,46972883737890025;1;1;1;-3;-3;1;1;1;-13176,0166327476;NA;All
620;1,88304088315069;2,84254900688767;2,29896849114977;2,50980797761203;2,71397452471025;2,28043562394877;2,41260264278576;2,44819771007298;2,45700793771892;1,97913013422064;1,92132520506502;1,63046728101526;1,43501376778664;4,90550357958464;1,52473550763761;1,76609058341847;1,91673558388257;1,51866759986513;1,93717807202571;1,61222558828219;-21,2493949166985;-3,79008603045278;-7,20969029393746;-8,51566303812501;-5,61065921085665;-5,62225021785504;-10,536537451225;-9,44246507450126;-6,41341979102222;-16,1050701691777;-11,9039710737268;-17,958603469274;-25,1241603258947;-42,2201109096562;-17,9934367568665;-15,1495215606078;-15,8921403085173;-20,6995455137417;-14,7704510396926;-19,5432018278614;2,68199219822906;1,52838389719892;1,55555567096163;0,906735395569924;0,505569093294629;0,505568510213577;0,542423295383888;0,645128743653648;0,999999654320567;0,839312184375599;0,686365732674007;0,484882772849465;0,338111817657018;-2,14551609259277;-2,4282524118668;-2,59869384510399;-3,05978324250474;-4,0610219701259;-3,99395385733955;-3,3217977374888;-2,72007905507952;-2,13829182353672;-1,18500861275905;-1,85736416666674;-2,23882456322202;-2,86260508058283;-5,02140762454537;-5,09729664790047;-4,06960428105759;-3,34524631734356;-2,65932913921636;0,0616023919182442;0,0160928837337721;0,0388562224715487;0,0179218411707625;0,0385225292945519;0,00612082035677787;0,015699196058898;0,00918210322227181;-3,244089941360482;-0,47346322411450631;1;1;1;-3;-3;1;1;1;-13176,0349220428;NA;All
630;1,88304088315069;2,84254900688767;2,29896849114977;2,50980797761203;2,71397452471025;2,28043562394877;2,41260264278576;2,44819771007298;2,45700793771892;1,97913013422064;1,92132520506502;1,63046728101526;1,43501376778664;4,90550357958464;1,52473550763761;1,76609058341847;1,91673558388257;1,51866759986513;1,93717807202571;1,61222558828219;-21,2493949166985;-3,79008603045278;-7,20969029393746;-8,51566303812501;-5,61065921085665;-5,62225021785504;-10,536537451225;-9,44246507450126;-6,41341979102222;-16,1050701691777;-11,9039710737268;-17,958603469274;-25,1241603258947;-42,2201109096562;-17,9934367568665;-15,1495215606078;-15,8921403085173;-20,6995455137417;-14,7704510396926;-19,5432018278614;2,68199219822906;1,52838389719892;1,55555567096163;0,906735395569924;0,505569093294629;0,505568510213577;0,542423295383888;0,645128743653648;0,999999654320567;0,839312184375599;0,686365732674007;0,484882772849465;0,338111817657018;-2,14551609259277;-2,4282524118668;-2,59869384510399;-3,05978324250474;-4,0610219701259;-3,99395385733955;-3,3217977374888;-2,72007905507952;-2,13829182353672;-1,18500861275905;-1,85736416666674;-2,23882456322202;-2,86260508058283;-5,02140762454537;-5,09729664790047;-4,06960428105759;-3,34524631734356;-2,65932913921636;0,0616023919182442;0,0160928837337721;0,0388562224715487;0,0179218411707625;0,0385225292945519;0,00612082035677787;0,015699196058898;0,00918210322227181;-0,977306895205877;-0,40608267945803506;1;1;1;-3;-3;1;1;1;-13176,7343503896;NA;All
640;1,88304088315069;2,84254900688767;2,29896849114977;2,50980797761203;2,71397452471025;2,28043562394877;2,41260264278576;2,44819771007298;2,45700793771892;1,97913013422064;1,92132520506502;1,63046728101526;1,43501376778664;4,90550357958464;1,52473550763761;1,76609058341847;1,91673558388257;1,51866759986513;1,93717807202571;1,61222558828219;-21,2493949166985;-3,79008603045278;-7,20969029393746;-8,51566303812501;-5,61065921085665;-5,62225021785504;-10,536537451225;-9,44246507450126;-6,41341979102222;-16,1050701691777;-11,9039710737268;-17,958603469274;-25,1241603258947;-42,2201109096562;-17,9934367568665;-15,1495215606078;-15,8921403085173;-20,6995455137417;-14,7704510396926;-19,5432018278614;2,68199219822906;1,52838389719892;1,55555567096163;0,906735395569924;0,505569093294629;0,505568510213577;0,542423295383888;0,645128743653648;0,999999654320567;0,839312184375599;0,686365732674007;0,484882772849465;0,338111817657018;-2,14551609259277;-2,4282524118668;-2,59869384510399;-3,05978324250474;-4,0610219701259;-3,99395385733955;-3,3217977374888;-2,72007905507952;-2,13829182353672;-1,18500861275905;-1,85736416666674;-2,23882456322202;-2,86260508058283;-5,02140762454537;-5,09729664790047;-4,06960428105759;-3,34524631734356;-2,65932913921636;0,0616023919182442;0,0160928837337721;0,0388562224715487;0,0179218411707625;0,0385225292945519;0,00612082035677787;0,015699196058898;0,00918210322227181;-2,264888241697785;0,16661364215667895;1;1;1;-3;-3;1;1;1;-13175,9328467207;NA;All
650;1,88304088315069;2,84254900688767;2,29896849114977;2,50980797761203;2,71397452471025;2,28043562394877;2,41260264278576;2,44819771007298;2,45700793771892;1,97913013422064;1,92132520506502;1,63046728101526;1,43501376778664;4,90550357958464;1,52473550763761;1,76609058341847;1,91673558388257;1,51866759986513;1,93717807202571;1,61222558828219;-21,2493949166985;-3,79008603045278;-7,20969029393746;-8,51566303812501;-5,61065921085665;-5,62225021785504;-10,536537451225;-9,44246507450126;-6,41341979102222;-16,1050701691777;-11,9039710737268;-17,958603469274;-25,1241603258947;-42,2201109096562;-17,9934367568665;-15,1495215606078;-15,8921403085173;-20,6995455137417;-14,7704510396926;-19,5432018278614;2,68199219822906;1,52838389719892;1,55555567096163;0,906735395569924;0,505569093294629;0,505568510213577;0,542423295383888;0,645128743653648;0,999999654320567;0,839312184375599;0,686365732674007;0,484882772849465;0,338111817657018;-2,14551609259277;-2,4282524118668;-2,59869384510399;-3,05978324250474;-4,0610219701259;-3,99395385733955;-3,3217977374888;-2,72007905507952;-2,13829182353672;-1,18500861275905;-1,85736416666674;-2,23882456322202;-2,86260508058283;-5,02140762454537;-5,09729664790047;-4,06960428105759;-3,34524631734356;-2,65932913921636;0,0616023919182442;0,0160928837337721;0,0388562224715487;0,0179218411707625;0,0385225292945519;0,00612082035677787;0,015699196058898;0,00918210322227181;-2,847836797403050;-0,05522403831173806;1;1;1;-3;-3;1;1;1;-13174,2643098354;NA;All
660;1,88304088315069;2,84254900688767;2,29896849114977;2,50980797761203;2,71397452471025;2,28043562394877;2,41260264278576;2,44819771007298;2,45700793771892;1,97913013422064;1,92132520506502;1,63046728101526;1,43501376778664;4,90550357958464;1,52473550763761;1,76609058341847;1,91673558388257;1,51866759986513;1,93717807202571;1,61222558828219;-21,2493949166985;-3,79008603045278;-7,20969029393746;-8,51566303812501;-5,61065921085665;-5,62225021785504;-10,536537451225;-9,44246507450126;-6,41341979102222;-16,1050701691777;-11,9039710737268;-17,958603469274;-25,1241603258947;-42,2201109096562;-17,9934367568665;-15,1495215606078;-15,8921403085173;-20,6995455137417;-14,7704510396926;-19,5432018278614;2,68199219822906;1,52838389719892;1,55555567096163;0,906735395569924;0,505569093294629;0,505568510213577;0,542423295383888;0,645128743653648;0,999999654320567;0,839312184375599;0,686365732674007;0,484882772849465;0,338111817657018;-2,14551609259277;-2,4282524118668;-2,59869384510399;-3,05978324250474;-4,0610219701259;-3,99395385733955;-3,3217977374888;-2,72007905507952;-2,13829182353672;-1,18500861275905;-1,85736416666674;-2,23882456322202;-2,86260508058283;-5,02140762454537;-5,09729664790047;-4,06960428105759;-3,34524631734356;-2,65932913921636;0,0616023919182442;0,0160928837337721;0,0388562224715487;0,0179218411707625;0,0385225292945519;0,00612082035677787;0,015699196058898;0,00918210322227181;-2,079912046819604;-0,09289243183916204;1;1;1;-3;-3;1;1;1;-13174,3615233936;NA;All
670;1,88304088315069;2,84254900688767;2,29896849114977;2,50980797761203;2,71397452471025;2,28043562394877;2,41260264278576;2,44819771007298;2,45700793771892;1,97913013422064;1,92132520506502;1,63046728101526;1,43501376778664;4,90550357958464;1,52473550763761;1,76609058341847;1,91673558388257;1,51866759986513;1,93717807202571;1,61222558828219;-21,2493949166985;-3,79008603045278;-7,20969029393746;-8,51566303812501;-5,61065921085665;-5,62225021785504;-10,536537451225;-9,44246507450126;-6,41341979102222;-16,1050701691777;-11,9039710737268;-17,958603469274;-25,1241603258947;-42,2201109096562;-17,9934367568665;-15,1495215606078;-15,8921403085173;-20,6995455137417;-14,7704510396926;-19,5432018278614;2,68199219822906;1,52838389719892;1,55555567096163;0,906735395569924;0,505569093294629;0,505568510213577;0,542423295383888;0,645128743653648;0,999999654320567;0,839312184375599;0,686365732674007;0,484882772849465;0,338111817657018;-2,14551609259277;-2,4282524118668;-2,59869384510399;-3,05978324250474;-4,0610219701259;-3,99395385733955;-3,3217977374888;-2,72007905507952;-2,13829182353672;-1,18500861275905;-1,85736416666674;-2,23882456322202;-2,86260508058283;-5,02140762454537;-5,09729664790047;-4,06960428105759;-3,34524631734356;-2,65932913921636;0,0616023919182442;0,0160928837337721;0,0388562224715487;0,0179218411707625;0,0385225292945519;0,00612082035677787;0,015699196058898;0,00918210322227181;-3,725637691547337;0,10619159497153792;1;1;1;-3;-3;1;1;1;-13175,0348028929;NA;All
680;1,88304088315069;2,84254900688767;2,29896849114977;2,50980797761203;2,71397452471025;2,28043562394877;2,41260264278576;2,44819771007298;2,45700793771892;1,97913013422064;1,92132520506502;1,63046728101526;1,43501376778664;4,90550357958464;1,52473550763761;1,76609058341847;1,91673558388257;1,51866759986513;1,93717807202571;1,61222558828219;-21,2493949166985;-3,79008603045278;-7,20969029393746;-8,51566303812501;-5,61065921085665;-5,62225021785504;-10,536537451225;-9,44246507450126;-6,41341979102222;-16,1050701691777;-11,9039710737268;-17,958603469274;-25,1241603258947;-42,2201109096562;-17,9934367568665;-15,1495215606078;-15,8921403085173;-20,6995455137417;-14,7704510396926;-19,5432018278614;2,68199219822906;1,52838389719892;1,55555567096163;0,906735395569924;0,505569093294629;0,505568510213577;0,542423295383888;0,645128743653648;0,999999654320567;0,839312184375599;0,686365732674007;0,484882772849465;0,338111817657018;-2,14551609259277;-2,4282524118668;-2,59869384510399;-3,05978324250474;-4,0610219701259;-3,99395385733955;-3,3217977374888;-2,72007905507952;-2,13829182353672;-1,18500861275905;-1,85736416666674;-2,23882456322202;-2,86260508058283;-5,02140762454537;-5,09729664790047;-4,06960428105759;-3,34524631734356;-2,65932913921636;0,0616023919182442;0,0160928837337721;0,0388562224715487;0,0179218411707625;0,0385225292945519;0,00612082035677787;0,015699196058898;0,00918210322227181;-0,926942688582070;-0,01788702708506623;1;1;1;-3;-3;1;1;1;-13175,7221370790;NA;All
690;1,88304088315069;2,84254900688767;2,29896849114977;2,50980797761203;2,71397452471025;2,28043562394877;2,41260264278576;2,44819771007298;2,45700793771892;1,97913013422064;1,92132520506502;1,63046728101526;1,43501376778664;4,90550357958464;1,52473550763761;1,76609058341847;1,91673558388257;1,51866759986513;1,93717807202571;1,61222558828219;-21,2493949166985;-3,79008603045278;-7,20969029393746;-8,51566303812501;-5,61065921085665;-5,62225021785504;-10,536537451225;-9,44246507450126;-6,41341979102222;-16,1050701691777;-11,9039710737268;-17,958603469274;-25,1241603258947;-42,2201109096562;-17,9934367568665;-15,1495215606078;-15,8921403085173;-20,6995455137417;-14,7704510396926;-19,5432018278614;2,68199219822906;1,52838389719892;1,55555567096163;0,906735395569924;0,505569093294629;0,505568510213577;0,542423295383888;0,645128743653648;0,999999654320567;0,839312184375599;0,686365732674007;0,484882772849465;0,338111817657018;-2,14551609259277;-2,4282524118668;-2,59869384510399;-3,05978324250474;-4,0610219701259;-3,99395385733955;-3,3217977374888;-2,72007905507952;-2,13829182353672;-1,18500861275905;-1,85736416666674;-2,23882456322202;-2,86260508058283;-5,02140762454537;-5,09729664790047;-4,06960428105759;-3,34524631734356;-2,65932913921636;0,0616023919182442;0,0160928837337721;0,0388562224715487;0,0179218411707625;0,0385225292945519;0,00612082035677787;0,015699196058898;0,00918210322227181;-2,388706560606443;-0,04388044009901390;1;1;1;-3;-3;1;1;1;-13174,2983228334;NA;All
700;1,88304088315069;2,84254900688767;2,29896849114977;2,50980797761203;2,71397452471025;2,28043562394877;2,41260264278576;2,44819771007298;2,45700793771892;1,97913013422064;1,92132520506502;1,63046728101526;1,43501376778664;4,90550357958464;1,52473550763761;1,76609058341847;1,91673558388257;1,51866759986513;1,93717807202571;1,61222558828219;-21,2493949166985;-3,79008603045278;-7,20969029393746;-8,51566303812501;-5,61065921085665;-5,62225021785504;-10,536537451225;-9,44246507450126;-6,41341979102222;-16,1050701691777;-11,9039710737268;-17,958603469274;-25,1241603258947;-42,2201109096562;-17,9934367568665;-15,1495215606078;-15,8921403085173;-20,6995455137417;-14,7704510396926;-19,5432018278614;2,68199219822906;1,52838389719892;1,55555567096163;0,906735395569924;0,505569093294629;0,505568510213577;0,542423295383888;0,645128743653648;0,999999654320567;0,839312184375599;0,686365732674007;0,484882772849465;0,338111817657018;-2,14551609259277;-2,4282524118668;-2,59869384510399;-3,05978324250474;-4,0610219701259;-3,99395385733955;-3,3217977374888;-2,72007905507952;-2,13829182353672;-1,18500861275905;-1,85736416666674;-2,23882456322202;-2,86260508058283;-5,02140762454537;-5,09729664790047;-4,06960428105759;-3,34524631734356;-2,65932913921636;0,0616023919182442;0,0160928837337721;0,0388562224715487;0,0179218411707625;0,0385225292945519;0,00612082035677787;0,015699196058898;0,00918210322227181;-3,465364789829412;-0,29618261320381156;1;1;1;-3;-3;1;1;1;-13175,0447165567;NA;All
710;1,88304088315069;2,84254900688767;2,29896849114977;2,50980797761203;2,71397452471025;2,28043562394877;2,41260264278576;2,44819771007298;2,45700793771892;1,97913013422064;1,92132520506502;1,63046728101526;1,43501376778664;4,90550357958464;1,52473550763761;1,76609058341847;1,91673558388257;1,51866759986513;1,93717807202571;1,61222558828219;-21,2493949166985;-3,79008603045278;-7,20969029393746;-8,51566303812501;-5,61065921085665;-5,62225021785504;-10,536537451225;-9,44246507450126;-6,41341979102222;-16,1050701691777;-11,9039710737268;-17,958603469274;-25,1241603258947;-42,2201109096562;-17,9934367568665;-15,1495215606078;-15,8921403085173;-20,6995455137417;-14,7704510396926;-19,5432018278614;2,68199219822906;1,52838389719892;1,55555567096163;0,906735395569924;0,505569093294629;0,505568510213577;0,542423295383888;0,645128743653648;0,999999654320567;0,839312184375599;0,686365732674007;0,484882772849465;0,338111817657018;-2,14551609259277;-2,4282524118668;-2,59869384510399;-3,05978324250474;-4,0610219701259;-3,99395385733955;-3,3217977374888;-2,72007905507952;-2,13829182353672;-1,18500861275905;-1,85736416666674;-2,23882456322202;-2,86260508058283;-5,02140762454537;-5,09729664790047;-4,06960428105759;-3,34524631734356;-2,65932913921636;0,0616023919182442;0,0160928837337721;0,0388562224715487;0,0179218411707625;0,0385225292945519;0,00612082035677787;0,015699196058898;0,00918210322227181;-2,319822652310587;0,03056704407484928;1;1;1;-3;-3;1;1;1;-13174,5053812097;NA;All
720;1,88304088315069;2,84254900688767;2,29896849114977;2,50980797761203;2,71397452471025;2,28043562394877;2,41260264278576;2,44819771007298;2,45700793771892;1,97913013422064;1,92132520506502;1,63046728101526;1,43501376778664;4,90550357958464;1,52473550763761;1,76609058341847;1,91673558388257;1,51866759986513;1,93717807202571;1,61222558828219;-21,2493949166985;-3,79008603045278;-7,20969029393746;-8,51566303812501;-5,61065921085665;-5,62225021785504;-10,536537451225;-9,44246507450126;-6,41341979102222;-16,1050701691777;-11,9039710737268;-17,958603469274;-25,1241603258947;-42,2201109096562;-17,9934367568665;-15,1495215606078;-15,8921403085173;-20,6995455137417;-14,7704510396926;-19,5432018278614;2,68199219822906;1,52838389719892;1,55555567096163;0,906735395569924;0,505569093294629;0,505568510213577;0,542423295383888;0,645128743653648;0,999999654320567;0,839312184375599;0,686365732674007;0,484882772849465;0,338111817657018;-2,14551609259277;-2,4282524118668;-2,59869384510399;-3,05978324250474;-4,0610219701259;-3,99395385733955;-3,3217977374888;-2,72007905507952;-2,13829182353672;-1,18500861275905;-1,85736416666674;-2,23882456322202;-2,86260508058283;-5,02140762454537;-5,09729664790047;-4,06960428105759;-3,34524631734356;-2,65932913921636;0,0616023919182442;0,0160928837337721;0,0388562224715487;0,0179218411707625;0,0385225292945519;0,00612082035677787;0,015699196058898;0,00918210322227181;-2,319822652310587;0,03056704407484928;1;1;1;-3;-3;1;1;1;-13174,5053812097;NA;All
730;1,88304088315069;2,84254900688767;2,29896849114977;2,50980797761203;2,71397452471025;2,28043562394877;2,41260264278576;2,44819771007298;2,45700793771892;1,97913013422064;1,92132520506502;1,63046728101526;1,43501376778664;4,90550357958464;1,52473550763761;1,76609058341847;1,91673558388257;1,51866759986513;1,93717807202571;1,61222558828219;-21,2493949166985;-3,79008603045278;-7,20969029393746;-8,51566303812501;-5,61065921085665;-5,62225021785504;-10,536537451225;-9,44246507450126;-6,41341979102222;-16,1050701691777;-11,9039710737268;-17,958603469274;-25,1241603258947;-42,2201109096562;-17,9934367568665;-15,1495215606078;-15,8921403085173;-20,6995455137417;-14,7704510396926;-19,5432018278614;2,68199219822906;1,52838389719892;1,55555567096163;0,906735395569924;0,505569093294629;0,505568510213577;0,542423295383888;0,645128743653648;0,999999654320567;0,839312184375599;0,686365732674007;0,484882772849465;0,338111817657018;-2,14551609259277;-2,4282524118668;-2,59869384510399;-3,05978324250474;-4,0610219701259;-3,99395385733955;-3,3217977374888;-2,72007905507952;-2,13829182353672;-1,18500861275905;-1,85736416666674;-2,23882456322202;-2,86260508058283;-5,02140762454537;-5,09729664790047;-4,06960428105759;-3,34524631734356;-2,65932913921636;0,0616023919182442;0,0160928837337721;0,0388562224715487;0,0179218411707625;0,0385225292945519;0,00612082035677787;0,015699196058898;0,00918210322227181;-3,014757827491183;-0,23222236171420169;1;1;1;-3;-3;1;1;1;-13174,7318983469;NA;All
740;1,88304088315069;2,84254900688767;2,29896849114977;2,50980797761203;2,71397452471025;2,28043562394877;2,41260264278576;2,44819771007298;2,45700793771892;1,97913013422064;1,92132520506502;1,63046728101526;1,43501376778664;4,90550357958464;1,52473550763761;1,76609058341847;1,91673558388257;1,51866759986513;1,93717807202571;1,61222558828219;-21,2493949166985;-3,79008603045278;-7,20969029393746;-8,51566303812501;-5,61065921085665;-5,62225021785504;-10,536537451225;-9,44246507450126;-6,41341979102222;-16,1050701691777;-11,9039710737268;-17,958603469274;-25,1241603258947;-42,2201109096562;-17,9934367568665;-15,1495215606078;-15,8921403085173;-20,6995455137417;-14,7704510396926;-19,5432018278614;2,68199219822906;1,52838389719892;1,55555567096163;0,906735395569924;0,505569093294629;0,505568510213577;0,542423295383888;0,645128743653648;0,999999654320567;0,839312184375599;0,686365732674007;0,484882772849465;0,338111817657018;-2,14551609259277;-2,4282524118668;-2,59869384510399;-3,05978324250474;-4,0610219701259;-3,99395385733955;-3,3217977374888;-2,72007905507952;-2,13829182353672;-1,18500861275905;-1,85736416666674;-2,23882456322202;-2,86260508058283;-5,02140762454537;-5,09729664790047;-4,06960428105759;-3,34524631734356;-2,65932913921636;0,0616023919182442;0,0160928837337721;0,0388562224715487;0,0179218411707625;0,0385225292945519;0,00612082035677787;0,015699196058898;0,00918210322227181;-3,683256463792605;0,15056711436360926;1;1;1;-3;-3;1;1;1;-13175,6110317308;NA;All
750;1,88304088315069;2,84254900688767;2,29896849114977;2,50980797761203;2,71397452471025;2,28043562394877;2,41260264278576;2,44819771007298;2,45700793771892;1,97913013422064;1,92132520506502;1,63046728101526;1,43501376778664;4,90550357958464;1,52473550763761;1,76609058341847;1,91673558388257;1,51866759986513;1,93717807202571;1,61222558828219;-21,2493949166985;-3,79008603045278;-7,20969029393746;-8,51566303812501;-5,61065921085665;-5,62225021785504;-10,536537451225;-9,44246507450126;-6,41341979102222;-16,1050701691777;-11,9039710737268;-17,958603469274;-25,1241603258947;-42,2201109096562;-17,9934367568665;-15,1495215606078;-15,8921403085173;-20,6995455137417;-14,7704510396926;-19,5432018278614;2,68199219822906;1,52838389719892;1,55555567096163;0,906735395569924;0,505569093294629;0,505568510213577;0,542423295383888;0,645128743653648;0,999999654320567;0,839312184375599;0,686365732674007;0,484882772849465;0,338111817657018;-2,14551609259277;-2,4282524118668;-2,59869384510399;-3,05978324250474;-4,0610219701259;-3,99395385733955;-3,3217977374888;-2,72007905507952;-2,13829182353672;-1,18500861275905;-1,85736416666674;-2,23882456322202;-2,86260508058283;-5,02140762454537;-5,09729664790047;-4,06960428105759;-3,34524631734356;-2,65932913921636;0,0616023919182442;0,0160928837337721;0,0388562224715487;0,0179218411707625;0,0385225292945519;0,00612082035677787;0,015699196058898;0,00918210322227181;-3,683256463792605;0,15056711436360926;1;1;1;-3;-3;1;1;1;-13175,6110317308;NA;All
760;1,88304088315069;2,84254900688767;2,29896849114977;2,50980797761203;2,71397452471025;2,28043562394877;2,41260264278576;2,44819771007298;2,45700793771892;1,97913013422064;1,92132520506502;1,63046728101526;1,43501376778664;4,90550357958464;1,52473550763761;1,76609058341847;1,91673558388257;1,51866759986513;1,93717807202571;1,61222558828219;-21,2493949166985;-3,79008603045278;-7,20969029393746;-8,51566303812501;-5,61065921085665;-5,62225021785504;-10,536537451225;-9,44246507450126;-6,41341979102222;-16,1050701691777;-11,9039710737268;-17,958603469274;-25,1241603258947;-42,2201109096562;-17,9934367568665;-15,1495215606078;-15,8921403085173;-20,6995455137417;-14,7704510396926;-19,5432018278614;2,68199219822906;1,52838389719892;1,55555567096163;0,906735395569924;0,505569093294629;0,505568510213577;0,542423295383888;0,645128743653648;0,999999654320567;0,839312184375599;0,686365732674007;0,484882772849465;0,338111817657018;-2,14551609259277;-2,4282524118668;-2,59869384510399;-3,05978324250474;-4,0610219701259;-3,99395385733955;-3,3217977374888;-2,72007905507952;-2,13829182353672;-1,18500861275905;-1,85736416666674;-2,23882456322202;-2,86260508058283;-5,02140762454537;-5,09729664790047;-4,06960428105759;-3,34524631734356;-2,65932913921636;0,0616023919182442;0,0160928837337721;0,0388562224715487;0,0179218411707625;0,0385225292945519;0,00612082035677787;0,015699196058898;0,00918210322227181;-3,345648367479783;-0,27990946379246456;1;1;1;-3;-3;1;1;1;-13174,9608559012;NA;All
770;1,88304088315069;2,84254900688767;2,29896849114977;2,50980797761203;2,71397452471025;2,28043562394877;2,41260264278576;2,44819771007298;2,45700793771892;1,97913013422064;1,92132520506502;1,63046728101526;1,43501376778664;4,90550357958464;1,52473550763761;1,76609058341847;1,91673558388257;1,51866759986513;1,93717807202571;1,61222558828219;-21,2493949166985;-3,79008603045278;-7,20969029393746;-8,51566303812501;-5,61065921085665;-5,62225021785504;-10,536537451225;-9,44246507450126;-6,41341979102222;-16,1050701691777;-11,9039710737268;-17,958603469274;-25,1241603258947;-42,2201109096562;-17,9934367568665;-15,1495215606078;-15,8921403085173;-20,6995455137417;-14,7704510396926;-19,5432018278614;2,68199219822906;1,52838389719892;1,55555567096163;0,906735395569924;0,505569093294629;0,505568510213577;0,542423295383888;0,645128743653648;0,999999654320567;0,839312184375599;0,686365732674007;0,484882772849465;0,338111817657018;-2,14551609259277;-2,4282524118668;-2,59869384510399;-3,05978324250474;-4,0610219701259;-3,99395385733955;-3,3217977374888;-2,72007905507952;-2,13829182353672;-1,18500861275905;-1,85736416666674;-2,23882456322202;-2,86260508058283;-5,02140762454537;-5,09729664790047;-4,06960428105759;-3,34524631734356;-2,65932913921636;0,0616023919182442;0,0160928837337721;0,0388562224715487;0,0179218411707625;0,0385225292945519;0,00612082035677787;0,015699196058898;0,00918210322227181;-3,345648367479783;-0,27990946379246456;1;1;1;-3;-3;1;1;1;-13174,9608559012;NA;All
780;1,88304088315069;2,84254900688767;2,29896849114977;2,50980797761203;2,71397452471025;2,28043562394877;2,41260264278576;2,44819771007298;2,45700793771892;1,97913013422064;1,92132520506502;1,63046728101526;1,43501376778664;4,90550357958464;1,52473550763761;1,76609058341847;1,91673558388257;1,51866759986513;1,93717807202571;1,61222558828219;-21,2493949166985;-3,79008603045278;-7,20969029393746;-8,51566303812501;-5,61065921085665;-5,62225021785504;-10,536537451225;-9,44246507450126;-6,41341979102222;-16,1050701691777;-11,9039710737268;-17,958603469274;-25,1241603258947;-42,2201109096562;-17,9934367568665;-15,1495215606078;-15,8921403085173;-20,6995455137417;-14,7704510396926;-19,5432018278614;2,68199219822906;1,52838389719892;1,55555567096163;0,906735395569924;0,505569093294629;0,505568510213577;0,542423295383888;0,645128743653648;0,999999654320567;0,839312184375599;0,686365732674007;0,484882772849465;0,338111817657018;-2,14551609259277;-2,4282524118668;-2,59869384510399;-3,05978324250474;-4,0610219701259;-3,99395385733955;-3,3217977374888;-2,72007905507952;-2,13829182353672;-1,18500861275905;-1,85736416666674;-2,23882456322202;-2,86260508058283;-5,02140762454537;-5,09729664790047;-4,06960428105759;-3,34524631734356;-2,65932913921636;0,0616023919182442;0,0160928837337721;0,0388562224715487;0,0179218411707625;0,0385225292945519;0,00612082035677787;0,015699196058898;0,00918210322227181;-3,761623213039678;-0,27573838735017048;1;1;1;-3;-3;1;1;1;-13174,9365963007;NA;All
790;1,88304088315069;2,84254900688767;2,29896849114977;2,50980797761203;2,71397452471025;2,28043562394877;2,41260264278576;2,44819771007298;2,45700793771892;1,97913013422064;1,92132520506502;1,63046728101526;1,43501376778664;4,90550357958464;1,52473550763761;1,76609058341847;1,91673558388257;1,51866759986513;1,93717807202571;1,61222558828219;-21,2493949166985;-3,79008603045278;-7,20969029393746;-8,51566303812501;-5,61065921085665;-5,62225021785504;-10,536537451225;-9,44246507450126;-6,41341979102222;-16,1050701691777;-11,9039710737268;-17,958603469274;-25,1241603258947;-42,2201109096562;-17,9934367568665;-15,1495215606078;-15,8921403085173;-20,6995455137417;-14,7704510396926;-19,5432018278614;2,68199219822906;1,52838389719892;1,55555567096163;0,906735395569924;0,505569093294629;0,505568510213577;0,542423295383888;0,645128743653648;0,999999654320567;0,839312184375599;0,686365732674007;0,484882772849465;0,338111817657018;-2,14551609259277;-2,4282524118668;-2,59869384510399;-3,05978324250474;-4,0610219701259;-3,99395385733955;-3,3217977374888;-2,72007905507952;-2,13829182353672;-1,18500861275905;-1,85736416666674;-2,23882456322202;-2,86260508058283;-5,02140762454537;-5,09729664790047;-4,06960428105759;-3,34524631734356;-2,65932913921636;0,0616023919182442;0,0160928837337721;0,0388562224715487;0,0179218411707625;0,0385225292945519;0,00612082035677787;0,015699196058898;0,00918210322227181;-2,210910951922375;-0,29310983665257673;1;1;1;-3;-3;1;1;1;-13175,0857130276;NA;All
800;1,88304088315069;2,84254900688767;2,29896849114977;2,50980797761203;2,71397452471025;2,28043562394877;2,41260264278576;2,44819771007298;2,45700793771892;1,97913013422064;1,92132520506502;1,63046728101526;1,43501376778664;4,90550357958464;1,52473550763761;1,76609058341847;1,91673558388257;1,51866759986513;1,93717807202571;1,61222558828219;-21,2493949166985;-3,79008603045278;-7,20969029393746;-8,51566303812501;-5,61065921085665;-5,62225021785504;-10,536537451225;-9,44246507450126;-6,41341979102222;-16,1050701691777;-11,9039710737268;-17,958603469274;-25,1241603258947;-42,2201109096562;-17,9934367568665;-15,1495215606078;-15,8921403085173;-20,6995455137417;-14,7704510396926;-19,5432018278614;2,68199219822906;1,52838389719892;1,55555567096163;0,906735395569924;0,505569093294629;0,505568510213577;0,542423295383888;0,645128743653648;0,999999654320567;0,839312184375599;0,686365732674007;0,484882772849465;0,338111817657018;-2,14551609259277;-2,4282524118668;-2,59869384510399;-3,05978324250474;-4,0610219701259;-3,99395385733955;-3,3217977374888;-2,72007905507952;-2,13829182353672;-1,18500861275905;-1,85736416666674;-2,23882456322202;-2,86260508058283;-5,02140762454537;-5,09729664790047;-4,06960428105759;-3,34524631734356;-2,65932913921636;0,0616023919182442;0,0160928837337721;0,0388562224715487;0,0179218411707625;0,0385225292945519;0,00612082035677787;0,015699196058898;0,00918210322227181;-2,891458374405240;-0,08480714419764188;1;1;1;-3;-3;1;1;1;-13174,2759883996;NA;All
810;1,88304088315069;2,84254900688767;2,29896849114977;2,50980797761203;2,71397452471025;2,28043562394877;2,41260264278576;2,44819771007298;2,45700793771892;1,97913013422064;1,92132520506502;1,63046728101526;1,43501376778664;4,90550357958464;1,52473550763761;1,76609058341847;1,91673558388257;1,51866759986513;1,93717807202571;1,61222558828219;-21,2493949166985;-3,79008603045278;-7,20969029393746;-8,51566303812501;-5,61065921085665;-5,62225021785504;-10,536537451225;-9,44246507450126;-6,41341979102222;-16,1050701691777;-11,9039710737268;-17,958603469274;-25,1241603258947;-42,2201109096562;-17,9934367568665;-15,1495215606078;-15,8921403085173;-20,6995455137417;-14,7704510396926;-19,5432018278614;2,68199219822906;1,52838389719892;1,55555567096163;0,906735395569924;0,505569093294629;0,505568510213577;0,542423295383888;0,645128743653648;0,999999654320567;0,839312184375599;0,686365732674007;0,484882772849465;0,338111817657018;-2,14551609259277;-2,4282524118668;-2,59869384510399;-3,05978324250474;-4,0610219701259;-3,99395385733955;-3,3217977374888;-2,72007905507952;-2,13829182353672;-1,18500861275905;-1,85736416666674;-2,23882456322202;-2,86260508058283;-5,02140762454537;-5,09729664790047;-4,06960428105759;-3,34524631734356;-2,65932913921636;0,0616023919182442;0,0160928837337721;0,0388562224715487;0,0179218411707625;0,0385225292945519;0,00612082035677787;0,015699196058898;0,00918210322227181;-1,712360083362681;0,00338384523088245;1;1;1;-3;-3;1;1;1;-13174,5637265301;NA;All
820;1,88304088315069;2,84254900688767;2,29896849114977;2,50980797761203;2,71397452471025;2,28043562394877;2,41260264278576;2,44819771007298;2,45700793771892;1,97913013422064;1,92132520506502;1,63046728101526;1,43501376778664;4,90550357958464;1,52473550763761;1,76609058341847;1,91673558388257;1,51866759986513;1,93717807202571;1,61222558828219;-21,2493949166985;-3,79008603045278;-7,20969029393746;-8,51566303812501;-5,61065921085665;-5,62225021785504;-10,536537451225;-9,44246507450126;-6,41341979102222;-16,1050701691777;-11,9039710737268;-17,958603469274;-25,1241603258947;-42,2201109096562;-17,9934367568665;-15,1495215606078;-15,8921403085173;-20,6995455137417;-14,7704510396926;-19,5432018278614;2,68199219822906;1,52838389719892;1,55555567096163;0,906735395569924;0,505569093294629;0,505568510213577;0,542423295383888;0,645128743653648;0,999999654320567;0,839312184375599;0,686365732674007;0,484882772849465;0,338111817657018;-2,14551609259277;-2,4282524118668;-2,59869384510399;-3,05978324250474;-4,0610219701259;-3,99395385733955;-3,3217977374888;-2,72007905507952;-2,13829182353672;-1,18500861275905;-1,85736416666674;-2,23882456322202;-2,86260508058283;-5,02140762454537;-5,09729664790047;-4,06960428105759;-3,34524631734356;-2,65932913921636;0,0616023919182442;0,0160928837337721;0,0388562224715487;0,0179218411707625;0,0385225292945519;0,00612082035677787;0,015699196058898;0,00918210322227181;-3,735478573634716;-0,54696544893396004;1;1;1;-3;-3;1;1;1;-13176,4320676058;NA;All
830;1,88304088315069;2,84254900688767;2,29896849114977;2,50980797761203;2,71397452471025;2,28043562394877;2,41260264278576;2,44819771007298;2,45700793771892;1,97913013422064;1,92132520506502;1,63046728101526;1,43501376778664;4,90550357958464;1,52473550763761;1,76609058341847;1,91673558388257;1,51866759986513;1,93717807202571;1,61222558828219;-21,2493949166985;-3,79008603045278;-7,20969029393746;-8,51566303812501;-5,61065921085665;-5,62225021785504;-10,536537451225;-9,44246507450126;-6,41341979102222;-16,1050701691777;-11,9039710737268;-17,958603469274;-25,1241603258947;-42,2201109096562;-17,9934367568665;-15,1495215606078;-15,8921403085173;-20,6995455137417;-14,7704510396926;-19,5432018278614;2,68199219822906;1,52838389719892;1,55555567096163;0,906735395569924;0,505569093294629;0,505568510213577;0,542423295383888;0,645128743653648;0,999999654320567;0,839312184375599;0,686365732674007;0,484882772849465;0,338111817657018;-2,14551609259277;-2,4282524118668;-2,59869384510399;-3,05978324250474;-4,0610219701259;-3,99395385733955;-3,3217977374888;-2,72007905507952;-2,13829182353672;-1,18500861275905;-1,85736416666674;-2,23882456322202;-2,86260508058283;-5,02140762454537;-5,09729664790047;-4,06960428105759;-3,34524631734356;-2,65932913921636;0,0616023919182442;0,0160928837337721;0,0388562224715487;0,0179218411707625;0,0385225292945519;0,00612082035677787;0,015699196058898;0,00918210322227181;-2,875890479836028;-0,25958355911671122;1;1;1;-3;-3;1;1;1;-13174,8666306399;NA;All
840;1,88304088315069;2,84254900688767;2,29896849114977;2,50980797761203;2,71397452471025;2,28043562394877;2,41260264278576;2,44819771007298;2,45700793771892;1,97913013422064;1,92132520506502;1,63046728101526;1,43501376778664;4,90550357958464;1,52473550763761;1,76609058341847;1,91673558388257;1,51866759986513;1,93717807202571;1,61222558828219;-21,2493949166985;-3,79008603045278;-7,20969029393746;-8,51566303812501;-5,61065921085665;-5,62225021785504;-10,536537451225;-9,44246507450126;-6,41341979102222;-16,1050701691777;-11,9039710737268;-17,958603469274;-25,1241603258947;-42,2201109096562;-17,9934367568665;-15,1495215606078;-15,8921403085173;-20,6995455137417;-14,7704510396926;-19,5432018278614;2,68199219822906;1,52838389719892;1,55555567096163;0,906735395569924;0,505569093294629;0,505568510213577;0,542423295383888;0,645128743653648;0,999999654320567;0,839312184375599;0,686365732674007;0,484882772849465;0,338111817657018;-2,14551609259277;-2,4282524118668;-2,59869384510399;-3,05978324250474;-4,0610219701259;-3,99395385733955;-3,3217977374888;-2,72007905507952;-2,13829182353672;-1,18500861275905;-1,85736416666674;-2,23882456322202;-2,86260508058283;-5,02140762454537;-5,09729664790047;-4,06960428105759;-3,34524631734356;-2,65932913921636;0,0616023919182442;0,0160928837337721;0,0388562224715487;0,0179218411707625;0,0385225292945519;0,00612082035677787;0,015699196058898;0,00918210322227181;-3,277178141845739;0,02589415705258530;1;1;1;-3;-3;1;1;1;-13174,4346554482;NA;All
850;1,88304088315069;2,84254900688767;2,29896849114977;2,50980797761203;2,71397452471025;2,28043562394877;2,41260264278576;2,44819771007298;2,45700793771892;1,97913013422064;1,92132520506502;1,63046728101526;1,43501376778664;4,90550357958464;1,52473550763761;1,76609058341847;1,91673558388257;1,51866759986513;1,93717807202571;1,61222558828219;-21,2493949166985;-3,79008603045278;-7,20969029393746;-8,51566303812501;-5,61065921085665;-5,62225021785504;-10,536537451225;-9,44246507450126;-6,41341979102222;-16,1050701691777;-11,9039710737268;-17,958603469274;-25,1241603258947;-42,2201109096562;-17,9934367568665;-15,1495215606078;-15,8921403085173;-20,6995455137417;-14,7704510396926;-19,5432018278614;2,68199219822906;1,52838389719892;1,55555567096163;0,906735395569924;0,505569093294629;0,505568510213577;0,542423295383888;0,645128743653648;0,999999654320567;0,839312184375599;0,686365732674007;0,484882772849465;0,338111817657018;-2,14551609259277;-2,4282524118668;-2,59869384510399;-3,05978324250474;-4,0610219701259;-3,99395385733955;-3,3217977374888;-2,72007905507952;-2,13829182353672;-1,18500861275905;-1,85736416666674;-2,23882456322202;-2,86260508058283;-5,02140762454537;-5,09729664790047;-4,06960428105759;-3,34524631734356;-2,65932913921636;0,0616023919182442;0,0160928837337721;0,0388562224715487;0,0179218411707625;0,0385225292945519;0,00612082035677787;0,015699196058898;0,00918210322227181;-1,608889334330278;-0,09720743236007678;1;1;1;-3;-3;1;1;1;-13174,5469668736;NA;All
860;1,88304088315069;2,84254900688767;2,29896849114977;2,50980797761203;2,71397452471025;2,28043562394877;2,41260264278576;2,44819771007298;2,45700793771892;1,97913013422064;1,92132520506502;1,63046728101526;1,43501376778664;4,90550357958464;1,52473550763761;1,76609058341847;1,91673558388257;1,51866759986513;1,93717807202571;1,61222558828219;-21,2493949166985;-3,79008603045278;-7,20969029393746;-8,51566303812501;-5,61065921085665;-5,62225021785504;-10,536537451225;-9,44246507450126;-6,41341979102222;-16,1050701691777;-11,9039710737268;-17,958603469274;-25,1241603258947;-42,2201109096562;-17,9934367568665;-15,1495215606078;-15,8921403085173;-20,6995455137417;-14,7704510396926;-19,5432018278614;2,68199219822906;1,52838389719892;1,55555567096163;0,906735395569924;0,505569093294629;0,505568510213577;0,542423295383888;0,645128743653648;0,999999654320567;0,839312184375599;0,686365732674007;0,484882772849465;0,338111817657018;-2,14551609259277;-2,4282524118668;-2,59869384510399;-3,05978324250474;-4,0610219701259;-3,99395385733955;-3,3217977374888;-2,72007905507952;-2,13829182353672;-1,18500861275905;-1,85736416666674;-2,23882456322202;-2,86260508058283;-5,02140762454537;-5,09729664790047;-4,06960428105759;-3,34524631734356;-2,65932913921636;0,0616023919182442;0,0160928837337721;0,0388562224715487;0,0179218411707625;0,0385225292945519;0,00612082035677787;0,015699196058898;0,00918210322227181;-3,186395324390156;-0,25976377046609600;1;1;1;-3;-3;1;1;1;-13174,8608403024;NA;All
870;1,88304088315069;2,84254900688767;2,29896849114977;2,50980797761203;2,71397452471025;2,28043562394877;2,41260264278576;2,44819771007298;2,45700793771892;1,97913013422064;1,92132520506502;1,63046728101526;1,43501376778664;4,90550357958464;1,52473550763761;1,76609058341847;1,91673558388257;1,51866759986513;1,93717807202571;1,61222558828219;-21,2493949166985;-3,79008603045278;-7,20969029393746;-8,51566303812501;-5,61065921085665;-5,62225021785504;-10,536537451225;-9,44246507450126;-6,41341979102222;-16,1050701691777;-11,9039710737268;-17,958603469274;-25,1241603258947;-42,2201109096562;-17,9934367568665;-15,1495215606078;-15,8921403085173;-20,6995455137417;-14,7704510396926;-19,5432018278614;2,68199219822906;1,52838389719892;1,55555567096163;0,906735395569924;0,505569093294629;0,505568510213577;0,542423295383888;0,645128743653648;0,999999654320567;0,839312184375599;0,686365732674007;0,484882772849465;0,338111817657018;-2,14551609259277;-2,4282524118668;-2,59869384510399;-3,05978324250474;-4,0610219701259;-3,99395385733955;-3,3217977374888;-2,72007905507952;-2,13829182353672;-1,18500861275905;-1,85736416666674;-2,23882456322202;-2,86260508058283;-5,02140762454537;-5,09729664790047;-4,06960428105759;-3,34524631734356;-2,65932913921636;0,0616023919182442;0,0160928837337721;0,0388562224715487;0,0179218411707625;0,0385225292945519;0,00612082035677787;0,015699196058898;0,00918210322227181;-2,835478152052290;-0,23906420161136024;1;1;1;-3;-3;1;1;1;-13174,7686552719;NA;All
880;1,88304088315069;2,84254900688767;2,29896849114977;2,50980797761203;2,71397452471025;2,28043562394877;2,41260264278576;2,44819771007298;2,45700793771892;1,97913013422064;1,92132520506502;1,63046728101526;1,43501376778664;4,90550357958464;1,52473550763761;1,76609058341847;1,91673558388257;1,51866759986513;1,93717807202571;1,61222558828219;-21,2493949166985;-3,79008603045278;-7,20969029393746;-8,51566303812501;-5,61065921085665;-5,62225021785504;-10,536537451225;-9,44246507450126;-6,41341979102222;-16,1050701691777;-11,9039710737268;-17,958603469274;-25,1241603258947;-42,2201109096562;-17,9934367568665;-15,1495215606078;-15,8921403085173;-20,6995455137417;-14,7704510396926;-19,5432018278614;2,68199219822906;1,52838389719892;1,55555567096163;0,906735395569924;0,505569093294629;0,505568510213577;0,542423295383888;0,645128743653648;0,999999654320567;0,839312184375599;0,686365732674007;0,484882772849465;0,338111817657018;-2,14551609259277;-2,4282524118668;-2,59869384510399;-3,05978324250474;-4,0610219701259;-3,99395385733955;-3,3217977374888;-2,72007905507952;-2,13829182353672;-1,18500861275905;-1,85736416666674;-2,23882456322202;-2,86260508058283;-5,02140762454537;-5,09729664790047;-4,06960428105759;-3,34524631734356;-2,65932913921636;0,0616023919182442;0,0160928837337721;0,0388562224715487;0,0179218411707625;0,0385225292945519;0,00612082035677787;0,015699196058898;0,00918210322227181;-1,295025571103648;-0,78025960035554465;1;1;1;-3;-3;1;1;1;-13177,9776522861;NA;All
890;1,88304088315069;2,84254900688767;2,29896849114977;2,50980797761203;2,71397452471025;2,28043562394877;2,41260264278576;2,44819771007298;2,45700793771892;1,97913013422064;1,92132520506502;1,63046728101526;1,43501376778664;4,90550357958464;1,52473550763761;1,76609058341847;1,91673558388257;1,51866759986513;1,93717807202571;1,61222558828219;-21,2493949166985;-3,79008603045278;-7,20969029393746;-8,51566303812501;-5,61065921085665;-5,62225021785504;-10,536537451225;-9,44246507450126;-6,41341979102222;-16,1050701691777;-11,9039710737268;-17,958603469274;-25,1241603258947;-42,2201109096562;-17,9934367568665;-15,1495215606078;-15,8921403085173;-20,6995455137417;-14,7704510396926;-19,5432018278614;2,68199219822906;1,52838389719892;1,55555567096163;0,906735395569924;0,505569093294629;0,505568510213577;0,542423295383888;0,645128743653648;0,999999654320567;0,839312184375599;0,686365732674007;0,484882772849465;0,338111817657018;-2,14551609259277;-2,4282524118668;-2,59869384510399;-3,05978324250474;-4,0610219701259;-3,99395385733955;-3,3217977374888;-2,72007905507952;-2,13829182353672;-1,18500861275905;-1,85736416666674;-2,23882456322202;-2,86260508058283;-5,02140762454537;-5,09729664790047;-4,06960428105759;-3,34524631734356;-2,65932913921636;0,0616023919182442;0,0160928837337721;0,0388562224715487;0,0179218411707625;0,0385225292945519;0,00612082035677787;0,015699196058898;0,00918210322227181;-1,696467803724417;-0,24363367764469271;1;1;1;-3;-3;1;1;1;-13174,9805853149;NA;All
900;1,88304088315069;2,84254900688767;2,29896849114977;2,50980797761203;2,71397452471025;2,28043562394877;2,41260264278576;2,44819771007298;2,45700793771892;1,97913013422064;1,92132520506502;1,63046728101526;1,43501376778664;4,90550357958464;1,52473550763761;1,76609058341847;1,91673558388257;1,51866759986513;1,93717807202571;1,61222558828219;-21,2493949166985;-3,79008603045278;-7,20969029393746;-8,51566303812501;-5,61065921085665;-5,62225021785504;-10,536537451225;-9,44246507450126;-6,41341979102222;-16,1050701691777;-11,9039710737268;-17,958603469274;-25,1241603258947;-42,2201109096562;-17,9934367568665;-15,1495215606078;-15,8921403085173;-20,6995455137417;-14,7704510396926;-19,5432018278614;2,68199219822906;1,52838389719892;1,55555567096163;0,906735395569924;0,505569093294629;0,505568510213577;0,542423295383888;0,645128743653648;0,999999654320567;0,839312184375599;0,686365732674007;0,484882772849465;0,338111817657018;-2,14551609259277;-2,4282524118668;-2,59869384510399;-3,05978324250474;-4,0610219701259;-3,99395385733955;-3,3217977374888;-2,72007905507952;-2,13829182353672;-1,18500861275905;-1,85736416666674;-2,23882456322202;-2,86260508058283;-5,02140762454537;-5,09729664790047;-4,06960428105759;-3,34524631734356;-2,65932913921636;0,0616023919182442;0,0160928837337721;0,0388562224715487;0,0179218411707625;0,0385225292945519;0,00612082035677787;0,015699196058898;0,00918210322227181;-3,956267646312993;-3,09926999414048954;1;1;1;-3;-3;1;1;1;-13179,6023396479;NA;All
910;1,88304088315069;2,84254900688767;2,29896849114977;2,50980797761203;2,71397452471025;2,28043562394877;2,41260264278576;2,44819771007298;2,45700793771892;1,97913013422064;1,92132520506502;1,63046728101526;1,43501376778664;4,90550357958464;1,52473550763761;1,76609058341847;1,91673558388257;1,51866759986513;1,93717807202571;1,61222558828219;-21,2493949166985;-3,79008603045278;-7,20969029393746;-8,51566303812501;-5,61065921085665;-5,62225021785504;-10,536537451225;-9,44246507450126;-6,41341979102222;-16,1050701691777;-11,9039710737268;-17,958603469274;-25,1241603258947;-42,2201109096562;-17,9934367568665;-15,1495215606078;-15,8921403085173;-20,6995455137417;-14,7704510396926;-19,5432018278614;2,68199219822906;1,52838389719892;1,55555567096163;0,906735395569924;0,505569093294629;0,505568510213577;0,542423295383888;0,645128743653648;0,999999654320567;0,839312184375599;0,686365732674007;0,484882772849465;0,338111817657018;-2,14551609259277;-2,4282524118668;-2,59869384510399;-3,05978324250474;-4,0610219701259;-3,99395385733955;-3,3217977374888;-2,72007905507952;-2,13829182353672;-1,18500861275905;-1,85736416666674;-2,23882456322202;-2,86260508058283;-5,02140762454537;-5,09729664790047;-4,06960428105759;-3,34524631734356;-2,65932913921636;0,0616023919182442;0,0160928837337721;0,0388562224715487;0,0179218411707625;0,0385225292945519;0,00612082035677787;0,015699196058898;0,00918210322227181;-3,477447650311009;0,17700329711130003;1;1;1;-3;-3;1;1;1;-13176,0541599986;NA;All
920;1,88304088315069;2,84254900688767;2,29896849114977;2,50980797761203;2,71397452471025;2,28043562394877;2,41260264278576;2,44819771007298;2,45700793771892;1,97913013422064;1,92132520506502;1,63046728101526;1,43501376778664;4,90550357958464;1,52473550763761;1,76609058341847;1,91673558388257;1,51866759986513;1,93717807202571;1,61222558828219;-21,2493949166985;-3,79008603045278;-7,20969029393746;-8,51566303812501;-5,61065921085665;-5,62225021785504;-10,536537451225;-9,44246507450126;-6,41341979102222;-16,1050701691777;-11,9039710737268;-17,958603469274;-25,1241603258947;-42,2201109096562;-17,9934367568665;-15,1495215606078;-15,8921403085173;-20,6995455137417;-14,7704510396926;-19,5432018278614;2,68199219822906;1,52838389719892;1,55555567096163;0,906735395569924;0,505569093294629;0,505568510213577;0,542423295383888;0,645128743653648;0,999999654320567;0,839312184375599;0,686365732674007;0,484882772849465;0,338111817657018;-2,14551609259277;-2,4282524118668;-2,59869384510399;-3,05978324250474;-4,0610219701259;-3,99395385733955;-3,3217977374888;-2,72007905507952;-2,13829182353672;-1,18500861275905;-1,85736416666674;-2,23882456322202;-2,86260508058283;-5,02140762454537;-5,09729664790047;-4,06960428105759;-3,34524631734356;-2,65932913921636;0,0616023919182442;0,0160928837337721;0,0388562224715487;0,0179218411707625;0,0385225292945519;0,00612082035677787;0,015699196058898;0,00918210322227181;-3,716993520878657;0,27711959603828706;1;1;1;-3;-3;1;1;1;-13178,5279016963;NA;All
930;1,88304088315069;2,84254900688767;2,29896849114977;2,50980797761203;2,71397452471025;2,28043562394877;2,41260264278576;2,44819771007298;2,45700793771892;1,97913013422064;1,92132520506502;1,63046728101526;1,43501376778664;4,90550357958464;1,52473550763761;1,76609058341847;1,91673558388257;1,51866759986513;1,93717807202571;1,61222558828219;-21,2493949166985;-3,79008603045278;-7,20969029393746;-8,51566303812501;-5,61065921085665;-5,62225021785504;-10,536537451225;-9,44246507450126;-6,41341979102222;-16,1050701691777;-11,9039710737268;-17,958603469274;-25,1241603258947;-42,2201109096562;-17,9934367568665;-15,1495215606078;-15,8921403085173;-20,6995455137417;-14,7704510396926;-19,5432018278614;2,68199219822906;1,52838389719892;1,55555567096163;0,906735395569924;0,505569093294629;0,505568510213577;0,542423295383888;0,645128743653648;0,999999654320567;0,839312184375599;0,686365732674007;0,484882772849465;0,338111817657018;-2,14551609259277;-2,4282524118668;-2,59869384510399;-3,05978324250474;-4,0610219701259;-3,99395385733955;-3,3217977374888;-2,72007905507952;-2,13829182353672;-1,18500861275905;-1,85736416666674;-2,23882456322202;-2,86260508058283;-5,02140762454537;-5,09729664790047;-4,06960428105759;-3,34524631734356;-2,65932913921636;0,0616023919182442;0,0160928837337721;0,0388562224715487;0,0179218411707625;0,0385225292945519;0,00612082035677787;0,015699196058898;0,00918210322227181;-3,553321278038036;-0,24357694879591163;1;1;1;-3;-3;1;1;1;-13174,7782086129;NA;All
940;1,88304088315069;2,84254900688767;2,29896849114977;2,50980797761203;2,71397452471025;2,28043562394877;2,41260264278576;2,44819771007298;2,45700793771892;1,97913013422064;1,92132520506502;1,63046728101526;1,43501376778664;4,90550357958464;1,52473550763761;1,76609058341847;1,91673558388257;1,51866759986513;1,93717807202571;1,61222558828219;-21,2493949166985;-3,79008603045278;-7,20969029393746;-8,51566303812501;-5,61065921085665;-5,62225021785504;-10,536537451225;-9,44246507450126;-6,41341979102222;-16,1050701691777;-11,9039710737268;-17,958603469274;-25,1241603258947;-42,2201109096562;-17,9934367568665;-15,1495215606078;-15,8921403085173;-20,6995455137417;-14,7704510396926;-19,5432018278614;2,68199219822906;1,52838389719892;1,55555567096163;0,906735395569924;0,505569093294629;0,505568510213577;0,542423295383888;0,645128743653648;0,999999654320567;0,839312184375599;0,686365732674007;0,484882772849465;0,338111817657018;-2,14551609259277;-2,4282524118668;-2,59869384510399;-3,05978324250474;-4,0610219701259;-3,99395385733955;-3,3217977374888;-2,72007905507952;-2,13829182353672;-1,18500861275905;-1,85736416666674;-2,23882456322202;-2,86260508058283;-5,02140762454537;-5,09729664790047;-4,06960428105759;-3,34524631734356;-2,65932913921636;0,0616023919182442;0,0160928837337721;0,0388562224715487;0,0179218411707625;0,0385225292945519;0,00612082035677787;0,015699196058898;0,00918210322227181;-3,570492266112340;-0,06396436196076657;1;1;1;-3;-3;1;1;1;-13174,2518279117;NA;All
950;1,88304088315069;2,84254900688767;2,29896849114977;2,50980797761203;2,71397452471025;2,28043562394877;2,41260264278576;2,44819771007298;2,45700793771892;1,97913013422064;1,92132520506502;1,63046728101526;1,43501376778664;4,90550357958464;1,52473550763761;1,76609058341847;1,91673558388257;1,51866759986513;1,93717807202571;1,61222558828219;-21,2493949166985;-3,79008603045278;-7,20969029393746;-8,51566303812501;-5,61065921085665;-5,62225021785504;-10,536537451225;-9,44246507450126;-6,41341979102222;-16,1050701691777;-11,9039710737268;-17,958603469274;-25,1241603258947;-42,2201109096562;-17,9934367568665;-15,1495215606078;-15,8921403085173;-20,6995455137417;-14,7704510396926;-19,5432018278614;2,68199219822906;1,52838389719892;1,55555567096163;0,906735395569924;0,505569093294629;0,505568510213577;0,542423295383888;0,645128743653648;0,999999654320567;0,839312184375599;0,686365732674007;0,484882772849465;0,338111817657018;-2,14551609259277;-2,4282524118668;-2,59869384510399;-3,05978324250474;-4,0610219701259;-3,99395385733955;-3,3217977374888;-2,72007905507952;-2,13829182353672;-1,18500861275905;-1,85736416666674;-2,23882456322202;-2,86260508058283;-5,02140762454537;-5,09729664790047;-4,06960428105759;-3,34524631734356;-2,65932913921636;0,0616023919182442;0,0160928837337721;0,0388562224715487;0,0179218411707625;0,0385225292945519;0,00612082035677787;0,015699196058898;0,00918210322227181;-3,296950270677599;-0,02378237036180713;1;1;1;-3;-3;1;1;1;-13174,2823040401;NA;All
960;1,88304088315069;2,84254900688767;2,29896849114977;2,50980797761203;2,71397452471025;2,28043562394877;2,41260264278576;2,44819771007298;2,45700793771892;1,97913013422064;1,92132520506502;1,63046728101526;1,43501376778664;4,90550357958464;1,52473550763761;1,76609058341847;1,91673558388257;1,51866759986513;1,93717807202571;1,61222558828219;-21,2493949166985;-3,79008603045278;-7,20969029393746;-8,51566303812501;-5,61065921085665;-5,62225021785504;-10,536537451225;-9,44246507450126;-6,41341979102222;-16,1050701691777;-11,9039710737268;-17,958603469274;-25,1241603258947;-42,2201109096562;-17,9934367568665;-15,1495215606078;-15,8921403085173;-20,6995455137417;-14,7704510396926;-19,5432018278614;2,68199219822906;1,52838389719892;1,55555567096163;0,906735395569924;0,505569093294629;0,505568510213577;0,542423295383888;0,645128743653648;0,999999654320567;0,839312184375599;0,686365732674007;0,484882772849465;0,338111817657018;-2,14551609259277;-2,4282524118668;-2,59869384510399;-3,05978324250474;-4,0610219701259;-3,99395385733955;-3,3217977374888;-2,72007905507952;-2,13829182353672;-1,18500861275905;-1,85736416666674;-2,23882456322202;-2,86260508058283;-5,02140762454537;-5,09729664790047;-4,06960428105759;-3,34524631734356;-2,65932913921636;0,0616023919182442;0,0160928837337721;0,0388562224715487;0,0179218411707625;0,0385225292945519;0,00612082035677787;0,015699196058898;0,00918210322227181;-3,726385061829540;0,05467257985078075;1;1;1;-3;-3;1;1;1;-13174,5904739134;NA;All
970;1,88304088315069;2,84254900688767;2,29896849114977;2,50980797761203;2,71397452471025;2,28043562394877;2,41260264278576;2,44819771007298;2,45700793771892;1,97913013422064;1,92132520506502;1,63046728101526;1,43501376778664;4,90550357958464;1,52473550763761;1,76609058341847;1,91673558388257;1,51866759986513;1,93717807202571;1,61222558828219;-21,2493949166985;-3,79008603045278;-7,20969029393746;-8,51566303812501;-5,61065921085665;-5,62225021785504;-10,536537451225;-9,44246507450126;-6,41341979102222;-16,1050701691777;-11,9039710737268;-17,958603469274;-25,1241603258947;-42,2201109096562;-17,9934367568665;-15,1495215606078;-15,8921403085173;-20,6995455137417;-14,7704510396926;-19,5432018278614;2,68199219822906;1,52838389719892;1,55555567096163;0,906735395569924;0,505569093294629;0,505568510213577;0,542423295383888;0,645128743653648;0,999999654320567;0,839312184375599;0,686365732674007;0,484882772849465;0,338111817657018;-2,14551609259277;-2,4282524118668;-2,59869384510399;-3,05978324250474;-4,0610219701259;-3,99395385733955;-3,3217977374888;-2,72007905507952;-2,13829182353672;-1,18500861275905;-1,85736416666674;-2,23882456322202;-2,86260508058283;-5,02140762454537;-5,09729664790047;-4,06960428105759;-3,34524631734356;-2,65932913921636;0,0616023919182442;0,0160928837337721;0,0388562224715487;0,0179218411707625;0,0385225292945519;0,00612082035677787;0,015699196058898;0,00918210322227181;-3,726385061829540;0,05467257985078075;1;1;1;-3;-3;1;1;1;-13174,5904739134;NA;All
980;1,88304088315069;2,84254900688767;2,29896849114977;2,50980797761203;2,71397452471025;2,28043562394877;2,41260264278576;2,44819771007298;2,45700793771892;1,97913013422064;1,92132520506502;1,63046728101526;1,43501376778664;4,90550357958464;1,52473550763761;1,76609058341847;1,91673558388257;1,51866759986513;1,93717807202571;1,61222558828219;-21,2493949166985;-3,79008603045278;-7,20969029393746;-8,51566303812501;-5,61065921085665;-5,62225021785504;-10,536537451225;-9,44246507450126;-6,41341979102222;-16,1050701691777;-11,9039710737268;-17,958603469274;-25,1241603258947;-42,2201109096562;-17,9934367568665;-15,1495215606078;-15,8921403085173;-20,6995455137417;-14,7704510396926;-19,5432018278614;2,68199219822906;1,52838389719892;1,55555567096163;0,906735395569924;0,505569093294629;0,505568510213577;0,542423295383888;0,645128743653648;0,999999654320567;0,839312184375599;0,686365732674007;0,484882772849465;0,338111817657018;-2,14551609259277;-2,4282524118668;-2,59869384510399;-3,05978324250474;-4,0610219701259;-3,99395385733955;-3,3217977374888;-2,72007905507952;-2,13829182353672;-1,18500861275905;-1,85736416666674;-2,23882456322202;-2,86260508058283;-5,02140762454537;-5,09729664790047;-4,06960428105759;-3,34524631734356;-2,65932913921636;0,0616023919182442;0,0160928837337721;0,0388562224715487;0,0179218411707625;0,0385225292945519;0,00612082035677787;0,015699196058898;0,00918210322227181;-1,427376536012082;0,15488935474601362;1;1;1;-3;-3;1;1;1;-13176,1384217562;NA;All
990;1,88304088315069;2,84254900688767;2,29896849114977;2,50980797761203;2,71397452471025;2,28043562394877;2,41260264278576;2,44819771007298;2,45700793771892;1,97913013422064;1,92132520506502;1,63046728101526;1,43501376778664;4,90550357958464;1,52473550763761;1,76609058341847;1,91673558388257;1,51866759986513;1,93717807202571;1,61222558828219;-21,2493949166985;-3,79008603045278;-7,20969029393746;-8,51566303812501;-5,61065921085665;-5,62225021785504;-10,536537451225;-9,44246507450126;-6,41341979102222;-16,1050701691777;-11,9039710737268;-17,958603469274;-25,1241603258947;-42,2201109096562;-17,9934367568665;-15,1495215606078;-15,8921403085173;-20,6995455137417;-14,7704510396926;-19,5432018278614;2,68199219822906;1,52838389719892;1,55555567096163;0,906735395569924;0,505569093294629;0,505568510213577;0,542423295383888;0,645128743653648;0,999999654320567;0,839312184375599;0,686365732674007;0,484882772849465;0,338111817657018;-2,14551609259277;-2,4282524118668;-2,59869384510399;-3,05978324250474;-4,0610219701259;-3,99395385733955;-3,3217977374888;-2,72007905507952;-2,13829182353672;-1,18500861275905;-1,85736416666674;-2,23882456322202;-2,86260508058283;-5,02140762454537;-5,09729664790047;-4,06960428105759;-3,34524631734356;-2,65932913921636;0,0616023919182442;0,0160928837337721;0,0388562224715487;0,0179218411707625;0,0385225292945519;0,00612082035677787;0,015699196058898;0,00918210322227181;-2,365137425078377;0,18535004882489725;1;1;1;-3;-3;1;1;1;-13176,2589911523;NA;All
1000;1,88304088315069;2,84254900688767;2,29896849114977;2,50980797761203;2,71397452471025;2,28043562394877;2,41260264278576;2,44819771007298;2,45700793771892;1,97913013422064;1,92132520506502;1,63046728101526;1,43501376778664;4,90550357958464;1,52473550763761;1,76609058341847;1,91673558388257;1,51866759986513;1,93717807202571;1,61222558828219;-21,2493949166985;-3,79008603045278;-7,20969029393746;-8,51566303812501;-5,61065921085665;-5,62225021785504;-10,536537451225;-9,44246507450126;-6,41341979102222;-16,1050701691777;-11,9039710737268;-17,958603469274;-25,1241603258947;-42,2201109096562;-17,9934367568665;-15,1495215606078;-15,8921403085173;-20,6995455137417;-14,7704510396926;-19,5432018278614;2,68199219822906;1,52838389719892;1,55555567096163;0,906735395569924;0,505569093294629;0,505568510213577;0,542423295383888;0,645128743653648;0,999999654320567;0,839312184375599;0,686365732674007;0,484882772849465;0,338111817657018;-2,14551609259277;-2,4282524118668;-2,59869384510399;-3,05978324250474;-4,0610219701259;-3,99395385733955;-3,3217977374888;-2,72007905507952;-2,13829182353672;-1,18500861275905;-1,85736416666674;-2,23882456322202;-2,86260508058283;-5,02140762454537;-5,09729664790047;-4,06960428105759;-3,34524631734356;-2,65932913921636;0,0616023919182442;0,0160928837337721;0,0388562224715487;0,0179218411707625;0,0385225292945519;0,00612082035677787;0,015699196058898;0,00918210322227181;-1,965164298940548;-0,02872912499428648;1;1;1;-3;-3;1;1;1;-13174,3900195348;NA;All
1010;1,88304088315069;2,84254900688767;2,29896849114977;2,50980797761203;2,71397452471025;2,28043562394877;2,41260264278576;2,44819771007298;2,45700793771892;1,97913013422064;1,92132520506502;1,63046728101526;1,43501376778664;4,90550357958464;1,52473550763761;1,76609058341847;1,91673558388257;1,51866759986513;1,93717807202571;1,61222558828219;-21,2493949166985;-3,79008603045278;-7,20969029393746;-8,51566303812501;-5,61065921085665;-5,62225021785504;-10,536537451225;-9,44246507450126;-6,41341979102222;-16,1050701691777;-11,9039710737268;-17,958603469274;-25,1241603258947;-42,2201109096562;-17,9934367568665;-15,1495215606078;-15,8921403085173;-20,6995455137417;-14,7704510396926;-19,5432018278614;2,68199219822906;1,52838389719892;1,55555567096163;0,906735395569924;0,505569093294629;0,505568510213577;0,542423295383888;0,645128743653648;0,999999654320567;0,839312184375599;0,686365732674007;0,484882772849465;0,338111817657018;-2,14551609259277;-2,4282524118668;-2,59869384510399;-3,05978324250474;-4,0610219701259;-3,99395385733955;-3,3217977374888;-2,72007905507952;-2,13829182353672;-1,18500861275905;-1,85736416666674;-2,23882456322202;-2,86260508058283;-5,02140762454537;-5,09729664790047;-4,06960428105759;-3,34524631734356;-2,65932913921636;0,0616023919182442;0,0160928837337721;0,0388562224715487;0,0179218411707625;0,0385225292945519;0,00612082035677787;0,015699196058898;0,00918210322227181;-1,874920050239340;0,08940860704837880;1;1;1;-3;-3;1;1;1;-13175,0212565451;NA;All
1020;1,88304088315069;2,84254900688767;2,29896849114977;2,50980797761203;2,71397452471025;2,28043562394877;2,41260264278576;2,44819771007298;2,45700793771892;1,97913013422064;1,92132520506502;1,63046728101526;1,43501376778664;4,90550357958464;1,52473550763761;1,76609058341847;1,91673558388257;1,51866759986513;1,93717807202571;1,61222558828219;-21,2493949166985;-3,79008603045278;-7,20969029393746;-8,51566303812501;-5,61065921085665;-5,62225021785504;-10,536537451225;-9,44246507450126;-6,41341979102222;-16,1050701691777;-11,9039710737268;-17,958603469274;-25,1241603258947;-42,2201109096562;-17,9934367568665;-15,1495215606078;-15,8921403085173;-20,6995455137417;-14,7704510396926;-19,5432018278614;2,68199219822906;1,52838389719892;1,55555567096163;0,906735395569924;0,505569093294629;0,505568510213577;0,542423295383888;0,645128743653648;0,999999654320567;0,839312184375599;0,686365732674007;0,484882772849465;0,338111817657018;-2,14551609259277;-2,4282524118668;-2,59869384510399;-3,05978324250474;-4,0610219701259;-3,99395385733955;-3,3217977374888;-2,72007905507952;-2,13829182353672;-1,18500861275905;-1,85736416666674;-2,23882456322202;-2,86260508058283;-5,02140762454537;-5,09729664790047;-4,06960428105759;-3,34524631734356;-2,65932913921636;0,0616023919182442;0,0160928837337721;0,0388562224715487;0,0179218411707625;0,0385225292945519;0,00612082035677787;0,015699196058898;0,00918210322227181;-1,941042537147478;-0,08839876300109560;1;1;1;-3;-3;1;1;1;-13174,3904520730;NA;All
1030;1,88304088315069;2,84254900688767;2,29896849114977;2,50980797761203;2,71397452471025;2,28043562394877;2,41260264278576;2,44819771007298;2,45700793771892;1,97913013422064;1,92132520506502;1,63046728101526;1,43501376778664;4,90550357958464;1,52473550763761;1,76609058341847;1,91673558388257;1,51866759986513;1,93717807202571;1,61222558828219;-21,2493949166985;-3,79008603045278;-7,20969029393746;-8,51566303812501;-5,61065921085665;-5,62225021785504;-10,536537451225;-9,44246507450126;-6,41341979102222;-16,1050701691777;-11,9039710737268;-17,958603469274;-25,1241603258947;-42,2201109096562;-17,9934367568665;-15,1495215606078;-15,8921403085173;-20,6995455137417;-14,7704510396926;-19,5432018278614;2,68199219822906;1,52838389719892;1,55555567096163;0,906735395569924;0,505569093294629;0,505568510213577;0,542423295383888;0,645128743653648;0,999999654320567;0,839312184375599;0,686365732674007;0,484882772849465;0,338111817657018;-2,14551609259277;-2,4282524118668;-2,59869384510399;-3,05978324250474;-4,0610219701259;-3,99395385733955;-3,3217977374888;-2,72007905507952;-2,13829182353672;-1,18500861275905;-1,85736416666674;-2,23882456322202;-2,86260508058283;-5,02140762454537;-5,09729664790047;-4,06960428105759;-3,34524631734356;-2,65932913921636;0,0616023919182442;0,0160928837337721;0,0388562224715487;0,0179218411707625;0,0385225292945519;0,00612082035677787;0,015699196058898;0,00918210322227181;-2,020701835711502;-0,09357831324289530;1;1;1;-3;-3;1;1;1;-13174,3756767150;NA;All
1040;1,88304088315069;2,84254900688767;2,29896849114977;2,50980797761203;2,71397452471025;2,28043562394877;2,41260264278576;2,44819771007298;2,45700793771892;1,97913013422064;1,92132520506502;1,63046728101526;1,43501376778664;4,90550357958464;1,52473550763761;1,76609058341847;1,91673558388257;1,51866759986513;1,93717807202571;1,61222558828219;-21,2493949166985;-3,79008603045278;-7,20969029393746;-8,51566303812501;-5,61065921085665;-5,62225021785504;-10,536537451225;-9,44246507450126;-6,41341979102222;-16,1050701691777;-11,9039710737268;-17,958603469274;-25,1241603258947;-42,2201109096562;-17,9934367568665;-15,1495215606078;-15,8921403085173;-20,6995455137417;-14,7704510396926;-19,5432018278614;2,68199219822906;1,52838389719892;1,55555567096163;0,906735395569924;0,505569093294629;0,505568510213577;0,542423295383888;0,645128743653648;0,999999654320567;0,839312184375599;0,686365732674007;0,484882772849465;0,338111817657018;-2,14551609259277;-2,4282524118668;-2,59869384510399;-3,05978324250474;-4,0610219701259;-3,99395385733955;-3,3217977374888;-2,72007905507952;-2,13829182353672;-1,18500861275905;-1,85736416666674;-2,23882456322202;-2,86260508058283;-5,02140762454537;-5,09729664790047;-4,06960428105759;-3,34524631734356;-2,65932913921636;0,0616023919182442;0,0160928837337721;0,0388562224715487;0,0179218411707625;0,0385225292945519;0,00612082035677787;0,015699196058898;0,00918210322227181;-1,845113943376387;0,00651445960615731;1;1;1;-3;-3;1;1;1;-13174,5149323862;NA;All
1050;1,88304088315069;2,84254900688767;2,29896849114977;2,50980797761203;2,71397452471025;2,28043562394877;2,41260264278576;2,44819771007298;2,45700793771892;1,97913013422064;1,92132520506502;1,63046728101526;1,43501376778664;4,90550357958464;1,52473550763761;1,76609058341847;1,91673558388257;1,51866759986513;1,93717807202571;1,61222558828219;-21,2493949166985;-3,79008603045278;-7,20969029393746;-8,51566303812501;-5,61065921085665;-5,62225021785504;-10,536537451225;-9,44246507450126;-6,41341979102222;-16,1050701691777;-11,9039710737268;-17,958603469274;-25,1241603258947;-42,2201109096562;-17,9934367568665;-15,1495215606078;-15,8921403085173;-20,6995455137417;-14,7704510396926;-19,5432018278614;2,68199219822906;1,52838389719892;1,55555567096163;0,906735395569924;0,505569093294629;0,505568510213577;0,542423295383888;0,645128743653648;0,999999654320567;0,839312184375599;0,686365732674007;0,484882772849465;0,338111817657018;-2,14551609259277;-2,4282524118668;-2,59869384510399;-3,05978324250474;-4,0610219701259;-3,99395385733955;-3,3217977374888;-2,72007905507952;-2,13829182353672;-1,18500861275905;-1,85736416666674;-2,23882456322202;-2,86260508058283;-5,02140762454537;-5,09729664790047;-4,06960428105759;-3,34524631734356;-2,65932913921636;0,0616023919182442;0,0160928837337721;0,0388562224715487;0,0179218411707625;0,0385225292945519;0,00612082035677787;0,015699196058898;0,00918210322227181;-1,621255727149689;-0,03859922053771650;1;1;1;-3;-3;1;1;1;-13174,5265416293;NA;All
1060;1,88304088315069;2,84254900688767;2,29896849114977;2,50980797761203;2,71397452471025;2,28043562394877;2,41260264278576;2,44819771007298;2,45700793771892;1,97913013422064;1,92132520506502;1,63046728101526;1,43501376778664;4,90550357958464;1,52473550763761;1,76609058341847;1,91673558388257;1,51866759986513;1,93717807202571;1,61222558828219;-21,2493949166985;-3,79008603045278;-7,20969029393746;-8,51566303812501;-5,61065921085665;-5,62225021785504;-10,536537451225;-9,44246507450126;-6,41341979102222;-16,1050701691777;-11,9039710737268;-17,958603469274;-25,1241603258947;-42,2201109096562;-17,9934367568665;-15,1495215606078;-15,8921403085173;-20,6995455137417;-14,7704510396926;-19,5432018278614;2,68199219822906;1,52838389719892;1,55555567096163;0,906735395569924;0,505569093294629;0,505568510213577;0,542423295383888;0,645128743653648;0,999999654320567;0,839312184375599;0,686365732674007;0,484882772849465;0,338111817657018;-2,14551609259277;-2,4282524118668;-2,59869384510399;-3,05978324250474;-4,0610219701259;-3,99395385733955;-3,3217977374888;-2,72007905507952;-2,13829182353672;-1,18500861275905;-1,85736416666674;-2,23882456322202;-2,86260508058283;-5,02140762454537;-5,09729664790047;-4,06960428105759;-3,34524631734356;-2,65932913921636;0,0616023919182442;0,0160928837337721;0,0388562224715487;0,0179218411707625;0,0385225292945519;0,00612082035677787;0,015699196058898;0,00918210322227181;-1,126498324187466;-0,04463014846419389;1;1;1;-3;-3;1;1;1;-13175,1238292373;NA;All
1070;1,88304088315069;2,84254900688767;2,29896849114977;2,50980797761203;2,71397452471025;2,28043562394877;2,41260264278576;2,44819771007298;2,45700793771892;1,97913013422064;1,92132520506502;1,63046728101526;1,43501376778664;4,90550357958464;1,52473550763761;1,76609058341847;1,91673558388257;1,51866759986513;1,93717807202571;1,61222558828219;-21,2493949166985;-3,79008603045278;-7,20969029393746;-8,51566303812501;-5,61065921085665;-5,62225021785504;-10,536537451225;-9,44246507450126;-6,41341979102222;-16,1050701691777;-11,9039710737268;-17,958603469274;-25,1241603258947;-42,2201109096562;-17,9934367568665;-15,1495215606078;-15,8921403085173;-20,6995455137417;-14,7704510396926;-19,5432018278614;2,68199219822906;1,52838389719892;1,55555567096163;0,906735395569924;0,505569093294629;0,505568510213577;0,542423295383888;0,645128743653648;0,999999654320567;0,839312184375599;0,686365732674007;0,484882772849465;0,338111817657018;-2,14551609259277;-2,4282524118668;-2,59869384510399;-3,05978324250474;-4,0610219701259;-3,99395385733955;-3,3217977374888;-2,72007905507952;-2,13829182353672;-1,18500861275905;-1,85736416666674;-2,23882456322202;-2,86260508058283;-5,02140762454537;-5,09729664790047;-4,06960428105759;-3,34524631734356;-2,65932913921636;0,0616023919182442;0,0160928837337721;0,0388562224715487;0,0179218411707625;0,0385225292945519;0,00612082035677787;0,015699196058898;0,00918210322227181;-2,414410267690221;0,04756020167257594;1;1;1;-3;-3;1;1;1;-13174,5877218766;NA;All
1080;1,88304088315069;2,84254900688767;2,29896849114977;2,50980797761203;2,71397452471025;2,28043562394877;2,41260264278576;2,44819771007298;2,45700793771892;1,97913013422064;1,92132520506502;1,63046728101526;1,43501376778664;4,90550357958464;1,52473550763761;1,76609058341847;1,91673558388257;1,51866759986513;1,93717807202571;1,61222558828219;-21,2493949166985;-3,79008603045278;-7,20969029393746;-8,51566303812501;-5,61065921085665;-5,62225021785504;-10,536537451225;-9,44246507450126;-6,41341979102222;-16,1050701691777;-11,9039710737268;-17,958603469274;-25,1241603258947;-42,2201109096562;-17,9934367568665;-15,1495215606078;-15,8921403085173;-20,6995455137417;-14,7704510396926;-19,5432018278614;2,68199219822906;1,52838389719892;1,55555567096163;0,906735395569924;0,505569093294629;0,505568510213577;0,542423295383888;0,645128743653648;0,999999654320567;0,839312184375599;0,686365732674007;0,484882772849465;0,338111817657018;-2,14551609259277;-2,4282524118668;-2,59869384510399;-3,05978324250474;-4,0610219701259;-3,99395385733955;-3,3217977374888;-2,72007905507952;-2,13829182353672;-1,18500861275905;-1,85736416666674;-2,23882456322202;-2,86260508058283;-5,02140762454537;-5,09729664790047;-4,06960428105759;-3,34524631734356;-2,65932913921636;0,0616023919182442;0,0160928837337721;0,0388562224715487;0,0179218411707625;0,0385225292945519;0,00612082035677787;0,015699196058898;0,00918210322227181;-2,406162590474618;0,08980878558392696;1;1;1;-3;-3;1;1;1;-13174,9138010936;NA;All
1090;1,88304088315069;2,84254900688767;2,29896849114977;2,50980797761203;2,71397452471025;2,28043562394877;2,41260264278576;2,44819771007298;2,45700793771892;1,97913013422064;1,92132520506502;1,63046728101526;1,43501376778664;4,90550357958464;1,52473550763761;1,76609058341847;1,91673558388257;1,51866759986513;1,93717807202571;1,61222558828219;-21,2493949166985;-3,79008603045278;-7,20969029393746;-8,51566303812501;-5,61065921085665;-5,62225021785504;-10,536537451225;-9,44246507450126;-6,41341979102222;-16,1050701691777;-11,9039710737268;-17,958603469274;-25,1241603258947;-42,2201109096562;-17,9934367568665;-15,1495215606078;-15,8921403085173;-20,6995455137417;-14,7704510396926;-19,5432018278614;2,68199219822906;1,52838389719892;1,55555567096163;0,906735395569924;0,505569093294629;0,505568510213577;0,542423295383888;0,645128743653648;0,999999654320567;0,839312184375599;0,686365732674007;0,484882772849465;0,338111817657018;-2,14551609259277;-2,4282524118668;-2,59869384510399;-3,05978324250474;-4,0610219701259;-3,99395385733955;-3,3217977374888;-2,72007905507952;-2,13829182353672;-1,18500861275905;-1,85736416666674;-2,23882456322202;-2,86260508058283;-5,02140762454537;-5,09729664790047;-4,06960428105759;-3,34524631734356;-2,65932913921636;0,0616023919182442;0,0160928837337721;0,0388562224715487;0,0179218411707625;0,0385225292945519;0,00612082035677787;0,015699196058898;0,00918210322227181;-2,846804238392231;0,04333166654296925;1;1;1;-3;-3;1;1;1;-13174,5348629016;NA;All
1100;1,88304088315069;2,84254900688767;2,29896849114977;2,50980797761203;2,71397452471025;2,28043562394877;2,41260264278576;2,44819771007298;2,45700793771892;1,97913013422064;1,92132520506502;1,63046728101526;1,43501376778664;4,90550357958464;1,52473550763761;1,76609058341847;1,91673558388257;1,51866759986513;1,93717807202571;1,61222558828219;-21,2493949166985;-3,79008603045278;-7,20969029393746;-8,51566303812501;-5,61065921085665;-5,62225021785504;-10,536537451225;-9,44246507450126;-6,41341979102222;-16,1050701691777;-11,9039710737268;-17,958603469274;-25,1241603258947;-42,2201109096562;-17,9934367568665;-15,1495215606078;-15,8921403085173;-20,6995455137417;-14,7704510396926;-19,5432018278614;2,68199219822906;1,52838389719892;1,55555567096163;0,906735395569924;0,505569093294629;0,505568510213577;0,542423295383888;0,645128743653648;0,999999654320567;0,839312184375599;0,686365732674007;0,484882772849465;0,338111817657018;-2,14551609259277;-2,4282524118668;-2,59869384510399;-3,05978324250474;-4,0610219701259;-3,99395385733955;-3,3217977374888;-2,72007905507952;-2,13829182353672;-1,18500861275905;-1,85736416666674;-2,23882456322202;-2,86260508058283;-5,02140762454537;-5,09729664790047;-4,06960428105759;-3,34524631734356;-2,65932913921636;0,0616023919182442;0,0160928837337721;0,0388562224715487;0,0179218411707625;0,0385225292945519;0,00612082035677787;0,015699196058898;0,00918210322227181;-3,794949945126827;-0,04074069984505638;1;1;1;-3;-3;1;1;1;-13174,2574724664;NA;All
1110;1,88304088315069;2,84254900688767;2,29896849114977;2,50980797761203;2,71397452471025;2,28043562394877;2,41260264278576;2,44819771007298;2,45700793771892;1,97913013422064;1,92132520506502;1,63046728101526;1,43501376778664;4,90550357958464;1,52473550763761;1,76609058341847;1,91673558388257;1,51866759986513;1,93717807202571;1,61222558828219;-21,2493949166985;-3,79008603045278;-7,20969029393746;-8,51566303812501;-5,61065921085665;-5,62225021785504;-10,536537451225;-9,44246507450126;-6,41341979102222;-16,1050701691777;-11,9039710737268;-17,958603469274;-25,1241603258947;-42,2201109096562;-17,9934367568665;-15,1495215606078;-15,8921403085173;-20,6995455137417;-14,7704510396926;-19,5432018278614;2,68199219822906;1,52838389719892;1,55555567096163;0,906735395569924;0,505569093294629;0,505568510213577;0,542423295383888;0,645128743653648;0,999999654320567;0,839312184375599;0,686365732674007;0,484882772849465;0,338111817657018;-2,14551609259277;-2,4282524118668;-2,59869384510399;-3,05978324250474;-4,0610219701259;-3,99395385733955;-3,3217977374888;-2,72007905507952;-2,13829182353672;-1,18500861275905;-1,85736416666674;-2,23882456322202;-2,86260508058283;-5,02140762454537;-5,09729664790047;-4,06960428105759;-3,34524631734356;-2,65932913921636;0,0616023919182442;0,0160928837337721;0,0388562224715487;0,0179218411707625;0,0385225292945519;0,00612082035677787;0,015699196058898;0,00918210322227181;-3,116324809680936;-0,47020237519048874;1;1;1;-3;-3;1;1;1;-13176,0185490112;NA;All
1120;1,88304088315069;2,84254900688767;2,29896849114977;2,50980797761203;2,71397452471025;2,28043562394877;2,41260264278576;2,44819771007298;2,45700793771892;1,97913013422064;1,92132520506502;1,63046728101526;1,43501376778664;4,90550357958464;1,52473550763761;1,76609058341847;1,91673558388257;1,51866759986513;1,93717807202571;1,61222558828219;-21,2493949166985;-3,79008603045278;-7,20969029393746;-8,51566303812501;-5,61065921085665;-5,62225021785504;-10,536537451225;-9,44246507450126;-6,41341979102222;-16,1050701691777;-11,9039710737268;-17,958603469274;-25,1241603258947;-42,2201109096562;-17,9934367568665;-15,1495215606078;-15,8921403085173;-20,6995455137417;-14,7704510396926;-19,5432018278614;2,68199219822906;1,52838389719892;1,55555567096163;0,906735395569924;0,505569093294629;0,505568510213577;0,542423295383888;0,645128743653648;0,999999654320567;0,839312184375599;0,686365732674007;0,484882772849465;0,338111817657018;-2,14551609259277;-2,4282524118668;-2,59869384510399;-3,05978324250474;-4,0610219701259;-3,99395385733955;-3,3217977374888;-2,72007905507952;-2,13829182353672;-1,18500861275905;-1,85736416666674;-2,23882456322202;-2,86260508058283;-5,02140762454537;-5,09729664790047;-4,06960428105759;-3,34524631734356;-2,65932913921636;0,0616023919182442;0,0160928837337721;0,0388562224715487;0,0179218411707625;0,0385225292945519;0,00612082035677787;0,015699196058898;0,00918210322227181;-1,168417984652287;-0,03431251929123514;1;1;1;-3;-3;1;1;1;-13175,0527275742;NA;All
1130;1,88304088315069;2,84254900688767;2,29896849114977;2,50980797761203;2,71397452471025;2,28043562394877;2,41260264278576;2,44819771007298;2,45700793771892;1,97913013422064;1,92132520506502;1,63046728101526;1,43501376778664;4,90550357958464;1,52473550763761;1,76609058341847;1,91673558388257;1,51866759986513;1,93717807202571;1,61222558828219;-21,2493949166985;-3,79008603045278;-7,20969029393746;-8,51566303812501;-5,61065921085665;-5,62225021785504;-10,536537451225;-9,44246507450126;-6,41341979102222;-16,1050701691777;-11,9039710737268;-17,958603469274;-25,1241603258947;-42,2201109096562;-17,9934367568665;-15,1495215606078;-15,8921403085173;-20,6995455137417;-14,7704510396926;-19,5432018278614;2,68199219822906;1,52838389719892;1,55555567096163;0,906735395569924;0,505569093294629;0,505568510213577;0,542423295383888;0,645128743653648;0,999999654320567;0,839312184375599;0,686365732674007;0,484882772849465;0,338111817657018;-2,14551609259277;-2,4282524118668;-2,59869384510399;-3,05978324250474;-4,0610219701259;-3,99395385733955;-3,3217977374888;-2,72007905507952;-2,13829182353672;-1,18500861275905;-1,85736416666674;-2,23882456322202;-2,86260508058283;-5,02140762454537;-5,09729664790047;-4,06960428105759;-3,34524631734356;-2,65932913921636;0,0616023919182442;0,0160928837337721;0,0388562224715487;0,0179218411707625;0,0385225292945519;0,00612082035677787;0,015699196058898;0,00918210322227181;-1,754903112181699;-0,14797484518781084;1;1;1;-3;-3;1;1;1;-13174,5803392726;NA;All
1140;1,88304088315069;2,84254900688767;2,29896849114977;2,50980797761203;2,71397452471025;2,28043562394877;2,41260264278576;2,44819771007298;2,45700793771892;1,97913013422064;1,92132520506502;1,63046728101526;1,43501376778664;4,90550357958464;1,52473550763761;1,76609058341847;1,91673558388257;1,51866759986513;1,93717807202571;1,61222558828219;-21,2493949166985;-3,79008603045278;-7,20969029393746;-8,51566303812501;-5,61065921085665;-5,62225021785504;-10,536537451225;-9,44246507450126;-6,41341979102222;-16,1050701691777;-11,9039710737268;-17,958603469274;-25,1241603258947;-42,2201109096562;-17,9934367568665;-15,1495215606078;-15,8921403085173;-20,6995455137417;-14,7704510396926;-19,5432018278614;2,68199219822906;1,52838389719892;1,55555567096163;0,906735395569924;0,505569093294629;0,505568510213577;0,542423295383888;0,645128743653648;0,999999654320567;0,839312184375599;0,686365732674007;0,484882772849465;0,338111817657018;-2,14551609259277;-2,4282524118668;-2,59869384510399;-3,05978324250474;-4,0610219701259;-3,99395385733955;-3,3217977374888;-2,72007905507952;-2,13829182353672;-1,18500861275905;-1,85736416666674;-2,23882456322202;-2,86260508058283;-5,02140762454537;-5,09729664790047;-4,06960428105759;-3,34524631734356;-2,65932913921636;0,0616023919182442;0,0160928837337721;0,0388562224715487;0,0179218411707625;0,0385225292945519;0,00612082035677787;0,015699196058898;0,00918210322227181;-3,686395961724330;-0,04883273185074153;1;1;1;-3;-3;1;1;1;-13174,2527026734;NA;All
1150;1,88304088315069;2,84254900688767;2,29896849114977;2,50980797761203;2,71397452471025;2,28043562394877;2,41260264278576;2,44819771007298;2,45700793771892;1,97913013422064;1,92132520506502;1,63046728101526;1,43501376778664;4,90550357958464;1,52473550763761;1,76609058341847;1,91673558388257;1,51866759986513;1,93717807202571;1,61222558828219;-21,2493949166985;-3,79008603045278;-7,20969029393746;-8,51566303812501;-5,61065921085665;-5,62225021785504;-10,536537451225;-9,44246507450126;-6,41341979102222;-16,1050701691777;-11,9039710737268;-17,958603469274;-25,1241603258947;-42,2201109096562;-17,9934367568665;-15,1495215606078;-15,8921403085173;-20,6995455137417;-14,7704510396926;-19,5432018278614;2,68199219822906;1,52838389719892;1,55555567096163;0,906735395569924;0,505569093294629;0,505568510213577;0,542423295383888;0,645128743653648;0,999999654320567;0,839312184375599;0,686365732674007;0,484882772849465;0,338111817657018;-2,14551609259277;-2,4282524118668;-2,59869384510399;-3,05978324250474;-4,0610219701259;-3,99395385733955;-3,3217977374888;-2,72007905507952;-2,13829182353672;-1,18500861275905;-1,85736416666674;-2,23882456322202;-2,86260508058283;-5,02140762454537;-5,09729664790047;-4,06960428105759;-3,34524631734356;-2,65932913921636;0,0616023919182442;0,0160928837337721;0,0388562224715487;0,0179218411707625;0,0385225292945519;0,00612082035677787;0,015699196058898;0,00918210322227181;-3,198904274753254;0,18213805670070529;1;1;1;-3;-3;1;1;1;-13176,1528101481;NA;All
1160;1,88304088315069;2,84254900688767;2,29896849114977;2,50980797761203;2,71397452471025;2,28043562394877;2,41260264278576;2,44819771007298;2,45700793771892;1,97913013422064;1,92132520506502;1,63046728101526;1,43501376778664;4,90550357958464;1,52473550763761;1,76609058341847;1,91673558388257;1,51866759986513;1,93717807202571;1,61222558828219;-21,2493949166985;-3,79008603045278;-7,20969029393746;-8,51566303812501;-5,61065921085665;-5,62225021785504;-10,536537451225;-9,44246507450126;-6,41341979102222;-16,1050701691777;-11,9039710737268;-17,958603469274;-25,1241603258947;-42,2201109096562;-17,9934367568665;-15,1495215606078;-15,8921403085173;-20,6995455137417;-14,7704510396926;-19,5432018278614;2,68199219822906;1,52838389719892;1,55555567096163;0,906735395569924;0,505569093294629;0,505568510213577;0,542423295383888;0,645128743653648;0,999999654320567;0,839312184375599;0,686365732674007;0,484882772849465;0,338111817657018;-2,14551609259277;-2,4282524118668;-2,59869384510399;-3,05978324250474;-4,0610219701259;-3,99395385733955;-3,3217977374888;-2,72007905507952;-2,13829182353672;-1,18500861275905;-1,85736416666674;-2,23882456322202;-2,86260508058283;-5,02140762454537;-5,09729664790047;-4,06960428105759;-3,34524631734356;-2,65932913921636;0,0616023919182442;0,0160928837337721;0,0388562224715487;0,0179218411707625;0,0385225292945519;0,00612082035677787;0,015699196058898;0,00918210322227181;-2,868990968322149;-0,19137740735151576;1;1;1;-3;-3;1;1;1;-13174,5594081401;NA;All
1170;1,88304088315069;2,84254900688767;2,29896849114977;2,50980797761203;2,71397452471025;2,28043562394877;2,41260264278576;2,44819771007298;2,45700793771892;1,97913013422064;1,92132520506502;1,63046728101526;1,43501376778664;4,90550357958464;1,52473550763761;1,76609058341847;1,91673558388257;1,51866759986513;1,93717807202571;1,61222558828219;-21,2493949166985;-3,79008603045278;-7,20969029393746;-8,51566303812501;-5,61065921085665;-5,62225021785504;-10,536537451225;-9,44246507450126;-6,41341979102222;-16,1050701691777;-11,9039710737268;-17,958603469274;-25,1241603258947;-42,2201109096562;-17,9934367568665;-15,1495215606078;-15,8921403085173;-20,6995455137417;-14,7704510396926;-19,5432018278614;2,68199219822906;1,52838389719892;1,55555567096163;0,906735395569924;0,505569093294629;0,505568510213577;0,542423295383888;0,645128743653648;0,999999654320567;0,839312184375599;0,686365732674007;0,484882772849465;0,338111817657018;-2,14551609259277;-2,4282524118668;-2,59869384510399;-3,05978324250474;-4,0610219701259;-3,99395385733955;-3,3217977374888;-2,72007905507952;-2,13829182353672;-1,18500861275905;-1,85736416666674;-2,23882456322202;-2,86260508058283;-5,02140762454537;-5,09729664790047;-4,06960428105759;-3,34524631734356;-2,65932913921636;0,0616023919182442;0,0160928837337721;0,0388562224715487;0,0179218411707625;0,0385225292945519;0,00612082035677787;0,015699196058898;0,00918210322227181;-2,758409162510548;-0,46629495013637134;1;1;1;-3;-3;1;1;1;-13176,0057620083;NA;All
1180;1,88304088315069;2,84254900688767;2,29896849114977;2,50980797761203;2,71397452471025;2,28043562394877;2,41260264278576;2,44819771007298;2,45700793771892;1,97913013422064;1,92132520506502;1,63046728101526;1,43501376778664;4,90550357958464;1,52473550763761;1,76609058341847;1,91673558388257;1,51866759986513;1,93717807202571;1,61222558828219;-21,2493949166985;-3,79008603045278;-7,20969029393746;-8,51566303812501;-5,61065921085665;-5,62225021785504;-10,536537451225;-9,44246507450126;-6,41341979102222;-16,1050701691777;-11,9039710737268;-17,958603469274;-25,1241603258947;-42,2201109096562;-17,9934367568665;-15,1495215606078;-15,8921403085173;-20,6995455137417;-14,7704510396926;-19,5432018278614;2,68199219822906;1,52838389719892;1,55555567096163;0,906735395569924;0,505569093294629;0,505568510213577;0,542423295383888;0,645128743653648;0,999999654320567;0,839312184375599;0,686365732674007;0,484882772849465;0,338111817657018;-2,14551609259277;-2,4282524118668;-2,59869384510399;-3,05978324250474;-4,0610219701259;-3,99395385733955;-3,3217977374888;-2,72007905507952;-2,13829182353672;-1,18500861275905;-1,85736416666674;-2,23882456322202;-2,86260508058283;-5,02140762454537;-5,09729664790047;-4,06960428105759;-3,34524631734356;-2,65932913921636;0,0616023919182442;0,0160928837337721;0,0388562224715487;0,0179218411707625;0,0385225292945519;0,00612082035677787;0,015699196058898;0,00918210322227181;-1,589753614658297;-0,90327510770718411;1;1;1;-3;-3;1;1;1;-13178,1936242087;NA;All
1190;1,88304088315069;2,84254900688767;2,29896849114977;2,50980797761203;2,71397452471025;2,28043562394877;2,41260264278576;2,44819771007298;2,45700793771892;1,97913013422064;1,92132520506502;1,63046728101526;1,43501376778664;4,90550357958464;1,52473550763761;1,76609058341847;1,91673558388257;1,51866759986513;1,93717807202571;1,61222558828219;-21,2493949166985;-3,79008603045278;-7,20969029393746;-8,51566303812501;-5,61065921085665;-5,62225021785504;-10,536537451225;-9,44246507450126;-6,41341979102222;-16,1050701691777;-11,9039710737268;-17,958603469274;-25,1241603258947;-42,2201109096562;-17,9934367568665;-15,1495215606078;-15,8921403085173;-20,6995455137417;-14,7704510396926;-19,5432018278614;2,68199219822906;1,52838389719892;1,55555567096163;0,906735395569924;0,505569093294629;0,505568510213577;0,542423295383888;0,645128743653648;0,999999654320567;0,839312184375599;0,686365732674007;0,484882772849465;0,338111817657018;-2,14551609259277;-2,4282524118668;-2,59869384510399;-3,05978324250474;-4,0610219701259;-3,99395385733955;-3,3217977374888;-2,72007905507952;-2,13829182353672;-1,18500861275905;-1,85736416666674;-2,23882456322202;-2,86260508058283;-5,02140762454537;-5,09729664790047;-4,06960428105759;-3,34524631734356;-2,65932913921636;0,0616023919182442;0,0160928837337721;0,0388562224715487;0,0179218411707625;0,0385225292945519;0,00612082035677787;0,015699196058898;0,00918210322227181;-2,239576945945454;-0,11769700536373172;1;1;1;-3;-3;1;1;1;-13174,3762626612;NA;All
1200;1,88304088315069;2,84254900688767;2,29896849114977;2,50980797761203;2,71397452471025;2,28043562394877;2,41260264278576;2,44819771007298;2,45700793771892;1,97913013422064;1,92132520506502;1,63046728101526;1,43501376778664;4,90550357958464;1,52473550763761;1,76609058341847;1,91673558388257;1,51866759986513;1,93717807202571;1,61222558828219;-21,2493949166985;-3,79008603045278;-7,20969029393746;-8,51566303812501;-5,61065921085665;-5,62225021785504;-10,536537451225;-9,44246507450126;-6,41341979102222;-16,1050701691777;-11,9039710737268;-17,958603469274;-25,1241603258947;-42,2201109096562;-17,9934367568665;-15,1495215606078;-15,8921403085173;-20,6995455137417;-14,7704510396926;-19,5432018278614;2,68199219822906;1,52838389719892;1,55555567096163;0,906735395569924;0,505569093294629;0,505568510213577;0,542423295383888;0,645128743653648;0,999999654320567;0,839312184375599;0,686365732674007;0,484882772849465;0,338111817657018;-2,14551609259277;-2,4282524118668;-2,59869384510399;-3,05978324250474;-4,0610219701259;-3,99395385733955;-3,3217977374888;-2,72007905507952;-2,13829182353672;-1,18500861275905;-1,85736416666674;-2,23882456322202;-2,86260508058283;-5,02140762454537;-5,09729664790047;-4,06960428105759;-3,34524631734356;-2,65932913921636;0,0616023919182442;0,0160928837337721;0,0388562224715487;0,0179218411707625;0,0385225292945519;0,00612082035677787;0,015699196058898;0,00918210322227181;-3,703842970595257;-0,26076564758954568;1;1;1;-3;-3;1;1;1;-13174,8609959816;NA;All
1210;1,88304088315069;2,84254900688767;2,29896849114977;2,50980797761203;2,71397452471025;2,28043562394877;2,41260264278576;2,44819771007298;2,45700793771892;1,97913013422064;1,92132520506502;1,63046728101526;1,43501376778664;4,90550357958464;1,52473550763761;1,76609058341847;1,91673558388257;1,51866759986513;1,93717807202571;1,61222558828219;-21,2493949166985;-3,79008603045278;-7,20969029393746;-8,51566303812501;-5,61065921085665;-5,62225021785504;-10,536537451225;-9,44246507450126;-6,41341979102222;-16,1050701691777;-11,9039710737268;-17,958603469274;-25,1241603258947;-42,2201109096562;-17,9934367568665;-15,1495215606078;-15,8921403085173;-20,6995455137417;-14,7704510396926;-19,5432018278614;2,68199219822906;1,52838389719892;1,55555567096163;0,906735395569924;0,505569093294629;0,505568510213577;0,542423295383888;0,645128743653648;0,999999654320567;0,839312184375599;0,686365732674007;0,484882772849465;0,338111817657018;-2,14551609259277;-2,4282524118668;-2,59869384510399;-3,05978324250474;-4,0610219701259;-3,99395385733955;-3,3217977374888;-2,72007905507952;-2,13829182353672;-1,18500861275905;-1,85736416666674;-2,23882456322202;-2,86260508058283;-5,02140762454537;-5,09729664790047;-4,06960428105759;-3,34524631734356;-2,65932913921636;0,0616023919182442;0,0160928837337721;0,0388562224715487;0,0179218411707625;0,0385225292945519;0,00612082035677787;0,015699196058898;0,00918210322227181;-1,989470841525502;0,00626315888431445;1;1;1;-3;-3;1;1;1;-13174,4676846343;NA;All
1220;1,88304088315069;2,84254900688767;2,29896849114977;2,50980797761203;2,71397452471025;2,28043562394877;2,41260264278576;2,44819771007298;2,45700793771892;1,97913013422064;1,92132520506502;1,63046728101526;1,43501376778664;4,90550357958464;1,52473550763761;1,76609058341847;1,91673558388257;1,51866759986513;1,93717807202571;1,61222558828219;-21,2493949166985;-3,79008603045278;-7,20969029393746;-8,51566303812501;-5,61065921085665;-5,62225021785504;-10,536537451225;-9,44246507450126;-6,41341979102222;-16,1050701691777;-11,9039710737268;-17,958603469274;-25,1241603258947;-42,2201109096562;-17,9934367568665;-15,1495215606078;-15,8921403085173;-20,6995455137417;-14,7704510396926;-19,5432018278614;2,68199219822906;1,52838389719892;1,55555567096163;0,906735395569924;0,505569093294629;0,505568510213577;0,542423295383888;0,645128743653648;0,999999654320567;0,839312184375599;0,686365732674007;0,484882772849465;0,338111817657018;-2,14551609259277;-2,4282524118668;-2,59869384510399;-3,05978324250474;-4,0610219701259;-3,99395385733955;-3,3217977374888;-2,72007905507952;-2,13829182353672;-1,18500861275905;-1,85736416666674;-2,23882456322202;-2,86260508058283;-5,02140762454537;-5,09729664790047;-4,06960428105759;-3,34524631734356;-2,65932913921636;0,0616023919182442;0,0160928837337721;0,0388562224715487;0,0179218411707625;0,0385225292945519;0,00612082035677787;0,015699196058898;0,00918210322227181;-3,637392204128642;-0,46124406131740703;1;1;1;-3;-3;1;1;1;-13175,9635377927;NA;All
1230;1,88304088315069;2,84254900688767;2,29896849114977;2,50980797761203;2,71397452471025;2,28043562394877;2,41260264278576;2,44819771007298;2,45700793771892;1,97913013422064;1,92132520506502;1,63046728101526;1,43501376778664;4,90550357958464;1,52473550763761;1,76609058341847;1,91673558388257;1,51866759986513;1,93717807202571;1,61222558828219;-21,2493949166985;-3,79008603045278;-7,20969029393746;-8,51566303812501;-5,61065921085665;-5,62225021785504;-10,536537451225;-9,44246507450126;-6,41341979102222;-16,1050701691777;-11,9039710737268;-17,958603469274;-25,1241603258947;-42,2201109096562;-17,9934367568665;-15,1495215606078;-15,8921403085173;-20,6995455137417;-14,7704510396926;-19,5432018278614;2,68199219822906;1,52838389719892;1,55555567096163;0,906735395569924;0,505569093294629;0,505568510213577;0,542423295383888;0,645128743653648;0,999999654320567;0,839312184375599;0,686365732674007;0,484882772849465;0,338111817657018;-2,14551609259277;-2,4282524118668;-2,59869384510399;-3,05978324250474;-4,0610219701259;-3,99395385733955;-3,3217977374888;-2,72007905507952;-2,13829182353672;-1,18500861275905;-1,85736416666674;-2,23882456322202;-2,86260508058283;-5,02140762454537;-5,09729664790047;-4,06960428105759;-3,34524631734356;-2,65932913921636;0,0616023919182442;0,0160928837337721;0,0388562224715487;0,0179218411707625;0,0385225292945519;0,00612082035677787;0,015699196058898;0,00918210322227181;-2,436145278372636;-0,12208323471882400;1;1;1;-3;-3;1;1;1;-13174,3635752596;NA;All
1240;1,88304088315069;2,84254900688767;2,29896849114977;2,50980797761203;2,71397452471025;2,28043562394877;2,41260264278576;2,44819771007298;2,45700793771892;1,97913013422064;1,92132520506502;1,63046728101526;1,43501376778664;4,90550357958464;1,52473550763761;1,76609058341847;1,91673558388257;1,51866759986513;1,93717807202571;1,61222558828219;-21,2493949166985;-3,79008603045278;-7,20969029393746;-8,51566303812501;-5,61065921085665;-5,62225021785504;-10,536537451225;-9,44246507450126;-6,41341979102222;-16,1050701691777;-11,9039710737268;-17,958603469274;-25,1241603258947;-42,2201109096562;-17,9934367568665;-15,1495215606078;-15,8921403085173;-20,6995455137417;-14,7704510396926;-19,5432018278614;2,68199219822906;1,52838389719892;1,55555567096163;0,906735395569924;0,505569093294629;0,505568510213577;0,542423295383888;0,645128743653648;0,999999654320567;0,839312184375599;0,686365732674007;0,484882772849465;0,338111817657018;-2,14551609259277;-2,4282524118668;-2,59869384510399;-3,05978324250474;-4,0610219701259;-3,99395385733955;-3,3217977374888;-2,72007905507952;-2,13829182353672;-1,18500861275905;-1,85736416666674;-2,23882456322202;-2,86260508058283;-5,02140762454537;-5,09729664790047;-4,06960428105759;-3,34524631734356;-2,65932913921636;0,0616023919182442;0,0160928837337721;0,0388562224715487;0,0179218411707625;0,0385225292945519;0,00612082035677787;0,015699196058898;0,00918210322227181;-2,529084245696181;-0,57446769565522404;1;1;1;-3;-3;1;1;1;-13176,6012211431;NA;All
1250;1,88304088315069;2,84254900688767;2,29896849114977;2,50980797761203;2,71397452471025;2,28043562394877;2,41260264278576;2,44819771007298;2,45700793771892;1,97913013422064;1,92132520506502;1,63046728101526;1,43501376778664;4,90550357958464;1,52473550763761;1,76609058341847;1,91673558388257;1,51866759986513;1,93717807202571;1,61222558828219;-21,2493949166985;-3,79008603045278;-7,20969029393746;-8,51566303812501;-5,61065921085665;-5,62225021785504;-10,536537451225;-9,44246507450126;-6,41341979102222;-16,1050701691777;-11,9039710737268;-17,958603469274;-25,1241603258947;-42,2201109096562;-17,9934367568665;-15,1495215606078;-15,8921403085173;-20,6995455137417;-14,7704510396926;-19,5432018278614;2,68199219822906;1,52838389719892;1,55555567096163;0,906735395569924;0,505569093294629;0,505568510213577;0,542423295383888;0,645128743653648;0,999999654320567;0,839312184375599;0,686365732674007;0,484882772849465;0,338111817657018;-2,14551609259277;-2,4282524118668;-2,59869384510399;-3,05978324250474;-4,0610219701259;-3,99395385733955;-3,3217977374888;-2,72007905507952;-2,13829182353672;-1,18500861275905;-1,85736416666674;-2,23882456322202;-2,86260508058283;-5,02140762454537;-5,09729664790047;-4,06960428105759;-3,34524631734356;-2,65932913921636;0,0616023919182442;0,0160928837337721;0,0388562224715487;0,0179218411707625;0,0385225292945519;0,00612082035677787;0,015699196058898;0,00918210322227181;-2,897560154209009;-0,03040612545702101;1;1;1;-3;-3;1;1;1;-13174,2808743697;NA;All
1260;1,88304088315069;2,84254900688767;2,29896849114977;2,50980797761203;2,71397452471025;2,28043562394877;2,41260264278576;2,44819771007298;2,45700793771892;1,97913013422064;1,92132520506502;1,63046728101526;1,43501376778664;4,90550357958464;1,52473550763761;1,76609058341847;1,91673558388257;1,51866759986513;1,93717807202571;1,61222558828219;-21,2493949166985;-3,79008603045278;-7,20969029393746;-8,51566303812501;-5,61065921085665;-5,62225021785504;-10,536537451225;-9,44246507450126;-6,41341979102222;-16,1050701691777;-11,9039710737268;-17,958603469274;-25,1241603258947;-42,2201109096562;-17,9934367568665;-15,1495215606078;-15,8921403085173;-20,6995455137417;-14,7704510396926;-19,5432018278614;2,68199219822906;1,52838389719892;1,55555567096163;0,906735395569924;0,505569093294629;0,505568510213577;0,542423295383888;0,645128743653648;0,999999654320567;0,839312184375599;0,686365732674007;0,484882772849465;0,338111817657018;-2,14551609259277;-2,4282524118668;-2,59869384510399;-3,05978324250474;-4,0610219701259;-3,99395385733955;-3,3217977374888;-2,72007905507952;-2,13829182353672;-1,18500861275905;-1,85736416666674;-2,23882456322202;-2,86260508058283;-5,02140762454537;-5,09729664790047;-4,06960428105759;-3,34524631734356;-2,65932913921636;0,0616023919182442;0,0160928837337721;0,0388562224715487;0,0179218411707625;0,0385225292945519;0,00612082035677787;0,015699196058898;0,00918210322227181;-1,475480018902007;-0,07572677004092043;1;1;1;-3;-3;1;1;1;-13174,6266401539;NA;All
1270;1,88304088315069;2,84254900688767;2,29896849114977;2,50980797761203;2,71397452471025;2,28043562394877;2,41260264278576;2,44819771007298;2,45700793771892;1,97913013422064;1,92132520506502;1,63046728101526;1,43501376778664;4,90550357958464;1,52473550763761;1,76609058341847;1,91673558388257;1,51866759986513;1,93717807202571;1,61222558828219;-21,2493949166985;-3,79008603045278;-7,20969029393746;-8,51566303812501;-5,61065921085665;-5,62225021785504;-10,536537451225;-9,44246507450126;-6,41341979102222;-16,1050701691777;-11,9039710737268;-17,958603469274;-25,1241603258947;-42,2201109096562;-17,9934367568665;-15,1495215606078;-15,8921403085173;-20,6995455137417;-14,7704510396926;-19,5432018278614;2,68199219822906;1,52838389719892;1,55555567096163;0,906735395569924;0,505569093294629;0,505568510213577;0,542423295383888;0,645128743653648;0,999999654320567;0,839312184375599;0,686365732674007;0,484882772849465;0,338111817657018;-2,14551609259277;-2,4282524118668;-2,59869384510399;-3,05978324250474;-4,0610219701259;-3,99395385733955;-3,3217977374888;-2,72007905507952;-2,13829182353672;-1,18500861275905;-1,85736416666674;-2,23882456322202;-2,86260508058283;-5,02140762454537;-5,09729664790047;-4,06960428105759;-3,34524631734356;-2,65932913921636;0,0616023919182442;0,0160928837337721;0,0388562224715487;0,0179218411707625;0,0385225292945519;0,00612082035677787;0,015699196058898;0,00918210322227181;-1,287587457422724;0,05387232835734992;1;1;1;-3;-3;1;1;1;-13175,2014677564;NA;All
1280;1,88304088315069;2,84254900688767;2,29896849114977;2,50980797761203;2,71397452471025;2,28043562394877;2,41260264278576;2,44819771007298;2,45700793771892;1,97913013422064;1,92132520506502;1,63046728101526;1,43501376778664;4,90550357958464;1,52473550763761;1,76609058341847;1,91673558388257;1,51866759986513;1,93717807202571;1,61222558828219;-21,2493949166985;-3,79008603045278;-7,20969029393746;-8,51566303812501;-5,61065921085665;-5,62225021785504;-10,536537451225;-9,44246507450126;-6,41341979102222;-16,1050701691777;-11,9039710737268;-17,958603469274;-25,1241603258947;-42,2201109096562;-17,9934367568665;-15,1495215606078;-15,8921403085173;-20,6995455137417;-14,7704510396926;-19,5432018278614;2,68199219822906;1,52838389719892;1,55555567096163;0,906735395569924;0,505569093294629;0,505568510213577;0,542423295383888;0,645128743653648;0,999999654320567;0,839312184375599;0,686365732674007;0,484882772849465;0,338111817657018;-2,14551609259277;-2,4282524118668;-2,59869384510399;-3,05978324250474;-4,0610219701259;-3,99395385733955;-3,3217977374888;-2,72007905507952;-2,13829182353672;-1,18500861275905;-1,85736416666674;-2,23882456322202;-2,86260508058283;-5,02140762454537;-5,09729664790047;-4,06960428105759;-3,34524631734356;-2,65932913921636;0,0616023919182442;0,0160928837337721;0,0388562224715487;0,0179218411707625;0,0385225292945519;0,00612082035677787;0,015699196058898;0,00918210322227181;-1,610031041604356;-0,28159652766610843;1;1;1;-3;-3;1;1;1;-13175,2120541516;NA;All
1290;1,88304088315069;2,84254900688767;2,29896849114977;2,50980797761203;2,71397452471025;2,28043562394877;2,41260264278576;2,44819771007298;2,45700793771892;1,97913013422064;1,92132520506502;1,63046728101526;1,43501376778664;4,90550357958464;1,52473550763761;1,76609058341847;1,91673558388257;1,51866759986513;1,93717807202571;1,61222558828219;-21,2493949166985;-3,79008603045278;-7,20969029393746;-8,51566303812501;-5,61065921085665;-5,62225021785504;-10,536537451225;-9,44246507450126;-6,41341979102222;-16,1050701691777;-11,9039710737268;-17,958603469274;-25,1241603258947;-42,2201109096562;-17,9934367568665;-15,1495215606078;-15,8921403085173;-20,6995455137417;-14,7704510396926;-19,5432018278614;2,68199219822906;1,52838389719892;1,55555567096163;0,906735395569924;0,505569093294629;0,505568510213577;0,542423295383888;0,645128743653648;0,999999654320567;0,839312184375599;0,686365732674007;0,484882772849465;0,338111817657018;-2,14551609259277;-2,4282524118668;-2,59869384510399;-3,05978324250474;-4,0610219701259;-3,99395385733955;-3,3217977374888;-2,72007905507952;-2,13829182353672;-1,18500861275905;-1,85736416666674;-2,23882456322202;-2,86260508058283;-5,02140762454537;-5,09729664790047;-4,06960428105759;-3,34524631734356;-2,65932913921636;0,0616023919182442;0,0160928837337721;0,0388562224715487;0,0179218411707625;0,0385225292945519;0,00612082035677787;0,015699196058898;0,00918210322227181;-2,474100294169737;-0,60598167819892979;1;1;1;-3;-3;1;1;1;-13176,7656143245;NA;All
1300;1,88304088315069;2,84254900688767;2,29896849114977;2,50980797761203;2,71397452471025;2,28043562394877;2,41260264278576;2,44819771007298;2,45700793771892;1,97913013422064;1,92132520506502;1,63046728101526;1,43501376778664;4,90550357958464;1,52473550763761;1,76609058341847;1,91673558388257;1,51866759986513;1,93717807202571;1,61222558828219;-21,2493949166985;-3,79008603045278;-7,20969029393746;-8,51566303812501;-5,61065921085665;-5,62225021785504;-10,536537451225;-9,44246507450126;-6,41341979102222;-16,1050701691777;-11,9039710737268;-17,958603469274;-25,1241603258947;-42,2201109096562;-17,9934367568665;-15,1495215606078;-15,8921403085173;-20,6995455137417;-14,7704510396926;-19,5432018278614;2,68199219822906;1,52838389719892;1,55555567096163;0,906735395569924;0,505569093294629;0,505568510213577;0,542423295383888;0,645128743653648;0,999999654320567;0,839312184375599;0,686365732674007;0,484882772849465;0,338111817657018;-2,14551609259277;-2,4282524118668;-2,59869384510399;-3,05978324250474;-4,0610219701259;-3,99395385733955;-3,3217977374888;-2,72007905507952;-2,13829182353672;-1,18500861275905;-1,85736416666674;-2,23882456322202;-2,86260508058283;-5,02140762454537;-5,09729664790047;-4,06960428105759;-3,34524631734356;-2,65932913921636;0,0616023919182442;0,0160928837337721;0,0388562224715487;0,0179218411707625;0,0385225292945519;0,00612082035677787;0,015699196058898;0,00918210322227181;-2,386191147213397;-0,26593829263108892;1;1;1;-3;-3;1;1;1;-13174,9260341399;NA;All
1310;1,88304088315069;2,84254900688767;2,29896849114977;2,50980797761203;2,71397452471025;2,28043562394877;2,41260264278576;2,44819771007298;2,45700793771892;1,97913013422064;1,92132520506502;1,63046728101526;1,43501376778664;4,90550357958464;1,52473550763761;1,76609058341847;1,91673558388257;1,51866759986513;1,93717807202571;1,61222558828219;-21,2493949166985;-3,79008603045278;-7,20969029393746;-8,51566303812501;-5,61065921085665;-5,62225021785504;-10,536537451225;-9,44246507450126;-6,41341979102222;-16,1050701691777;-11,9039710737268;-17,958603469274;-25,1241603258947;-42,2201109096562;-17,9934367568665;-15,1495215606078;-15,8921403085173;-20,6995455137417;-14,7704510396926;-19,5432018278614;2,68199219822906;1,52838389719892;1,55555567096163;0,906735395569924;0,505569093294629;0,505568510213577;0,542423295383888;0,645128743653648;0,999999654320567;0,839312184375599;0,686365732674007;0,484882772849465;0,338111817657018;-2,14551609259277;-2,4282524118668;-2,59869384510399;-3,05978324250474;-4,0610219701259;-3,99395385733955;-3,3217977374888;-2,72007905507952;-2,13829182353672;-1,18500861275905;-1,85736416666674;-2,23882456322202;-2,86260508058283;-5,02140762454537;-5,09729664790047;-4,06960428105759;-3,34524631734356;-2,65932913921636;0,0616023919182442;0,0160928837337721;0,0388562224715487;0,0179218411707625;0,0385225292945519;0,00612082035677787;0,015699196058898;0,00918210322227181;-2,626335053241498;0,06159118192731838;1;1;1;-3;-3;1;1;1;-13174,6628289501;NA;All
1320;1,88304088315069;2,84254900688767;2,29896849114977;2,50980797761203;2,71397452471025;2,28043562394877;2,41260264278576;2,44819771007298;2,45700793771892;1,97913013422064;1,92132520506502;1,63046728101526;1,43501376778664;4,90550357958464;1,52473550763761;1,76609058341847;1,91673558388257;1,51866759986513;1,93717807202571;1,61222558828219;-21,2493949166985;-3,79008603045278;-7,20969029393746;-8,51566303812501;-5,61065921085665;-5,62225021785504;-10,536537451225;-9,44246507450126;-6,41341979102222;-16,1050701691777;-11,9039710737268;-17,958603469274;-25,1241603258947;-42,2201109096562;-17,9934367568665;-15,1495215606078;-15,8921403085173;-20,6995455137417;-14,7704510396926;-19,5432018278614;2,68199219822906;1,52838389719892;1,55555567096163;0,906735395569924;0,505569093294629;0,505568510213577;0,542423295383888;0,645128743653648;0,999999654320567;0,839312184375599;0,686365732674007;0,484882772849465;0,338111817657018;-2,14551609259277;-2,4282524118668;-2,59869384510399;-3,05978324250474;-4,0610219701259;-3,99395385733955;-3,3217977374888;-2,72007905507952;-2,13829182353672;-1,18500861275905;-1,85736416666674;-2,23882456322202;-2,86260508058283;-5,02140762454537;-5,09729664790047;-4,06960428105759;-3,34524631734356;-2,65932913921636;0,0616023919182442;0,0160928837337721;0,0388562224715487;0,0179218411707625;0,0385225292945519;0,00612082035677787;0,015699196058898;0,00918210322227181;-2,968380764051195;0,14000697632219652;1;1;1;-3;-3;1;1;1;-13175,4663017024;NA;All
1330;1,88304088315069;2,84254900688767;2,29896849114977;2,50980797761203;2,71397452471025;2,28043562394877;2,41260264278576;2,44819771007298;2,45700793771892;1,97913013422064;1,92132520506502;1,63046728101526;1,43501376778664;4,90550357958464;1,52473550763761;1,76609058341847;1,91673558388257;1,51866759986513;1,93717807202571;1,61222558828219;-21,2493949166985;-3,79008603045278;-7,20969029393746;-8,51566303812501;-5,61065921085665;-5,62225021785504;-10,536537451225;-9,44246507450126;-6,41341979102222;-16,1050701691777;-11,9039710737268;-17,958603469274;-25,1241603258947;-42,2201109096562;-17,9934367568665;-15,1495215606078;-15,8921403085173;-20,6995455137417;-14,7704510396926;-19,5432018278614;2,68199219822906;1,52838389719892;1,55555567096163;0,906735395569924;0,505569093294629;0,505568510213577;0,542423295383888;0,645128743653648;0,999999654320567;0,839312184375599;0,686365732674007;0,484882772849465;0,338111817657018;-2,14551609259277;-2,4282524118668;-2,59869384510399;-3,05978324250474;-4,0610219701259;-3,99395385733955;-3,3217977374888;-2,72007905507952;-2,13829182353672;-1,18500861275905;-1,85736416666674;-2,23882456322202;-2,86260508058283;-5,02140762454537;-5,09729664790047;-4,06960428105759;-3,34524631734356;-2,65932913921636;0,0616023919182442;0,0160928837337721;0,0388562224715487;0,0179218411707625;0,0385225292945519;0,00612082035677787;0,015699196058898;0,00918210322227181;-3,199465940044708;-0,23945178907286624;1;1;1;-3;-3;1;1;1;-13174,7621827320;NA;All
1340;1,88304088315069;2,84254900688767;2,29896849114977;2,50980797761203;2,71397452471025;2,28043562394877;2,41260264278576;2,44819771007298;2,45700793771892;1,97913013422064;1,92132520506502;1,63046728101526;1,43501376778664;4,90550357958464;1,52473550763761;1,76609058341847;1,91673558388257;1,51866759986513;1,93717807202571;1,61222558828219;-21,2493949166985;-3,79008603045278;-7,20969029393746;-8,51566303812501;-5,61065921085665;-5,62225021785504;-10,536537451225;-9,44246507450126;-6,41341979102222;-16,1050701691777;-11,9039710737268;-17,958603469274;-25,1241603258947;-42,2201109096562;-17,9934367568665;-15,1495215606078;-15,8921403085173;-20,6995455137417;-14,7704510396926;-19,5432018278614;2,68199219822906;1,52838389719892;1,55555567096163;0,906735395569924;0,505569093294629;0,505568510213577;0,542423295383888;0,645128743653648;0,999999654320567;0,839312184375599;0,686365732674007;0,484882772849465;0,338111817657018;-2,14551609259277;-2,4282524118668;-2,59869384510399;-3,05978324250474;-4,0610219701259;-3,99395385733955;-3,3217977374888;-2,72007905507952;-2,13829182353672;-1,18500861275905;-1,85736416666674;-2,23882456322202;-2,86260508058283;-5,02140762454537;-5,09729664790047;-4,06960428105759;-3,34524631734356;-2,65932913921636;0,0616023919182442;0,0160928837337721;0,0388562224715487;0,0179218411707625;0,0385225292945519;0,00612082035677787;0,015699196058898;0,00918210322227181;-2,008718930313953;-0,31922049517750639;1;1;1;-3;-3;1;1;1;-13175,2607458525;NA;All
1350;1,88304088315069;2,84254900688767;2,29896849114977;2,50980797761203;2,71397452471025;2,28043562394877;2,41260264278576;2,44819771007298;2,45700793771892;1,97913013422064;1,92132520506502;1,63046728101526;1,43501376778664;4,90550357958464;1,52473550763761;1,76609058341847;1,91673558388257;1,51866759986513;1,93717807202571;1,61222558828219;-21,2493949166985;-3,79008603045278;-7,20969029393746;-8,51566303812501;-5,61065921085665;-5,62225021785504;-10,536537451225;-9,44246507450126;-6,41341979102222;-16,1050701691777;-11,9039710737268;-17,958603469274;-25,1241603258947;-42,2201109096562;-17,9934367568665;-15,1495215606078;-15,8921403085173;-20,6995455137417;-14,7704510396926;-19,5432018278614;2,68199219822906;1,52838389719892;1,55555567096163;0,906735395569924;0,505569093294629;0,505568510213577;0,542423295383888;0,645128743653648;0,999999654320567;0,839312184375599;0,686365732674007;0,484882772849465;0,338111817657018;-2,14551609259277;-2,4282524118668;-2,59869384510399;-3,05978324250474;-4,0610219701259;-3,99395385733955;-3,3217977374888;-2,72007905507952;-2,13829182353672;-1,18500861275905;-1,85736416666674;-2,23882456322202;-2,86260508058283;-5,02140762454537;-5,09729664790047;-4,06960428105759;-3,34524631734356;-2,65932913921636;0,0616023919182442;0,0160928837337721;0,0388562224715487;0,0179218411707625;0,0385225292945519;0,00612082035677787;0,015699196058898;0,00918210322227181;-2,047231885884208;-0,42539586074867514;1;1;1;-3;-3;1;1;1;-13175,8437445638;NA;All
1360;1,88304088315069;2,84254900688767;2,29896849114977;2,50980797761203;2,71397452471025;2,28043562394877;2,41260264278576;2,44819771007298;2,45700793771892;1,97913013422064;1,92132520506502;1,63046728101526;1,43501376778664;4,90550357958464;1,52473550763761;1,76609058341847;1,91673558388257;1,51866759986513;1,93717807202571;1,61222558828219;-21,2493949166985;-3,79008603045278;-7,20969029393746;-8,51566303812501;-5,61065921085665;-5,62225021785504;-10,536537451225;-9,44246507450126;-6,41341979102222;-16,1050701691777;-11,9039710737268;-17,958603469274;-25,1241603258947;-42,2201109096562;-17,9934367568665;-15,1495215606078;-15,8921403085173;-20,6995455137417;-14,7704510396926;-19,5432018278614;2,68199219822906;1,52838389719892;1,55555567096163;0,906735395569924;0,505569093294629;0,505568510213577;0,542423295383888;0,645128743653648;0,999999654320567;0,839312184375599;0,686365732674007;0,484882772849465;0,338111817657018;-2,14551609259277;-2,4282524118668;-2,59869384510399;-3,05978324250474;-4,0610219701259;-3,99395385733955;-3,3217977374888;-2,72007905507952;-2,13829182353672;-1,18500861275905;-1,85736416666674;-2,23882456322202;-2,86260508058283;-5,02140762454537;-5,09729664790047;-4,06960428105759;-3,34524631734356;-2,65932913921636;0,0616023919182442;0,0160928837337721;0,0388562224715487;0,0179218411707625;0,0385225292945519;0,00612082035677787;0,015699196058898;0,00918210322227181;-3,991645050051890;-0,16509732270216232;1;1;1;-3;-3;1;1;1;-13174,4497817425;NA;All
1370;1,88304088315069;2,84254900688767;2,29896849114977;2,50980797761203;2,71397452471025;2,28043562394877;2,41260264278576;2,44819771007298;2,45700793771892;1,97913013422064;1,92132520506502;1,63046728101526;1,43501376778664;4,90550357958464;1,52473550763761;1,76609058341847;1,91673558388257;1,51866759986513;1,93717807202571;1,61222558828219;-21,2493949166985;-3,79008603045278;-7,20969029393746;-8,51566303812501;-5,61065921085665;-5,62225021785504;-10,536537451225;-9,44246507450126;-6,41341979102222;-16,1050701691777;-11,9039710737268;-17,958603469274;-25,1241603258947;-42,2201109096562;-17,9934367568665;-15,1495215606078;-15,8921403085173;-20,6995455137417;-14,7704510396926;-19,5432018278614;2,68199219822906;1,52838389719892;1,55555567096163;0,906735395569924;0,505569093294629;0,505568510213577;0,542423295383888;0,645128743653648;0,999999654320567;0,839312184375599;0,686365732674007;0,484882772849465;0,338111817657018;-2,14551609259277;-2,4282524118668;-2,59869384510399;-3,05978324250474;-4,0610219701259;-3,99395385733955;-3,3217977374888;-2,72007905507952;-2,13829182353672;-1,18500861275905;-1,85736416666674;-2,23882456322202;-2,86260508058283;-5,02140762454537;-5,09729664790047;-4,06960428105759;-3,34524631734356;-2,65932913921636;0,0616023919182442;0,0160928837337721;0,0388562224715487;0,0179218411707625;0,0385225292945519;0,00612082035677787;0,015699196058898;0,00918210322227181;-3,835560486756410;-0,41399338484310927;1;1;1;-3;-3;1;1;1;-13175,6964963568;NA;All
1380;1,88304088315069;2,84254900688767;2,29896849114977;2,50980797761203;2,71397452471025;2,28043562394877;2,41260264278576;2,44819771007298;2,45700793771892;1,97913013422064;1,92132520506502;1,63046728101526;1,43501376778664;4,90550357958464;1,52473550763761;1,76609058341847;1,91673558388257;1,51866759986513;1,93717807202571;1,61222558828219;-21,2493949166985;-3,79008603045278;-7,20969029393746;-8,51566303812501;-5,61065921085665;-5,62225021785504;-10,536537451225;-9,44246507450126;-6,41341979102222;-16,1050701691777;-11,9039710737268;-17,958603469274;-25,1241603258947;-42,2201109096562;-17,9934367568665;-15,1495215606078;-15,8921403085173;-20,6995455137417;-14,7704510396926;-19,5432018278614;2,68199219822906;1,52838389719892;1,55555567096163;0,906735395569924;0,505569093294629;0,505568510213577;0,542423295383888;0,645128743653648;0,999999654320567;0,839312184375599;0,686365732674007;0,484882772849465;0,338111817657018;-2,14551609259277;-2,4282524118668;-2,59869384510399;-3,05978324250474;-4,0610219701259;-3,99395385733955;-3,3217977374888;-2,72007905507952;-2,13829182353672;-1,18500861275905;-1,85736416666674;-2,23882456322202;-2,86260508058283;-5,02140762454537;-5,09729664790047;-4,06960428105759;-3,34524631734356;-2,65932913921636;0,0616023919182442;0,0160928837337721;0,0388562224715487;0,0179218411707625;0,0385225292945519;0,00612082035677787;0,015699196058898;0,00918210322227181;-1,776439549542870;-0,11699350249952296;1;1;1;-3;-3;1;1;1;-13174,4935848048;NA;All
1390;1,88304088315069;2,84254900688767;2,29896849114977;2,50980797761203;2,71397452471025;2,28043562394877;2,41260264278576;2,44819771007298;2,45700793771892;1,97913013422064;1,92132520506502;1,63046728101526;1,43501376778664;4,90550357958464;1,52473550763761;1,76609058341847;1,91673558388257;1,51866759986513;1,93717807202571;1,61222558828219;-21,2493949166985;-3,79008603045278;-7,20969029393746;-8,51566303812501;-5,61065921085665;-5,62225021785504;-10,536537451225;-9,44246507450126;-6,41341979102222;-16,1050701691777;-11,9039710737268;-17,958603469274;-25,1241603258947;-42,2201109096562;-17,9934367568665;-15,1495215606078;-15,8921403085173;-20,6995455137417;-14,7704510396926;-19,5432018278614;2,68199219822906;1,52838389719892;1,55555567096163;0,906735395569924;0,505569093294629;0,505568510213577;0,542423295383888;0,645128743653648;0,999999654320567;0,839312184375599;0,686365732674007;0,484882772849465;0,338111817657018;-2,14551609259277;-2,4282524118668;-2,59869384510399;-3,05978324250474;-4,0610219701259;-3,99395385733955;-3,3217977374888;-2,72007905507952;-2,13829182353672;-1,18500861275905;-1,85736416666674;-2,23882456322202;-2,86260508058283;-5,02140762454537;-5,09729664790047;-4,06960428105759;-3,34524631734356;-2,65932913921636;0,0616023919182442;0,0160928837337721;0,0388562224715487;0,0179218411707625;0,0385225292945519;0,00612082035677787;0,015699196058898;0,00918210322227181;-2,830578192160489;-0,42122951551285526;1;1;1;-3;-3;1;1;1;-13175,7498157538;NA;All
1400;1,88304088315069;2,84254900688767;2,29896849114977;2,50980797761203;2,71397452471025;2,28043562394877;2,41260264278576;2,44819771007298;2,45700793771892;1,97913013422064;1,92132520506502;1,63046728101526;1,43501376778664;4,90550357958464;1,52473550763761;1,76609058341847;1,91673558388257;1,51866759986513;1,93717807202571;1,61222558828219;-21,2493949166985;-3,79008603045278;-7,20969029393746;-8,51566303812501;-5,61065921085665;-5,62225021785504;-10,536537451225;-9,44246507450126;-6,41341979102222;-16,1050701691777;-11,9039710737268;-17,958603469274;-25,1241603258947;-42,2201109096562;-17,9934367568665;-15,1495215606078;-15,8921403085173;-20,6995455137417;-14,7704510396926;-19,5432018278614;2,68199219822906;1,52838389719892;1,55555567096163;0,906735395569924;0,505569093294629;0,505568510213577;0,542423295383888;0,645128743653648;0,999999654320567;0,839312184375599;0,686365732674007;0,484882772849465;0,338111817657018;-2,14551609259277;-2,4282524118668;-2,59869384510399;-3,05978324250474;-4,0610219701259;-3,99395385733955;-3,3217977374888;-2,72007905507952;-2,13829182353672;-1,18500861275905;-1,85736416666674;-2,23882456322202;-2,86260508058283;-5,02140762454537;-5,09729664790047;-4,06960428105759;-3,34524631734356;-2,65932913921636;0,0616023919182442;0,0160928837337721;0,0388562224715487;0,0179218411707625;0,0385225292945519;0,00612082035677787;0,015699196058898;0,00918210322227181;-2,903779342717959;-0,03104313624270377;1;1;1;-3;-3;1;1;1;-13174,2801192094;NA;All
1410;1,88304088315069;2,84254900688767;2,29896849114977;2,50980797761203;2,71397452471025;2,28043562394877;2,41260264278576;2,44819771007298;2,45700793771892;1,97913013422064;1,92132520506502;1,63046728101526;1,43501376778664;4,90550357958464;1,52473550763761;1,76609058341847;1,91673558388257;1,51866759986513;1,93717807202571;1,61222558828219;-21,2493949166985;-3,79008603045278;-7,20969029393746;-8,51566303812501;-5,61065921085665;-5,62225021785504;-10,536537451225;-9,44246507450126;-6,41341979102222;-16,1050701691777;-11,9039710737268;-17,958603469274;-25,1241603258947;-42,2201109096562;-17,9934367568665;-15,1495215606078;-15,8921403085173;-20,6995455137417;-14,7704510396926;-19,5432018278614;2,68199219822906;1,52838389719892;1,55555567096163;0,906735395569924;0,505569093294629;0,505568510213577;0,542423295383888;0,645128743653648;0,999999654320567;0,839312184375599;0,686365732674007;0,484882772849465;0,338111817657018;-2,14551609259277;-2,4282524118668;-2,59869384510399;-3,05978324250474;-4,0610219701259;-3,99395385733955;-3,3217977374888;-2,72007905507952;-2,13829182353672;-1,18500861275905;-1,85736416666674;-2,23882456322202;-2,86260508058283;-5,02140762454537;-5,09729664790047;-4,06960428105759;-3,34524631734356;-2,65932913921636;0,0616023919182442;0,0160928837337721;0,0388562224715487;0,0179218411707625;0,0385225292945519;0,00612082035677787;0,015699196058898;0,00918210322227181;-2,968833200361899;-0,11109676633737932;1;1;1;-3;-3;1;1;1;-13174,3130842233;NA;All
1420;1,88304088315069;2,84254900688767;2,29896849114977;2,50980797761203;2,71397452471025;2,28043562394877;2,41260264278576;2,44819771007298;2,45700793771892;1,97913013422064;1,92132520506502;1,63046728101526;1,43501376778664;4,90550357958464;1,52473550763761;1,76609058341847;1,91673558388257;1,51866759986513;1,93717807202571;1,61222558828219;-21,2493949166985;-3,79008603045278;-7,20969029393746;-8,51566303812501;-5,61065921085665;-5,62225021785504;-10,536537451225;-9,44246507450126;-6,41341979102222;-16,1050701691777;-11,9039710737268;-17,958603469274;-25,1241603258947;-42,2201109096562;-17,9934367568665;-15,1495215606078;-15,8921403085173;-20,6995455137417;-14,7704510396926;-19,5432018278614;2,68199219822906;1,52838389719892;1,55555567096163;0,906735395569924;0,505569093294629;0,505568510213577;0,542423295383888;0,645128743653648;0,999999654320567;0,839312184375599;0,686365732674007;0,484882772849465;0,338111817657018;-2,14551609259277;-2,4282524118668;-2,59869384510399;-3,05978324250474;-4,0610219701259;-3,99395385733955;-3,3217977374888;-2,72007905507952;-2,13829182353672;-1,18500861275905;-1,85736416666674;-2,23882456322202;-2,86260508058283;-5,02140762454537;-5,09729664790047;-4,06960428105759;-3,34524631734356;-2,65932913921636;0,0616023919182442;0,0160928837337721;0,0388562224715487;0,0179218411707625;0,0385225292945519;0,00612082035677787;0,015699196058898;0,00918210322227181;-2,416228772290212;-0,08250673158775719;1;1;1;-3;-3;1;1;1;-13174,3012568558;NA;All
1430;1,88304088315069;2,84254900688767;2,29896849114977;2,50980797761203;2,71397452471025;2,28043562394877;2,41260264278576;2,44819771007298;2,45700793771892;1,97913013422064;1,92132520506502;1,63046728101526;1,43501376778664;4,90550357958464;1,52473550763761;1,76609058341847;1,91673558388257;1,51866759986513;1,93717807202571;1,61222558828219;-21,2493949166985;-3,79008603045278;-7,20969029393746;-8,51566303812501;-5,61065921085665;-5,62225021785504;-10,536537451225;-9,44246507450126;-6,41341979102222;-16,1050701691777;-11,9039710737268;-17,958603469274;-25,1241603258947;-42,2201109096562;-17,9934367568665;-15,1495215606078;-15,8921403085173;-20,6995455137417;-14,7704510396926;-19,5432018278614;2,68199219822906;1,52838389719892;1,55555567096163;0,906735395569924;0,505569093294629;0,505568510213577;0,542423295383888;0,645128743653648;0,999999654320567;0,839312184375599;0,686365732674007;0,484882772849465;0,338111817657018;-2,14551609259277;-2,4282524118668;-2,59869384510399;-3,05978324250474;-4,0610219701259;-3,99395385733955;-3,3217977374888;-2,72007905507952;-2,13829182353672;-1,18500861275905;-1,85736416666674;-2,23882456322202;-2,86260508058283;-5,02140762454537;-5,09729664790047;-4,06960428105759;-3,34524631734356;-2,65932913921636;0,0616023919182442;0,0160928837337721;0,0388562224715487;0,0179218411707625;0,0385225292945519;0,00612082035677787;0,015699196058898;0,00918210322227181;-2,416228772290212;-0,08250673158775719;1;1;1;-3;-3;1;1;1;-13174,3012568558;NA;All
1440;1,88304088315069;2,84254900688767;2,29896849114977;2,50980797761203;2,71397452471025;2,28043562394877;2,41260264278576;2,44819771007298;2,45700793771892;1,97913013422064;1,92132520506502;1,63046728101526;1,43501376778664;4,90550357958464;1,52473550763761;1,76609058341847;1,91673558388257;1,51866759986513;1,93717807202571;1,61222558828219;-21,2493949166985;-3,79008603045278;-7,20969029393746;-8,51566303812501;-5,61065921085665;-5,62225021785504;-10,536537451225;-9,44246507450126;-6,41341979102222;-16,1050701691777;-11,9039710737268;-17,958603469274;-25,1241603258947;-42,2201109096562;-17,9934367568665;-15,1495215606078;-15,8921403085173;-20,6995455137417;-14,7704510396926;-19,5432018278614;2,68199219822906;1,52838389719892;1,55555567096163;0,906735395569924;0,505569093294629;0,505568510213577;0,542423295383888;0,645128743653648;0,999999654320567;0,839312184375599;0,686365732674007;0,484882772849465;0,338111817657018;-2,14551609259277;-2,4282524118668;-2,59869384510399;-3,05978324250474;-4,0610219701259;-3,99395385733955;-3,3217977374888;-2,72007905507952;-2,13829182353672;-1,18500861275905;-1,85736416666674;-2,23882456322202;-2,86260508058283;-5,02140762454537;-5,09729664790047;-4,06960428105759;-3,34524631734356;-2,65932913921636;0,0616023919182442;0,0160928837337721;0,0388562224715487;0,0179218411707625;0,0385225292945519;0,00612082035677787;0,015699196058898;0,00918210322227181;-2,938804417686334;0,00764850878427953;1;1;1;-3;-3;1;1;1;-13174,3689344951;NA;All
1450;1,88304088315069;2,84254900688767;2,29896849114977;2,50980797761203;2,71397452471025;2,28043562394877;2,41260264278576;2,44819771007298;2,45700793771892;1,97913013422064;1,92132520506502;1,63046728101526;1,43501376778664;4,90550357958464;1,52473550763761;1,76609058341847;1,91673558388257;1,51866759986513;1,93717807202571;1,61222558828219;-21,2493949166985;-3,79008603045278;-7,20969029393746;-8,51566303812501;-5,61065921085665;-5,62225021785504;-10,536537451225;-9,44246507450126;-6,41341979102222;-16,1050701691777;-11,9039710737268;-17,958603469274;-25,1241603258947;-42,2201109096562;-17,9934367568665;-15,1495215606078;-15,8921403085173;-20,6995455137417;-14,7704510396926;-19,5432018278614;2,68199219822906;1,52838389719892;1,55555567096163;0,906735395569924;0,505569093294629;0,505568510213577;0,542423295383888;0,645128743653648;0,999999654320567;0,839312184375599;0,686365732674007;0,484882772849465;0,338111817657018;-2,14551609259277;-2,4282524118668;-2,59869384510399;-3,05978324250474;-4,0610219701259;-3,99395385733955;-3,3217977374888;-2,72007905507952;-2,13829182353672;-1,18500861275905;-1,85736416666674;-2,23882456322202;-2,86260508058283;-5,02140762454537;-5,09729664790047;-4,06960428105759;-3,34524631734356;-2,65932913921636;0,0616023919182442;0,0160928837337721;0,0388562224715487;0,0179218411707625;0,0385225292945519;0,00612082035677787;0,015699196058898;0,00918210322227181;-3,711907564592061;-0,19770426008781308;1;1;1;-3;-3;1;1;1;-13174,5734196890;NA;All
1460;1,88304088315069;2,84254900688767;2,29896849114977;2,50980797761203;2,71397452471025;2,28043562394877;2,41260264278576;2,44819771007298;2,45700793771892;1,97913013422064;1,92132520506502;1,63046728101526;1,43501376778664;4,90550357958464;1,52473550763761;1,76609058341847;1,91673558388257;1,51866759986513;1,93717807202571;1,61222558828219;-21,2493949166985;-3,79008603045278;-7,20969029393746;-8,51566303812501;-5,61065921085665;-5,62225021785504;-10,536537451225;-9,44246507450126;-6,41341979102222;-16,1050701691777;-11,9039710737268;-17,958603469274;-25,1241603258947;-42,2201109096562;-17,9934367568665;-15,1495215606078;-15,8921403085173;-20,6995455137417;-14,7704510396926;-19,5432018278614;2,68199219822906;1,52838389719892;1,55555567096163;0,906735395569924;0,505569093294629;0,505568510213577;0,542423295383888;0,645128743653648;0,999999654320567;0,839312184375599;0,686365732674007;0,484882772849465;0,338111817657018;-2,14551609259277;-2,4282524118668;-2,59869384510399;-3,05978324250474;-4,0610219701259;-3,99395385733955;-3,3217977374888;-2,72007905507952;-2,13829182353672;-1,18500861275905;-1,85736416666674;-2,23882456322202;-2,86260508058283;-5,02140762454537;-5,09729664790047;-4,06960428105759;-3,34524631734356;-2,65932913921636;0,0616023919182442;0,0160928837337721;0,0388562224715487;0,0179218411707625;0,0385225292945519;0,00612082035677787;0,015699196058898;0,00918210322227181;-1,796037892299361;-0,40795196700268682;1;1;1;-3;-3;1;1;1;-13175,8131077873;NA;All
1470;1,88304088315069;2,84254900688767;2,29896849114977;2,50980797761203;2,71397452471025;2,28043562394877;2,41260264278576;2,44819771007298;2,45700793771892;1,97913013422064;1,92132520506502;1,63046728101526;1,43501376778664;4,90550357958464;1,52473550763761;1,76609058341847;1,91673558388257;1,51866759986513;1,93717807202571;1,61222558828219;-21,2493949166985;-3,79008603045278;-7,20969029393746;-8,51566303812501;-5,61065921085665;-5,62225021785504;-10,536537451225;-9,44246507450126;-6,41341979102222;-16,1050701691777;-11,9039710737268;-17,958603469274;-25,1241603258947;-42,2201109096562;-17,9934367568665;-15,1495215606078;-15,8921403085173;-20,6995455137417;-14,7704510396926;-19,5432018278614;2,68199219822906;1,52838389719892;1,55555567096163;0,906735395569924;0,505569093294629;0,505568510213577;0,542423295383888;0,645128743653648;0,999999654320567;0,839312184375599;0,686365732674007;0,484882772849465;0,338111817657018;-2,14551609259277;-2,4282524118668;-2,59869384510399;-3,05978324250474;-4,0610219701259;-3,99395385733955;-3,3217977374888;-2,72007905507952;-2,13829182353672;-1,18500861275905;-1,85736416666674;-2,23882456322202;-2,86260508058283;-5,02140762454537;-5,09729664790047;-4,06960428105759;-3,34524631734356;-2,65932913921636;0,0616023919182442;0,0160928837337721;0,0388562224715487;0,0179218411707625;0,0385225292945519;0,00612082035677787;0,015699196058898;0,00918210322227181;-2,749180847992671;-0,00886219622589821;1;1;1;-3;-3;1;1;1;-13174,3273374308;NA;All
1480;1,88304088315069;2,84254900688767;2,29896849114977;2,50980797761203;2,71397452471025;2,28043562394877;2,41260264278576;2,44819771007298;2,45700793771892;1,97913013422064;1,92132520506502;1,63046728101526;1,43501376778664;4,90550357958464;1,52473550763761;1,76609058341847;1,91673558388257;1,51866759986513;1,93717807202571;1,61222558828219;-21,2493949166985;-3,79008603045278;-7,20969029393746;-8,51566303812501;-5,61065921085665;-5,62225021785504;-10,536537451225;-9,44246507450126;-6,41341979102222;-16,1050701691777;-11,9039710737268;-17,958603469274;-25,1241603258947;-42,2201109096562;-17,9934367568665;-15,1495215606078;-15,8921403085173;-20,6995455137417;-14,7704510396926;-19,5432018278614;2,68199219822906;1,52838389719892;1,55555567096163;0,906735395569924;0,505569093294629;0,505568510213577;0,542423295383888;0,645128743653648;0,999999654320567;0,839312184375599;0,686365732674007;0,484882772849465;0,338111817657018;-2,14551609259277;-2,4282524118668;-2,59869384510399;-3,05978324250474;-4,0610219701259;-3,99395385733955;-3,3217977374888;-2,72007905507952;-2,13829182353672;-1,18500861275905;-1,85736416666674;-2,23882456322202;-2,86260508058283;-5,02140762454537;-5,09729664790047;-4,06960428105759;-3,34524631734356;-2,65932913921636;0,0616023919182442;0,0160928837337721;0,0388562224715487;0,0179218411707625;0,0385225292945519;0,00612082035677787;0,015699196058898;0,00918210322227181;-3,805187045976351;-0,52990764832041937;1;1;1;-3;-3;1;1;1;-13176,3407004332;NA;All
1490;1,88304088315069;2,84254900688767;2,29896849114977;2,50980797761203;2,71397452471025;2,28043562394877;2,41260264278576;2,44819771007298;2,45700793771892;1,97913013422064;1,92132520506502;1,63046728101526;1,43501376778664;4,90550357958464;1,52473550763761;1,76609058341847;1,91673558388257;1,51866759986513;1,93717807202571;1,61222558828219;-21,2493949166985;-3,79008603045278;-7,20969029393746;-8,51566303812501;-5,61065921085665;-5,62225021785504;-10,536537451225;-9,44246507450126;-6,41341979102222;-16,1050701691777;-11,9039710737268;-17,958603469274;-25,1241603258947;-42,2201109096562;-17,9934367568665;-15,1495215606078;-15,8921403085173;-20,6995455137417;-14,7704510396926;-19,5432018278614;2,68199219822906;1,52838389719892;1,55555567096163;0,906735395569924;0,505569093294629;0,505568510213577;0,542423295383888;0,645128743653648;0,999999654320567;0,839312184375599;0,686365732674007;0,484882772849465;0,338111817657018;-2,14551609259277;-2,4282524118668;-2,59869384510399;-3,05978324250474;-4,0610219701259;-3,99395385733955;-3,3217977374888;-2,72007905507952;-2,13829182353672;-1,18500861275905;-1,85736416666674;-2,23882456322202;-2,86260508058283;-5,02140762454537;-5,09729664790047;-4,06960428105759;-3,34524631734356;-2,65932913921636;0,0616023919182442;0,0160928837337721;0,0388562224715487;0,0179218411707625;0,0385225292945519;0,00612082035677787;0,015699196058898;0,00918210322227181;-1,107303095896344;-0,14836786019319870;1;1;1;-3;-3;1;1;1;-13175,2652037502;NA;All
1500;1,88304088315069;2,84254900688767;2,29896849114977;2,50980797761203;2,71397452471025;2,28043562394877;2,41260264278576;2,44819771007298;2,45700793771892;1,97913013422064;1,92132520506502;1,63046728101526;1,43501376778664;4,90550357958464;1,52473550763761;1,76609058341847;1,91673558388257;1,51866759986513;1,93717807202571;1,61222558828219;-21,2493949166985;-3,79008603045278;-7,20969029393746;-8,51566303812501;-5,61065921085665;-5,62225021785504;-10,536537451225;-9,44246507450126;-6,41341979102222;-16,1050701691777;-11,9039710737268;-17,958603469274;-25,1241603258947;-42,2201109096562;-17,9934367568665;-15,1495215606078;-15,8921403085173;-20,6995455137417;-14,7704510396926;-19,5432018278614;2,68199219822906;1,52838389719892;1,55555567096163;0,906735395569924;0,505569093294629;0,505568510213577;0,542423295383888;0,645128743653648;0,999999654320567;0,839312184375599;0,686365732674007;0,484882772849465;0,338111817657018;-2,14551609259277;-2,4282524118668;-2,59869384510399;-3,05978324250474;-4,0610219701259;-3,99395385733955;-3,3217977374888;-2,72007905507952;-2,13829182353672;-1,18500861275905;-1,85736416666674;-2,23882456322202;-2,86260508058283;-5,02140762454537;-5,09729664790047;-4,06960428105759;-3,34524631734356;-2,65932913921636;0,0616023919182442;0,0160928837337721;0,0388562224715487;0,0179218411707625;0,0385225292945519;0,00612082035677787;0,015699196058898;0,00918210322227181;-2,597654949168815;0,08964701803173040;1;1;1;-3;-3;1;1;1;-13174,8953672434;NA;All
1510;1,88304088315069;2,84254900688767;2,29896849114977;2,50980797761203;2,71397452471025;2,28043562394877;2,41260264278576;2,44819771007298;2,45700793771892;1,97913013422064;1,92132520506502;1,63046728101526;1,43501376778664;4,90550357958464;1,52473550763761;1,76609058341847;1,91673558388257;1,51866759986513;1,93717807202571;1,61222558828219;-21,2493949166985;-3,79008603045278;-7,20969029393746;-8,51566303812501;-5,61065921085665;-5,62225021785504;-10,536537451225;-9,44246507450126;-6,41341979102222;-16,1050701691777;-11,9039710737268;-17,958603469274;-25,1241603258947;-42,2201109096562;-17,9934367568665;-15,1495215606078;-15,8921403085173;-20,6995455137417;-14,7704510396926;-19,5432018278614;2,68199219822906;1,52838389719892;1,55555567096163;0,906735395569924;0,505569093294629;0,505568510213577;0,542423295383888;0,645128743653648;0,999999654320567;0,839312184375599;0,686365732674007;0,484882772849465;0,338111817657018;-2,14551609259277;-2,4282524118668;-2,59869384510399;-3,05978324250474;-4,0610219701259;-3,99395385733955;-3,3217977374888;-2,72007905507952;-2,13829182353672;-1,18500861275905;-1,85736416666674;-2,23882456322202;-2,86260508058283;-5,02140762454537;-5,09729664790047;-4,06960428105759;-3,34524631734356;-2,65932913921636;0,0616023919182442;0,0160928837337721;0,0388562224715487;0,0179218411707625;0,0385225292945519;0,00612082035677787;0,015699196058898;0,00918210322227181;-1,398585570269493;0,02698175229381045;1;1;1;-3;-3;1;1;1;-13174,9029988475;NA;All
1520;1,88304088315069;2,84254900688767;2,29896849114977;2,50980797761203;2,71397452471025;2,28043562394877;2,41260264278576;2,44819771007298;2,45700793771892;1,97913013422064;1,92132520506502;1,63046728101526;1,43501376778664;4,90550357958464;1,52473550763761;1,76609058341847;1,91673558388257;1,51866759986513;1,93717807202571;1,61222558828219;-21,2493949166985;-3,79008603045278;-7,20969029393746;-8,51566303812501;-5,61065921085665;-5,62225021785504;-10,536537451225;-9,44246507450126;-6,41341979102222;-16,1050701691777;-11,9039710737268;-17,958603469274;-25,1241603258947;-42,2201109096562;-17,9934367568665;-15,1495215606078;-15,8921403085173;-20,6995455137417;-14,7704510396926;-19,5432018278614;2,68199219822906;1,52838389719892;1,55555567096163;0,906735395569924;0,505569093294629;0,505568510213577;0,542423295383888;0,645128743653648;0,999999654320567;0,839312184375599;0,686365732674007;0,484882772849465;0,338111817657018;-2,14551609259277;-2,4282524118668;-2,59869384510399;-3,05978324250474;-4,0610219701259;-3,99395385733955;-3,3217977374888;-2,72007905507952;-2,13829182353672;-1,18500861275905;-1,85736416666674;-2,23882456322202;-2,86260508058283;-5,02140762454537;-5,09729664790047;-4,06960428105759;-3,34524631734356;-2,65932913921636;0,0616023919182442;0,0160928837337721;0,0388562224715487;0,0179218411707625;0,0385225292945519;0,00612082035677787;0,015699196058898;0,00918210322227181;-1,933456429500829;-0,43675064955024961;1;1;1;-3;-3;1;1;1;-13175,9332987198;NA;All
1530;1,88304088315069;2,84254900688767;2,29896849114977;2,50980797761203;2,71397452471025;2,28043562394877;2,41260264278576;2,44819771007298;2,45700793771892;1,97913013422064;1,92132520506502;1,63046728101526;1,43501376778664;4,90550357958464;1,52473550763761;1,76609058341847;1,91673558388257;1,51866759986513;1,93717807202571;1,61222558828219;-21,2493949166985;-3,79008603045278;-7,20969029393746;-8,51566303812501;-5,61065921085665;-5,62225021785504;-10,536537451225;-9,44246507450126;-6,41341979102222;-16,1050701691777;-11,9039710737268;-17,958603469274;-25,1241603258947;-42,2201109096562;-17,9934367568665;-15,1495215606078;-15,8921403085173;-20,6995455137417;-14,7704510396926;-19,5432018278614;2,68199219822906;1,52838389719892;1,55555567096163;0,906735395569924;0,505569093294629;0,505568510213577;0,542423295383888;0,645128743653648;0,999999654320567;0,839312184375599;0,686365732674007;0,484882772849465;0,338111817657018;-2,14551609259277;-2,4282524118668;-2,59869384510399;-3,05978324250474;-4,0610219701259;-3,99395385733955;-3,3217977374888;-2,72007905507952;-2,13829182353672;-1,18500861275905;-1,85736416666674;-2,23882456322202;-2,86260508058283;-5,02140762454537;-5,09729664790047;-4,06960428105759;-3,34524631734356;-2,65932913921636;0,0616023919182442;0,0160928837337721;0,0388562224715487;0,0179218411707625;0,0385225292945519;0,00612082035677787;0,015699196058898;0,00918210322227181;-1,284788366996540;0,01269622227860802;1;1;1;-3;-3;1;1;1;-13174,9850459622;NA;All
1540;1,88304088315069;2,84254900688767;2,29896849114977;2,50980797761203;2,71397452471025;2,28043562394877;2,41260264278576;2,44819771007298;2,45700793771892;1,97913013422064;1,92132520506502;1,63046728101526;1,43501376778664;4,90550357958464;1,52473550763761;1,76609058341847;1,91673558388257;1,51866759986513;1,93717807202571;1,61222558828219;-21,2493949166985;-3,79008603045278;-7,20969029393746;-8,51566303812501;-5,61065921085665;-5,62225021785504;-10,536537451225;-9,44246507450126;-6,41341979102222;-16,1050701691777;-11,9039710737268;-17,958603469274;-25,1241603258947;-42,2201109096562;-17,9934367568665;-15,1495215606078;-15,8921403085173;-20,6995455137417;-14,7704510396926;-19,5432018278614;2,68199219822906;1,52838389719892;1,55555567096163;0,906735395569924;0,505569093294629;0,505568510213577;0,542423295383888;0,645128743653648;0,999999654320567;0,839312184375599;0,686365732674007;0,484882772849465;0,338111817657018;-2,14551609259277;-2,4282524118668;-2,59869384510399;-3,05978324250474;-4,0610219701259;-3,99395385733955;-3,3217977374888;-2,72007905507952;-2,13829182353672;-1,18500861275905;-1,85736416666674;-2,23882456322202;-2,86260508058283;-5,02140762454537;-5,09729664790047;-4,06960428105759;-3,34524631734356;-2,65932913921636;0,0616023919182442;0,0160928837337721;0,0388562224715487;0,0179218411707625;0,0385225292945519;0,00612082035677787;0,015699196058898;0,00918210322227181;-3,992290131291866;-0,08264415515633000;1;1;1;-3;-3;1;1;1;-13174,2609523974;NA;All
1550;1,88304088315069;2,84254900688767;2,29896849114977;2,50980797761203;2,71397452471025;2,28043562394877;2,41260264278576;2,44819771007298;2,45700793771892;1,97913013422064;1,92132520506502;1,63046728101526;1,43501376778664;4,90550357958464;1,52473550763761;1,76609058341847;1,91673558388257;1,51866759986513;1,93717807202571;1,61222558828219;-21,2493949166985;-3,79008603045278;-7,20969029393746;-8,51566303812501;-5,61065921085665;-5,62225021785504;-10,536537451225;-9,44246507450126;-6,41341979102222;-16,1050701691777;-11,9039710737268;-17,958603469274;-25,1241603258947;-42,2201109096562;-17,9934367568665;-15,1495215606078;-15,8921403085173;-20,6995455137417;-14,7704510396926;-19,5432018278614;2,68199219822906;1,52838389719892;1,55555567096163;0,906735395569924;0,505569093294629;0,505568510213577;0,542423295383888;0,645128743653648;0,999999654320567;0,839312184375599;0,686365732674007;0,484882772849465;0,338111817657018;-2,14551609259277;-2,4282524118668;-2,59869384510399;-3,05978324250474;-4,0610219701259;-3,99395385733955;-3,3217977374888;-2,72007905507952;-2,13829182353672;-1,18500861275905;-1,85736416666674;-2,23882456322202;-2,86260508058283;-5,02140762454537;-5,09729664790047;-4,06960428105759;-3,34524631734356;-2,65932913921636;0,0616023919182442;0,0160928837337721;0,0388562224715487;0,0179218411707625;0,0385225292945519;0,00612082035677787;0,015699196058898;0,00918210322227181;-3,674796152653495;-0,04040758545076562;1;1;1;-3;-3;1;1;1;-13174,2580458655;NA;All
1560;1,88304088315069;2,84254900688767;2,29896849114977;2,50980797761203;2,71397452471025;2,28043562394877;2,41260264278576;2,44819771007298;2,45700793771892;1,97913013422064;1,92132520506502;1,63046728101526;1,43501376778664;4,90550357958464;1,52473550763761;1,76609058341847;1,91673558388257;1,51866759986513;1,93717807202571;1,61222558828219;-21,2493949166985;-3,79008603045278;-7,20969029393746;-8,51566303812501;-5,61065921085665;-5,62225021785504;-10,536537451225;-9,44246507450126;-6,41341979102222;-16,1050701691777;-11,9039710737268;-17,958603469274;-25,1241603258947;-42,2201109096562;-17,9934367568665;-15,1495215606078;-15,8921403085173;-20,6995455137417;-14,7704510396926;-19,5432018278614;2,68199219822906;1,52838389719892;1,55555567096163;0,906735395569924;0,505569093294629;0,505568510213577;0,542423295383888;0,645128743653648;0,999999654320567;0,839312184375599;0,686365732674007;0,484882772849465;0,338111817657018;-2,14551609259277;-2,4282524118668;-2,59869384510399;-3,05978324250474;-4,0610219701259;-3,99395385733955;-3,3217977374888;-2,72007905507952;-2,13829182353672;-1,18500861275905;-1,85736416666674;-2,23882456322202;-2,86260508058283;-5,02140762454537;-5,09729664790047;-4,06960428105759;-3,34524631734356;-2,65932913921636;0,0616023919182442;0,0160928837337721;0,0388562224715487;0,0179218411707625;0,0385225292945519;0,00612082035677787;0,015699196058898;0,00918210322227181;-3,710030242871608;0,07742353654405990;1;1;1;-3;-3;1;1;1;-13174,7600026121;NA;All
1570;1,88304088315069;2,84254900688767;2,29896849114977;2,50980797761203;2,71397452471025;2,28043562394877;2,41260264278576;2,44819771007298;2,45700793771892;1,97913013422064;1,92132520506502;1,63046728101526;1,43501376778664;4,90550357958464;1,52473550763761;1,76609058341847;1,91673558388257;1,51866759986513;1,93717807202571;1,61222558828219;-21,2493949166985;-3,79008603045278;-7,20969029393746;-8,51566303812501;-5,61065921085665;-5,62225021785504;-10,536537451225;-9,44246507450126;-6,41341979102222;-16,1050701691777;-11,9039710737268;-17,958603469274;-25,1241603258947;-42,2201109096562;-17,9934367568665;-15,1495215606078;-15,8921403085173;-20,6995455137417;-14,7704510396926;-19,5432018278614;2,68199219822906;1,52838389719892;1,55555567096163;0,906735395569924;0,505569093294629;0,505568510213577;0,542423295383888;0,645128743653648;0,999999654320567;0,839312184375599;0,686365732674007;0,484882772849465;0,338111817657018;-2,14551609259277;-2,4282524118668;-2,59869384510399;-3,05978324250474;-4,0610219701259;-3,99395385733955;-3,3217977374888;-2,72007905507952;-2,13829182353672;-1,18500861275905;-1,85736416666674;-2,23882456322202;-2,86260508058283;-5,02140762454537;-5,09729664790047;-4,06960428105759;-3,34524631734356;-2,65932913921636;0,0616023919182442;0,0160928837337721;0,0388562224715487;0,0179218411707625;0,0385225292945519;0,00612082035677787;0,015699196058898;0,00918210322227181;-0,778080991723259;0,07774409897429968;1;1;1;-3;-3;1;1;1;-13176,9179707264;NA;All
1580;1,88304088315069;2,84254900688767;2,29896849114977;2,50980797761203;2,71397452471025;2,28043562394877;2,41260264278576;2,44819771007298;2,45700793771892;1,97913013422064;1,92132520506502;1,63046728101526;1,43501376778664;4,90550357958464;1,52473550763761;1,76609058341847;1,91673558388257;1,51866759986513;1,93717807202571;1,61222558828219;-21,2493949166985;-3,79008603045278;-7,20969029393746;-8,51566303812501;-5,61065921085665;-5,62225021785504;-10,536537451225;-9,44246507450126;-6,41341979102222;-16,1050701691777;-11,9039710737268;-17,958603469274;-25,1241603258947;-42,2201109096562;-17,9934367568665;-15,1495215606078;-15,8921403085173;-20,6995455137417;-14,7704510396926;-19,5432018278614;2,68199219822906;1,52838389719892;1,55555567096163;0,906735395569924;0,505569093294629;0,505568510213577;0,542423295383888;0,645128743653648;0,999999654320567;0,839312184375599;0,686365732674007;0,484882772849465;0,338111817657018;-2,14551609259277;-2,4282524118668;-2,59869384510399;-3,05978324250474;-4,0610219701259;-3,99395385733955;-3,3217977374888;-2,72007905507952;-2,13829182353672;-1,18500861275905;-1,85736416666674;-2,23882456322202;-2,86260508058283;-5,02140762454537;-5,09729664790047;-4,06960428105759;-3,34524631734356;-2,65932913921636;0,0616023919182442;0,0160928837337721;0,0388562224715487;0,0179218411707625;0,0385225292945519;0,00612082035677787;0,015699196058898;0,00918210322227181;-2,920587225195933;-0,19300606638034171;1;1;1;-3;-3;1;1;1;-13174,5645210519;NA;All
1590;1,88304088315069;2,84254900688767;2,29896849114977;2,50980797761203;2,71397452471025;2,28043562394877;2,41260264278576;2,44819771007298;2,45700793771892;1,97913013422064;1,92132520506502;1,63046728101526;1,43501376778664;4,90550357958464;1,52473550763761;1,76609058341847;1,91673558388257;1,51866759986513;1,93717807202571;1,61222558828219;-21,2493949166985;-3,79008603045278;-7,20969029393746;-8,51566303812501;-5,61065921085665;-5,62225021785504;-10,536537451225;-9,44246507450126;-6,41341979102222;-16,1050701691777;-11,9039710737268;-17,958603469274;-25,1241603258947;-42,2201109096562;-17,9934367568665;-15,1495215606078;-15,8921403085173;-20,6995455137417;-14,7704510396926;-19,5432018278614;2,68199219822906;1,52838389719892;1,55555567096163;0,906735395569924;0,505569093294629;0,505568510213577;0,542423295383888;0,645128743653648;0,999999654320567;0,839312184375599;0,686365732674007;0,484882772849465;0,338111817657018;-2,14551609259277;-2,4282524118668;-2,59869384510399;-3,05978324250474;-4,0610219701259;-3,99395385733955;-3,3217977374888;-2,72007905507952;-2,13829182353672;-1,18500861275905;-1,85736416666674;-2,23882456322202;-2,86260508058283;-5,02140762454537;-5,09729664790047;-4,06960428105759;-3,34524631734356;-2,65932913921636;0,0616023919182442;0,0160928837337721;0,0388562224715487;0,0179218411707625;0,0385225292945519;0,00612082035677787;0,015699196058898;0,00918210322227181;-2,721133158747634;-0,27662001101591582;1;1;1;-3;-3;1;1;1;-13174,9580013510;NA;All
1600;1,88304088315069;2,84254900688767;2,29896849114977;2,50980797761203;2,71397452471025;2,28043562394877;2,41260264278576;2,44819771007298;2,45700793771892;1,97913013422064;1,92132520506502;1,63046728101526;1,43501376778664;4,90550357958464;1,52473550763761;1,76609058341847;1,91673558388257;1,51866759986513;1,93717807202571;1,61222558828219;-21,2493949166985;-3,79008603045278;-7,20969029393746;-8,51566303812501;-5,61065921085665;-5,62225021785504;-10,536537451225;-9,44246507450126;-6,41341979102222;-16,1050701691777;-11,9039710737268;-17,958603469274;-25,1241603258947;-42,2201109096562;-17,9934367568665;-15,1495215606078;-15,8921403085173;-20,6995455137417;-14,7704510396926;-19,5432018278614;2,68199219822906;1,52838389719892;1,55555567096163;0,906735395569924;0,505569093294629;0,505568510213577;0,542423295383888;0,645128743653648;0,999999654320567;0,839312184375599;0,686365732674007;0,484882772849465;0,338111817657018;-2,14551609259277;-2,4282524118668;-2,59869384510399;-3,05978324250474;-4,0610219701259;-3,99395385733955;-3,3217977374888;-2,72007905507952;-2,13829182353672;-1,18500861275905;-1,85736416666674;-2,23882456322202;-2,86260508058283;-5,02140762454537;-5,09729664790047;-4,06960428105759;-3,34524631734356;-2,65932913921636;0,0616023919182442;0,0160928837337721;0,0388562224715487;0,0179218411707625;0,0385225292945519;0,00612082035677787;0,015699196058898;0,00918210322227181;-2,673801694602043;-0,33030036101895210;1;1;1;-3;-3;1;1;1;-13175,2458476214;NA;All
1610;1,88304088315069;2,84254900688767;2,29896849114977;2,50980797761203;2,71397452471025;2,28043562394877;2,41260264278576;2,44819771007298;2,45700793771892;1,97913013422064;1,92132520506502;1,63046728101526;1,43501376778664;4,90550357958464;1,52473550763761;1,76609058341847;1,91673558388257;1,51866759986513;1,93717807202571;1,61222558828219;-21,2493949166985;-3,79008603045278;-7,20969029393746;-8,51566303812501;-5,61065921085665;-5,62225021785504;-10,536537451225;-9,44246507450126;-6,41341979102222;-16,1050701691777;-11,9039710737268;-17,958603469274;-25,1241603258947;-42,2201109096562;-17,9934367568665;-15,1495215606078;-15,8921403085173;-20,6995455137417;-14,7704510396926;-19,5432018278614;2,68199219822906;1,52838389719892;1,55555567096163;0,906735395569924;0,505569093294629;0,505568510213577;0,542423295383888;0,645128743653648;0,999999654320567;0,839312184375599;0,686365732674007;0,484882772849465;0,338111817657018;-2,14551609259277;-2,4282524118668;-2,59869384510399;-3,05978324250474;-4,0610219701259;-3,99395385733955;-3,3217977374888;-2,72007905507952;-2,13829182353672;-1,18500861275905;-1,85736416666674;-2,23882456322202;-2,86260508058283;-5,02140762454537;-5,09729664790047;-4,06960428105759;-3,34524631734356;-2,65932913921636;0,0616023919182442;0,0160928837337721;0,0388562224715487;0,0179218411707625;0,0385225292945519;0,00612082035677787;0,015699196058898;0,00918210322227181;-2,908104758567384;-0,34731091104843609;1;1;1;-3;-3;1;1;1;-13175,3318771372;NA;All
1620;1,88304088315069;2,84254900688767;2,29896849114977;2,50980797761203;2,71397452471025;2,28043562394877;2,41260264278576;2,44819771007298;2,45700793771892;1,97913013422064;1,92132520506502;1,63046728101526;1,43501376778664;4,90550357958464;1,52473550763761;1,76609058341847;1,91673558388257;1,51866759986513;1,93717807202571;1,61222558828219;-21,2493949166985;-3,79008603045278;-7,20969029393746;-8,51566303812501;-5,61065921085665;-5,62225021785504;-10,536537451225;-9,44246507450126;-6,41341979102222;-16,1050701691777;-11,9039710737268;-17,958603469274;-25,1241603258947;-42,2201109096562;-17,9934367568665;-15,1495215606078;-15,8921403085173;-20,6995455137417;-14,7704510396926;-19,5432018278614;2,68199219822906;1,52838389719892;1,55555567096163;0,906735395569924;0,505569093294629;0,505568510213577;0,542423295383888;0,645128743653648;0,999999654320567;0,839312184375599;0,686365732674007;0,484882772849465;0,338111817657018;-2,14551609259277;-2,4282524118668;-2,59869384510399;-3,05978324250474;-4,0610219701259;-3,99395385733955;-3,3217977374888;-2,72007905507952;-2,13829182353672;-1,18500861275905;-1,85736416666674;-2,23882456322202;-2,86260508058283;-5,02140762454537;-5,09729664790047;-4,06960428105759;-3,34524631734356;-2,65932913921636;0,0616023919182442;0,0160928837337721;0,0388562224715487;0,0179218411707625;0,0385225292945519;0,00612082035677787;0,015699196058898;0,00918210322227181;-3,940325641774569;-0,34470391551139262;1;1;1;-3;-3;1;1;1;-13175,3061908563;NA;All
1630;1,88304088315069;2,84254900688767;2,29896849114977;2,50980797761203;2,71397452471025;2,28043562394877;2,41260264278576;2,44819771007298;2,45700793771892;1,97913013422064;1,92132520506502;1,63046728101526;1,43501376778664;4,90550357958464;1,52473550763761;1,76609058341847;1,91673558388257;1,51866759986513;1,93717807202571;1,61222558828219;-21,2493949166985;-3,79008603045278;-7,20969029393746;-8,51566303812501;-5,61065921085665;-5,62225021785504;-10,536537451225;-9,44246507450126;-6,41341979102222;-16,1050701691777;-11,9039710737268;-17,958603469274;-25,1241603258947;-42,2201109096562;-17,9934367568665;-15,1495215606078;-15,8921403085173;-20,6995455137417;-14,7704510396926;-19,5432018278614;2,68199219822906;1,52838389719892;1,55555567096163;0,906735395569924;0,505569093294629;0,505568510213577;0,542423295383888;0,645128743653648;0,999999654320567;0,839312184375599;0,686365732674007;0,484882772849465;0,338111817657018;-2,14551609259277;-2,4282524118668;-2,59869384510399;-3,05978324250474;-4,0610219701259;-3,99395385733955;-3,3217977374888;-2,72007905507952;-2,13829182353672;-1,18500861275905;-1,85736416666674;-2,23882456322202;-2,86260508058283;-5,02140762454537;-5,09729664790047;-4,06960428105759;-3,34524631734356;-2,65932913921636;0,0616023919182442;0,0160928837337721;0,0388562224715487;0,0179218411707625;0,0385225292945519;0,00612082035677787;0,015699196058898;0,00918210322227181;-3,921518548913809;-0,07915300023564337;1;1;1;-3;-3;1;1;1;-13174,2580613767;NA;All
1640;1,88304088315069;2,84254900688767;2,29896849114977;2,50980797761203;2,71397452471025;2,28043562394877;2,41260264278576;2,44819771007298;2,45700793771892;1,97913013422064;1,92132520506502;1,63046728101526;1,43501376778664;4,90550357958464;1,52473550763761;1,76609058341847;1,91673558388257;1,51866759986513;1,93717807202571;1,61222558828219;-21,2493949166985;-3,79008603045278;-7,20969029393746;-8,51566303812501;-5,61065921085665;-5,62225021785504;-10,536537451225;-9,44246507450126;-6,41341979102222;-16,1050701691777;-11,9039710737268;-17,958603469274;-25,1241603258947;-42,2201109096562;-17,9934367568665;-15,1495215606078;-15,8921403085173;-20,6995455137417;-14,7704510396926;-19,5432018278614;2,68199219822906;1,52838389719892;1,55555567096163;0,906735395569924;0,505569093294629;0,505568510213577;0,542423295383888;0,645128743653648;0,999999654320567;0,839312184375599;0,686365732674007;0,484882772849465;0,338111817657018;-2,14551609259277;-2,4282524118668;-2,59869384510399;-3,05978324250474;-4,0610219701259;-3,99395385733955;-3,3217977374888;-2,72007905507952;-2,13829182353672;-1,18500861275905;-1,85736416666674;-2,23882456322202;-2,86260508058283;-5,02140762454537;-5,09729664790047;-4,06960428105759;-3,34524631734356;-2,65932913921636;0,0616023919182442;0,0160928837337721;0,0388562224715487;0,0179218411707625;0,0385225292945519;0,00612082035677787;0,015699196058898;0,00918210322227181;-2,338495800943563;-0,25817985377196861;1;1;1;-3;-3;1;1;1;-13174,8922617630;NA;All
1650;1,88304088315069;2,84254900688767;2,29896849114977;2,50980797761203;2,71397452471025;2,28043562394877;2,41260264278576;2,44819771007298;2,45700793771892;1,97913013422064;1,92132520506502;1,63046728101526;1,43501376778664;4,90550357958464;1,52473550763761;1,76609058341847;1,91673558388257;1,51866759986513;1,93717807202571;1,61222558828219;-21,2493949166985;-3,79008603045278;-7,20969029393746;-8,51566303812501;-5,61065921085665;-5,62225021785504;-10,536537451225;-9,44246507450126;-6,41341979102222;-16,1050701691777;-11,9039710737268;-17,958603469274;-25,1241603258947;-42,2201109096562;-17,9934367568665;-15,1495215606078;-15,8921403085173;-20,6995455137417;-14,7704510396926;-19,5432018278614;2,68199219822906;1,52838389719892;1,55555567096163;0,906735395569924;0,505569093294629;0,505568510213577;0,542423295383888;0,645128743653648;0,999999654320567;0,839312184375599;0,686365732674007;0,484882772849465;0,338111817657018;-2,14551609259277;-2,4282524118668;-2,59869384510399;-3,05978324250474;-4,0610219701259;-3,99395385733955;-3,3217977374888;-2,72007905507952;-2,13829182353672;-1,18500861275905;-1,85736416666674;-2,23882456322202;-2,86260508058283;-5,02140762454537;-5,09729664790047;-4,06960428105759;-3,34524631734356;-2,65932913921636;0,0616023919182442;0,0160928837337721;0,0388562224715487;0,0179218411707625;0,0385225292945519;0,00612082035677787;0,015699196058898;0,00918210322227181;-2,750747549957266;-0,05999629503960618;1;1;1;-3;-3;1;1;1;-13174,2678090700;NA;All
1660;1,88304088315069;2,84254900688767;2,29896849114977;2,50980797761203;2,71397452471025;2,28043562394877;2,41260264278576;2,44819771007298;2,45700793771892;1,97913013422064;1,92132520506502;1,63046728101526;1,43501376778664;4,90550357958464;1,52473550763761;1,76609058341847;1,91673558388257;1,51866759986513;1,93717807202571;1,61222558828219;-21,2493949166985;-3,79008603045278;-7,20969029393746;-8,51566303812501;-5,61065921085665;-5,62225021785504;-10,536537451225;-9,44246507450126;-6,41341979102222;-16,1050701691777;-11,9039710737268;-17,958603469274;-25,1241603258947;-42,2201109096562;-17,9934367568665;-15,1495215606078;-15,8921403085173;-20,6995455137417;-14,7704510396926;-19,5432018278614;2,68199219822906;1,52838389719892;1,55555567096163;0,906735395569924;0,505569093294629;0,505568510213577;0,542423295383888;0,645128743653648;0,999999654320567;0,839312184375599;0,686365732674007;0,484882772849465;0,338111817657018;-2,14551609259277;-2,4282524118668;-2,59869384510399;-3,05978324250474;-4,0610219701259;-3,99395385733955;-3,3217977374888;-2,72007905507952;-2,13829182353672;-1,18500861275905;-1,85736416666674;-2,23882456322202;-2,86260508058283;-5,02140762454537;-5,09729664790047;-4,06960428105759;-3,34524631734356;-2,65932913921636;0,0616023919182442;0,0160928837337721;0,0388562224715487;0,0179218411707625;0,0385225292945519;0,00612082035677787;0,015699196058898;0,00918210322227181;-1,578929326084888;-0,12644288681109753;1;1;1;-3;-3;1;1;1;-13174,6198629317;NA;All
1670;1,88304088315069;2,84254900688767;2,29896849114977;2,50980797761203;2,71397452471025;2,28043562394877;2,41260264278576;2,44819771007298;2,45700793771892;1,97913013422064;1,92132520506502;1,63046728101526;1,43501376778664;4,90550357958464;1,52473550763761;1,76609058341847;1,91673558388257;1,51866759986513;1,93717807202571;1,61222558828219;-21,2493949166985;-3,79008603045278;-7,20969029393746;-8,51566303812501;-5,61065921085665;-5,62225021785504;-10,536537451225;-9,44246507450126;-6,41341979102222;-16,1050701691777;-11,9039710737268;-17,958603469274;-25,1241603258947;-42,2201109096562;-17,9934367568665;-15,1495215606078;-15,8921403085173;-20,6995455137417;-14,7704510396926;-19,5432018278614;2,68199219822906;1,52838389719892;1,55555567096163;0,906735395569924;0,505569093294629;0,505568510213577;0,542423295383888;0,645128743653648;0,999999654320567;0,839312184375599;0,686365732674007;0,484882772849465;0,338111817657018;-2,14551609259277;-2,4282524118668;-2,59869384510399;-3,05978324250474;-4,0610219701259;-3,99395385733955;-3,3217977374888;-2,72007905507952;-2,13829182353672;-1,18500861275905;-1,85736416666674;-2,23882456322202;-2,86260508058283;-5,02140762454537;-5,09729664790047;-4,06960428105759;-3,34524631734356;-2,65932913921636;0,0616023919182442;0,0160928837337721;0,0388562224715487;0,0179218411707625;0,0385225292945519;0,00612082035677787;0,015699196058898;0,00918210322227181;-3,837198803043015;-0,12195101528624938;1;1;1;-3;-3;1;1;1;-13174,3260927670;NA;All
1680;1,88304088315069;2,84254900688767;2,29896849114977;2,50980797761203;2,71397452471025;2,28043562394877;2,41260264278576;2,44819771007298;2,45700793771892;1,97913013422064;1,92132520506502;1,63046728101526;1,43501376778664;4,90550357958464;1,52473550763761;1,76609058341847;1,91673558388257;1,51866759986513;1,93717807202571;1,61222558828219;-21,2493949166985;-3,79008603045278;-7,20969029393746;-8,51566303812501;-5,61065921085665;-5,62225021785504;-10,536537451225;-9,44246507450126;-6,41341979102222;-16,1050701691777;-11,9039710737268;-17,958603469274;-25,1241603258947;-42,2201109096562;-17,9934367568665;-15,1495215606078;-15,8921403085173;-20,6995455137417;-14,7704510396926;-19,5432018278614;2,68199219822906;1,52838389719892;1,55555567096163;0,906735395569924;0,505569093294629;0,505568510213577;0,542423295383888;0,645128743653648;0,999999654320567;0,839312184375599;0,686365732674007;0,484882772849465;0,338111817657018;-2,14551609259277;-2,4282524118668;-2,59869384510399;-3,05978324250474;-4,0610219701259;-3,99395385733955;-3,3217977374888;-2,72007905507952;-2,13829182353672;-1,18500861275905;-1,85736416666674;-2,23882456322202;-2,86260508058283;-5,02140762454537;-5,09729664790047;-4,06960428105759;-3,34524631734356;-2,65932913921636;0,0616023919182442;0,0160928837337721;0,0388562224715487;0,0179218411707625;0,0385225292945519;0,00612082035677787;0,015699196058898;0,00918210322227181;-2,336296169193897;-0,19113985003830491;1;1;1;-3;-3;1;1;1;-13174,5922360757;NA;All
1690;1,88304088315069;2,84254900688767;2,29896849114977;2,50980797761203;2,71397452471025;2,28043562394877;2,41260264278576;2,44819771007298;2,45700793771892;1,97913013422064;1,92132520506502;1,63046728101526;1,43501376778664;4,90550357958464;1,52473550763761;1,76609058341847;1,91673558388257;1,51866759986513;1,93717807202571;1,61222558828219;-21,2493949166985;-3,79008603045278;-7,20969029393746;-8,51566303812501;-5,61065921085665;-5,62225021785504;-10,536537451225;-9,44246507450126;-6,41341979102222;-16,1050701691777;-11,9039710737268;-17,958603469274;-25,1241603258947;-42,2201109096562;-17,9934367568665;-15,1495215606078;-15,8921403085173;-20,6995455137417;-14,7704510396926;-19,5432018278614;2,68199219822906;1,52838389719892;1,55555567096163;0,906735395569924;0,505569093294629;0,505568510213577;0,542423295383888;0,645128743653648;0,999999654320567;0,839312184375599;0,686365732674007;0,484882772849465;0,338111817657018;-2,14551609259277;-2,4282524118668;-2,59869384510399;-3,05978324250474;-4,0610219701259;-3,99395385733955;-3,3217977374888;-2,72007905507952;-2,13829182353672;-1,18500861275905;-1,85736416666674;-2,23882456322202;-2,86260508058283;-5,02140762454537;-5,09729664790047;-4,06960428105759;-3,34524631734356;-2,65932913921636;0,0616023919182442;0,0160928837337721;0,0388562224715487;0,0179218411707625;0,0385225292945519;0,00612082035677787;0,015699196058898;0,00918210322227181;-2,908592334166995;-0,79910422799282965;1;1;1;-3;-3;1;1;1;-13177,6104080839;NA;All
1700;1,88304088315069;2,84254900688767;2,29896849114977;2,50980797761203;2,71397452471025;2,28043562394877;2,41260264278576;2,44819771007298;2,45700793771892;1,97913013422064;1,92132520506502;1,63046728101526;1,43501376778664;4,90550357958464;1,52473550763761;1,76609058341847;1,91673558388257;1,51866759986513;1,93717807202571;1,61222558828219;-21,2493949166985;-3,79008603045278;-7,20969029393746;-8,51566303812501;-5,61065921085665;-5,62225021785504;-10,536537451225;-9,44246507450126;-6,41341979102222;-16,1050701691777;-11,9039710737268;-17,958603469274;-25,1241603258947;-42,2201109096562;-17,9934367568665;-15,1495215606078;-15,8921403085173;-20,6995455137417;-14,7704510396926;-19,5432018278614;2,68199219822906;1,52838389719892;1,55555567096163;0,906735395569924;0,505569093294629;0,505568510213577;0,542423295383888;0,645128743653648;0,999999654320567;0,839312184375599;0,686365732674007;0,484882772849465;0,338111817657018;-2,14551609259277;-2,4282524118668;-2,59869384510399;-3,05978324250474;-4,0610219701259;-3,99395385733955;-3,3217977374888;-2,72007905507952;-2,13829182353672;-1,18500861275905;-1,85736416666674;-2,23882456322202;-2,86260508058283;-5,02140762454537;-5,09729664790047;-4,06960428105759;-3,34524631734356;-2,65932913921636;0,0616023919182442;0,0160928837337721;0,0388562224715487;0,0179218411707625;0,0385225292945519;0,00612082035677787;0,015699196058898;0,00918210322227181;-2,232828364522367;-0,23215269356761448;1;1;1;-3;-3;1;1;1;-13174,7809217911;NA;All
1710;1,88304088315069;2,84254900688767;2,29896849114977;2,50980797761203;2,71397452471025;2,28043562394877;2,41260264278576;2,44819771007298;2,45700793771892;1,97913013422064;1,92132520506502;1,63046728101526;1,43501376778664;4,90550357958464;1,52473550763761;1,76609058341847;1,91673558388257;1,51866759986513;1,93717807202571;1,61222558828219;-21,2493949166985;-3,79008603045278;-7,20969029393746;-8,51566303812501;-5,61065921085665;-5,62225021785504;-10,536537451225;-9,44246507450126;-6,41341979102222;-16,1050701691777;-11,9039710737268;-17,958603469274;-25,1241603258947;-42,2201109096562;-17,9934367568665;-15,1495215606078;-15,8921403085173;-20,6995455137417;-14,7704510396926;-19,5432018278614;2,68199219822906;1,52838389719892;1,55555567096163;0,906735395569924;0,505569093294629;0,505568510213577;0,542423295383888;0,645128743653648;0,999999654320567;0,839312184375599;0,686365732674007;0,484882772849465;0,338111817657018;-2,14551609259277;-2,4282524118668;-2,59869384510399;-3,05978324250474;-4,0610219701259;-3,99395385733955;-3,3217977374888;-2,72007905507952;-2,13829182353672;-1,18500861275905;-1,85736416666674;-2,23882456322202;-2,86260508058283;-5,02140762454537;-5,09729664790047;-4,06960428105759;-3,34524631734356;-2,65932913921636;0,0616023919182442;0,0160928837337721;0,0388562224715487;0,0179218411707625;0,0385225292945519;0,00612082035677787;0,015699196058898;0,00918210322227181;-3,777262460377511;-0,20306106095837073;1;1;1;-3;-3;1;1;1;-13174,5952632087;NA;All
1720;1,88304088315069;2,84254900688767;2,29896849114977;2,50980797761203;2,71397452471025;2,28043562394877;2,41260264278576;2,44819771007298;2,45700793771892;1,97913013422064;1,92132520506502;1,63046728101526;1,43501376778664;4,90550357958464;1,52473550763761;1,76609058341847;1,91673558388257;1,51866759986513;1,93717807202571;1,61222558828219;-21,2493949166985;-3,79008603045278;-7,20969029393746;-8,51566303812501;-5,61065921085665;-5,62225021785504;-10,536537451225;-9,44246507450126;-6,41341979102222;-16,1050701691777;-11,9039710737268;-17,958603469274;-25,1241603258947;-42,2201109096562;-17,9934367568665;-15,1495215606078;-15,8921403085173;-20,6995455137417;-14,7704510396926;-19,5432018278614;2,68199219822906;1,52838389719892;1,55555567096163;0,906735395569924;0,505569093294629;0,505568510213577;0,542423295383888;0,645128743653648;0,999999654320567;0,839312184375599;0,686365732674007;0,484882772849465;0,338111817657018;-2,14551609259277;-2,4282524118668;-2,59869384510399;-3,05978324250474;-4,0610219701259;-3,99395385733955;-3,3217977374888;-2,72007905507952;-2,13829182353672;-1,18500861275905;-1,85736416666674;-2,23882456322202;-2,86260508058283;-5,02140762454537;-5,09729664790047;-4,06960428105759;-3,34524631734356;-2,65932913921636;0,0616023919182442;0,0160928837337721;0,0388562224715487;0,0179218411707625;0,0385225292945519;0,00612082035677787;0,015699196058898;0,00918210322227181;-0,793157358345062;-0,25775832868525572;1;1;1;-3;-3;1;1;1;-13176,6551126511;NA;All
1730;1,88304088315069;2,84254900688767;2,29896849114977;2,50980797761203;2,71397452471025;2,28043562394877;2,41260264278576;2,44819771007298;2,45700793771892;1,97913013422064;1,92132520506502;1,63046728101526;1,43501376778664;4,90550357958464;1,52473550763761;1,76609058341847;1,91673558388257;1,51866759986513;1,93717807202571;1,61222558828219;-21,2493949166985;-3,79008603045278;-7,20969029393746;-8,51566303812501;-5,61065921085665;-5,62225021785504;-10,536537451225;-9,44246507450126;-6,41341979102222;-16,1050701691777;-11,9039710737268;-17,958603469274;-25,1241603258947;-42,2201109096562;-17,9934367568665;-15,1495215606078;-15,8921403085173;-20,6995455137417;-14,7704510396926;-19,5432018278614;2,68199219822906;1,52838389719892;1,55555567096163;0,906735395569924;0,505569093294629;0,505568510213577;0,542423295383888;0,645128743653648;0,999999654320567;0,839312184375599;0,686365732674007;0,484882772849465;0,338111817657018;-2,14551609259277;-2,4282524118668;-2,59869384510399;-3,05978324250474;-4,0610219701259;-3,99395385733955;-3,3217977374888;-2,72007905507952;-2,13829182353672;-1,18500861275905;-1,85736416666674;-2,23882456322202;-2,86260508058283;-5,02140762454537;-5,09729664790047;-4,06960428105759;-3,34524631734356;-2,65932913921636;0,0616023919182442;0,0160928837337721;0,0388562224715487;0,0179218411707625;0,0385225292945519;0,00612082035677787;0,015699196058898;0,00918210322227181;-2,175327219728091;0,09729141127163576;1;1;1;-3;-3;1;1;1;-13175,0191991097;NA;All
1740;1,88304088315069;2,84254900688767;2,29896849114977;2,50980797761203;2,71397452471025;2,28043562394877;2,41260264278576;2,44819771007298;2,45700793771892;1,97913013422064;1,92132520506502;1,63046728101526;1,43501376778664;4,90550357958464;1,52473550763761;1,76609058341847;1,91673558388257;1,51866759986513;1,93717807202571;1,61222558828219;-21,2493949166985;-3,79008603045278;-7,20969029393746;-8,51566303812501;-5,61065921085665;-5,62225021785504;-10,536537451225;-9,44246507450126;-6,41341979102222;-16,1050701691777;-11,9039710737268;-17,958603469274;-25,1241603258947;-42,2201109096562;-17,9934367568665;-15,1495215606078;-15,8921403085173;-20,6995455137417;-14,7704510396926;-19,5432018278614;2,68199219822906;1,52838389719892;1,55555567096163;0,906735395569924;0,505569093294629;0,505568510213577;0,542423295383888;0,645128743653648;0,999999654320567;0,839312184375599;0,686365732674007;0,484882772849465;0,338111817657018;-2,14551609259277;-2,4282524118668;-2,59869384510399;-3,05978324250474;-4,0610219701259;-3,99395385733955;-3,3217977374888;-2,72007905507952;-2,13829182353672;-1,18500861275905;-1,85736416666674;-2,23882456322202;-2,86260508058283;-5,02140762454537;-5,09729664790047;-4,06960428105759;-3,34524631734356;-2,65932913921636;0,0616023919182442;0,0160928837337721;0,0388562224715487;0,0179218411707625;0,0385225292945519;0,00612082035677787;0,015699196058898;0,00918210322227181;-3,455424897884745;-0,30436634475611185;1;1;1;-3;-3;1;1;1;-13175,0884169307;NA;All
1750;1,88304088315069;2,84254900688767;2,29896849114977;2,50980797761203;2,71397452471025;2,28043562394877;2,41260264278576;2,44819771007298;2,45700793771892;1,97913013422064;1,92132520506502;1,63046728101526;1,43501376778664;4,90550357958464;1,52473550763761;1,76609058341847;1,91673558388257;1,51866759986513;1,93717807202571;1,61222558828219;-21,2493949166985;-3,79008603045278;-7,20969029393746;-8,51566303812501;-5,61065921085665;-5,62225021785504;-10,536537451225;-9,44246507450126;-6,41341979102222;-16,1050701691777;-11,9039710737268;-17,958603469274;-25,1241603258947;-42,2201109096562;-17,9934367568665;-15,1495215606078;-15,8921403085173;-20,6995455137417;-14,7704510396926;-19,5432018278614;2,68199219822906;1,52838389719892;1,55555567096163;0,906735395569924;0,505569093294629;0,505568510213577;0,542423295383888;0,645128743653648;0,999999654320567;0,839312184375599;0,686365732674007;0,484882772849465;0,338111817657018;-2,14551609259277;-2,4282524118668;-2,59869384510399;-3,05978324250474;-4,0610219701259;-3,99395385733955;-3,3217977374888;-2,72007905507952;-2,13829182353672;-1,18500861275905;-1,85736416666674;-2,23882456322202;-2,86260508058283;-5,02140762454537;-5,09729664790047;-4,06960428105759;-3,34524631734356;-2,65932913921636;0,0616023919182442;0,0160928837337721;0,0388562224715487;0,0179218411707625;0,0385225292945519;0,00612082035677787;0,015699196058898;0,00918210322227181;-1,218302394484542;0,01313080446376375;1;1;1;-3;-3;1;1;1;-13175,0924054045;NA;All
1760;1,88304088315069;2,84254900688767;2,29896849114977;2,50980797761203;2,71397452471025;2,28043562394877;2,41260264278576;2,44819771007298;2,45700793771892;1,97913013422064;1,92132520506502;1,63046728101526;1,43501376778664;4,90550357958464;1,52473550763761;1,76609058341847;1,91673558388257;1,51866759986513;1,93717807202571;1,61222558828219;-21,2493949166985;-3,79008603045278;-7,20969029393746;-8,51566303812501;-5,61065921085665;-5,62225021785504;-10,536537451225;-9,44246507450126;-6,41341979102222;-16,1050701691777;-11,9039710737268;-17,958603469274;-25,1241603258947;-42,2201109096562;-17,9934367568665;-15,1495215606078;-15,8921403085173;-20,6995455137417;-14,7704510396926;-19,5432018278614;2,68199219822906;1,52838389719892;1,55555567096163;0,906735395569924;0,505569093294629;0,505568510213577;0,542423295383888;0,645128743653648;0,999999654320567;0,839312184375599;0,686365732674007;0,484882772849465;0,338111817657018;-2,14551609259277;-2,4282524118668;-2,59869384510399;-3,05978324250474;-4,0610219701259;-3,99395385733955;-3,3217977374888;-2,72007905507952;-2,13829182353672;-1,18500861275905;-1,85736416666674;-2,23882456322202;-2,86260508058283;-5,02140762454537;-5,09729664790047;-4,06960428105759;-3,34524631734356;-2,65932913921636;0,0616023919182442;0,0160928837337721;0,0388562224715487;0,0179218411707625;0,0385225292945519;0,00612082035677787;0,015699196058898;0,00918210322227181;-2,564663545199338;-0,28315599940662300;1;1;1;-3;-3;1;1;1;-13174,9999810714;NA;All
1770;1,88304088315069;2,84254900688767;2,29896849114977;2,50980797761203;2,71397452471025;2,28043562394877;2,41260264278576;2,44819771007298;2,45700793771892;1,97913013422064;1,92132520506502;1,63046728101526;1,43501376778664;4,90550357958464;1,52473550763761;1,76609058341847;1,91673558388257;1,51866759986513;1,93717807202571;1,61222558828219;-21,2493949166985;-3,79008603045278;-7,20969029393746;-8,51566303812501;-5,61065921085665;-5,62225021785504;-10,536537451225;-9,44246507450126;-6,41341979102222;-16,1050701691777;-11,9039710737268;-17,958603469274;-25,1241603258947;-42,2201109096562;-17,9934367568665;-15,1495215606078;-15,8921403085173;-20,6995455137417;-14,7704510396926;-19,5432018278614;2,68199219822906;1,52838389719892;1,55555567096163;0,906735395569924;0,505569093294629;0,505568510213577;0,542423295383888;0,645128743653648;0,999999654320567;0,839312184375599;0,686365732674007;0,484882772849465;0,338111817657018;-2,14551609259277;-2,4282524118668;-2,59869384510399;-3,05978324250474;-4,0610219701259;-3,99395385733955;-3,3217977374888;-2,72007905507952;-2,13829182353672;-1,18500861275905;-1,85736416666674;-2,23882456322202;-2,86260508058283;-5,02140762454537;-5,09729664790047;-4,06960428105759;-3,34524631734356;-2,65932913921636;0,0616023919182442;0,0160928837337721;0,0388562224715487;0,0179218411707625;0,0385225292945519;0,00612082035677787;0,015699196058898;0,00918210322227181;-2,335218906682948;-0,24911788675503857;1;1;1;-3;-3;1;1;1;-13174,8485718661;NA;All
1780;1,88304088315069;2,84254900688767;2,29896849114977;2,50980797761203;2,71397452471025;2,28043562394877;2,41260264278576;2,44819771007298;2,45700793771892;1,97913013422064;1,92132520506502;1,63046728101526;1,43501376778664;4,90550357958464;1,52473550763761;1,76609058341847;1,91673558388257;1,51866759986513;1,93717807202571;1,61222558828219;-21,2493949166985;-3,79008603045278;-7,20969029393746;-8,51566303812501;-5,61065921085665;-5,62225021785504;-10,536537451225;-9,44246507450126;-6,41341979102222;-16,1050701691777;-11,9039710737268;-17,958603469274;-25,1241603258947;-42,2201109096562;-17,9934367568665;-15,1495215606078;-15,8921403085173;-20,6995455137417;-14,7704510396926;-19,5432018278614;2,68199219822906;1,52838389719892;1,55555567096163;0,906735395569924;0,505569093294629;0,505568510213577;0,542423295383888;0,645128743653648;0,999999654320567;0,839312184375599;0,686365732674007;0,484882772849465;0,338111817657018;-2,14551609259277;-2,4282524118668;-2,59869384510399;-3,05978324250474;-4,0610219701259;-3,99395385733955;-3,3217977374888;-2,72007905507952;-2,13829182353672;-1,18500861275905;-1,85736416666674;-2,23882456322202;-2,86260508058283;-5,02140762454537;-5,09729664790047;-4,06960428105759;-3,34524631734356;-2,65932913921636;0,0616023919182442;0,0160928837337721;0,0388562224715487;0,0179218411707625;0,0385225292945519;0,00612082035677787;0,015699196058898;0,00918210322227181;-3,762548498970864;-0,12572602920070949;1;1;1;-3;-3;1;1;1;-13174,3352366978;NA;All
1790;1,88304088315069;2,84254900688767;2,29896849114977;2,50980797761203;2,71397452471025;2,28043562394877;2,41260264278576;2,44819771007298;2,45700793771892;1,97913013422064;1,92132520506502;1,63046728101526;1,43501376778664;4,90550357958464;1,52473550763761;1,76609058341847;1,91673558388257;1,51866759986513;1,93717807202571;1,61222558828219;-21,2493949166985;-3,79008603045278;-7,20969029393746;-8,51566303812501;-5,61065921085665;-5,62225021785504;-10,536537451225;-9,44246507450126;-6,41341979102222;-16,1050701691777;-11,9039710737268;-17,958603469274;-25,1241603258947;-42,2201109096562;-17,9934367568665;-15,1495215606078;-15,8921403085173;-20,6995455137417;-14,7704510396926;-19,5432018278614;2,68199219822906;1,52838389719892;1,55555567096163;0,906735395569924;0,505569093294629;0,505568510213577;0,542423295383888;0,645128743653648;0,999999654320567;0,839312184375599;0,686365732674007;0,484882772849465;0,338111817657018;-2,14551609259277;-2,4282524118668;-2,59869384510399;-3,05978324250474;-4,0610219701259;-3,99395385733955;-3,3217977374888;-2,72007905507952;-2,13829182353672;-1,18500861275905;-1,85736416666674;-2,23882456322202;-2,86260508058283;-5,02140762454537;-5,09729664790047;-4,06960428105759;-3,34524631734356;-2,65932913921636;0,0616023919182442;0,0160928837337721;0,0388562224715487;0,0179218411707625;0,0385225292945519;0,00612082035677787;0,015699196058898;0,00918210322227181;-3,500340045469927;0,06845117564458142;1;1;1;-3;-3;1;1;1;-13174,6898356489;NA;All
1800;1,88304088315069;2,84254900688767;2,29896849114977;2,50980797761203;2,71397452471025;2,28043562394877;2,41260264278576;2,44819771007298;2,45700793771892;1,97913013422064;1,92132520506502;1,63046728101526;1,43501376778664;4,90550357958464;1,52473550763761;1,76609058341847;1,91673558388257;1,51866759986513;1,93717807202571;1,61222558828219;-21,2493949166985;-3,79008603045278;-7,20969029393746;-8,51566303812501;-5,61065921085665;-5,62225021785504;-10,536537451225;-9,44246507450126;-6,41341979102222;-16,1050701691777;-11,9039710737268;-17,958603469274;-25,1241603258947;-42,2201109096562;-17,9934367568665;-15,1495215606078;-15,8921403085173;-20,6995455137417;-14,7704510396926;-19,5432018278614;2,68199219822906;1,52838389719892;1,55555567096163;0,906735395569924;0,505569093294629;0,505568510213577;0,542423295383888;0,645128743653648;0,999999654320567;0,839312184375599;0,686365732674007;0,484882772849465;0,338111817657018;-2,14551609259277;-2,4282524118668;-2,59869384510399;-3,05978324250474;-4,0610219701259;-3,99395385733955;-3,3217977374888;-2,72007905507952;-2,13829182353672;-1,18500861275905;-1,85736416666674;-2,23882456322202;-2,86260508058283;-5,02140762454537;-5,09729664790047;-4,06960428105759;-3,34524631734356;-2,65932913921636;0,0616023919182442;0,0160928837337721;0,0388562224715487;0,0179218411707625;0,0385225292945519;0,00612082035677787;0,015699196058898;0,00918210322227181;-1,631837337462367;-0,39790406411993295;1;1;1;-3;-3;1;1;1;-13175,8282878207;NA;All
1810;1,88304088315069;2,84254900688767;2,29896849114977;2,50980797761203;2,71397452471025;2,28043562394877;2,41260264278576;2,44819771007298;2,45700793771892;1,97913013422064;1,92132520506502;1,63046728101526;1,43501376778664;4,90550357958464;1,52473550763761;1,76609058341847;1,91673558388257;1,51866759986513;1,93717807202571;1,61222558828219;-21,2493949166985;-3,79008603045278;-7,20969029393746;-8,51566303812501;-5,61065921085665;-5,62225021785504;-10,536537451225;-9,44246507450126;-6,41341979102222;-16,1050701691777;-11,9039710737268;-17,958603469274;-25,1241603258947;-42,2201109096562;-17,9934367568665;-15,1495215606078;-15,8921403085173;-20,6995455137417;-14,7704510396926;-19,5432018278614;2,68199219822906;1,52838389719892;1,55555567096163;0,906735395569924;0,505569093294629;0,505568510213577;0,542423295383888;0,645128743653648;0,999999654320567;0,839312184375599;0,686365732674007;0,484882772849465;0,338111817657018;-2,14551609259277;-2,4282524118668;-2,59869384510399;-3,05978324250474;-4,0610219701259;-3,99395385733955;-3,3217977374888;-2,72007905507952;-2,13829182353672;-1,18500861275905;-1,85736416666674;-2,23882456322202;-2,86260508058283;-5,02140762454537;-5,09729664790047;-4,06960428105759;-3,34524631734356;-2,65932913921636;0,0616023919182442;0,0160928837337721;0,0388562224715487;0,0179218411707625;0,0385225292945519;0,00612082035677787;0,015699196058898;0,00918210322227181;-1,963737195537595;0,01502325290390119;1;1;1;-3;-3;1;1;1;-13174,5070010423;NA;All
1820;1,88304088315069;2,84254900688767;2,29896849114977;2,50980797761203;2,71397452471025;2,28043562394877;2,41260264278576;2,44819771007298;2,45700793771892;1,97913013422064;1,92132520506502;1,63046728101526;1,43501376778664;4,90550357958464;1,52473550763761;1,76609058341847;1,91673558388257;1,51866759986513;1,93717807202571;1,61222558828219;-21,2493949166985;-3,79008603045278;-7,20969029393746;-8,51566303812501;-5,61065921085665;-5,62225021785504;-10,536537451225;-9,44246507450126;-6,41341979102222;-16,1050701691777;-11,9039710737268;-17,958603469274;-25,1241603258947;-42,2201109096562;-17,9934367568665;-15,1495215606078;-15,8921403085173;-20,6995455137417;-14,7704510396926;-19,5432018278614;2,68199219822906;1,52838389719892;1,55555567096163;0,906735395569924;0,505569093294629;0,505568510213577;0,542423295383888;0,645128743653648;0,999999654320567;0,839312184375599;0,686365732674007;0,484882772849465;0,338111817657018;-2,14551609259277;-2,4282524118668;-2,59869384510399;-3,05978324250474;-4,0610219701259;-3,99395385733955;-3,3217977374888;-2,72007905507952;-2,13829182353672;-1,18500861275905;-1,85736416666674;-2,23882456322202;-2,86260508058283;-5,02140762454537;-5,09729664790047;-4,06960428105759;-3,34524631734356;-2,65932913921636;0,0616023919182442;0,0160928837337721;0,0388562224715487;0,0179218411707625;0,0385225292945519;0,00612082035677787;0,015699196058898;0,00918210322227181;-1,340597319817171;-0,48482122747351442;1;1;1;-3;-3;1;1;1;-13176,5284578795;NA;All
1830;1,88304088315069;2,84254900688767;2,29896849114977;2,50980797761203;2,71397452471025;2,28043562394877;2,41260264278576;2,44819771007298;2,45700793771892;1,97913013422064;1,92132520506502;1,63046728101526;1,43501376778664;4,90550357958464;1,52473550763761;1,76609058341847;1,91673558388257;1,51866759986513;1,93717807202571;1,61222558828219;-21,2493949166985;-3,79008603045278;-7,20969029393746;-8,51566303812501;-5,61065921085665;-5,62225021785504;-10,536537451225;-9,44246507450126;-6,41341979102222;-16,1050701691777;-11,9039710737268;-17,958603469274;-25,1241603258947;-42,2201109096562;-17,9934367568665;-15,1495215606078;-15,8921403085173;-20,6995455137417;-14,7704510396926;-19,5432018278614;2,68199219822906;1,52838389719892;1,55555567096163;0,906735395569924;0,505569093294629;0,505568510213577;0,542423295383888;0,645128743653648;0,999999654320567;0,839312184375599;0,686365732674007;0,484882772849465;0,338111817657018;-2,14551609259277;-2,4282524118668;-2,59869384510399;-3,05978324250474;-4,0610219701259;-3,99395385733955;-3,3217977374888;-2,72007905507952;-2,13829182353672;-1,18500861275905;-1,85736416666674;-2,23882456322202;-2,86260508058283;-5,02140762454537;-5,09729664790047;-4,06960428105759;-3,34524631734356;-2,65932913921636;0,0616023919182442;0,0160928837337721;0,0388562224715487;0,0179218411707625;0,0385225292945519;0,00612082035677787;0,015699196058898;0,00918210322227181;-1,036613987039055;-0,28352517255865084;1;1;1;-3;-3;1;1;1;-13175,9532260656;NA;All
1840;1,88304088315069;2,84254900688767;2,29896849114977;2,50980797761203;2,71397452471025;2,28043562394877;2,41260264278576;2,44819771007298;2,45700793771892;1,97913013422064;1,92132520506502;1,63046728101526;1,43501376778664;4,90550357958464;1,52473550763761;1,76609058341847;1,91673558388257;1,51866759986513;1,93717807202571;1,61222558828219;-21,2493949166985;-3,79008603045278;-7,20969029393746;-8,51566303812501;-5,61065921085665;-5,62225021785504;-10,536537451225;-9,44246507450126;-6,41341979102222;-16,1050701691777;-11,9039710737268;-17,958603469274;-25,1241603258947;-42,2201109096562;-17,9934367568665;-15,1495215606078;-15,8921403085173;-20,6995455137417;-14,7704510396926;-19,5432018278614;2,68199219822906;1,52838389719892;1,55555567096163;0,906735395569924;0,505569093294629;0,505568510213577;0,542423295383888;0,645128743653648;0,999999654320567;0,839312184375599;0,686365732674007;0,484882772849465;0,338111817657018;-2,14551609259277;-2,4282524118668;-2,59869384510399;-3,05978324250474;-4,0610219701259;-3,99395385733955;-3,3217977374888;-2,72007905507952;-2,13829182353672;-1,18500861275905;-1,85736416666674;-2,23882456322202;-2,86260508058283;-5,02140762454537;-5,09729664790047;-4,06960428105759;-3,34524631734356;-2,65932913921636;0,0616023919182442;0,0160928837337721;0,0388562224715487;0,0179218411707625;0,0385225292945519;0,00612082035677787;0,015699196058898;0,00918210322227181;-3,020246667157328;0,03824270422335208;1;1;1;-3;-3;1;1;1;-13174,5008535519;NA;All
1850;1,88304088315069;2,84254900688767;2,29896849114977;2,50980797761203;2,71397452471025;2,28043562394877;2,41260264278576;2,44819771007298;2,45700793771892;1,97913013422064;1,92132520506502;1,63046728101526;1,43501376778664;4,90550357958464;1,52473550763761;1,76609058341847;1,91673558388257;1,51866759986513;1,93717807202571;1,61222558828219;-21,2493949166985;-3,79008603045278;-7,20969029393746;-8,51566303812501;-5,61065921085665;-5,62225021785504;-10,536537451225;-9,44246507450126;-6,41341979102222;-16,1050701691777;-11,9039710737268;-17,958603469274;-25,1241603258947;-42,2201109096562;-17,9934367568665;-15,1495215606078;-15,8921403085173;-20,6995455137417;-14,7704510396926;-19,5432018278614;2,68199219822906;1,52838389719892;1,55555567096163;0,906735395569924;0,505569093294629;0,505568510213577;0,542423295383888;0,645128743653648;0,999999654320567;0,839312184375599;0,686365732674007;0,484882772849465;0,338111817657018;-2,14551609259277;-2,4282524118668;-2,59869384510399;-3,05978324250474;-4,0610219701259;-3,99395385733955;-3,3217977374888;-2,72007905507952;-2,13829182353672;-1,18500861275905;-1,85736416666674;-2,23882456322202;-2,86260508058283;-5,02140762454537;-5,09729664790047;-4,06960428105759;-3,34524631734356;-2,65932913921636;0,0616023919182442;0,0160928837337721;0,0388562224715487;0,0179218411707625;0,0385225292945519;0,00612082035677787;0,015699196058898;0,00918210322227181;-1,946532101720552;-0,09142233087181784;1;1;1;-3;-3;1;1;1;-13174,3927828374;NA;All
1860;1,88304088315069;2,84254900688767;2,29896849114977;2,50980797761203;2,71397452471025;2,28043562394877;2,41260264278576;2,44819771007298;2,45700793771892;1,97913013422064;1,92132520506502;1,63046728101526;1,43501376778664;4,90550357958464;1,52473550763761;1,76609058341847;1,91673558388257;1,51866759986513;1,93717807202571;1,61222558828219;-21,2493949166985;-3,79008603045278;-7,20969029393746;-8,51566303812501;-5,61065921085665;-5,62225021785504;-10,536537451225;-9,44246507450126;-6,41341979102222;-16,1050701691777;-11,9039710737268;-17,958603469274;-25,1241603258947;-42,2201109096562;-17,9934367568665;-15,1495215606078;-15,8921403085173;-20,6995455137417;-14,7704510396926;-19,5432018278614;2,68199219822906;1,52838389719892;1,55555567096163;0,906735395569924;0,505569093294629;0,505568510213577;0,542423295383888;0,645128743653648;0,999999654320567;0,839312184375599;0,686365732674007;0,484882772849465;0,338111817657018;-2,14551609259277;-2,4282524118668;-2,59869384510399;-3,05978324250474;-4,0610219701259;-3,99395385733955;-3,3217977374888;-2,72007905507952;-2,13829182353672;-1,18500861275905;-1,85736416666674;-2,23882456322202;-2,86260508058283;-5,02140762454537;-5,09729664790047;-4,06960428105759;-3,34524631734356;-2,65932913921636;0,0616023919182442;0,0160928837337721;0,0388562224715487;0,0179218411707625;0,0385225292945519;0,00612082035677787;0,015699196058898;0,00918210322227181;-2,227844086234049;-0,25028002692144902;1;1;1;-3;-3;1;1;1;-13174,8670518199;NA;All
1870;1,88304088315069;2,84254900688767;2,29896849114977;2,50980797761203;2,71397452471025;2,28043562394877;2,41260264278576;2,44819771007298;2,45700793771892;1,97913013422064;1,92132520506502;1,63046728101526;1,43501376778664;4,90550357958464;1,52473550763761;1,76609058341847;1,91673558388257;1,51866759986513;1,93717807202571;1,61222558828219;-21,2493949166985;-3,79008603045278;-7,20969029393746;-8,51566303812501;-5,61065921085665;-5,62225021785504;-10,536537451225;-9,44246507450126;-6,41341979102222;-16,1050701691777;-11,9039710737268;-17,958603469274;-25,1241603258947;-42,2201109096562;-17,9934367568665;-15,1495215606078;-15,8921403085173;-20,6995455137417;-14,7704510396926;-19,5432018278614;2,68199219822906;1,52838389719892;1,55555567096163;0,906735395569924;0,505569093294629;0,505568510213577;0,542423295383888;0,645128743653648;0,999999654320567;0,839312184375599;0,686365732674007;0,484882772849465;0,338111817657018;-2,14551609259277;-2,4282524118668;-2,59869384510399;-3,05978324250474;-4,0610219701259;-3,99395385733955;-3,3217977374888;-2,72007905507952;-2,13829182353672;-1,18500861275905;-1,85736416666674;-2,23882456322202;-2,86260508058283;-5,02140762454537;-5,09729664790047;-4,06960428105759;-3,34524631734356;-2,65932913921636;0,0616023919182442;0,0160928837337721;0,0388562224715487;0,0179218411707625;0,0385225292945519;0,00612082035677787;0,015699196058898;0,00918210322227181;-2,824207112330561;0,07798289896421706;1;1;1;-3;-3;1;1;1;-13174,7799349733;NA;All
1880;1,88304088315069;2,84254900688767;2,29896849114977;2,50980797761203;2,71397452471025;2,28043562394877;2,41260264278576;2,44819771007298;2,45700793771892;1,97913013422064;1,92132520506502;1,63046728101526;1,43501376778664;4,90550357958464;1,52473550763761;1,76609058341847;1,91673558388257;1,51866759986513;1,93717807202571;1,61222558828219;-21,2493949166985;-3,79008603045278;-7,20969029393746;-8,51566303812501;-5,61065921085665;-5,62225021785504;-10,536537451225;-9,44246507450126;-6,41341979102222;-16,1050701691777;-11,9039710737268;-17,958603469274;-25,1241603258947;-42,2201109096562;-17,9934367568665;-15,1495215606078;-15,8921403085173;-20,6995455137417;-14,7704510396926;-19,5432018278614;2,68199219822906;1,52838389719892;1,55555567096163;0,906735395569924;0,505569093294629;0,505568510213577;0,542423295383888;0,645128743653648;0,999999654320567;0,839312184375599;0,686365732674007;0,484882772849465;0,338111817657018;-2,14551609259277;-2,4282524118668;-2,59869384510399;-3,05978324250474;-4,0610219701259;-3,99395385733955;-3,3217977374888;-2,72007905507952;-2,13829182353672;-1,18500861275905;-1,85736416666674;-2,23882456322202;-2,86260508058283;-5,02140762454537;-5,09729664790047;-4,06960428105759;-3,34524631734356;-2,65932913921636;0,0616023919182442;0,0160928837337721;0,0388562224715487;0,0179218411707625;0,0385225292945519;0,00612082035677787;0,015699196058898;0,00918210322227181;-3,885125214890387;-0,05808391023842865;1;1;1;-3;-3;1;1;1;-13174,2498226814;NA;All
1890;1,88304088315069;2,84254900688767;2,29896849114977;2,50980797761203;2,71397452471025;2,28043562394877;2,41260264278576;2,44819771007298;2,45700793771892;1,97913013422064;1,92132520506502;1,63046728101526;1,43501376778664;4,90550357958464;1,52473550763761;1,76609058341847;1,91673558388257;1,51866759986513;1,93717807202571;1,61222558828219;-21,2493949166985;-3,79008603045278;-7,20969029393746;-8,51566303812501;-5,61065921085665;-5,62225021785504;-10,536537451225;-9,44246507450126;-6,41341979102222;-16,1050701691777;-11,9039710737268;-17,958603469274;-25,1241603258947;-42,2201109096562;-17,9934367568665;-15,1495215606078;-15,8921403085173;-20,6995455137417;-14,7704510396926;-19,5432018278614;2,68199219822906;1,52838389719892;1,55555567096163;0,906735395569924;0,505569093294629;0,505568510213577;0,542423295383888;0,645128743653648;0,999999654320567;0,839312184375599;0,686365732674007;0,484882772849465;0,338111817657018;-2,14551609259277;-2,4282524118668;-2,59869384510399;-3,05978324250474;-4,0610219701259;-3,99395385733955;-3,3217977374888;-2,72007905507952;-2,13829182353672;-1,18500861275905;-1,85736416666674;-2,23882456322202;-2,86260508058283;-5,02140762454537;-5,09729664790047;-4,06960428105759;-3,34524631734356;-2,65932913921636;0,0616023919182442;0,0160928837337721;0,0388562224715487;0,0179218411707625;0,0385225292945519;0,00612082035677787;0,015699196058898;0,00918210322227181;-3,274751876126373;-0,38566996784544494;1;1;1;-3;-3;1;1;1;-13175,5399605294;NA;All
1900;1,88304088315069;2,84254900688767;2,29896849114977;2,50980797761203;2,71397452471025;2,28043562394877;2,41260264278576;2,44819771007298;2,45700793771892;1,97913013422064;1,92132520506502;1,63046728101526;1,43501376778664;4,90550357958464;1,52473550763761;1,76609058341847;1,91673558388257;1,51866759986513;1,93717807202571;1,61222558828219;-21,2493949166985;-3,79008603045278;-7,20969029393746;-8,51566303812501;-5,61065921085665;-5,62225021785504;-10,536537451225;-9,44246507450126;-6,41341979102222;-16,1050701691777;-11,9039710737268;-17,958603469274;-25,1241603258947;-42,2201109096562;-17,9934367568665;-15,1495215606078;-15,8921403085173;-20,6995455137417;-14,7704510396926;-19,5432018278614;2,68199219822906;1,52838389719892;1,55555567096163;0,906735395569924;0,505569093294629;0,505568510213577;0,542423295383888;0,645128743653648;0,999999654320567;0,839312184375599;0,686365732674007;0,484882772849465;0,338111817657018;-2,14551609259277;-2,4282524118668;-2,59869384510399;-3,05978324250474;-4,0610219701259;-3,99395385733955;-3,3217977374888;-2,72007905507952;-2,13829182353672;-1,18500861275905;-1,85736416666674;-2,23882456322202;-2,86260508058283;-5,02140762454537;-5,09729664790047;-4,06960428105759;-3,34524631734356;-2,65932913921636;0,0616023919182442;0,0160928837337721;0,0388562224715487;0,0179218411707625;0,0385225292945519;0,00612082035677787;0,015699196058898;0,00918210322227181;-3,924993527532530;-0,01874289609879651;1;1;1;-3;-3;1;1;1;-13174,2870641222;NA;All
1910;1,88304088315069;2,84254900688767;2,29896849114977;2,50980797761203;2,71397452471025;2,28043562394877;2,41260264278576;2,44819771007298;2,45700793771892;1,97913013422064;1,92132520506502;1,63046728101526;1,43501376778664;4,90550357958464;1,52473550763761;1,76609058341847;1,91673558388257;1,51866759986513;1,93717807202571;1,61222558828219;-21,2493949166985;-3,79008603045278;-7,20969029393746;-8,51566303812501;-5,61065921085665;-5,62225021785504;-10,536537451225;-9,44246507450126;-6,41341979102222;-16,1050701691777;-11,9039710737268;-17,958603469274;-25,1241603258947;-42,2201109096562;-17,9934367568665;-15,1495215606078;-15,8921403085173;-20,6995455137417;-14,7704510396926;-19,5432018278614;2,68199219822906;1,52838389719892;1,55555567096163;0,906735395569924;0,505569093294629;0,505568510213577;0,542423295383888;0,645128743653648;0,999999654320567;0,839312184375599;0,686365732674007;0,484882772849465;0,338111817657018;-2,14551609259277;-2,4282524118668;-2,59869384510399;-3,05978324250474;-4,0610219701259;-3,99395385733955;-3,3217977374888;-2,72007905507952;-2,13829182353672;-1,18500861275905;-1,85736416666674;-2,23882456322202;-2,86260508058283;-5,02140762454537;-5,09729664790047;-4,06960428105759;-3,34524631734356;-2,65932913921636;0,0616023919182442;0,0160928837337721;0,0388562224715487;0,0179218411707625;0,0385225292945519;0,00612082035677787;0,015699196058898;0,00918210322227181;-3,924993527532530;-0,01874289609879651;1;1;1;-3;-3;1;1;1;-13174,2870641222;NA;All
1920;1,88304088315069;2,84254900688767;2,29896849114977;2,50980797761203;2,71397452471025;2,28043562394877;2,41260264278576;2,44819771007298;2,45700793771892;1,97913013422064;1,92132520506502;1,63046728101526;1,43501376778664;4,90550357958464;1,52473550763761;1,76609058341847;1,91673558388257;1,51866759986513;1,93717807202571;1,61222558828219;-21,2493949166985;-3,79008603045278;-7,20969029393746;-8,51566303812501;-5,61065921085665;-5,62225021785504;-10,536537451225;-9,44246507450126;-6,41341979102222;-16,1050701691777;-11,9039710737268;-17,958603469274;-25,1241603258947;-42,2201109096562;-17,9934367568665;-15,1495215606078;-15,8921403085173;-20,6995455137417;-14,7704510396926;-19,5432018278614;2,68199219822906;1,52838389719892;1,55555567096163;0,906735395569924;0,505569093294629;0,505568510213577;0,542423295383888;0,645128743653648;0,999999654320567;0,839312184375599;0,686365732674007;0,484882772849465;0,338111817657018;-2,14551609259277;-2,4282524118668;-2,59869384510399;-3,05978324250474;-4,0610219701259;-3,99395385733955;-3,3217977374888;-2,72007905507952;-2,13829182353672;-1,18500861275905;-1,85736416666674;-2,23882456322202;-2,86260508058283;-5,02140762454537;-5,09729664790047;-4,06960428105759;-3,34524631734356;-2,65932913921636;0,0616023919182442;0,0160928837337721;0,0388562224715487;0,0179218411707625;0,0385225292945519;0,00612082035677787;0,015699196058898;0,00918210322227181;-2,587008370162644;-0,05178998091064188;1;1;1;-3;-3;1;1;1;-13174,2780375936;NA;All
1930;1,88304088315069;2,84254900688767;2,29896849114977;2,50980797761203;2,71397452471025;2,28043562394877;2,41260264278576;2,44819771007298;2,45700793771892;1,97913013422064;1,92132520506502;1,63046728101526;1,43501376778664;4,90550357958464;1,52473550763761;1,76609058341847;1,91673558388257;1,51866759986513;1,93717807202571;1,61222558828219;-21,2493949166985;-3,79008603045278;-7,20969029393746;-8,51566303812501;-5,61065921085665;-5,62225021785504;-10,536537451225;-9,44246507450126;-6,41341979102222;-16,1050701691777;-11,9039710737268;-17,958603469274;-25,1241603258947;-42,2201109096562;-17,9934367568665;-15,1495215606078;-15,8921403085173;-20,6995455137417;-14,7704510396926;-19,5432018278614;2,68199219822906;1,52838389719892;1,55555567096163;0,906735395569924;0,505569093294629;0,505568510213577;0,542423295383888;0,645128743653648;0,999999654320567;0,839312184375599;0,686365732674007;0,484882772849465;0,338111817657018;-2,14551609259277;-2,4282524118668;-2,59869384510399;-3,05978324250474;-4,0610219701259;-3,99395385733955;-3,3217977374888;-2,72007905507952;-2,13829182353672;-1,18500861275905;-1,85736416666674;-2,23882456322202;-2,86260508058283;-5,02140762454537;-5,09729664790047;-4,06960428105759;-3,34524631734356;-2,65932913921636;0,0616023919182442;0,0160928837337721;0,0388562224715487;0,0179218411707625;0,0385225292945519;0,00612082035677787;0,015699196058898;0,00918210322227181;-1,369636167041271;-0,27895316219157484;1;1;1;-3;-3;1;1;1;-13175,3887975909;NA;All
1940;1,88304088315069;2,84254900688767;2,29896849114977;2,50980797761203;2,71397452471025;2,28043562394877;2,41260264278576;2,44819771007298;2,45700793771892;1,97913013422064;1,92132520506502;1,63046728101526;1,43501376778664;4,90550357958464;1,52473550763761;1,76609058341847;1,91673558388257;1,51866759986513;1,93717807202571;1,61222558828219;-21,2493949166985;-3,79008603045278;-7,20969029393746;-8,51566303812501;-5,61065921085665;-5,62225021785504;-10,536537451225;-9,44246507450126;-6,41341979102222;-16,1050701691777;-11,9039710737268;-17,958603469274;-25,1241603258947;-42,2201109096562;-17,9934367568665;-15,1495215606078;-15,8921403085173;-20,6995455137417;-14,7704510396926;-19,5432018278614;2,68199219822906;1,52838389719892;1,55555567096163;0,906735395569924;0,505569093294629;0,505568510213577;0,542423295383888;0,645128743653648;0,999999654320567;0,839312184375599;0,686365732674007;0,484882772849465;0,338111817657018;-2,14551609259277;-2,4282524118668;-2,59869384510399;-3,05978324250474;-4,0610219701259;-3,99395385733955;-3,3217977374888;-2,72007905507952;-2,13829182353672;-1,18500861275905;-1,85736416666674;-2,23882456322202;-2,86260508058283;-5,02140762454537;-5,09729664790047;-4,06960428105759;-3,34524631734356;-2,65932913921636;0,0616023919182442;0,0160928837337721;0,0388562224715487;0,0179218411707625;0,0385225292945519;0,00612082035677787;0,015699196058898;0,00918210322227181;-3,489967731543556;0,06385218951021138;1;1;1;-3;-3;1;1;1;-13174,6554610316;NA;All
1950;1,88304088315069;2,84254900688767;2,29896849114977;2,50980797761203;2,71397452471025;2,28043562394877;2,41260264278576;2,44819771007298;2,45700793771892;1,97913013422064;1,92132520506502;1,63046728101526;1,43501376778664;4,90550357958464;1,52473550763761;1,76609058341847;1,91673558388257;1,51866759986513;1,93717807202571;1,61222558828219;-21,2493949166985;-3,79008603045278;-7,20969029393746;-8,51566303812501;-5,61065921085665;-5,62225021785504;-10,536537451225;-9,44246507450126;-6,41341979102222;-16,1050701691777;-11,9039710737268;-17,958603469274;-25,1241603258947;-42,2201109096562;-17,9934367568665;-15,1495215606078;-15,8921403085173;-20,6995455137417;-14,7704510396926;-19,5432018278614;2,68199219822906;1,52838389719892;1,55555567096163;0,906735395569924;0,505569093294629;0,505568510213577;0,542423295383888;0,645128743653648;0,999999654320567;0,839312184375599;0,686365732674007;0,484882772849465;0,338111817657018;-2,14551609259277;-2,4282524118668;-2,59869384510399;-3,05978324250474;-4,0610219701259;-3,99395385733955;-3,3217977374888;-2,72007905507952;-2,13829182353672;-1,18500861275905;-1,85736416666674;-2,23882456322202;-2,86260508058283;-5,02140762454537;-5,09729664790047;-4,06960428105759;-3,34524631734356;-2,65932913921636;0,0616023919182442;0,0160928837337721;0,0388562224715487;0,0179218411707625;0,0385225292945519;0,00612082035677787;0,015699196058898;0,00918210322227181;-3,829608853106398;0,08316445331141638;1;1;1;-3;-3;1;1;1;-13174,8086821571;NA;All
1960;1,88304088315069;2,84254900688767;2,29896849114977;2,50980797761203;2,71397452471025;2,28043562394877;2,41260264278576;2,44819771007298;2,45700793771892;1,97913013422064;1,92132520506502;1,63046728101526;1,43501376778664;4,90550357958464;1,52473550763761;1,76609058341847;1,91673558388257;1,51866759986513;1,93717807202571;1,61222558828219;-21,2493949166985;-3,79008603045278;-7,20969029393746;-8,51566303812501;-5,61065921085665;-5,62225021785504;-10,536537451225;-9,44246507450126;-6,41341979102222;-16,1050701691777;-11,9039710737268;-17,958603469274;-25,1241603258947;-42,2201109096562;-17,9934367568665;-15,1495215606078;-15,8921403085173;-20,6995455137417;-14,7704510396926;-19,5432018278614;2,68199219822906;1,52838389719892;1,55555567096163;0,906735395569924;0,505569093294629;0,505568510213577;0,542423295383888;0,645128743653648;0,999999654320567;0,839312184375599;0,686365732674007;0,484882772849465;0,338111817657018;-2,14551609259277;-2,4282524118668;-2,59869384510399;-3,05978324250474;-4,0610219701259;-3,99395385733955;-3,3217977374888;-2,72007905507952;-2,13829182353672;-1,18500861275905;-1,85736416666674;-2,23882456322202;-2,86260508058283;-5,02140762454537;-5,09729664790047;-4,06960428105759;-3,34524631734356;-2,65932913921636;0,0616023919182442;0,0160928837337721;0,0388562224715487;0,0179218411707625;0,0385225292945519;0,00612082035677787;0,015699196058898;0,00918210322227181;-3,944817561087894;-0,79313065650232206;1;1;1;-3;-3;1;1;1;-13177,5779125285;NA;All
1970;1,88304088315069;2,84254900688767;2,29896849114977;2,50980797761203;2,71397452471025;2,28043562394877;2,41260264278576;2,44819771007298;2,45700793771892;1,97913013422064;1,92132520506502;1,63046728101526;1,43501376778664;4,90550357958464;1,52473550763761;1,76609058341847;1,91673558388257;1,51866759986513;1,93717807202571;1,61222558828219;-21,2493949166985;-3,79008603045278;-7,20969029393746;-8,51566303812501;-5,61065921085665;-5,62225021785504;-10,536537451225;-9,44246507450126;-6,41341979102222;-16,1050701691777;-11,9039710737268;-17,958603469274;-25,1241603258947;-42,2201109096562;-17,9934367568665;-15,1495215606078;-15,8921403085173;-20,6995455137417;-14,7704510396926;-19,5432018278614;2,68199219822906;1,52838389719892;1,55555567096163;0,906735395569924;0,505569093294629;0,505568510213577;0,542423295383888;0,645128743653648;0,999999654320567;0,839312184375599;0,686365732674007;0,484882772849465;0,338111817657018;-2,14551609259277;-2,4282524118668;-2,59869384510399;-3,05978324250474;-4,0610219701259;-3,99395385733955;-3,3217977374888;-2,72007905507952;-2,13829182353672;-1,18500861275905;-1,85736416666674;-2,23882456322202;-2,86260508058283;-5,02140762454537;-5,09729664790047;-4,06960428105759;-3,34524631734356;-2,65932913921636;0,0616023919182442;0,0160928837337721;0,0388562224715487;0,0179218411707625;0,0385225292945519;0,00612082035677787;0,015699196058898;0,00918210322227181;-3,179893156072567;-0,46919390140816014;1;1;1;-3;-3;1;1;1;-13176,0120228436;NA;All
1980;1,88304088315069;2,84254900688767;2,29896849114977;2,50980797761203;2,71397452471025;2,28043562394877;2,41260264278576;2,44819771007298;2,45700793771892;1,97913013422064;1,92132520506502;1,63046728101526;1,43501376778664;4,90550357958464;1,52473550763761;1,76609058341847;1,91673558388257;1,51866759986513;1,93717807202571;1,61222558828219;-21,2493949166985;-3,79008603045278;-7,20969029393746;-8,51566303812501;-5,61065921085665;-5,62225021785504;-10,536537451225;-9,44246507450126;-6,41341979102222;-16,1050701691777;-11,9039710737268;-17,958603469274;-25,1241603258947;-42,2201109096562;-17,9934367568665;-15,1495215606078;-15,8921403085173;-20,6995455137417;-14,7704510396926;-19,5432018278614;2,68199219822906;1,52838389719892;1,55555567096163;0,906735395569924;0,505569093294629;0,505568510213577;0,542423295383888;0,645128743653648;0,999999654320567;0,839312184375599;0,686365732674007;0,484882772849465;0,338111817657018;-2,14551609259277;-2,4282524118668;-2,59869384510399;-3,05978324250474;-4,0610219701259;-3,99395385733955;-3,3217977374888;-2,72007905507952;-2,13829182353672;-1,18500861275905;-1,85736416666674;-2,23882456322202;-2,86260508058283;-5,02140762454537;-5,09729664790047;-4,06960428105759;-3,34524631734356;-2,65932913921636;0,0616023919182442;0,0160928837337721;0,0388562224715487;0,0179218411707625;0,0385225292945519;0,00612082035677787;0,015699196058898;0,00918210322227181;-3,270411493158322;-0,22131224101627045;1;1;1;-3;-3;1;1;1;-13174,6777576596;NA;All
1990;1,88304088315069;2,84254900688767;2,29896849114977;2,50980797761203;2,71397452471025;2,28043562394877;2,41260264278576;2,44819771007298;2,45700793771892;1,97913013422064;1,92132520506502;1,63046728101526;1,43501376778664;4,90550357958464;1,52473550763761;1,76609058341847;1,91673558388257;1,51866759986513;1,93717807202571;1,61222558828219;-21,2493949166985;-3,79008603045278;-7,20969029393746;-8,51566303812501;-5,61065921085665;-5,62225021785504;-10,536537451225;-9,44246507450126;-6,41341979102222;-16,1050701691777;-11,9039710737268;-17,958603469274;-25,1241603258947;-42,2201109096562;-17,9934367568665;-15,1495215606078;-15,8921403085173;-20,6995455137417;-14,7704510396926;-19,5432018278614;2,68199219822906;1,52838389719892;1,55555567096163;0,906735395569924;0,505569093294629;0,505568510213577;0,542423295383888;0,645128743653648;0,999999654320567;0,839312184375599;0,686365732674007;0,484882772849465;0,338111817657018;-2,14551609259277;-2,4282524118668;-2,59869384510399;-3,05978324250474;-4,0610219701259;-3,99395385733955;-3,3217977374888;-2,72007905507952;-2,13829182353672;-1,18500861275905;-1,85736416666674;-2,23882456322202;-2,86260508058283;-5,02140762454537;-5,09729664790047;-4,06960428105759;-3,34524631734356;-2,65932913921636;0,0616023919182442;0,0160928837337721;0,0388562224715487;0,0179218411707625;0,0385225292945519;0,00612082035677787;0,015699196058898;0,00918210322227181;-2,061796280003248;-0,24569556869825365;1;1;1;-3;-3;1;1;1;-13174,8728967412;NA;All
2000;1,88304088315069;2,84254900688767;2,29896849114977;2,50980797761203;2,71397452471025;2,28043562394877;2,41260264278576;2,44819771007298;2,45700793771892;1,97913013422064;1,92132520506502;1,63046728101526;1,43501376778664;4,90550357958464;1,52473550763761;1,76609058341847;1,91673558388257;1,51866759986513;1,93717807202571;1,61222558828219;-21,2493949166985;-3,79008603045278;-7,20969029393746;-8,51566303812501;-5,61065921085665;-5,62225021785504;-10,536537451225;-9,44246507450126;-6,41341979102222;-16,1050701691777;-11,9039710737268;-17,958603469274;-25,1241603258947;-42,2201109096562;-17,9934367568665;-15,1495215606078;-15,8921403085173;-20,6995455137417;-14,7704510396926;-19,5432018278614;2,68199219822906;1,52838389719892;1,55555567096163;0,906735395569924;0,505569093294629;0,505568510213577;0,542423295383888;0,645128743653648;0,999999654320567;0,839312184375599;0,686365732674007;0,484882772849465;0,338111817657018;-2,14551609259277;-2,4282524118668;-2,59869384510399;-3,05978324250474;-4,0610219701259;-3,99395385733955;-3,3217977374888;-2,72007905507952;-2,13829182353672;-1,18500861275905;-1,85736416666674;-2,23882456322202;-2,86260508058283;-5,02140762454537;-5,09729664790047;-4,06960428105759;-3,34524631734356;-2,65932913921636;0,0616023919182442;0,0160928837337721;0,0388562224715487;0,0179218411707625;0,0385225292945519;0,00612082035677787;0,015699196058898;0,00918210322227181;-2,835577364500827;-0,37496241421599552;1;1;1;-3;-3;1;1;1;-13175,4881862370;NA;All
2010;1,88304088315069;2,84254900688767;2,29896849114977;2,50980797761203;2,71397452471025;2,28043562394877;2,41260264278576;2,44819771007298;2,45700793771892;1,97913013422064;1,92132520506502;1,63046728101526;1,43501376778664;4,90550357958464;1,52473550763761;1,76609058341847;1,91673558388257;1,51866759986513;1,93717807202571;1,61222558828219;-21,2493949166985;-3,79008603045278;-7,20969029393746;-8,51566303812501;-5,61065921085665;-5,62225021785504;-10,536537451225;-9,44246507450126;-6,41341979102222;-16,1050701691777;-11,9039710737268;-17,958603469274;-25,1241603258947;-42,2201109096562;-17,9934367568665;-15,1495215606078;-15,8921403085173;-20,6995455137417;-14,7704510396926;-19,5432018278614;2,68199219822906;1,52838389719892;1,55555567096163;0,906735395569924;0,505569093294629;0,505568510213577;0,542423295383888;0,645128743653648;0,999999654320567;0,839312184375599;0,686365732674007;0,484882772849465;0,338111817657018;-2,14551609259277;-2,4282524118668;-2,59869384510399;-3,05978324250474;-4,0610219701259;-3,99395385733955;-3,3217977374888;-2,72007905507952;-2,13829182353672;-1,18500861275905;-1,85736416666674;-2,23882456322202;-2,86260508058283;-5,02140762454537;-5,09729664790047;-4,06960428105759;-3,34524631734356;-2,65932913921636;0,0616023919182442;0,0160928837337721;0,0388562224715487;0,0179218411707625;0,0385225292945519;0,00612082035677787;0,015699196058898;0,00918210322227181;-2,870855337234286;-0,61057235171309865;1;1;1;-3;-3;1;1;1;-13176,7710085805;NA;All
2020;1,88304088315069;2,84254900688767;2,29896849114977;2,50980797761203;2,71397452471025;2,28043562394877;2,41260264278576;2,44819771007298;2,45700793771892;1,97913013422064;1,92132520506502;1,63046728101526;1,43501376778664;4,90550357958464;1,52473550763761;1,76609058341847;1,91673558388257;1,51866759986513;1,93717807202571;1,61222558828219;-21,2493949166985;-3,79008603045278;-7,20969029393746;-8,51566303812501;-5,61065921085665;-5,62225021785504;-10,536537451225;-9,44246507450126;-6,41341979102222;-16,1050701691777;-11,9039710737268;-17,958603469274;-25,1241603258947;-42,2201109096562;-17,9934367568665;-15,1495215606078;-15,8921403085173;-20,6995455137417;-14,7704510396926;-19,5432018278614;2,68199219822906;1,52838389719892;1,55555567096163;0,906735395569924;0,505569093294629;0,505568510213577;0,542423295383888;0,645128743653648;0,999999654320567;0,839312184375599;0,686365732674007;0,484882772849465;0,338111817657018;-2,14551609259277;-2,4282524118668;-2,59869384510399;-3,05978324250474;-4,0610219701259;-3,99395385733955;-3,3217977374888;-2,72007905507952;-2,13829182353672;-1,18500861275905;-1,85736416666674;-2,23882456322202;-2,86260508058283;-5,02140762454537;-5,09729664790047;-4,06960428105759;-3,34524631734356;-2,65932913921636;0,0616023919182442;0,0160928837337721;0,0388562224715487;0,0179218411707625;0,0385225292945519;0,00612082035677787;0,015699196058898;0,00918210322227181;-2,891035309199995;-0,21369699373341980;1;1;1;-3;-3;1;1;1;-13174,6516741774;NA;All
2030;1,88304088315069;2,84254900688767;2,29896849114977;2,50980797761203;2,71397452471025;2,28043562394877;2,41260264278576;2,44819771007298;2,45700793771892;1,97913013422064;1,92132520506502;1,63046728101526;1,43501376778664;4,90550357958464;1,52473550763761;1,76609058341847;1,91673558388257;1,51866759986513;1,93717807202571;1,61222558828219;-21,2493949166985;-3,79008603045278;-7,20969029393746;-8,51566303812501;-5,61065921085665;-5,62225021785504;-10,536537451225;-9,44246507450126;-6,41341979102222;-16,1050701691777;-11,9039710737268;-17,958603469274;-25,1241603258947;-42,2201109096562;-17,9934367568665;-15,1495215606078;-15,8921403085173;-20,6995455137417;-14,7704510396926;-19,5432018278614;2,68199219822906;1,52838389719892;1,55555567096163;0,906735395569924;0,505569093294629;0,505568510213577;0,542423295383888;0,645128743653648;0,999999654320567;0,839312184375599;0,686365732674007;0,484882772849465;0,338111817657018;-2,14551609259277;-2,4282524118668;-2,59869384510399;-3,05978324250474;-4,0610219701259;-3,99395385733955;-3,3217977374888;-2,72007905507952;-2,13829182353672;-1,18500861275905;-1,85736416666674;-2,23882456322202;-2,86260508058283;-5,02140762454537;-5,09729664790047;-4,06960428105759;-3,34524631734356;-2,65932913921636;0,0616023919182442;0,0160928837337721;0,0388562224715487;0,0179218411707625;0,0385225292945519;0,00612082035677787;0,015699196058898;0,00918210322227181;-2,819235481141459;-0,41938203636455845;1;1;1;-3;-3;1;1;1;-13175,7397124823;NA;All
2040;1,88304088315069;2,84254900688767;2,29896849114977;2,50980797761203;2,71397452471025;2,28043562394877;2,41260264278576;2,44819771007298;2,45700793771892;1,97913013422064;1,92132520506502;1,63046728101526;1,43501376778664;4,90550357958464;1,52473550763761;1,76609058341847;1,91673558388257;1,51866759986513;1,93717807202571;1,61222558828219;-21,2493949166985;-3,79008603045278;-7,20969029393746;-8,51566303812501;-5,61065921085665;-5,62225021785504;-10,536537451225;-9,44246507450126;-6,41341979102222;-16,1050701691777;-11,9039710737268;-17,958603469274;-25,1241603258947;-42,2201109096562;-17,9934367568665;-15,1495215606078;-15,8921403085173;-20,6995455137417;-14,7704510396926;-19,5432018278614;2,68199219822906;1,52838389719892;1,55555567096163;0,906735395569924;0,505569093294629;0,505568510213577;0,542423295383888;0,645128743653648;0,999999654320567;0,839312184375599;0,686365732674007;0,484882772849465;0,338111817657018;-2,14551609259277;-2,4282524118668;-2,59869384510399;-3,05978324250474;-4,0610219701259;-3,99395385733955;-3,3217977374888;-2,72007905507952;-2,13829182353672;-1,18500861275905;-1,85736416666674;-2,23882456322202;-2,86260508058283;-5,02140762454537;-5,09729664790047;-4,06960428105759;-3,34524631734356;-2,65932913921636;0,0616023919182442;0,0160928837337721;0,0388562224715487;0,0179218411707625;0,0385225292945519;0,00612082035677787;0,015699196058898;0,00918210322227181;-2,427818801108109;-0,07248706678270243;1;1;1;-3;-3;1;1;1;-13174,2925479455;NA;All
2050;1,88304088315069;2,84254900688767;2,29896849114977;2,50980797761203;2,71397452471025;2,28043562394877;2,41260264278576;2,44819771007298;2,45700793771892;1,97913013422064;1,92132520506502;1,63046728101526;1,43501376778664;4,90550357958464;1,52473550763761;1,76609058341847;1,91673558388257;1,51866759986513;1,93717807202571;1,61222558828219;-21,2493949166985;-3,79008603045278;-7,20969029393746;-8,51566303812501;-5,61065921085665;-5,62225021785504;-10,536537451225;-9,44246507450126;-6,41341979102222;-16,1050701691777;-11,9039710737268;-17,958603469274;-25,1241603258947;-42,2201109096562;-17,9934367568665;-15,1495215606078;-15,8921403085173;-20,6995455137417;-14,7704510396926;-19,5432018278614;2,68199219822906;1,52838389719892;1,55555567096163;0,906735395569924;0,505569093294629;0,505568510213577;0,542423295383888;0,645128743653648;0,999999654320567;0,839312184375599;0,686365732674007;0,484882772849465;0,338111817657018;-2,14551609259277;-2,4282524118668;-2,59869384510399;-3,05978324250474;-4,0610219701259;-3,99395385733955;-3,3217977374888;-2,72007905507952;-2,13829182353672;-1,18500861275905;-1,85736416666674;-2,23882456322202;-2,86260508058283;-5,02140762454537;-5,09729664790047;-4,06960428105759;-3,34524631734356;-2,65932913921636;0,0616023919182442;0,0160928837337721;0,0388562224715487;0,0179218411707625;0,0385225292945519;0,00612082035677787;0,015699196058898;0,00918210322227181;-2,572899276222107;-0,11929400757724624;1;1;1;-3;-3;1;1;1;-13174,3468322471;NA;All
2060;1,88304088315069;2,84254900688767;2,29896849114977;2,50980797761203;2,71397452471025;2,28043562394877;2,41260264278576;2,44819771007298;2,45700793771892;1,97913013422064;1,92132520506502;1,63046728101526;1,43501376778664;4,90550357958464;1,52473550763761;1,76609058341847;1,91673558388257;1,51866759986513;1,93717807202571;1,61222558828219;-21,2493949166985;-3,79008603045278;-7,20969029393746;-8,51566303812501;-5,61065921085665;-5,62225021785504;-10,536537451225;-9,44246507450126;-6,41341979102222;-16,1050701691777;-11,9039710737268;-17,958603469274;-25,1241603258947;-42,2201109096562;-17,9934367568665;-15,1495215606078;-15,8921403085173;-20,6995455137417;-14,7704510396926;-19,5432018278614;2,68199219822906;1,52838389719892;1,55555567096163;0,906735395569924;0,505569093294629;0,505568510213577;0,542423295383888;0,645128743653648;0,999999654320567;0,839312184375599;0,686365732674007;0,484882772849465;0,338111817657018;-2,14551609259277;-2,4282524118668;-2,59869384510399;-3,05978324250474;-4,0610219701259;-3,99395385733955;-3,3217977374888;-2,72007905507952;-2,13829182353672;-1,18500861275905;-1,85736416666674;-2,23882456322202;-2,86260508058283;-5,02140762454537;-5,09729664790047;-4,06960428105759;-3,34524631734356;-2,65932913921636;0,0616023919182442;0,0160928837337721;0,0388562224715487;0,0179218411707625;0,0385225292945519;0,00612082035677787;0,015699196058898;0,00918210322227181;-2,500807123711929;-0,02882671639547134;1;1;1;-3;-3;1;1;1;-13174,3038912277;NA;All
2070;1,88304088315069;2,84254900688767;2,29896849114977;2,50980797761203;2,71397452471025;2,28043562394877;2,41260264278576;2,44819771007298;2,45700793771892;1,97913013422064;1,92132520506502;1,63046728101526;1,43501376778664;4,90550357958464;1,52473550763761;1,76609058341847;1,91673558388257;1,51866759986513;1,93717807202571;1,61222558828219;-21,2493949166985;-3,79008603045278;-7,20969029393746;-8,51566303812501;-5,61065921085665;-5,62225021785504;-10,536537451225;-9,44246507450126;-6,41341979102222;-16,1050701691777;-11,9039710737268;-17,958603469274;-25,1241603258947;-42,2201109096562;-17,9934367568665;-15,1495215606078;-15,8921403085173;-20,6995455137417;-14,7704510396926;-19,5432018278614;2,68199219822906;1,52838389719892;1,55555567096163;0,906735395569924;0,505569093294629;0,505568510213577;0,542423295383888;0,645128743653648;0,999999654320567;0,839312184375599;0,686365732674007;0,484882772849465;0,338111817657018;-2,14551609259277;-2,4282524118668;-2,59869384510399;-3,05978324250474;-4,0610219701259;-3,99395385733955;-3,3217977374888;-2,72007905507952;-2,13829182353672;-1,18500861275905;-1,85736416666674;-2,23882456322202;-2,86260508058283;-5,02140762454537;-5,09729664790047;-4,06960428105759;-3,34524631734356;-2,65932913921636;0,0616023919182442;0,0160928837337721;0,0388562224715487;0,0179218411707625;0,0385225292945519;0,00612082035677787;0,015699196058898;0,00918210322227181;-2,656921059878588;-0,10929225167503442;1;1;1;-3;-3;1;1;1;-13174,3216075313;NA;All
2080;1,88304088315069;2,84254900688767;2,29896849114977;2,50980797761203;2,71397452471025;2,28043562394877;2,41260264278576;2,44819771007298;2,45700793771892;1,97913013422064;1,92132520506502;1,63046728101526;1,43501376778664;4,90550357958464;1,52473550763761;1,76609058341847;1,91673558388257;1,51866759986513;1,93717807202571;1,61222558828219;-21,2493949166985;-3,79008603045278;-7,20969029393746;-8,51566303812501;-5,61065921085665;-5,62225021785504;-10,536537451225;-9,44246507450126;-6,41341979102222;-16,1050701691777;-11,9039710737268;-17,958603469274;-25,1241603258947;-42,2201109096562;-17,9934367568665;-15,1495215606078;-15,8921403085173;-20,6995455137417;-14,7704510396926;-19,5432018278614;2,68199219822906;1,52838389719892;1,55555567096163;0,906735395569924;0,505569093294629;0,505568510213577;0,542423295383888;0,645128743653648;0,999999654320567;0,839312184375599;0,686365732674007;0,484882772849465;0,338111817657018;-2,14551609259277;-2,4282524118668;-2,59869384510399;-3,05978324250474;-4,0610219701259;-3,99395385733955;-3,3217977374888;-2,72007905507952;-2,13829182353672;-1,18500861275905;-1,85736416666674;-2,23882456322202;-2,86260508058283;-5,02140762454537;-5,09729664790047;-4,06960428105759;-3,34524631734356;-2,65932913921636;0,0616023919182442;0,0160928837337721;0,0388562224715487;0,0179218411707625;0,0385225292945519;0,00612082035677787;0,015699196058898;0,00918210322227181;-2,073656264799534;0,08583842585763141;1;1;1;-3;-3;1;1;1;-13174,9301337195;NA;All
2090;1,88304088315069;2,84254900688767;2,29896849114977;2,50980797761203;2,71397452471025;2,28043562394877;2,41260264278576;2,44819771007298;2,45700793771892;1,97913013422064;1,92132520506502;1,63046728101526;1,43501376778664;4,90550357958464;1,52473550763761;1,76609058341847;1,91673558388257;1,51866759986513;1,93717807202571;1,61222558828219;-21,2493949166985;-3,79008603045278;-7,20969029393746;-8,51566303812501;-5,61065921085665;-5,62225021785504;-10,536537451225;-9,44246507450126;-6,41341979102222;-16,1050701691777;-11,9039710737268;-17,958603469274;-25,1241603258947;-42,2201109096562;-17,9934367568665;-15,1495215606078;-15,8921403085173;-20,6995455137417;-14,7704510396926;-19,5432018278614;2,68199219822906;1,52838389719892;1,55555567096163;0,906735395569924;0,505569093294629;0,505568510213577;0,542423295383888;0,645128743653648;0,999999654320567;0,839312184375599;0,686365732674007;0,484882772849465;0,338111817657018;-2,14551609259277;-2,4282524118668;-2,59869384510399;-3,05978324250474;-4,0610219701259;-3,99395385733955;-3,3217977374888;-2,72007905507952;-2,13829182353672;-1,18500861275905;-1,85736416666674;-2,23882456322202;-2,86260508058283;-5,02140762454537;-5,09729664790047;-4,06960428105759;-3,34524631734356;-2,65932913921636;0,0616023919182442;0,0160928837337721;0,0388562224715487;0,0179218411707625;0,0385225292945519;0,00612082035677787;0,015699196058898;0,00918210322227181;-2,352694922518916;-0,55393745112574377;1;1;1;-3;-3;1;1;1;-13176,5075039413;NA;All
2100;1,88304088315069;2,84254900688767;2,29896849114977;2,50980797761203;2,71397452471025;2,28043562394877;2,41260264278576;2,44819771007298;2,45700793771892;1,97913013422064;1,92132520506502;1,63046728101526;1,43501376778664;4,90550357958464;1,52473550763761;1,76609058341847;1,91673558388257;1,51866759986513;1,93717807202571;1,61222558828219;-21,2493949166985;-3,79008603045278;-7,20969029393746;-8,51566303812501;-5,61065921085665;-5,62225021785504;-10,536537451225;-9,44246507450126;-6,41341979102222;-16,1050701691777;-11,9039710737268;-17,958603469274;-25,1241603258947;-42,2201109096562;-17,9934367568665;-15,1495215606078;-15,8921403085173;-20,6995455137417;-14,7704510396926;-19,5432018278614;2,68199219822906;1,52838389719892;1,55555567096163;0,906735395569924;0,505569093294629;0,505568510213577;0,542423295383888;0,645128743653648;0,999999654320567;0,839312184375599;0,686365732674007;0,484882772849465;0,338111817657018;-2,14551609259277;-2,4282524118668;-2,59869384510399;-3,05978324250474;-4,0610219701259;-3,99395385733955;-3,3217977374888;-2,72007905507952;-2,13829182353672;-1,18500861275905;-1,85736416666674;-2,23882456322202;-2,86260508058283;-5,02140762454537;-5,09729664790047;-4,06960428105759;-3,34524631734356;-2,65932913921636;0,0616023919182442;0,0160928837337721;0,0388562224715487;0,0179218411707625;0,0385225292945519;0,00612082035677787;0,015699196058898;0,00918210322227181;-2,170990112713065;-0,07929536729916080;1;1;1;-3;-3;1;1;1;-13174,3302666091;NA;All
2110;1,88304088315069;2,84254900688767;2,29896849114977;2,50980797761203;2,71397452471025;2,28043562394877;2,41260264278576;2,44819771007298;2,45700793771892;1,97913013422064;1,92132520506502;1,63046728101526;1,43501376778664;4,90550357958464;1,52473550763761;1,76609058341847;1,91673558388257;1,51866759986513;1,93717807202571;1,61222558828219;-21,2493949166985;-3,79008603045278;-7,20969029393746;-8,51566303812501;-5,61065921085665;-5,62225021785504;-10,536537451225;-9,44246507450126;-6,41341979102222;-16,1050701691777;-11,9039710737268;-17,958603469274;-25,1241603258947;-42,2201109096562;-17,9934367568665;-15,1495215606078;-15,8921403085173;-20,6995455137417;-14,7704510396926;-19,5432018278614;2,68199219822906;1,52838389719892;1,55555567096163;0,906735395569924;0,505569093294629;0,505568510213577;0,542423295383888;0,645128743653648;0,999999654320567;0,839312184375599;0,686365732674007;0,484882772849465;0,338111817657018;-2,14551609259277;-2,4282524118668;-2,59869384510399;-3,05978324250474;-4,0610219701259;-3,99395385733955;-3,3217977374888;-2,72007905507952;-2,13829182353672;-1,18500861275905;-1,85736416666674;-2,23882456322202;-2,86260508058283;-5,02140762454537;-5,09729664790047;-4,06960428105759;-3,34524631734356;-2,65932913921636;0,0616023919182442;0,0160928837337721;0,0388562224715487;0,0179218411707625;0,0385225292945519;0,00612082035677787;0,015699196058898;0,00918210322227181;-3,154183926158312;-0,18802571846942809;1;1;1;-3;-3;1;1;1;-13174,5399212033;NA;All
2120;1,88304088315069;2,84254900688767;2,29896849114977;2,50980797761203;2,71397452471025;2,28043562394877;2,41260264278576;2,44819771007298;2,45700793771892;1,97913013422064;1,92132520506502;1,63046728101526;1,43501376778664;4,90550357958464;1,52473550763761;1,76609058341847;1,91673558388257;1,51866759986513;1,93717807202571;1,61222558828219;-21,2493949166985;-3,79008603045278;-7,20969029393746;-8,51566303812501;-5,61065921085665;-5,62225021785504;-10,536537451225;-9,44246507450126;-6,41341979102222;-16,1050701691777;-11,9039710737268;-17,958603469274;-25,1241603258947;-42,2201109096562;-17,9934367568665;-15,1495215606078;-15,8921403085173;-20,6995455137417;-14,7704510396926;-19,5432018278614;2,68199219822906;1,52838389719892;1,55555567096163;0,906735395569924;0,505569093294629;0,505568510213577;0,542423295383888;0,645128743653648;0,999999654320567;0,839312184375599;0,686365732674007;0,484882772849465;0,338111817657018;-2,14551609259277;-2,4282524118668;-2,59869384510399;-3,05978324250474;-4,0610219701259;-3,99395385733955;-3,3217977374888;-2,72007905507952;-2,13829182353672;-1,18500861275905;-1,85736416666674;-2,23882456322202;-2,86260508058283;-5,02140762454537;-5,09729664790047;-4,06960428105759;-3,34524631734356;-2,65932913921636;0,0616023919182442;0,0160928837337721;0,0388562224715487;0,0179218411707625;0,0385225292945519;0,00612082035677787;0,015699196058898;0,00918210322227181;-2,477977769125209;0,13534141386623966;1;1;1;-3;-3;1;1;1;-13175,4285755502;NA;All
2130;1,88304088315069;2,84254900688767;2,29896849114977;2,50980797761203;2,71397452471025;2,28043562394877;2,41260264278576;2,44819771007298;2,45700793771892;1,97913013422064;1,92132520506502;1,63046728101526;1,43501376778664;4,90550357958464;1,52473550763761;1,76609058341847;1,91673558388257;1,51866759986513;1,93717807202571;1,61222558828219;-21,2493949166985;-3,79008603045278;-7,20969029393746;-8,51566303812501;-5,61065921085665;-5,62225021785504;-10,536537451225;-9,44246507450126;-6,41341979102222;-16,1050701691777;-11,9039710737268;-17,958603469274;-25,1241603258947;-42,2201109096562;-17,9934367568665;-15,1495215606078;-15,8921403085173;-20,6995455137417;-14,7704510396926;-19,5432018278614;2,68199219822906;1,52838389719892;1,55555567096163;0,906735395569924;0,505569093294629;0,505568510213577;0,542423295383888;0,645128743653648;0,999999654320567;0,839312184375599;0,686365732674007;0,484882772849465;0,338111817657018;-2,14551609259277;-2,4282524118668;-2,59869384510399;-3,05978324250474;-4,0610219701259;-3,99395385733955;-3,3217977374888;-2,72007905507952;-2,13829182353672;-1,18500861275905;-1,85736416666674;-2,23882456322202;-2,86260508058283;-5,02140762454537;-5,09729664790047;-4,06960428105759;-3,34524631734356;-2,65932913921636;0,0616023919182442;0,0160928837337721;0,0388562224715487;0,0179218411707625;0,0385225292945519;0,00612082035677787;0,015699196058898;0,00918210322227181;-3,328504105915993;-0,68663133958961620;1;1;1;-3;-3;1;1;1;-13177,1275402541;NA;All
2140;1,88304088315069;2,84254900688767;2,29896849114977;2,50980797761203;2,71397452471025;2,28043562394877;2,41260264278576;2,44819771007298;2,45700793771892;1,97913013422064;1,92132520506502;1,63046728101526;1,43501376778664;4,90550357958464;1,52473550763761;1,76609058341847;1,91673558388257;1,51866759986513;1,93717807202571;1,61222558828219;-21,2493949166985;-3,79008603045278;-7,20969029393746;-8,51566303812501;-5,61065921085665;-5,62225021785504;-10,536537451225;-9,44246507450126;-6,41341979102222;-16,1050701691777;-11,9039710737268;-17,958603469274;-25,1241603258947;-42,2201109096562;-17,9934367568665;-15,1495215606078;-15,8921403085173;-20,6995455137417;-14,7704510396926;-19,5432018278614;2,68199219822906;1,52838389719892;1,55555567096163;0,906735395569924;0,505569093294629;0,505568510213577;0,542423295383888;0,645128743653648;0,999999654320567;0,839312184375599;0,686365732674007;0,484882772849465;0,338111817657018;-2,14551609259277;-2,4282524118668;-2,59869384510399;-3,05978324250474;-4,0610219701259;-3,99395385733955;-3,3217977374888;-2,72007905507952;-2,13829182353672;-1,18500861275905;-1,85736416666674;-2,23882456322202;-2,86260508058283;-5,02140762454537;-5,09729664790047;-4,06960428105759;-3,34524631734356;-2,65932913921636;0,0616023919182442;0,0160928837337721;0,0388562224715487;0,0179218411707625;0,0385225292945519;0,00612082035677787;0,015699196058898;0,00918210322227181;-2,779940107950477;-0,15055450910351792;1;1;1;-3;-3;1;1;1;-13174,4187500567;NA;All
2150;1,88304088315069;2,84254900688767;2,29896849114977;2,50980797761203;2,71397452471025;2,28043562394877;2,41260264278576;2,44819771007298;2,45700793771892;1,97913013422064;1,92132520506502;1,63046728101526;1,43501376778664;4,90550357958464;1,52473550763761;1,76609058341847;1,91673558388257;1,51866759986513;1,93717807202571;1,61222558828219;-21,2493949166985;-3,79008603045278;-7,20969029393746;-8,51566303812501;-5,61065921085665;-5,62225021785504;-10,536537451225;-9,44246507450126;-6,41341979102222;-16,1050701691777;-11,9039710737268;-17,958603469274;-25,1241603258947;-42,2201109096562;-17,9934367568665;-15,1495215606078;-15,8921403085173;-20,6995455137417;-14,7704510396926;-19,5432018278614;2,68199219822906;1,52838389719892;1,55555567096163;0,906735395569924;0,505569093294629;0,505568510213577;0,542423295383888;0,645128743653648;0,999999654320567;0,839312184375599;0,686365732674007;0,484882772849465;0,338111817657018;-2,14551609259277;-2,4282524118668;-2,59869384510399;-3,05978324250474;-4,0610219701259;-3,99395385733955;-3,3217977374888;-2,72007905507952;-2,13829182353672;-1,18500861275905;-1,85736416666674;-2,23882456322202;-2,86260508058283;-5,02140762454537;-5,09729664790047;-4,06960428105759;-3,34524631734356;-2,65932913921636;0,0616023919182442;0,0160928837337721;0,0388562224715487;0,0179218411707625;0,0385225292945519;0,00612082035677787;0,015699196058898;0,00918210322227181;-2,951268178311596;-0,09111482825566058;1;1;1;-3;-3;1;1;1;-13174,2811919399;NA;All
2160;1,88304088315069;2,84254900688767;2,29896849114977;2,50980797761203;2,71397452471025;2,28043562394877;2,41260264278576;2,44819771007298;2,45700793771892;1,97913013422064;1,92132520506502;1,63046728101526;1,43501376778664;4,90550357958464;1,52473550763761;1,76609058341847;1,91673558388257;1,51866759986513;1,93717807202571;1,61222558828219;-21,2493949166985;-3,79008603045278;-7,20969029393746;-8,51566303812501;-5,61065921085665;-5,62225021785504;-10,536537451225;-9,44246507450126;-6,41341979102222;-16,1050701691777;-11,9039710737268;-17,958603469274;-25,1241603258947;-42,2201109096562;-17,9934367568665;-15,1495215606078;-15,8921403085173;-20,6995455137417;-14,7704510396926;-19,5432018278614;2,68199219822906;1,52838389719892;1,55555567096163;0,906735395569924;0,505569093294629;0,505568510213577;0,542423295383888;0,645128743653648;0,999999654320567;0,839312184375599;0,686365732674007;0,484882772849465;0,338111817657018;-2,14551609259277;-2,4282524118668;-2,59869384510399;-3,05978324250474;-4,0610219701259;-3,99395385733955;-3,3217977374888;-2,72007905507952;-2,13829182353672;-1,18500861275905;-1,85736416666674;-2,23882456322202;-2,86260508058283;-5,02140762454537;-5,09729664790047;-4,06960428105759;-3,34524631734356;-2,65932913921636;0,0616023919182442;0,0160928837337721;0,0388562224715487;0,0179218411707625;0,0385225292945519;0,00612082035677787;0,015699196058898;0,00918210322227181;-3,228522289587921;-0,12374574534984339;1;1;1;-3;-3;1;1;1;-13174,3347982220;NA;All
2170;1,88304088315069;2,84254900688767;2,29896849114977;2,50980797761203;2,71397452471025;2,28043562394877;2,41260264278576;2,44819771007298;2,45700793771892;1,97913013422064;1,92132520506502;1,63046728101526;1,43501376778664;4,90550357958464;1,52473550763761;1,76609058341847;1,91673558388257;1,51866759986513;1,93717807202571;1,61222558828219;-21,2493949166985;-3,79008603045278;-7,20969029393746;-8,51566303812501;-5,61065921085665;-5,62225021785504;-10,536537451225;-9,44246507450126;-6,41341979102222;-16,1050701691777;-11,9039710737268;-17,958603469274;-25,1241603258947;-42,2201109096562;-17,9934367568665;-15,1495215606078;-15,8921403085173;-20,6995455137417;-14,7704510396926;-19,5432018278614;2,68199219822906;1,52838389719892;1,55555567096163;0,906735395569924;0,505569093294629;0,505568510213577;0,542423295383888;0,645128743653648;0,999999654320567;0,839312184375599;0,686365732674007;0,484882772849465;0,338111817657018;-2,14551609259277;-2,4282524118668;-2,59869384510399;-3,05978324250474;-4,0610219701259;-3,99395385733955;-3,3217977374888;-2,72007905507952;-2,13829182353672;-1,18500861275905;-1,85736416666674;-2,23882456322202;-2,86260508058283;-5,02140762454537;-5,09729664790047;-4,06960428105759;-3,34524631734356;-2,65932913921636;0,0616023919182442;0,0160928837337721;0,0388562224715487;0,0179218411707625;0,0385225292945519;0,00612082035677787;0,015699196058898;0,00918210322227181;-2,379393394689592;-0,62621213110832563;1;1;1;-3;-3;1;1;1;-13176,8734638587;NA;All
2180;1,88304088315069;2,84254900688767;2,29896849114977;2,50980797761203;2,71397452471025;2,28043562394877;2,41260264278576;2,44819771007298;2,45700793771892;1,97913013422064;1,92132520506502;1,63046728101526;1,43501376778664;4,90550357958464;1,52473550763761;1,76609058341847;1,91673558388257;1,51866759986513;1,93717807202571;1,61222558828219;-21,2493949166985;-3,79008603045278;-7,20969029393746;-8,51566303812501;-5,61065921085665;-5,62225021785504;-10,536537451225;-9,44246507450126;-6,41341979102222;-16,1050701691777;-11,9039710737268;-17,958603469274;-25,1241603258947;-42,2201109096562;-17,9934367568665;-15,1495215606078;-15,8921403085173;-20,6995455137417;-14,7704510396926;-19,5432018278614;2,68199219822906;1,52838389719892;1,55555567096163;0,906735395569924;0,505569093294629;0,505568510213577;0,542423295383888;0,645128743653648;0,999999654320567;0,839312184375599;0,686365732674007;0,484882772849465;0,338111817657018;-2,14551609259277;-2,4282524118668;-2,59869384510399;-3,05978324250474;-4,0610219701259;-3,99395385733955;-3,3217977374888;-2,72007905507952;-2,13829182353672;-1,18500861275905;-1,85736416666674;-2,23882456322202;-2,86260508058283;-5,02140762454537;-5,09729664790047;-4,06960428105759;-3,34524631734356;-2,65932913921636;0,0616023919182442;0,0160928837337721;0,0388562224715487;0,0179218411707625;0,0385225292945519;0,00612082035677787;0,015699196058898;0,00918210322227181;-2,881733462662063;0,02748805589687830;1;1;1;-3;-3;1;1;1;-13174,4512609212;NA;All
2190;1,88304088315069;2,84254900688767;2,29896849114977;2,50980797761203;2,71397452471025;2,28043562394877;2,41260264278576;2,44819771007298;2,45700793771892;1,97913013422064;1,92132520506502;1,63046728101526;1,43501376778664;4,90550357958464;1,52473550763761;1,76609058341847;1,91673558388257;1,51866759986513;1,93717807202571;1,61222558828219;-21,2493949166985;-3,79008603045278;-7,20969029393746;-8,51566303812501;-5,61065921085665;-5,62225021785504;-10,536537451225;-9,44246507450126;-6,41341979102222;-16,1050701691777;-11,9039710737268;-17,958603469274;-25,1241603258947;-42,2201109096562;-17,9934367568665;-15,1495215606078;-15,8921403085173;-20,6995455137417;-14,7704510396926;-19,5432018278614;2,68199219822906;1,52838389719892;1,55555567096163;0,906735395569924;0,505569093294629;0,505568510213577;0,542423295383888;0,645128743653648;0,999999654320567;0,839312184375599;0,686365732674007;0,484882772849465;0,338111817657018;-2,14551609259277;-2,4282524118668;-2,59869384510399;-3,05978324250474;-4,0610219701259;-3,99395385733955;-3,3217977374888;-2,72007905507952;-2,13829182353672;-1,18500861275905;-1,85736416666674;-2,23882456322202;-2,86260508058283;-5,02140762454537;-5,09729664790047;-4,06960428105759;-3,34524631734356;-2,65932913921636;0,0616023919182442;0,0160928837337721;0,0388562224715487;0,0179218411707625;0,0385225292945519;0,00612082035677787;0,015699196058898;0,00918210322227181;-3,616875755967031;0,01471259372858807;1;1;1;-3;-3;1;1;1;-13174,3844318340;NA;All
2200;1,88304088315069;2,84254900688767;2,29896849114977;2,50980797761203;2,71397452471025;2,28043562394877;2,41260264278576;2,44819771007298;2,45700793771892;1,97913013422064;1,92132520506502;1,63046728101526;1,43501376778664;4,90550357958464;1,52473550763761;1,76609058341847;1,91673558388257;1,51866759986513;1,93717807202571;1,61222558828219;-21,2493949166985;-3,79008603045278;-7,20969029393746;-8,51566303812501;-5,61065921085665;-5,62225021785504;-10,536537451225;-9,44246507450126;-6,41341979102222;-16,1050701691777;-11,9039710737268;-17,958603469274;-25,1241603258947;-42,2201109096562;-17,9934367568665;-15,1495215606078;-15,8921403085173;-20,6995455137417;-14,7704510396926;-19,5432018278614;2,68199219822906;1,52838389719892;1,55555567096163;0,906735395569924;0,505569093294629;0,505568510213577;0,542423295383888;0,645128743653648;0,999999654320567;0,839312184375599;0,686365732674007;0,484882772849465;0,338111817657018;-2,14551609259277;-2,4282524118668;-2,59869384510399;-3,05978324250474;-4,0610219701259;-3,99395385733955;-3,3217977374888;-2,72007905507952;-2,13829182353672;-1,18500861275905;-1,85736416666674;-2,23882456322202;-2,86260508058283;-5,02140762454537;-5,09729664790047;-4,06960428105759;-3,34524631734356;-2,65932913921636;0,0616023919182442;0,0160928837337721;0,0388562224715487;0,0179218411707625;0,0385225292945519;0,00612082035677787;0,015699196058898;0,00918210322227181;-2,716040828419328;0,13266245261367987;1;1;1;-3;-3;1;1;1;-13175,3754541006;NA;All
2210;1,88304088315069;2,84254900688767;2,29896849114977;2,50980797761203;2,71397452471025;2,28043562394877;2,41260264278576;2,44819771007298;2,45700793771892;1,97913013422064;1,92132520506502;1,63046728101526;1,43501376778664;4,90550357958464;1,52473550763761;1,76609058341847;1,91673558388257;1,51866759986513;1,93717807202571;1,61222558828219;-21,2493949166985;-3,79008603045278;-7,20969029393746;-8,51566303812501;-5,61065921085665;-5,62225021785504;-10,536537451225;-9,44246507450126;-6,41341979102222;-16,1050701691777;-11,9039710737268;-17,958603469274;-25,1241603258947;-42,2201109096562;-17,9934367568665;-15,1495215606078;-15,8921403085173;-20,6995455137417;-14,7704510396926;-19,5432018278614;2,68199219822906;1,52838389719892;1,55555567096163;0,906735395569924;0,505569093294629;0,505568510213577;0,542423295383888;0,645128743653648;0,999999654320567;0,839312184375599;0,686365732674007;0,484882772849465;0,338111817657018;-2,14551609259277;-2,4282524118668;-2,59869384510399;-3,05978324250474;-4,0610219701259;-3,99395385733955;-3,3217977374888;-2,72007905507952;-2,13829182353672;-1,18500861275905;-1,85736416666674;-2,23882456322202;-2,86260508058283;-5,02140762454537;-5,09729664790047;-4,06960428105759;-3,34524631734356;-2,65932913921636;0,0616023919182442;0,0160928837337721;0,0388562224715487;0,0179218411707625;0,0385225292945519;0,00612082035677787;0,015699196058898;0,00918210322227181;-2,688659284004173;-0,01790970124224484;1;1;1;-3;-3;1;1;1;-13174,3102936238;NA;All
2220;1,88304088315069;2,84254900688767;2,29896849114977;2,50980797761203;2,71397452471025;2,28043562394877;2,41260264278576;2,44819771007298;2,45700793771892;1,97913013422064;1,92132520506502;1,63046728101526;1,43501376778664;4,90550357958464;1,52473550763761;1,76609058341847;1,91673558388257;1,51866759986513;1,93717807202571;1,61222558828219;-21,2493949166985;-3,79008603045278;-7,20969029393746;-8,51566303812501;-5,61065921085665;-5,62225021785504;-10,536537451225;-9,44246507450126;-6,41341979102222;-16,1050701691777;-11,9039710737268;-17,958603469274;-25,1241603258947;-42,2201109096562;-17,9934367568665;-15,1495215606078;-15,8921403085173;-20,6995455137417;-14,7704510396926;-19,5432018278614;2,68199219822906;1,52838389719892;1,55555567096163;0,906735395569924;0,505569093294629;0,505568510213577;0,542423295383888;0,645128743653648;0,999999654320567;0,839312184375599;0,686365732674007;0,484882772849465;0,338111817657018;-2,14551609259277;-2,4282524118668;-2,59869384510399;-3,05978324250474;-4,0610219701259;-3,99395385733955;-3,3217977374888;-2,72007905507952;-2,13829182353672;-1,18500861275905;-1,85736416666674;-2,23882456322202;-2,86260508058283;-5,02140762454537;-5,09729664790047;-4,06960428105759;-3,34524631734356;-2,65932913921636;0,0616023919182442;0,0160928837337721;0,0388562224715487;0,0179218411707625;0,0385225292945519;0,00612082035677787;0,015699196058898;0,00918210322227181;-1,754755382665695;-0,04204548983695441;1;1;1;-3;-3;1;1;1;-13174,4512175364;NA;All
2230;1,88304088315069;2,84254900688767;2,29896849114977;2,50980797761203;2,71397452471025;2,28043562394877;2,41260264278576;2,44819771007298;2,45700793771892;1,97913013422064;1,92132520506502;1,63046728101526;1,43501376778664;4,90550357958464;1,52473550763761;1,76609058341847;1,91673558388257;1,51866759986513;1,93717807202571;1,61222558828219;-21,2493949166985;-3,79008603045278;-7,20969029393746;-8,51566303812501;-5,61065921085665;-5,62225021785504;-10,536537451225;-9,44246507450126;-6,41341979102222;-16,1050701691777;-11,9039710737268;-17,958603469274;-25,1241603258947;-42,2201109096562;-17,9934367568665;-15,1495215606078;-15,8921403085173;-20,6995455137417;-14,7704510396926;-19,5432018278614;2,68199219822906;1,52838389719892;1,55555567096163;0,906735395569924;0,505569093294629;0,505568510213577;0,542423295383888;0,645128743653648;0,999999654320567;0,839312184375599;0,686365732674007;0,484882772849465;0,338111817657018;-2,14551609259277;-2,4282524118668;-2,59869384510399;-3,05978324250474;-4,0610219701259;-3,99395385733955;-3,3217977374888;-2,72007905507952;-2,13829182353672;-1,18500861275905;-1,85736416666674;-2,23882456322202;-2,86260508058283;-5,02140762454537;-5,09729664790047;-4,06960428105759;-3,34524631734356;-2,65932913921636;0,0616023919182442;0,0160928837337721;0,0388562224715487;0,0179218411707625;0,0385225292945519;0,00612082035677787;0,015699196058898;0,00918210322227181;-1,818068289960365;-0,02361267689161860;1;1;1;-3;-3;1;1;1;-13174,4481378417;NA;All
2240;1,88304088315069;2,84254900688767;2,29896849114977;2,50980797761203;2,71397452471025;2,28043562394877;2,41260264278576;2,44819771007298;2,45700793771892;1,97913013422064;1,92132520506502;1,63046728101526;1,43501376778664;4,90550357958464;1,52473550763761;1,76609058341847;1,91673558388257;1,51866759986513;1,93717807202571;1,61222558828219;-21,2493949166985;-3,79008603045278;-7,20969029393746;-8,51566303812501;-5,61065921085665;-5,62225021785504;-10,536537451225;-9,44246507450126;-6,41341979102222;-16,1050701691777;-11,9039710737268;-17,958603469274;-25,1241603258947;-42,2201109096562;-17,9934367568665;-15,1495215606078;-15,8921403085173;-20,6995455137417;-14,7704510396926;-19,5432018278614;2,68199219822906;1,52838389719892;1,55555567096163;0,906735395569924;0,505569093294629;0,505568510213577;0,542423295383888;0,645128743653648;0,999999654320567;0,839312184375599;0,686365732674007;0,484882772849465;0,338111817657018;-2,14551609259277;-2,4282524118668;-2,59869384510399;-3,05978324250474;-4,0610219701259;-3,99395385733955;-3,3217977374888;-2,72007905507952;-2,13829182353672;-1,18500861275905;-1,85736416666674;-2,23882456322202;-2,86260508058283;-5,02140762454537;-5,09729664790047;-4,06960428105759;-3,34524631734356;-2,65932913921636;0,0616023919182442;0,0160928837337721;0,0388562224715487;0,0179218411707625;0,0385225292945519;0,00612082035677787;0,015699196058898;0,00918210322227181;-2,099822719003431;0,14944087574446568;1;1;1;-3;-3;1;1;1;-13175,6876632035;NA;All
2250;1,88304088315069;2,84254900688767;2,29896849114977;2,50980797761203;2,71397452471025;2,28043562394877;2,41260264278576;2,44819771007298;2,45700793771892;1,97913013422064;1,92132520506502;1,63046728101526;1,43501376778664;4,90550357958464;1,52473550763761;1,76609058341847;1,91673558388257;1,51866759986513;1,93717807202571;1,61222558828219;-21,2493949166985;-3,79008603045278;-7,20969029393746;-8,51566303812501;-5,61065921085665;-5,62225021785504;-10,536537451225;-9,44246507450126;-6,41341979102222;-16,1050701691777;-11,9039710737268;-17,958603469274;-25,1241603258947;-42,2201109096562;-17,9934367568665;-15,1495215606078;-15,8921403085173;-20,6995455137417;-14,7704510396926;-19,5432018278614;2,68199219822906;1,52838389719892;1,55555567096163;0,906735395569924;0,505569093294629;0,505568510213577;0,542423295383888;0,645128743653648;0,999999654320567;0,839312184375599;0,686365732674007;0,484882772849465;0,338111817657018;-2,14551609259277;-2,4282524118668;-2,59869384510399;-3,05978324250474;-4,0610219701259;-3,99395385733955;-3,3217977374888;-2,72007905507952;-2,13829182353672;-1,18500861275905;-1,85736416666674;-2,23882456322202;-2,86260508058283;-5,02140762454537;-5,09729664790047;-4,06960428105759;-3,34524631734356;-2,65932913921636;0,0616023919182442;0,0160928837337721;0,0388562224715487;0,0179218411707625;0,0385225292945519;0,00612082035677787;0,015699196058898;0,00918210322227181;-2,179826759031867;-0,06320386820788707;1;1;1;-3;-3;1;1;1;-13174,3208620714;NA;All
2260;1,88304088315069;2,84254900688767;2,29896849114977;2,50980797761203;2,71397452471025;2,28043562394877;2,41260264278576;2,44819771007298;2,45700793771892;1,97913013422064;1,92132520506502;1,63046728101526;1,43501376778664;4,90550357958464;1,52473550763761;1,76609058341847;1,91673558388257;1,51866759986513;1,93717807202571;1,61222558828219;-21,2493949166985;-3,79008603045278;-7,20969029393746;-8,51566303812501;-5,61065921085665;-5,62225021785504;-10,536537451225;-9,44246507450126;-6,41341979102222;-16,1050701691777;-11,9039710737268;-17,958603469274;-25,1241603258947;-42,2201109096562;-17,9934367568665;-15,1495215606078;-15,8921403085173;-20,6995455137417;-14,7704510396926;-19,5432018278614;2,68199219822906;1,52838389719892;1,55555567096163;0,906735395569924;0,505569093294629;0,505568510213577;0,542423295383888;0,645128743653648;0,999999654320567;0,839312184375599;0,686365732674007;0,484882772849465;0,338111817657018;-2,14551609259277;-2,4282524118668;-2,59869384510399;-3,05978324250474;-4,0610219701259;-3,99395385733955;-3,3217977374888;-2,72007905507952;-2,13829182353672;-1,18500861275905;-1,85736416666674;-2,23882456322202;-2,86260508058283;-5,02140762454537;-5,09729664790047;-4,06960428105759;-3,34524631734356;-2,65932913921636;0,0616023919182442;0,0160928837337721;0,0388562224715487;0,0179218411707625;0,0385225292945519;0,00612082035677787;0,015699196058898;0,00918210322227181;-3,849656419822704;-0,11979661542711290;1;1;1;-3;-3;1;1;1;-13174,3211877702;NA;All
2270;1,88304088315069;2,84254900688767;2,29896849114977;2,50980797761203;2,71397452471025;2,28043562394877;2,41260264278576;2,44819771007298;2,45700793771892;1,97913013422064;1,92132520506502;1,63046728101526;1,43501376778664;4,90550357958464;1,52473550763761;1,76609058341847;1,91673558388257;1,51866759986513;1,93717807202571;1,61222558828219;-21,2493949166985;-3,79008603045278;-7,20969029393746;-8,51566303812501;-5,61065921085665;-5,62225021785504;-10,536537451225;-9,44246507450126;-6,41341979102222;-16,1050701691777;-11,9039710737268;-17,958603469274;-25,1241603258947;-42,2201109096562;-17,9934367568665;-15,1495215606078;-15,8921403085173;-20,6995455137417;-14,7704510396926;-19,5432018278614;2,68199219822906;1,52838389719892;1,55555567096163;0,906735395569924;0,505569093294629;0,505568510213577;0,542423295383888;0,645128743653648;0,999999654320567;0,839312184375599;0,686365732674007;0,484882772849465;0,338111817657018;-2,14551609259277;-2,4282524118668;-2,59869384510399;-3,05978324250474;-4,0610219701259;-3,99395385733955;-3,3217977374888;-2,72007905507952;-2,13829182353672;-1,18500861275905;-1,85736416666674;-2,23882456322202;-2,86260508058283;-5,02140762454537;-5,09729664790047;-4,06960428105759;-3,34524631734356;-2,65932913921636;0,0616023919182442;0,0160928837337721;0,0388562224715487;0,0179218411707625;0,0385225292945519;0,00612082035677787;0,015699196058898;0,00918210322227181;-2,968782993172047;-0,06963845042983464;1;1;1;-3;-3;1;1;1;-13174,2622707813;NA;All
2280;1,88304088315069;2,84254900688767;2,29896849114977;2,50980797761203;2,71397452471025;2,28043562394877;2,41260264278576;2,44819771007298;2,45700793771892;1,97913013422064;1,92132520506502;1,63046728101526;1,43501376778664;4,90550357958464;1,52473550763761;1,76609058341847;1,91673558388257;1,51866759986513;1,93717807202571;1,61222558828219;-21,2493949166985;-3,79008603045278;-7,20969029393746;-8,51566303812501;-5,61065921085665;-5,62225021785504;-10,536537451225;-9,44246507450126;-6,41341979102222;-16,1050701691777;-11,9039710737268;-17,958603469274;-25,1241603258947;-42,2201109096562;-17,9934367568665;-15,1495215606078;-15,8921403085173;-20,6995455137417;-14,7704510396926;-19,5432018278614;2,68199219822906;1,52838389719892;1,55555567096163;0,906735395569924;0,505569093294629;0,505568510213577;0,542423295383888;0,645128743653648;0,999999654320567;0,839312184375599;0,686365732674007;0,484882772849465;0,338111817657018;-2,14551609259277;-2,4282524118668;-2,59869384510399;-3,05978324250474;-4,0610219701259;-3,99395385733955;-3,3217977374888;-2,72007905507952;-2,13829182353672;-1,18500861275905;-1,85736416666674;-2,23882456322202;-2,86260508058283;-5,02140762454537;-5,09729664790047;-4,06960428105759;-3,34524631734356;-2,65932913921636;0,0616023919182442;0,0160928837337721;0,0388562224715487;0,0179218411707625;0,0385225292945519;0,00612082035677787;0,015699196058898;0,00918210322227181;-2,191056990864827;-0,00520684357064959;1;1;1;-3;-3;1;1;1;-13174,3891744080;NA;All
2290;1,88304088315069;2,84254900688767;2,29896849114977;2,50980797761203;2,71397452471025;2,28043562394877;2,41260264278576;2,44819771007298;2,45700793771892;1,97913013422064;1,92132520506502;1,63046728101526;1,43501376778664;4,90550357958464;1,52473550763761;1,76609058341847;1,91673558388257;1,51866759986513;1,93717807202571;1,61222558828219;-21,2493949166985;-3,79008603045278;-7,20969029393746;-8,51566303812501;-5,61065921085665;-5,62225021785504;-10,536537451225;-9,44246507450126;-6,41341979102222;-16,1050701691777;-11,9039710737268;-17,958603469274;-25,1241603258947;-42,2201109096562;-17,9934367568665;-15,1495215606078;-15,8921403085173;-20,6995455137417;-14,7704510396926;-19,5432018278614;2,68199219822906;1,52838389719892;1,55555567096163;0,906735395569924;0,505569093294629;0,505568510213577;0,542423295383888;0,645128743653648;0,999999654320567;0,839312184375599;0,686365732674007;0,484882772849465;0,338111817657018;-2,14551609259277;-2,4282524118668;-2,59869384510399;-3,05978324250474;-4,0610219701259;-3,99395385733955;-3,3217977374888;-2,72007905507952;-2,13829182353672;-1,18500861275905;-1,85736416666674;-2,23882456322202;-2,86260508058283;-5,02140762454537;-5,09729664790047;-4,06960428105759;-3,34524631734356;-2,65932913921636;0,0616023919182442;0,0160928837337721;0,0388562224715487;0,0179218411707625;0,0385225292945519;0,00612082035677787;0,015699196058898;0,00918210322227181;-2,896858661817208;0,09040633544742344;1;1;1;-3;-3;1;1;1;-13174,8877222318;NA;All
2300;1,88304088315069;2,84254900688767;2,29896849114977;2,50980797761203;2,71397452471025;2,28043562394877;2,41260264278576;2,44819771007298;2,45700793771892;1,97913013422064;1,92132520506502;1,63046728101526;1,43501376778664;4,90550357958464;1,52473550763761;1,76609058341847;1,91673558388257;1,51866759986513;1,93717807202571;1,61222558828219;-21,2493949166985;-3,79008603045278;-7,20969029393746;-8,51566303812501;-5,61065921085665;-5,62225021785504;-10,536537451225;-9,44246507450126;-6,41341979102222;-16,1050701691777;-11,9039710737268;-17,958603469274;-25,1241603258947;-42,2201109096562;-17,9934367568665;-15,1495215606078;-15,8921403085173;-20,6995455137417;-14,7704510396926;-19,5432018278614;2,68199219822906;1,52838389719892;1,55555567096163;0,906735395569924;0,505569093294629;0,505568510213577;0,542423295383888;0,645128743653648;0,999999654320567;0,839312184375599;0,686365732674007;0,484882772849465;0,338111817657018;-2,14551609259277;-2,4282524118668;-2,59869384510399;-3,05978324250474;-4,0610219701259;-3,99395385733955;-3,3217977374888;-2,72007905507952;-2,13829182353672;-1,18500861275905;-1,85736416666674;-2,23882456322202;-2,86260508058283;-5,02140762454537;-5,09729664790047;-4,06960428105759;-3,34524631734356;-2,65932913921636;0,0616023919182442;0,0160928837337721;0,0388562224715487;0,0179218411707625;0,0385225292945519;0,00612082035677787;0,015699196058898;0,00918210322227181;-2,537438193535740;-0,37665787554148744;1;1;1;-3;-3;1;1;1;-13175,5116540637;NA;All
2310;1,88304088315069;2,84254900688767;2,29896849114977;2,50980797761203;2,71397452471025;2,28043562394877;2,41260264278576;2,44819771007298;2,45700793771892;1,97913013422064;1,92132520506502;1,63046728101526;1,43501376778664;4,90550357958464;1,52473550763761;1,76609058341847;1,91673558388257;1,51866759986513;1,93717807202571;1,61222558828219;-21,2493949166985;-3,79008603045278;-7,20969029393746;-8,51566303812501;-5,61065921085665;-5,62225021785504;-10,536537451225;-9,44246507450126;-6,41341979102222;-16,1050701691777;-11,9039710737268;-17,958603469274;-25,1241603258947;-42,2201109096562;-17,9934367568665;-15,1495215606078;-15,8921403085173;-20,6995455137417;-14,7704510396926;-19,5432018278614;2,68199219822906;1,52838389719892;1,55555567096163;0,906735395569924;0,505569093294629;0,505568510213577;0,542423295383888;0,645128743653648;0,999999654320567;0,839312184375599;0,686365732674007;0,484882772849465;0,338111817657018;-2,14551609259277;-2,4282524118668;-2,59869384510399;-3,05978324250474;-4,0610219701259;-3,99395385733955;-3,3217977374888;-2,72007905507952;-2,13829182353672;-1,18500861275905;-1,85736416666674;-2,23882456322202;-2,86260508058283;-5,02140762454537;-5,09729664790047;-4,06960428105759;-3,34524631734356;-2,65932913921636;0,0616023919182442;0,0160928837337721;0,0388562224715487;0,0179218411707625;0,0385225292945519;0,00612082035677787;0,015699196058898;0,00918210322227181;-3,177297005549237;-0,98158421354569092;1;1;1;-3;-3;1;1;1;-13178,2215014252;NA;All
2320;1,88304088315069;2,84254900688767;2,29896849114977;2,50980797761203;2,71397452471025;2,28043562394877;2,41260264278576;2,44819771007298;2,45700793771892;1,97913013422064;1,92132520506502;1,63046728101526;1,43501376778664;4,90550357958464;1,52473550763761;1,76609058341847;1,91673558388257;1,51866759986513;1,93717807202571;1,61222558828219;-21,2493949166985;-3,79008603045278;-7,20969029393746;-8,51566303812501;-5,61065921085665;-5,62225021785504;-10,536537451225;-9,44246507450126;-6,41341979102222;-16,1050701691777;-11,9039710737268;-17,958603469274;-25,1241603258947;-42,2201109096562;-17,9934367568665;-15,1495215606078;-15,8921403085173;-20,6995455137417;-14,7704510396926;-19,5432018278614;2,68199219822906;1,52838389719892;1,55555567096163;0,906735395569924;0,505569093294629;0,505568510213577;0,542423295383888;0,645128743653648;0,999999654320567;0,839312184375599;0,686365732674007;0,484882772849465;0,338111817657018;-2,14551609259277;-2,4282524118668;-2,59869384510399;-3,05978324250474;-4,0610219701259;-3,99395385733955;-3,3217977374888;-2,72007905507952;-2,13829182353672;-1,18500861275905;-1,85736416666674;-2,23882456322202;-2,86260508058283;-5,02140762454537;-5,09729664790047;-4,06960428105759;-3,34524631734356;-2,65932913921636;0,0616023919182442;0,0160928837337721;0,0388562224715487;0,0179218411707625;0,0385225292945519;0,00612082035677787;0,015699196058898;0,00918210322227181;-3,258194458321799;-0,72371981596209567;1;1;1;-3;-3;1;1;1;-13177,2937119634;NA;All
2330;1,88304088315069;2,84254900688767;2,29896849114977;2,50980797761203;2,71397452471025;2,28043562394877;2,41260264278576;2,44819771007298;2,45700793771892;1,97913013422064;1,92132520506502;1,63046728101526;1,43501376778664;4,90550357958464;1,52473550763761;1,76609058341847;1,91673558388257;1,51866759986513;1,93717807202571;1,61222558828219;-21,2493949166985;-3,79008603045278;-7,20969029393746;-8,51566303812501;-5,61065921085665;-5,62225021785504;-10,536537451225;-9,44246507450126;-6,41341979102222;-16,1050701691777;-11,9039710737268;-17,958603469274;-25,1241603258947;-42,2201109096562;-17,9934367568665;-15,1495215606078;-15,8921403085173;-20,6995455137417;-14,7704510396926;-19,5432018278614;2,68199219822906;1,52838389719892;1,55555567096163;0,906735395569924;0,505569093294629;0,505568510213577;0,542423295383888;0,645128743653648;0,999999654320567;0,839312184375599;0,686365732674007;0,484882772849465;0,338111817657018;-2,14551609259277;-2,4282524118668;-2,59869384510399;-3,05978324250474;-4,0610219701259;-3,99395385733955;-3,3217977374888;-2,72007905507952;-2,13829182353672;-1,18500861275905;-1,85736416666674;-2,23882456322202;-2,86260508058283;-5,02140762454537;-5,09729664790047;-4,06960428105759;-3,34524631734356;-2,65932913921636;0,0616023919182442;0,0160928837337721;0,0388562224715487;0,0179218411707625;0,0385225292945519;0,00612082035677787;0,015699196058898;0,00918210322227181;-1,772228393552743;-0,50726462309471421;1;1;1;-3;-3;1;1;1;-13176,3721066135;NA;All
2340;1,88304088315069;2,84254900688767;2,29896849114977;2,50980797761203;2,71397452471025;2,28043562394877;2,41260264278576;2,44819771007298;2,45700793771892;1,97913013422064;1,92132520506502;1,63046728101526;1,43501376778664;4,90550357958464;1,52473550763761;1,76609058341847;1,91673558388257;1,51866759986513;1,93717807202571;1,61222558828219;-21,2493949166985;-3,79008603045278;-7,20969029393746;-8,51566303812501;-5,61065921085665;-5,62225021785504;-10,536537451225;-9,44246507450126;-6,41341979102222;-16,1050701691777;-11,9039710737268;-17,958603469274;-25,1241603258947;-42,2201109096562;-17,9934367568665;-15,1495215606078;-15,8921403085173;-20,6995455137417;-14,7704510396926;-19,5432018278614;2,68199219822906;1,52838389719892;1,55555567096163;0,906735395569924;0,505569093294629;0,505568510213577;0,542423295383888;0,645128743653648;0,999999654320567;0,839312184375599;0,686365732674007;0,484882772849465;0,338111817657018;-2,14551609259277;-2,4282524118668;-2,59869384510399;-3,05978324250474;-4,0610219701259;-3,99395385733955;-3,3217977374888;-2,72007905507952;-2,13829182353672;-1,18500861275905;-1,85736416666674;-2,23882456322202;-2,86260508058283;-5,02140762454537;-5,09729664790047;-4,06960428105759;-3,34524631734356;-2,65932913921636;0,0616023919182442;0,0160928837337721;0,0388562224715487;0,0179218411707625;0,0385225292945519;0,00612082035677787;0,015699196058898;0,00918210322227181;-3,985034841915964;-0,39884062226477074;1;1;1;-3;-3;1;1;1;-13175,6106678549;NA;All
2350;1,88304088315069;2,84254900688767;2,29896849114977;2,50980797761203;2,71397452471025;2,28043562394877;2,41260264278576;2,44819771007298;2,45700793771892;1,97913013422064;1,92132520506502;1,63046728101526;1,43501376778664;4,90550357958464;1,52473550763761;1,76609058341847;1,91673558388257;1,51866759986513;1,93717807202571;1,61222558828219;-21,2493949166985;-3,79008603045278;-7,20969029393746;-8,51566303812501;-5,61065921085665;-5,62225021785504;-10,536537451225;-9,44246507450126;-6,41341979102222;-16,1050701691777;-11,9039710737268;-17,958603469274;-25,1241603258947;-42,2201109096562;-17,9934367568665;-15,1495215606078;-15,8921403085173;-20,6995455137417;-14,7704510396926;-19,5432018278614;2,68199219822906;1,52838389719892;1,55555567096163;0,906735395569924;0,505569093294629;0,505568510213577;0,542423295383888;0,645128743653648;0,999999654320567;0,839312184375599;0,686365732674007;0,484882772849465;0,338111817657018;-2,14551609259277;-2,4282524118668;-2,59869384510399;-3,05978324250474;-4,0610219701259;-3,99395385733955;-3,3217977374888;-2,72007905507952;-2,13829182353672;-1,18500861275905;-1,85736416666674;-2,23882456322202;-2,86260508058283;-5,02140762454537;-5,09729664790047;-4,06960428105759;-3,34524631734356;-2,65932913921636;0,0616023919182442;0,0160928837337721;0,0388562224715487;0,0179218411707625;0,0385225292945519;0,00612082035677787;0,015699196058898;0,00918210322227181;-3,306623028056463;-0,24607096895705896;1;1;1;-3;-3;1;1;1;-13174,7923824453;NA;All
2360;1,88304088315069;2,84254900688767;2,29896849114977;2,50980797761203;2,71397452471025;2,28043562394877;2,41260264278576;2,44819771007298;2,45700793771892;1,97913013422064;1,92132520506502;1,63046728101526;1,43501376778664;4,90550357958464;1,52473550763761;1,76609058341847;1,91673558388257;1,51866759986513;1,93717807202571;1,61222558828219;-21,2493949166985;-3,79008603045278;-7,20969029393746;-8,51566303812501;-5,61065921085665;-5,62225021785504;-10,536537451225;-9,44246507450126;-6,41341979102222;-16,1050701691777;-11,9039710737268;-17,958603469274;-25,1241603258947;-42,2201109096562;-17,9934367568665;-15,1495215606078;-15,8921403085173;-20,6995455137417;-14,7704510396926;-19,5432018278614;2,68199219822906;1,52838389719892;1,55555567096163;0,906735395569924;0,505569093294629;0,505568510213577;0,542423295383888;0,645128743653648;0,999999654320567;0,839312184375599;0,686365732674007;0,484882772849465;0,338111817657018;-2,14551609259277;-2,4282524118668;-2,59869384510399;-3,05978324250474;-4,0610219701259;-3,99395385733955;-3,3217977374888;-2,72007905507952;-2,13829182353672;-1,18500861275905;-1,85736416666674;-2,23882456322202;-2,86260508058283;-5,02140762454537;-5,09729664790047;-4,06960428105759;-3,34524631734356;-2,65932913921636;0,0616023919182442;0,0160928837337721;0,0388562224715487;0,0179218411707625;0,0385225292945519;0,00612082035677787;0,015699196058898;0,00918210322227181;-3,479958056855742;-0,01171566649459101;1;1;1;-3;-3;1;1;1;-13174,3044860598;NA;All
2370;1,88304088315069;2,84254900688767;2,29896849114977;2,50980797761203;2,71397452471025;2,28043562394877;2,41260264278576;2,44819771007298;2,45700793771892;1,97913013422064;1,92132520506502;1,63046728101526;1,43501376778664;4,90550357958464;1,52473550763761;1,76609058341847;1,91673558388257;1,51866759986513;1,93717807202571;1,61222558828219;-21,2493949166985;-3,79008603045278;-7,20969029393746;-8,51566303812501;-5,61065921085665;-5,62225021785504;-10,536537451225;-9,44246507450126;-6,41341979102222;-16,1050701691777;-11,9039710737268;-17,958603469274;-25,1241603258947;-42,2201109096562;-17,9934367568665;-15,1495215606078;-15,8921403085173;-20,6995455137417;-14,7704510396926;-19,5432018278614;2,68199219822906;1,52838389719892;1,55555567096163;0,906735395569924;0,505569093294629;0,505568510213577;0,542423295383888;0,645128743653648;0,999999654320567;0,839312184375599;0,686365732674007;0,484882772849465;0,338111817657018;-2,14551609259277;-2,4282524118668;-2,59869384510399;-3,05978324250474;-4,0610219701259;-3,99395385733955;-3,3217977374888;-2,72007905507952;-2,13829182353672;-1,18500861275905;-1,85736416666674;-2,23882456322202;-2,86260508058283;-5,02140762454537;-5,09729664790047;-4,06960428105759;-3,34524631734356;-2,65932913921636;0,0616023919182442;0,0160928837337721;0,0388562224715487;0,0179218411707625;0,0385225292945519;0,00612082035677787;0,015699196058898;0,00918210322227181;-2,242515755605784;-0,08031436019206789;1;1;1;-3;-3;1;1;1;-13174,3196876271;NA;All
2380;1,88304088315069;2,84254900688767;2,29896849114977;2,50980797761203;2,71397452471025;2,28043562394877;2,41260264278576;2,44819771007298;2,45700793771892;1,97913013422064;1,92132520506502;1,63046728101526;1,43501376778664;4,90550357958464;1,52473550763761;1,76609058341847;1,91673558388257;1,51866759986513;1,93717807202571;1,61222558828219;-21,2493949166985;-3,79008603045278;-7,20969029393746;-8,51566303812501;-5,61065921085665;-5,62225021785504;-10,536537451225;-9,44246507450126;-6,41341979102222;-16,1050701691777;-11,9039710737268;-17,958603469274;-25,1241603258947;-42,2201109096562;-17,9934367568665;-15,1495215606078;-15,8921403085173;-20,6995455137417;-14,7704510396926;-19,5432018278614;2,68199219822906;1,52838389719892;1,55555567096163;0,906735395569924;0,505569093294629;0,505568510213577;0,542423295383888;0,645128743653648;0,999999654320567;0,839312184375599;0,686365732674007;0,484882772849465;0,338111817657018;-2,14551609259277;-2,4282524118668;-2,59869384510399;-3,05978324250474;-4,0610219701259;-3,99395385733955;-3,3217977374888;-2,72007905507952;-2,13829182353672;-1,18500861275905;-1,85736416666674;-2,23882456322202;-2,86260508058283;-5,02140762454537;-5,09729664790047;-4,06960428105759;-3,34524631734356;-2,65932913921636;0,0616023919182442;0,0160928837337721;0,0388562224715487;0,0179218411707625;0,0385225292945519;0,00612082035677787;0,015699196058898;0,00918210322227181;-2,242515755605784;-0,08031436019206789;1;1;1;-3;-3;1;1;1;-13174,3196876271;NA;All
2390;1,88304088315069;2,84254900688767;2,29896849114977;2,50980797761203;2,71397452471025;2,28043562394877;2,41260264278576;2,44819771007298;2,45700793771892;1,97913013422064;1,92132520506502;1,63046728101526;1,43501376778664;4,90550357958464;1,52473550763761;1,76609058341847;1,91673558388257;1,51866759986513;1,93717807202571;1,61222558828219;-21,2493949166985;-3,79008603045278;-7,20969029393746;-8,51566303812501;-5,61065921085665;-5,62225021785504;-10,536537451225;-9,44246507450126;-6,41341979102222;-16,1050701691777;-11,9039710737268;-17,958603469274;-25,1241603258947;-42,2201109096562;-17,9934367568665;-15,1495215606078;-15,8921403085173;-20,6995455137417;-14,7704510396926;-19,5432018278614;2,68199219822906;1,52838389719892;1,55555567096163;0,906735395569924;0,505569093294629;0,505568510213577;0,542423295383888;0,645128743653648;0,999999654320567;0,839312184375599;0,686365732674007;0,484882772849465;0,338111817657018;-2,14551609259277;-2,4282524118668;-2,59869384510399;-3,05978324250474;-4,0610219701259;-3,99395385733955;-3,3217977374888;-2,72007905507952;-2,13829182353672;-1,18500861275905;-1,85736416666674;-2,23882456322202;-2,86260508058283;-5,02140762454537;-5,09729664790047;-4,06960428105759;-3,34524631734356;-2,65932913921636;0,0616023919182442;0,0160928837337721;0,0388562224715487;0,0179218411707625;0,0385225292945519;0,00612082035677787;0,015699196058898;0,00918210322227181;-2,077511523000272;-0,16689427255720074;1;1;1;-3;-3;1;1;1;-13174,5420634983;NA;All
2400;1,88304088315069;2,84254900688767;2,29896849114977;2,50980797761203;2,71397452471025;2,28043562394877;2,41260264278576;2,44819771007298;2,45700793771892;1,97913013422064;1,92132520506502;1,63046728101526;1,43501376778664;4,90550357958464;1,52473550763761;1,76609058341847;1,91673558388257;1,51866759986513;1,93717807202571;1,61222558828219;-21,2493949166985;-3,79008603045278;-7,20969029393746;-8,51566303812501;-5,61065921085665;-5,62225021785504;-10,536537451225;-9,44246507450126;-6,41341979102222;-16,1050701691777;-11,9039710737268;-17,958603469274;-25,1241603258947;-42,2201109096562;-17,9934367568665;-15,1495215606078;-15,8921403085173;-20,6995455137417;-14,7704510396926;-19,5432018278614;2,68199219822906;1,52838389719892;1,55555567096163;0,906735395569924;0,505569093294629;0,505568510213577;0,542423295383888;0,645128743653648;0,999999654320567;0,839312184375599;0,686365732674007;0,484882772849465;0,338111817657018;-2,14551609259277;-2,4282524118668;-2,59869384510399;-3,05978324250474;-4,0610219701259;-3,99395385733955;-3,3217977374888;-2,72007905507952;-2,13829182353672;-1,18500861275905;-1,85736416666674;-2,23882456322202;-2,86260508058283;-5,02140762454537;-5,09729664790047;-4,06960428105759;-3,34524631734356;-2,65932913921636;0,0616023919182442;0,0160928837337721;0,0388562224715487;0,0179218411707625;0,0385225292945519;0,00612082035677787;0,015699196058898;0,00918210322227181;-3,713442170376327;0,05340875962090934;1;1;1;-3;-3;1;1;1;-13174,5823392005;NA;All
2410;1,88304088315069;2,84254900688767;2,29896849114977;2,50980797761203;2,71397452471025;2,28043562394877;2,41260264278576;2,44819771007298;2,45700793771892;1,97913013422064;1,92132520506502;1,63046728101526;1,43501376778664;4,90550357958464;1,52473550763761;1,76609058341847;1,91673558388257;1,51866759986513;1,93717807202571;1,61222558828219;-21,2493949166985;-3,79008603045278;-7,20969029393746;-8,51566303812501;-5,61065921085665;-5,62225021785504;-10,536537451225;-9,44246507450126;-6,41341979102222;-16,1050701691777;-11,9039710737268;-17,958603469274;-25,1241603258947;-42,2201109096562;-17,9934367568665;-15,1495215606078;-15,8921403085173;-20,6995455137417;-14,7704510396926;-19,5432018278614;2,68199219822906;1,52838389719892;1,55555567096163;0,906735395569924;0,505569093294629;0,505568510213577;0,542423295383888;0,645128743653648;0,999999654320567;0,839312184375599;0,686365732674007;0,484882772849465;0,338111817657018;-2,14551609259277;-2,4282524118668;-2,59869384510399;-3,05978324250474;-4,0610219701259;-3,99395385733955;-3,3217977374888;-2,72007905507952;-2,13829182353672;-1,18500861275905;-1,85736416666674;-2,23882456322202;-2,86260508058283;-5,02140762454537;-5,09729664790047;-4,06960428105759;-3,34524631734356;-2,65932913921636;0,0616023919182442;0,0160928837337721;0,0388562224715487;0,0179218411707625;0,0385225292945519;0,00612082035677787;0,015699196058898;0,00918210322227181;-2,647152734073999;-0,22147514882274028;1;1;1;-3;-3;1;1;1;-13174,6958657695;NA;All
2420;1,88304088315069;2,84254900688767;2,29896849114977;2,50980797761203;2,71397452471025;2,28043562394877;2,41260264278576;2,44819771007298;2,45700793771892;1,97913013422064;1,92132520506502;1,63046728101526;1,43501376778664;4,90550357958464;1,52473550763761;1,76609058341847;1,91673558388257;1,51866759986513;1,93717807202571;1,61222558828219;-21,2493949166985;-3,79008603045278;-7,20969029393746;-8,51566303812501;-5,61065921085665;-5,62225021785504;-10,536537451225;-9,44246507450126;-6,41341979102222;-16,1050701691777;-11,9039710737268;-17,958603469274;-25,1241603258947;-42,2201109096562;-17,9934367568665;-15,1495215606078;-15,8921403085173;-20,6995455137417;-14,7704510396926;-19,5432018278614;2,68199219822906;1,52838389719892;1,55555567096163;0,906735395569924;0,505569093294629;0,505568510213577;0,542423295383888;0,645128743653648;0,999999654320567;0,839312184375599;0,686365732674007;0,484882772849465;0,338111817657018;-2,14551609259277;-2,4282524118668;-2,59869384510399;-3,05978324250474;-4,0610219701259;-3,99395385733955;-3,3217977374888;-2,72007905507952;-2,13829182353672;-1,18500861275905;-1,85736416666674;-2,23882456322202;-2,86260508058283;-5,02140762454537;-5,09729664790047;-4,06960428105759;-3,34524631734356;-2,65932913921636;0,0616023919182442;0,0160928837337721;0,0388562224715487;0,0179218411707625;0,0385225292945519;0,00612082035677787;0,015699196058898;0,00918210322227181;-2,845612146049644;-0,44086577539727256;1;1;1;-3;-3;1;1;1;-13175,8600884091;NA;All
2430;1,88304088315069;2,84254900688767;2,29896849114977;2,50980797761203;2,71397452471025;2,28043562394877;2,41260264278576;2,44819771007298;2,45700793771892;1,97913013422064;1,92132520506502;1,63046728101526;1,43501376778664;4,90550357958464;1,52473550763761;1,76609058341847;1,91673558388257;1,51866759986513;1,93717807202571;1,61222558828219;-21,2493949166985;-3,79008603045278;-7,20969029393746;-8,51566303812501;-5,61065921085665;-5,62225021785504;-10,536537451225;-9,44246507450126;-6,41341979102222;-16,1050701691777;-11,9039710737268;-17,958603469274;-25,1241603258947;-42,2201109096562;-17,9934367568665;-15,1495215606078;-15,8921403085173;-20,6995455137417;-14,7704510396926;-19,5432018278614;2,68199219822906;1,52838389719892;1,55555567096163;0,906735395569924;0,505569093294629;0,505568510213577;0,542423295383888;0,645128743653648;0,999999654320567;0,839312184375599;0,686365732674007;0,484882772849465;0,338111817657018;-2,14551609259277;-2,4282524118668;-2,59869384510399;-3,05978324250474;-4,0610219701259;-3,99395385733955;-3,3217977374888;-2,72007905507952;-2,13829182353672;-1,18500861275905;-1,85736416666674;-2,23882456322202;-2,86260508058283;-5,02140762454537;-5,09729664790047;-4,06960428105759;-3,34524631734356;-2,65932913921636;0,0616023919182442;0,0160928837337721;0,0388562224715487;0,0179218411707625;0,0385225292945519;0,00612082035677787;0,015699196058898;0,00918210322227181;-3,821170961452941;-0,18089439692960041;1;1;1;-3;-3;1;1;1;-13174,5067427615;NA;All
2440;1,88304088315069;2,84254900688767;2,29896849114977;2,50980797761203;2,71397452471025;2,28043562394877;2,41260264278576;2,44819771007298;2,45700793771892;1,97913013422064;1,92132520506502;1,63046728101526;1,43501376778664;4,90550357958464;1,52473550763761;1,76609058341847;1,91673558388257;1,51866759986513;1,93717807202571;1,61222558828219;-21,2493949166985;-3,79008603045278;-7,20969029393746;-8,51566303812501;-5,61065921085665;-5,62225021785504;-10,536537451225;-9,44246507450126;-6,41341979102222;-16,1050701691777;-11,9039710737268;-17,958603469274;-25,1241603258947;-42,2201109096562;-17,9934367568665;-15,1495215606078;-15,8921403085173;-20,6995455137417;-14,7704510396926;-19,5432018278614;2,68199219822906;1,52838389719892;1,55555567096163;0,906735395569924;0,505569093294629;0,505568510213577;0,542423295383888;0,645128743653648;0,999999654320567;0,839312184375599;0,686365732674007;0,484882772849465;0,338111817657018;-2,14551609259277;-2,4282524118668;-2,59869384510399;-3,05978324250474;-4,0610219701259;-3,99395385733955;-3,3217977374888;-2,72007905507952;-2,13829182353672;-1,18500861275905;-1,85736416666674;-2,23882456322202;-2,86260508058283;-5,02140762454537;-5,09729664790047;-4,06960428105759;-3,34524631734356;-2,65932913921636;0,0616023919182442;0,0160928837337721;0,0388562224715487;0,0179218411707625;0,0385225292945519;0,00612082035677787;0,015699196058898;0,00918210322227181;-1,491814923693900;-0,40228394880894391;1;1;1;-3;-3;1;1;1;-13175,9410038345;NA;All
2450;1,88304088315069;2,84254900688767;2,29896849114977;2,50980797761203;2,71397452471025;2,28043562394877;2,41260264278576;2,44819771007298;2,45700793771892;1,97913013422064;1,92132520506502;1,63046728101526;1,43501376778664;4,90550357958464;1,52473550763761;1,76609058341847;1,91673558388257;1,51866759986513;1,93717807202571;1,61222558828219;-21,2493949166985;-3,79008603045278;-7,20969029393746;-8,51566303812501;-5,61065921085665;-5,62225021785504;-10,536537451225;-9,44246507450126;-6,41341979102222;-16,1050701691777;-11,9039710737268;-17,958603469274;-25,1241603258947;-42,2201109096562;-17,9934367568665;-15,1495215606078;-15,8921403085173;-20,6995455137417;-14,7704510396926;-19,5432018278614;2,68199219822906;1,52838389719892;1,55555567096163;0,906735395569924;0,505569093294629;0,505568510213577;0,542423295383888;0,645128743653648;0,999999654320567;0,839312184375599;0,686365732674007;0,484882772849465;0,338111817657018;-2,14551609259277;-2,4282524118668;-2,59869384510399;-3,05978324250474;-4,0610219701259;-3,99395385733955;-3,3217977374888;-2,72007905507952;-2,13829182353672;-1,18500861275905;-1,85736416666674;-2,23882456322202;-2,86260508058283;-5,02140762454537;-5,09729664790047;-4,06960428105759;-3,34524631734356;-2,65932913921636;0,0616023919182442;0,0160928837337721;0,0388562224715487;0,0179218411707625;0,0385225292945519;0,00612082035677787;0,015699196058898;0,00918210322227181;-1,698455721817686;-0,88312724439958590;1;1;1;-3;-3;1;1;1;-13178,0766052470;NA;All
2460;1,88304088315069;2,84254900688767;2,29896849114977;2,50980797761203;2,71397452471025;2,28043562394877;2,41260264278576;2,44819771007298;2,45700793771892;1,97913013422064;1,92132520506502;1,63046728101526;1,43501376778664;4,90550357958464;1,52473550763761;1,76609058341847;1,91673558388257;1,51866759986513;1,93717807202571;1,61222558828219;-21,2493949166985;-3,79008603045278;-7,20969029393746;-8,51566303812501;-5,61065921085665;-5,62225021785504;-10,536537451225;-9,44246507450126;-6,41341979102222;-16,1050701691777;-11,9039710737268;-17,958603469274;-25,1241603258947;-42,2201109096562;-17,9934367568665;-15,1495215606078;-15,8921403085173;-20,6995455137417;-14,7704510396926;-19,5432018278614;2,68199219822906;1,52838389719892;1,55555567096163;0,906735395569924;0,505569093294629;0,505568510213577;0,542423295383888;0,645128743653648;0,999999654320567;0,839312184375599;0,686365732674007;0,484882772849465;0,338111817657018;-2,14551609259277;-2,4282524118668;-2,59869384510399;-3,05978324250474;-4,0610219701259;-3,99395385733955;-3,3217977374888;-2,72007905507952;-2,13829182353672;-1,18500861275905;-1,85736416666674;-2,23882456322202;-2,86260508058283;-5,02140762454537;-5,09729664790047;-4,06960428105759;-3,34524631734356;-2,65932913921636;0,0616023919182442;0,0160928837337721;0,0388562224715487;0,0179218411707625;0,0385225292945519;0,00612082035677787;0,015699196058898;0,00918210322227181;-3,446296034559467;0,17133251252409820;1;1;1;-3;-3;1;1;1;-13175,9531021410;NA;All
2470;1,88304088315069;2,84254900688767;2,29896849114977;2,50980797761203;2,71397452471025;2,28043562394877;2,41260264278576;2,44819771007298;2,45700793771892;1,97913013422064;1,92132520506502;1,63046728101526;1,43501376778664;4,90550357958464;1,52473550763761;1,76609058341847;1,91673558388257;1,51866759986513;1,93717807202571;1,61222558828219;-21,2493949166985;-3,79008603045278;-7,20969029393746;-8,51566303812501;-5,61065921085665;-5,62225021785504;-10,536537451225;-9,44246507450126;-6,41341979102222;-16,1050701691777;-11,9039710737268;-17,958603469274;-25,1241603258947;-42,2201109096562;-17,9934367568665;-15,1495215606078;-15,8921403085173;-20,6995455137417;-14,7704510396926;-19,5432018278614;2,68199219822906;1,52838389719892;1,55555567096163;0,906735395569924;0,505569093294629;0,505568510213577;0,542423295383888;0,645128743653648;0,999999654320567;0,839312184375599;0,686365732674007;0,484882772849465;0,338111817657018;-2,14551609259277;-2,4282524118668;-2,59869384510399;-3,05978324250474;-4,0610219701259;-3,99395385733955;-3,3217977374888;-2,72007905507952;-2,13829182353672;-1,18500861275905;-1,85736416666674;-2,23882456322202;-2,86260508058283;-5,02140762454537;-5,09729664790047;-4,06960428105759;-3,34524631734356;-2,65932913921636;0,0616023919182442;0,0160928837337721;0,0388562224715487;0,0179218411707625;0,0385225292945519;0,00612082035677787;0,015699196058898;0,00918210322227181;-1,090914746718533;0,01054722321347461;1;1;1;-3;-3;1;1;1;-13175,3395471925;NA;All
2480;1,88304088315069;2,84254900688767;2,29896849114977;2,50980797761203;2,71397452471025;2,28043562394877;2,41260264278576;2,44819771007298;2,45700793771892;1,97913013422064;1,92132520506502;1,63046728101526;1,43501376778664;4,90550357958464;1,52473550763761;1,76609058341847;1,91673558388257;1,51866759986513;1,93717807202571;1,61222558828219;-21,2493949166985;-3,79008603045278;-7,20969029393746;-8,51566303812501;-5,61065921085665;-5,62225021785504;-10,536537451225;-9,44246507450126;-6,41341979102222;-16,1050701691777;-11,9039710737268;-17,958603469274;-25,1241603258947;-42,2201109096562;-17,9934367568665;-15,1495215606078;-15,8921403085173;-20,6995455137417;-14,7704510396926;-19,5432018278614;2,68199219822906;1,52838389719892;1,55555567096163;0,906735395569924;0,505569093294629;0,505568510213577;0,542423295383888;0,645128743653648;0,999999654320567;0,839312184375599;0,686365732674007;0,484882772849465;0,338111817657018;-2,14551609259277;-2,4282524118668;-2,59869384510399;-3,05978324250474;-4,0610219701259;-3,99395385733955;-3,3217977374888;-2,72007905507952;-2,13829182353672;-1,18500861275905;-1,85736416666674;-2,23882456322202;-2,86260508058283;-5,02140762454537;-5,09729664790047;-4,06960428105759;-3,34524631734356;-2,65932913921636;0,0616023919182442;0,0160928837337721;0,0388562224715487;0,0179218411707625;0,0385225292945519;0,00612082035677787;0,015699196058898;0,00918210322227181;-3,919977927161086;-0,20395812623129075;1;1;1;-3;-3;1;1;1;-13174,5985409635;NA;All
2490;1,88304088315069;2,84254900688767;2,29896849114977;2,50980797761203;2,71397452471025;2,28043562394877;2,41260264278576;2,44819771007298;2,45700793771892;1,97913013422064;1,92132520506502;1,63046728101526;1,43501376778664;4,90550357958464;1,52473550763761;1,76609058341847;1,91673558388257;1,51866759986513;1,93717807202571;1,61222558828219;-21,2493949166985;-3,79008603045278;-7,20969029393746;-8,51566303812501;-5,61065921085665;-5,62225021785504;-10,536537451225;-9,44246507450126;-6,41341979102222;-16,1050701691777;-11,9039710737268;-17,958603469274;-25,1241603258947;-42,2201109096562;-17,9934367568665;-15,1495215606078;-15,8921403085173;-20,6995455137417;-14,7704510396926;-19,5432018278614;2,68199219822906;1,52838389719892;1,55555567096163;0,906735395569924;0,505569093294629;0,505568510213577;0,542423295383888;0,645128743653648;0,999999654320567;0,839312184375599;0,686365732674007;0,484882772849465;0,338111817657018;-2,14551609259277;-2,4282524118668;-2,59869384510399;-3,05978324250474;-4,0610219701259;-3,99395385733955;-3,3217977374888;-2,72007905507952;-2,13829182353672;-1,18500861275905;-1,85736416666674;-2,23882456322202;-2,86260508058283;-5,02140762454537;-5,09729664790047;-4,06960428105759;-3,34524631734356;-2,65932913921636;0,0616023919182442;0,0160928837337721;0,0388562224715487;0,0179218411707625;0,0385225292945519;0,00612082035677787;0,015699196058898;0,00918210322227181;-3,701165166678447;-0,16906084322270834;1;1;1;-3;-3;1;1;1;-13174,4642671549;NA;All
2500;1,88304088315069;2,84254900688767;2,29896849114977;2,50980797761203;2,71397452471025;2,28043562394877;2,41260264278576;2,44819771007298;2,45700793771892;1,97913013422064;1,92132520506502;1,63046728101526;1,43501376778664;4,90550357958464;1,52473550763761;1,76609058341847;1,91673558388257;1,51866759986513;1,93717807202571;1,61222558828219;-21,2493949166985;-3,79008603045278;-7,20969029393746;-8,51566303812501;-5,61065921085665;-5,62225021785504;-10,536537451225;-9,44246507450126;-6,41341979102222;-16,1050701691777;-11,9039710737268;-17,958603469274;-25,1241603258947;-42,2201109096562;-17,9934367568665;-15,1495215606078;-15,8921403085173;-20,6995455137417;-14,7704510396926;-19,5432018278614;2,68199219822906;1,52838389719892;1,55555567096163;0,906735395569924;0,505569093294629;0,505568510213577;0,542423295383888;0,645128743653648;0,999999654320567;0,839312184375599;0,686365732674007;0,484882772849465;0,338111817657018;-2,14551609259277;-2,4282524118668;-2,59869384510399;-3,05978324250474;-4,0610219701259;-3,99395385733955;-3,3217977374888;-2,72007905507952;-2,13829182353672;-1,18500861275905;-1,85736416666674;-2,23882456322202;-2,86260508058283;-5,02140762454537;-5,09729664790047;-4,06960428105759;-3,34524631734356;-2,65932913921636;0,0616023919182442;0,0160928837337721;0,0388562224715487;0,0179218411707625;0,0385225292945519;0,00612082035677787;0,015699196058898;0,00918210322227181;-3,129604010317900;0,11887432607367944;1;1;1;-3;-3;1;1;1;-13175,1862034372;NA;All
2510;1,88304088315069;2,84254900688767;2,29896849114977;2,50980797761203;2,71397452471025;2,28043562394877;2,41260264278576;2,44819771007298;2,45700793771892;1,97913013422064;1,92132520506502;1,63046728101526;1,43501376778664;4,90550357958464;1,52473550763761;1,76609058341847;1,91673558388257;1,51866759986513;1,93717807202571;1,61222558828219;-21,2493949166985;-3,79008603045278;-7,20969029393746;-8,51566303812501;-5,61065921085665;-5,62225021785504;-10,536537451225;-9,44246507450126;-6,41341979102222;-16,1050701691777;-11,9039710737268;-17,958603469274;-25,1241603258947;-42,2201109096562;-17,9934367568665;-15,1495215606078;-15,8921403085173;-20,6995455137417;-14,7704510396926;-19,5432018278614;2,68199219822906;1,52838389719892;1,55555567096163;0,906735395569924;0,505569093294629;0,505568510213577;0,542423295383888;0,645128743653648;0,999999654320567;0,839312184375599;0,686365732674007;0,484882772849465;0,338111817657018;-2,14551609259277;-2,4282524118668;-2,59869384510399;-3,05978324250474;-4,0610219701259;-3,99395385733955;-3,3217977374888;-2,72007905507952;-2,13829182353672;-1,18500861275905;-1,85736416666674;-2,23882456322202;-2,86260508058283;-5,02140762454537;-5,09729664790047;-4,06960428105759;-3,34524631734356;-2,65932913921636;0,0616023919182442;0,0160928837337721;0,0388562224715487;0,0179218411707625;0,0385225292945519;0,00612082035677787;0,015699196058898;0,00918210322227181;-3,347367669078454;-0,02923024167921900;1;1;1;-3;-3;1;1;1;-13174,2735996611;NA;All
2520;1,88304088315069;2,84254900688767;2,29896849114977;2,50980797761203;2,71397452471025;2,28043562394877;2,41260264278576;2,44819771007298;2,45700793771892;1,97913013422064;1,92132520506502;1,63046728101526;1,43501376778664;4,90550357958464;1,52473550763761;1,76609058341847;1,91673558388257;1,51866759986513;1,93717807202571;1,61222558828219;-21,2493949166985;-3,79008603045278;-7,20969029393746;-8,51566303812501;-5,61065921085665;-5,62225021785504;-10,536537451225;-9,44246507450126;-6,41341979102222;-16,1050701691777;-11,9039710737268;-17,958603469274;-25,1241603258947;-42,2201109096562;-17,9934367568665;-15,1495215606078;-15,8921403085173;-20,6995455137417;-14,7704510396926;-19,5432018278614;2,68199219822906;1,52838389719892;1,55555567096163;0,906735395569924;0,505569093294629;0,505568510213577;0,542423295383888;0,645128743653648;0,999999654320567;0,839312184375599;0,686365732674007;0,484882772849465;0,338111817657018;-2,14551609259277;-2,4282524118668;-2,59869384510399;-3,05978324250474;-4,0610219701259;-3,99395385733955;-3,3217977374888;-2,72007905507952;-2,13829182353672;-1,18500861275905;-1,85736416666674;-2,23882456322202;-2,86260508058283;-5,02140762454537;-5,09729664790047;-4,06960428105759;-3,34524631734356;-2,65932913921636;0,0616023919182442;0,0160928837337721;0,0388562224715487;0,0179218411707625;0,0385225292945519;0,00612082035677787;0,015699196058898;0,00918210322227181;-3,779751108700967;0,02428915379592600;1;1;1;-3;-3;1;1;1;-13174,4235286980;NA;All
2530;1,88304088315069;2,84254900688767;2,29896849114977;2,50980797761203;2,71397452471025;2,28043562394877;2,41260264278576;2,44819771007298;2,45700793771892;1,97913013422064;1,92132520506502;1,63046728101526;1,43501376778664;4,90550357958464;1,52473550763761;1,76609058341847;1,91673558388257;1,51866759986513;1,93717807202571;1,61222558828219;-21,2493949166985;-3,79008603045278;-7,20969029393746;-8,51566303812501;-5,61065921085665;-5,62225021785504;-10,536537451225;-9,44246507450126;-6,41341979102222;-16,1050701691777;-11,9039710737268;-17,958603469274;-25,1241603258947;-42,2201109096562;-17,9934367568665;-15,1495215606078;-15,8921403085173;-20,6995455137417;-14,7704510396926;-19,5432018278614;2,68199219822906;1,52838389719892;1,55555567096163;0,906735395569924;0,505569093294629;0,505568510213577;0,542423295383888;0,645128743653648;0,999999654320567;0,839312184375599;0,686365732674007;0,484882772849465;0,338111817657018;-2,14551609259277;-2,4282524118668;-2,59869384510399;-3,05978324250474;-4,0610219701259;-3,99395385733955;-3,3217977374888;-2,72007905507952;-2,13829182353672;-1,18500861275905;-1,85736416666674;-2,23882456322202;-2,86260508058283;-5,02140762454537;-5,09729664790047;-4,06960428105759;-3,34524631734356;-2,65932913921636;0,0616023919182442;0,0160928837337721;0,0388562224715487;0,0179218411707625;0,0385225292945519;0,00612082035677787;0,015699196058898;0,00918210322227181;-2,304125202161392;-0,17146636219538938;1;1;1;-3;-3;1;1;1;-13174,5219981861;NA;All
2540;1,88304088315069;2,84254900688767;2,29896849114977;2,50980797761203;2,71397452471025;2,28043562394877;2,41260264278576;2,44819771007298;2,45700793771892;1,97913013422064;1,92132520506502;1,63046728101526;1,43501376778664;4,90550357958464;1,52473550763761;1,76609058341847;1,91673558388257;1,51866759986513;1,93717807202571;1,61222558828219;-21,2493949166985;-3,79008603045278;-7,20969029393746;-8,51566303812501;-5,61065921085665;-5,62225021785504;-10,536537451225;-9,44246507450126;-6,41341979102222;-16,1050701691777;-11,9039710737268;-17,958603469274;-25,1241603258947;-42,2201109096562;-17,9934367568665;-15,1495215606078;-15,8921403085173;-20,6995455137417;-14,7704510396926;-19,5432018278614;2,68199219822906;1,52838389719892;1,55555567096163;0,906735395569924;0,505569093294629;0,505568510213577;0,542423295383888;0,645128743653648;0,999999654320567;0,839312184375599;0,686365732674007;0,484882772849465;0,338111817657018;-2,14551609259277;-2,4282524118668;-2,59869384510399;-3,05978324250474;-4,0610219701259;-3,99395385733955;-3,3217977374888;-2,72007905507952;-2,13829182353672;-1,18500861275905;-1,85736416666674;-2,23882456322202;-2,86260508058283;-5,02140762454537;-5,09729664790047;-4,06960428105759;-3,34524631734356;-2,65932913921636;0,0616023919182442;0,0160928837337721;0,0388562224715487;0,0179218411707625;0,0385225292945519;0,00612082035677787;0,015699196058898;0,00918210322227181;-3,780603069716022;-0,24544863330968725;1;1;1;-3;-3;1;1;1;-13174,7862629574;NA;All
2550;1,88304088315069;2,84254900688767;2,29896849114977;2,50980797761203;2,71397452471025;2,28043562394877;2,41260264278576;2,44819771007298;2,45700793771892;1,97913013422064;1,92132520506502;1,63046728101526;1,43501376778664;4,90550357958464;1,52473550763761;1,76609058341847;1,91673558388257;1,51866759986513;1,93717807202571;1,61222558828219;-21,2493949166985;-3,79008603045278;-7,20969029393746;-8,51566303812501;-5,61065921085665;-5,62225021785504;-10,536537451225;-9,44246507450126;-6,41341979102222;-16,1050701691777;-11,9039710737268;-17,958603469274;-25,1241603258947;-42,2201109096562;-17,9934367568665;-15,1495215606078;-15,8921403085173;-20,6995455137417;-14,7704510396926;-19,5432018278614;2,68199219822906;1,52838389719892;1,55555567096163;0,906735395569924;0,505569093294629;0,505568510213577;0,542423295383888;0,645128743653648;0,999999654320567;0,839312184375599;0,686365732674007;0,484882772849465;0,338111817657018;-2,14551609259277;-2,4282524118668;-2,59869384510399;-3,05978324250474;-4,0610219701259;-3,99395385733955;-3,3217977374888;-2,72007905507952;-2,13829182353672;-1,18500861275905;-1,85736416666674;-2,23882456322202;-2,86260508058283;-5,02140762454537;-5,09729664790047;-4,06960428105759;-3,34524631734356;-2,65932913921636;0,0616023919182442;0,0160928837337721;0,0388562224715487;0,0179218411707625;0,0385225292945519;0,00612082035677787;0,015699196058898;0,00918210322227181;-3,409386317877803;-0,06669701746780217;1;1;1;-3;-3;1;1;1;-13174,2538468691;NA;All
2560;1,88304088315069;2,84254900688767;2,29896849114977;2,50980797761203;2,71397452471025;2,28043562394877;2,41260264278576;2,44819771007298;2,45700793771892;1,97913013422064;1,92132520506502;1,63046728101526;1,43501376778664;4,90550357958464;1,52473550763761;1,76609058341847;1,91673558388257;1,51866759986513;1,93717807202571;1,61222558828219;-21,2493949166985;-3,79008603045278;-7,20969029393746;-8,51566303812501;-5,61065921085665;-5,62225021785504;-10,536537451225;-9,44246507450126;-6,41341979102222;-16,1050701691777;-11,9039710737268;-17,958603469274;-25,1241603258947;-42,2201109096562;-17,9934367568665;-15,1495215606078;-15,8921403085173;-20,6995455137417;-14,7704510396926;-19,5432018278614;2,68199219822906;1,52838389719892;1,55555567096163;0,906735395569924;0,505569093294629;0,505568510213577;0,542423295383888;0,645128743653648;0,999999654320567;0,839312184375599;0,686365732674007;0,484882772849465;0,338111817657018;-2,14551609259277;-2,4282524118668;-2,59869384510399;-3,05978324250474;-4,0610219701259;-3,99395385733955;-3,3217977374888;-2,72007905507952;-2,13829182353672;-1,18500861275905;-1,85736416666674;-2,23882456322202;-2,86260508058283;-5,02140762454537;-5,09729664790047;-4,06960428105759;-3,34524631734356;-2,65932913921636;0,0616023919182442;0,0160928837337721;0,0388562224715487;0,0179218411707625;0,0385225292945519;0,00612082035677787;0,015699196058898;0,00918210322227181;-3,752794141310921;0,02807761905350287;1;1;1;-3;-3;1;1;1;-13174,4406360213;NA;All
2570;1,88304088315069;2,84254900688767;2,29896849114977;2,50980797761203;2,71397452471025;2,28043562394877;2,41260264278576;2,44819771007298;2,45700793771892;1,97913013422064;1,92132520506502;1,63046728101526;1,43501376778664;4,90550357958464;1,52473550763761;1,76609058341847;1,91673558388257;1,51866759986513;1,93717807202571;1,61222558828219;-21,2493949166985;-3,79008603045278;-7,20969029393746;-8,51566303812501;-5,61065921085665;-5,62225021785504;-10,536537451225;-9,44246507450126;-6,41341979102222;-16,1050701691777;-11,9039710737268;-17,958603469274;-25,1241603258947;-42,2201109096562;-17,9934367568665;-15,1495215606078;-15,8921403085173;-20,6995455137417;-14,7704510396926;-19,5432018278614;2,68199219822906;1,52838389719892;1,55555567096163;0,906735395569924;0,505569093294629;0,505568510213577;0,542423295383888;0,645128743653648;0,999999654320567;0,839312184375599;0,686365732674007;0,484882772849465;0,338111817657018;-2,14551609259277;-2,4282524118668;-2,59869384510399;-3,05978324250474;-4,0610219701259;-3,99395385733955;-3,3217977374888;-2,72007905507952;-2,13829182353672;-1,18500861275905;-1,85736416666674;-2,23882456322202;-2,86260508058283;-5,02140762454537;-5,09729664790047;-4,06960428105759;-3,34524631734356;-2,65932913921636;0,0616023919182442;0,0160928837337721;0,0388562224715487;0,0179218411707625;0,0385225292945519;0,00612082035677787;0,015699196058898;0,00918210322227181;-2,805977390795380;-0,08772756811720785;1;1;1;-3;-3;1;1;1;-13174,2820327881;NA;All
2580;1,88304088315069;2,84254900688767;2,29896849114977;2,50980797761203;2,71397452471025;2,28043562394877;2,41260264278576;2,44819771007298;2,45700793771892;1,97913013422064;1,92132520506502;1,63046728101526;1,43501376778664;4,90550357958464;1,52473550763761;1,76609058341847;1,91673558388257;1,51866759986513;1,93717807202571;1,61222558828219;-21,2493949166985;-3,79008603045278;-7,20969029393746;-8,51566303812501;-5,61065921085665;-5,62225021785504;-10,536537451225;-9,44246507450126;-6,41341979102222;-16,1050701691777;-11,9039710737268;-17,958603469274;-25,1241603258947;-42,2201109096562;-17,9934367568665;-15,1495215606078;-15,8921403085173;-20,6995455137417;-14,7704510396926;-19,5432018278614;2,68199219822906;1,52838389719892;1,55555567096163;0,906735395569924;0,505569093294629;0,505568510213577;0,542423295383888;0,645128743653648;0,999999654320567;0,839312184375599;0,686365732674007;0,484882772849465;0,338111817657018;-2,14551609259277;-2,4282524118668;-2,59869384510399;-3,05978324250474;-4,0610219701259;-3,99395385733955;-3,3217977374888;-2,72007905507952;-2,13829182353672;-1,18500861275905;-1,85736416666674;-2,23882456322202;-2,86260508058283;-5,02140762454537;-5,09729664790047;-4,06960428105759;-3,34524631734356;-2,65932913921636;0,0616023919182442;0,0160928837337721;0,0388562224715487;0,0179218411707625;0,0385225292945519;0,00612082035677787;0,015699196058898;0,00918210322227181;-3,551584040481893;-0,27124542783223221;1;1;1;-3;-3;1;1;1;-13174,9145867494;NA;All
2590;1,88304088315069;2,84254900688767;2,29896849114977;2,50980797761203;2,71397452471025;2,28043562394877;2,41260264278576;2,44819771007298;2,45700793771892;1,97913013422064;1,92132520506502;1,63046728101526;1,43501376778664;4,90550357958464;1,52473550763761;1,76609058341847;1,91673558388257;1,51866759986513;1,93717807202571;1,61222558828219;-21,2493949166985;-3,79008603045278;-7,20969029393746;-8,51566303812501;-5,61065921085665;-5,62225021785504;-10,536537451225;-9,44246507450126;-6,41341979102222;-16,1050701691777;-11,9039710737268;-17,958603469274;-25,1241603258947;-42,2201109096562;-17,9934367568665;-15,1495215606078;-15,8921403085173;-20,6995455137417;-14,7704510396926;-19,5432018278614;2,68199219822906;1,52838389719892;1,55555567096163;0,906735395569924;0,505569093294629;0,505568510213577;0,542423295383888;0,645128743653648;0,999999654320567;0,839312184375599;0,686365732674007;0,484882772849465;0,338111817657018;-2,14551609259277;-2,4282524118668;-2,59869384510399;-3,05978324250474;-4,0610219701259;-3,99395385733955;-3,3217977374888;-2,72007905507952;-2,13829182353672;-1,18500861275905;-1,85736416666674;-2,23882456322202;-2,86260508058283;-5,02140762454537;-5,09729664790047;-4,06960428105759;-3,34524631734356;-2,65932913921636;0,0616023919182442;0,0160928837337721;0,0388562224715487;0,0179218411707625;0,0385225292945519;0,00612082035677787;0,015699196058898;0,00918210322227181;-1,556085259203278;0,07995872775024629;1;1;1;-3;-3;1;1;1;-13175,1103370748;NA;All
2600;1,88304088315069;2,84254900688767;2,29896849114977;2,50980797761203;2,71397452471025;2,28043562394877;2,41260264278576;2,44819771007298;2,45700793771892;1,97913013422064;1,92132520506502;1,63046728101526;1,43501376778664;4,90550357958464;1,52473550763761;1,76609058341847;1,91673558388257;1,51866759986513;1,93717807202571;1,61222558828219;-21,2493949166985;-3,79008603045278;-7,20969029393746;-8,51566303812501;-5,61065921085665;-5,62225021785504;-10,536537451225;-9,44246507450126;-6,41341979102222;-16,1050701691777;-11,9039710737268;-17,958603469274;-25,1241603258947;-42,2201109096562;-17,9934367568665;-15,1495215606078;-15,8921403085173;-20,6995455137417;-14,7704510396926;-19,5432018278614;2,68199219822906;1,52838389719892;1,55555567096163;0,906735395569924;0,505569093294629;0,505568510213577;0,542423295383888;0,645128743653648;0,999999654320567;0,839312184375599;0,686365732674007;0,484882772849465;0,338111817657018;-2,14551609259277;-2,4282524118668;-2,59869384510399;-3,05978324250474;-4,0610219701259;-3,99395385733955;-3,3217977374888;-2,72007905507952;-2,13829182353672;-1,18500861275905;-1,85736416666674;-2,23882456322202;-2,86260508058283;-5,02140762454537;-5,09729664790047;-4,06960428105759;-3,34524631734356;-2,65932913921636;0,0616023919182442;0,0160928837337721;0,0388562224715487;0,0179218411707625;0,0385225292945519;0,00612082035677787;0,015699196058898;0,00918210322227181;-2,152913831615051;-0,14152879045221856;1;1;1;-3;-3;1;1;1;-13174,4489319925;NA;All
2610;1,88304088315069;2,84254900688767;2,29896849114977;2,50980797761203;2,71397452471025;2,28043562394877;2,41260264278576;2,44819771007298;2,45700793771892;1,97913013422064;1,92132520506502;1,63046728101526;1,43501376778664;4,90550357958464;1,52473550763761;1,76609058341847;1,91673558388257;1,51866759986513;1,93717807202571;1,61222558828219;-21,2493949166985;-3,79008603045278;-7,20969029393746;-8,51566303812501;-5,61065921085665;-5,62225021785504;-10,536537451225;-9,44246507450126;-6,41341979102222;-16,1050701691777;-11,9039710737268;-17,958603469274;-25,1241603258947;-42,2201109096562;-17,9934367568665;-15,1495215606078;-15,8921403085173;-20,6995455137417;-14,7704510396926;-19,5432018278614;2,68199219822906;1,52838389719892;1,55555567096163;0,906735395569924;0,505569093294629;0,505568510213577;0,542423295383888;0,645128743653648;0,999999654320567;0,839312184375599;0,686365732674007;0,484882772849465;0,338111817657018;-2,14551609259277;-2,4282524118668;-2,59869384510399;-3,05978324250474;-4,0610219701259;-3,99395385733955;-3,3217977374888;-2,72007905507952;-2,13829182353672;-1,18500861275905;-1,85736416666674;-2,23882456322202;-2,86260508058283;-5,02140762454537;-5,09729664790047;-4,06960428105759;-3,34524631734356;-2,65932913921636;0,0616023919182442;0,0160928837337721;0,0388562224715487;0,0179218411707625;0,0385225292945519;0,00612082035677787;0,015699196058898;0,00918210322227181;-3,083682202164300;-0,59939990313946678;1;1;1;-3;-3;1;1;1;-13176,7102074996;NA;All
2620;1,88304088315069;2,84254900688767;2,29896849114977;2,50980797761203;2,71397452471025;2,28043562394877;2,41260264278576;2,44819771007298;2,45700793771892;1,97913013422064;1,92132520506502;1,63046728101526;1,43501376778664;4,90550357958464;1,52473550763761;1,76609058341847;1,91673558388257;1,51866759986513;1,93717807202571;1,61222558828219;-21,2493949166985;-3,79008603045278;-7,20969029393746;-8,51566303812501;-5,61065921085665;-5,62225021785504;-10,536537451225;-9,44246507450126;-6,41341979102222;-16,1050701691777;-11,9039710737268;-17,958603469274;-25,1241603258947;-42,2201109096562;-17,9934367568665;-15,1495215606078;-15,8921403085173;-20,6995455137417;-14,7704510396926;-19,5432018278614;2,68199219822906;1,52838389719892;1,55555567096163;0,906735395569924;0,505569093294629;0,505568510213577;0,542423295383888;0,645128743653648;0,999999654320567;0,839312184375599;0,686365732674007;0,484882772849465;0,338111817657018;-2,14551609259277;-2,4282524118668;-2,59869384510399;-3,05978324250474;-4,0610219701259;-3,99395385733955;-3,3217977374888;-2,72007905507952;-2,13829182353672;-1,18500861275905;-1,85736416666674;-2,23882456322202;-2,86260508058283;-5,02140762454537;-5,09729664790047;-4,06960428105759;-3,34524631734356;-2,65932913921636;0,0616023919182442;0,0160928837337721;0,0388562224715487;0,0179218411707625;0,0385225292945519;0,00612082035677787;0,015699196058898;0,00918210322227181;-1,900008120949962;0,05409381527614918;1;1;1;-3;-3;1;1;1;-13174,7311064175;NA;All
2630;1,88304088315069;2,84254900688767;2,29896849114977;2,50980797761203;2,71397452471025;2,28043562394877;2,41260264278576;2,44819771007298;2,45700793771892;1,97913013422064;1,92132520506502;1,63046728101526;1,43501376778664;4,90550357958464;1,52473550763761;1,76609058341847;1,91673558388257;1,51866759986513;1,93717807202571;1,61222558828219;-21,2493949166985;-3,79008603045278;-7,20969029393746;-8,51566303812501;-5,61065921085665;-5,62225021785504;-10,536537451225;-9,44246507450126;-6,41341979102222;-16,1050701691777;-11,9039710737268;-17,958603469274;-25,1241603258947;-42,2201109096562;-17,9934367568665;-15,1495215606078;-15,8921403085173;-20,6995455137417;-14,7704510396926;-19,5432018278614;2,68199219822906;1,52838389719892;1,55555567096163;0,906735395569924;0,505569093294629;0,505568510213577;0,542423295383888;0,645128743653648;0,999999654320567;0,839312184375599;0,686365732674007;0,484882772849465;0,338111817657018;-2,14551609259277;-2,4282524118668;-2,59869384510399;-3,05978324250474;-4,0610219701259;-3,99395385733955;-3,3217977374888;-2,72007905507952;-2,13829182353672;-1,18500861275905;-1,85736416666674;-2,23882456322202;-2,86260508058283;-5,02140762454537;-5,09729664790047;-4,06960428105759;-3,34524631734356;-2,65932913921636;0,0616023919182442;0,0160928837337721;0,0388562224715487;0,0179218411707625;0,0385225292945519;0,00612082035677787;0,015699196058898;0,00918210322227181;-1,894362386804749;-0,06826521728665561;1;1;1;-3;-3;1;1;1;-13174,3902377474;NA;All
2640;1,88304088315069;2,84254900688767;2,29896849114977;2,50980797761203;2,71397452471025;2,28043562394877;2,41260264278576;2,44819771007298;2,45700793771892;1,97913013422064;1,92132520506502;1,63046728101526;1,43501376778664;4,90550357958464;1,52473550763761;1,76609058341847;1,91673558388257;1,51866759986513;1,93717807202571;1,61222558828219;-21,2493949166985;-3,79008603045278;-7,20969029393746;-8,51566303812501;-5,61065921085665;-5,62225021785504;-10,536537451225;-9,44246507450126;-6,41341979102222;-16,1050701691777;-11,9039710737268;-17,958603469274;-25,1241603258947;-42,2201109096562;-17,9934367568665;-15,1495215606078;-15,8921403085173;-20,6995455137417;-14,7704510396926;-19,5432018278614;2,68199219822906;1,52838389719892;1,55555567096163;0,906735395569924;0,505569093294629;0,505568510213577;0,542423295383888;0,645128743653648;0,999999654320567;0,839312184375599;0,686365732674007;0,484882772849465;0,338111817657018;-2,14551609259277;-2,4282524118668;-2,59869384510399;-3,05978324250474;-4,0610219701259;-3,99395385733955;-3,3217977374888;-2,72007905507952;-2,13829182353672;-1,18500861275905;-1,85736416666674;-2,23882456322202;-2,86260508058283;-5,02140762454537;-5,09729664790047;-4,06960428105759;-3,34524631734356;-2,65932913921636;0,0616023919182442;0,0160928837337721;0,0388562224715487;0,0179218411707625;0,0385225292945519;0,00612082035677787;0,015699196058898;0,00918210322227181;-2,942817725107003;-0,19694337646067436;1;1;1;-3;-3;1;1;1;-13174,5800030390;NA;All
2650;1,88304088315069;2,84254900688767;2,29896849114977;2,50980797761203;2,71397452471025;2,28043562394877;2,41260264278576;2,44819771007298;2,45700793771892;1,97913013422064;1,92132520506502;1,63046728101526;1,43501376778664;4,90550357958464;1,52473550763761;1,76609058341847;1,91673558388257;1,51866759986513;1,93717807202571;1,61222558828219;-21,2493949166985;-3,79008603045278;-7,20969029393746;-8,51566303812501;-5,61065921085665;-5,62225021785504;-10,536537451225;-9,44246507450126;-6,41341979102222;-16,1050701691777;-11,9039710737268;-17,958603469274;-25,1241603258947;-42,2201109096562;-17,9934367568665;-15,1495215606078;-15,8921403085173;-20,6995455137417;-14,7704510396926;-19,5432018278614;2,68199219822906;1,52838389719892;1,55555567096163;0,906735395569924;0,505569093294629;0,505568510213577;0,542423295383888;0,645128743653648;0,999999654320567;0,839312184375599;0,686365732674007;0,484882772849465;0,338111817657018;-2,14551609259277;-2,4282524118668;-2,59869384510399;-3,05978324250474;-4,0610219701259;-3,99395385733955;-3,3217977374888;-2,72007905507952;-2,13829182353672;-1,18500861275905;-1,85736416666674;-2,23882456322202;-2,86260508058283;-5,02140762454537;-5,09729664790047;-4,06960428105759;-3,34524631734356;-2,65932913921636;0,0616023919182442;0,0160928837337721;0,0388562224715487;0,0179218411707625;0,0385225292945519;0,00612082035677787;0,015699196058898;0,00918210322227181;-3,730546731490413;0,14242429569625720;1;1;1;-3;-3;1;1;1;-13175,4902470848;NA;All
2660;1,88304088315069;2,84254900688767;2,29896849114977;2,50980797761203;2,71397452471025;2,28043562394877;2,41260264278576;2,44819771007298;2,45700793771892;1,97913013422064;1,92132520506502;1,63046728101526;1,43501376778664;4,90550357958464;1,52473550763761;1,76609058341847;1,91673558388257;1,51866759986513;1,93717807202571;1,61222558828219;-21,2493949166985;-3,79008603045278;-7,20969029393746;-8,51566303812501;-5,61065921085665;-5,62225021785504;-10,536537451225;-9,44246507450126;-6,41341979102222;-16,1050701691777;-11,9039710737268;-17,958603469274;-25,1241603258947;-42,2201109096562;-17,9934367568665;-15,1495215606078;-15,8921403085173;-20,6995455137417;-14,7704510396926;-19,5432018278614;2,68199219822906;1,52838389719892;1,55555567096163;0,906735395569924;0,505569093294629;0,505568510213577;0,542423295383888;0,645128743653648;0,999999654320567;0,839312184375599;0,686365732674007;0,484882772849465;0,338111817657018;-2,14551609259277;-2,4282524118668;-2,59869384510399;-3,05978324250474;-4,0610219701259;-3,99395385733955;-3,3217977374888;-2,72007905507952;-2,13829182353672;-1,18500861275905;-1,85736416666674;-2,23882456322202;-2,86260508058283;-5,02140762454537;-5,09729664790047;-4,06960428105759;-3,34524631734356;-2,65932913921636;0,0616023919182442;0,0160928837337721;0,0388562224715487;0,0179218411707625;0,0385225292945519;0,00612082035677787;0,015699196058898;0,00918210322227181;-2,396890904218191;-0,06416364062067405;1;1;1;-3;-3;1;1;1;-13174,2925763560;NA;All
2670;1,88304088315069;2,84254900688767;2,29896849114977;2,50980797761203;2,71397452471025;2,28043562394877;2,41260264278576;2,44819771007298;2,45700793771892;1,97913013422064;1,92132520506502;1,63046728101526;1,43501376778664;4,90550357958464;1,52473550763761;1,76609058341847;1,91673558388257;1,51866759986513;1,93717807202571;1,61222558828219;-21,2493949166985;-3,79008603045278;-7,20969029393746;-8,51566303812501;-5,61065921085665;-5,62225021785504;-10,536537451225;-9,44246507450126;-6,41341979102222;-16,1050701691777;-11,9039710737268;-17,958603469274;-25,1241603258947;-42,2201109096562;-17,9934367568665;-15,1495215606078;-15,8921403085173;-20,6995455137417;-14,7704510396926;-19,5432018278614;2,68199219822906;1,52838389719892;1,55555567096163;0,906735395569924;0,505569093294629;0,505568510213577;0,542423295383888;0,645128743653648;0,999999654320567;0,839312184375599;0,686365732674007;0,484882772849465;0,338111817657018;-2,14551609259277;-2,4282524118668;-2,59869384510399;-3,05978324250474;-4,0610219701259;-3,99395385733955;-3,3217977374888;-2,72007905507952;-2,13829182353672;-1,18500861275905;-1,85736416666674;-2,23882456322202;-2,86260508058283;-5,02140762454537;-5,09729664790047;-4,06960428105759;-3,34524631734356;-2,65932913921636;0,0616023919182442;0,0160928837337721;0,0388562224715487;0,0179218411707625;0,0385225292945519;0,00612082035677787;0,015699196058898;0,00918210322227181;-2,966212639799341;-0,35502386292732202;1;1;1;-3;-3;1;1;1;-13175,3731303359;NA;All
2680;1,88304088315069;2,84254900688767;2,29896849114977;2,50980797761203;2,71397452471025;2,28043562394877;2,41260264278576;2,44819771007298;2,45700793771892;1,97913013422064;1,92132520506502;1,63046728101526;1,43501376778664;4,90550357958464;1,52473550763761;1,76609058341847;1,91673558388257;1,51866759986513;1,93717807202571;1,61222558828219;-21,2493949166985;-3,79008603045278;-7,20969029393746;-8,51566303812501;-5,61065921085665;-5,62225021785504;-10,536537451225;-9,44246507450126;-6,41341979102222;-16,1050701691777;-11,9039710737268;-17,958603469274;-25,1241603258947;-42,2201109096562;-17,9934367568665;-15,1495215606078;-15,8921403085173;-20,6995455137417;-14,7704510396926;-19,5432018278614;2,68199219822906;1,52838389719892;1,55555567096163;0,906735395569924;0,505569093294629;0,505568510213577;0,542423295383888;0,645128743653648;0,999999654320567;0,839312184375599;0,686365732674007;0,484882772849465;0,338111817657018;-2,14551609259277;-2,4282524118668;-2,59869384510399;-3,05978324250474;-4,0610219701259;-3,99395385733955;-3,3217977374888;-2,72007905507952;-2,13829182353672;-1,18500861275905;-1,85736416666674;-2,23882456322202;-2,86260508058283;-5,02140762454537;-5,09729664790047;-4,06960428105759;-3,34524631734356;-2,65932913921636;0,0616023919182442;0,0160928837337721;0,0388562224715487;0,0179218411707625;0,0385225292945519;0,00612082035677787;0,015699196058898;0,00918210322227181;-3,676766254494781;-1,07346417713379205;1;1;1;-3;-3;1;1;1;-13178,4606823255;NA;All
2690;1,88304088315069;2,84254900688767;2,29896849114977;2,50980797761203;2,71397452471025;2,28043562394877;2,41260264278576;2,44819771007298;2,45700793771892;1,97913013422064;1,92132520506502;1,63046728101526;1,43501376778664;4,90550357958464;1,52473550763761;1,76609058341847;1,91673558388257;1,51866759986513;1,93717807202571;1,61222558828219;-21,2493949166985;-3,79008603045278;-7,20969029393746;-8,51566303812501;-5,61065921085665;-5,62225021785504;-10,536537451225;-9,44246507450126;-6,41341979102222;-16,1050701691777;-11,9039710737268;-17,958603469274;-25,1241603258947;-42,2201109096562;-17,9934367568665;-15,1495215606078;-15,8921403085173;-20,6995455137417;-14,7704510396926;-19,5432018278614;2,68199219822906;1,52838389719892;1,55555567096163;0,906735395569924;0,505569093294629;0,505568510213577;0,542423295383888;0,645128743653648;0,999999654320567;0,839312184375599;0,686365732674007;0,484882772849465;0,338111817657018;-2,14551609259277;-2,4282524118668;-2,59869384510399;-3,05978324250474;-4,0610219701259;-3,99395385733955;-3,3217977374888;-2,72007905507952;-2,13829182353672;-1,18500861275905;-1,85736416666674;-2,23882456322202;-2,86260508058283;-5,02140762454537;-5,09729664790047;-4,06960428105759;-3,34524631734356;-2,65932913921636;0,0616023919182442;0,0160928837337721;0,0388562224715487;0,0179218411707625;0,0385225292945519;0,00612082035677787;0,015699196058898;0,00918210322227181;-1,033072784164808;-0,19803153373682617;1;1;1;-3;-3;1;1;1;-13175,5945802371;NA;All
2700;1,88304088315069;2,84254900688767;2,29896849114977;2,50980797761203;2,71397452471025;2,28043562394877;2,41260264278576;2,44819771007298;2,45700793771892;1,97913013422064;1,92132520506502;1,63046728101526;1,43501376778664;4,90550357958464;1,52473550763761;1,76609058341847;1,91673558388257;1,51866759986513;1,93717807202571;1,61222558828219;-21,2493949166985;-3,79008603045278;-7,20969029393746;-8,51566303812501;-5,61065921085665;-5,62225021785504;-10,536537451225;-9,44246507450126;-6,41341979102222;-16,1050701691777;-11,9039710737268;-17,958603469274;-25,1241603258947;-42,2201109096562;-17,9934367568665;-15,1495215606078;-15,8921403085173;-20,6995455137417;-14,7704510396926;-19,5432018278614;2,68199219822906;1,52838389719892;1,55555567096163;0,906735395569924;0,505569093294629;0,505568510213577;0,542423295383888;0,645128743653648;0,999999654320567;0,839312184375599;0,686365732674007;0,484882772849465;0,338111817657018;-2,14551609259277;-2,4282524118668;-2,59869384510399;-3,05978324250474;-4,0610219701259;-3,99395385733955;-3,3217977374888;-2,72007905507952;-2,13829182353672;-1,18500861275905;-1,85736416666674;-2,23882456322202;-2,86260508058283;-5,02140762454537;-5,09729664790047;-4,06960428105759;-3,34524631734356;-2,65932913921636;0,0616023919182442;0,0160928837337721;0,0388562224715487;0,0179218411707625;0,0385225292945519;0,00612082035677787;0,015699196058898;0,00918210322227181;-2,023308450691188;-0,16192158337263274;1;1;1;-3;-3;1;1;1;-13174,5371384643;NA;All
2710;1,88304088315069;2,84254900688767;2,29896849114977;2,50980797761203;2,71397452471025;2,28043562394877;2,41260264278576;2,44819771007298;2,45700793771892;1,97913013422064;1,92132520506502;1,63046728101526;1,43501376778664;4,90550357958464;1,52473550763761;1,76609058341847;1,91673558388257;1,51866759986513;1,93717807202571;1,61222558828219;-21,2493949166985;-3,79008603045278;-7,20969029393746;-8,51566303812501;-5,61065921085665;-5,62225021785504;-10,536537451225;-9,44246507450126;-6,41341979102222;-16,1050701691777;-11,9039710737268;-17,958603469274;-25,1241603258947;-42,2201109096562;-17,9934367568665;-15,1495215606078;-15,8921403085173;-20,6995455137417;-14,7704510396926;-19,5432018278614;2,68199219822906;1,52838389719892;1,55555567096163;0,906735395569924;0,505569093294629;0,505568510213577;0,542423295383888;0,645128743653648;0,999999654320567;0,839312184375599;0,686365732674007;0,484882772849465;0,338111817657018;-2,14551609259277;-2,4282524118668;-2,59869384510399;-3,05978324250474;-4,0610219701259;-3,99395385733955;-3,3217977374888;-2,72007905507952;-2,13829182353672;-1,18500861275905;-1,85736416666674;-2,23882456322202;-2,86260508058283;-5,02140762454537;-5,09729664790047;-4,06960428105759;-3,34524631734356;-2,65932913921636;0,0616023919182442;0,0160928837337721;0,0388562224715487;0,0179218411707625;0,0385225292945519;0,00612082035677787;0,015699196058898;0,00918210322227181;-1,496717750570743;-0,23221766391822923;1;1;1;-3;-3;1;1;1;-13175,0517874560;NA;All
2720;1,88304088315069;2,84254900688767;2,29896849114977;2,50980797761203;2,71397452471025;2,28043562394877;2,41260264278576;2,44819771007298;2,45700793771892;1,97913013422064;1,92132520506502;1,63046728101526;1,43501376778664;4,90550357958464;1,52473550763761;1,76609058341847;1,91673558388257;1,51866759986513;1,93717807202571;1,61222558828219;-21,2493949166985;-3,79008603045278;-7,20969029393746;-8,51566303812501;-5,61065921085665;-5,62225021785504;-10,536537451225;-9,44246507450126;-6,41341979102222;-16,1050701691777;-11,9039710737268;-17,958603469274;-25,1241603258947;-42,2201109096562;-17,9934367568665;-15,1495215606078;-15,8921403085173;-20,6995455137417;-14,7704510396926;-19,5432018278614;2,68199219822906;1,52838389719892;1,55555567096163;0,906735395569924;0,505569093294629;0,505568510213577;0,542423295383888;0,645128743653648;0,999999654320567;0,839312184375599;0,686365732674007;0,484882772849465;0,338111817657018;-2,14551609259277;-2,4282524118668;-2,59869384510399;-3,05978324250474;-4,0610219701259;-3,99395385733955;-3,3217977374888;-2,72007905507952;-2,13829182353672;-1,18500861275905;-1,85736416666674;-2,23882456322202;-2,86260508058283;-5,02140762454537;-5,09729664790047;-4,06960428105759;-3,34524631734356;-2,65932913921636;0,0616023919182442;0,0160928837337721;0,0388562224715487;0,0179218411707625;0,0385225292945519;0,00612082035677787;0,015699196058898;0,00918210322227181;-2,493273404096281;-0,00409419987840359;1;1;1;-3;-3;1;1;1;-13174,3561863934;NA;All
2730;1,88304088315069;2,84254900688767;2,29896849114977;2,50980797761203;2,71397452471025;2,28043562394877;2,41260264278576;2,44819771007298;2,45700793771892;1,97913013422064;1,92132520506502;1,63046728101526;1,43501376778664;4,90550357958464;1,52473550763761;1,76609058341847;1,91673558388257;1,51866759986513;1,93717807202571;1,61222558828219;-21,2493949166985;-3,79008603045278;-7,20969029393746;-8,51566303812501;-5,61065921085665;-5,62225021785504;-10,536537451225;-9,44246507450126;-6,41341979102222;-16,1050701691777;-11,9039710737268;-17,958603469274;-25,1241603258947;-42,2201109096562;-17,9934367568665;-15,1495215606078;-15,8921403085173;-20,6995455137417;-14,7704510396926;-19,5432018278614;2,68199219822906;1,52838389719892;1,55555567096163;0,906735395569924;0,505569093294629;0,505568510213577;0,542423295383888;0,645128743653648;0,999999654320567;0,839312184375599;0,686365732674007;0,484882772849465;0,338111817657018;-2,14551609259277;-2,4282524118668;-2,59869384510399;-3,05978324250474;-4,0610219701259;-3,99395385733955;-3,3217977374888;-2,72007905507952;-2,13829182353672;-1,18500861275905;-1,85736416666674;-2,23882456322202;-2,86260508058283;-5,02140762454537;-5,09729664790047;-4,06960428105759;-3,34524631734356;-2,65932913921636;0,0616023919182442;0,0160928837337721;0,0388562224715487;0,0179218411707625;0,0385225292945519;0,00612082035677787;0,015699196058898;0,00918210322227181;-1,839400933191139;0,04107671037932237;1;1;1;-3;-3;1;1;1;-13174,6734069115;NA;All
2740;1,88304088315069;2,84254900688767;2,29896849114977;2,50980797761203;2,71397452471025;2,28043562394877;2,41260264278576;2,44819771007298;2,45700793771892;1,97913013422064;1,92132520506502;1,63046728101526;1,43501376778664;4,90550357958464;1,52473550763761;1,76609058341847;1,91673558388257;1,51866759986513;1,93717807202571;1,61222558828219;-21,2493949166985;-3,79008603045278;-7,20969029393746;-8,51566303812501;-5,61065921085665;-5,62225021785504;-10,536537451225;-9,44246507450126;-6,41341979102222;-16,1050701691777;-11,9039710737268;-17,958603469274;-25,1241603258947;-42,2201109096562;-17,9934367568665;-15,1495215606078;-15,8921403085173;-20,6995455137417;-14,7704510396926;-19,5432018278614;2,68199219822906;1,52838389719892;1,55555567096163;0,906735395569924;0,505569093294629;0,505568510213577;0,542423295383888;0,645128743653648;0,999999654320567;0,839312184375599;0,686365732674007;0,484882772849465;0,338111817657018;-2,14551609259277;-2,4282524118668;-2,59869384510399;-3,05978324250474;-4,0610219701259;-3,99395385733955;-3,3217977374888;-2,72007905507952;-2,13829182353672;-1,18500861275905;-1,85736416666674;-2,23882456322202;-2,86260508058283;-5,02140762454537;-5,09729664790047;-4,06960428105759;-3,34524631734356;-2,65932913921636;0,0616023919182442;0,0160928837337721;0,0388562224715487;0,0179218411707625;0,0385225292945519;0,00612082035677787;0,015699196058898;0,00918210322227181;-3,782961081838551;-0,04226522467635618;1;1;1;-3;-3;1;1;1;-13174,2563476969;NA;All
2750;1,88304088315069;2,84254900688767;2,29896849114977;2,50980797761203;2,71397452471025;2,28043562394877;2,41260264278576;2,44819771007298;2,45700793771892;1,97913013422064;1,92132520506502;1,63046728101526;1,43501376778664;4,90550357958464;1,52473550763761;1,76609058341847;1,91673558388257;1,51866759986513;1,93717807202571;1,61222558828219;-21,2493949166985;-3,79008603045278;-7,20969029393746;-8,51566303812501;-5,61065921085665;-5,62225021785504;-10,536537451225;-9,44246507450126;-6,41341979102222;-16,1050701691777;-11,9039710737268;-17,958603469274;-25,1241603258947;-42,2201109096562;-17,9934367568665;-15,1495215606078;-15,8921403085173;-20,6995455137417;-14,7704510396926;-19,5432018278614;2,68199219822906;1,52838389719892;1,55555567096163;0,906735395569924;0,505569093294629;0,505568510213577;0,542423295383888;0,645128743653648;0,999999654320567;0,839312184375599;0,686365732674007;0,484882772849465;0,338111817657018;-2,14551609259277;-2,4282524118668;-2,59869384510399;-3,05978324250474;-4,0610219701259;-3,99395385733955;-3,3217977374888;-2,72007905507952;-2,13829182353672;-1,18500861275905;-1,85736416666674;-2,23882456322202;-2,86260508058283;-5,02140762454537;-5,09729664790047;-4,06960428105759;-3,34524631734356;-2,65932913921636;0,0616023919182442;0,0160928837337721;0,0388562224715487;0,0179218411707625;0,0385225292945519;0,00612082035677787;0,015699196058898;0,00918210322227181;-3,896129342414472;-0,41669579799312723;1;1;1;-3;-3;1;1;1;-13175,7116279548;NA;All
2760;1,88304088315069;2,84254900688767;2,29896849114977;2,50980797761203;2,71397452471025;2,28043562394877;2,41260264278576;2,44819771007298;2,45700793771892;1,97913013422064;1,92132520506502;1,63046728101526;1,43501376778664;4,90550357958464;1,52473550763761;1,76609058341847;1,91673558388257;1,51866759986513;1,93717807202571;1,61222558828219;-21,2493949166985;-3,79008603045278;-7,20969029393746;-8,51566303812501;-5,61065921085665;-5,62225021785504;-10,536537451225;-9,44246507450126;-6,41341979102222;-16,1050701691777;-11,9039710737268;-17,958603469274;-25,1241603258947;-42,2201109096562;-17,9934367568665;-15,1495215606078;-15,8921403085173;-20,6995455137417;-14,7704510396926;-19,5432018278614;2,68199219822906;1,52838389719892;1,55555567096163;0,906735395569924;0,505569093294629;0,505568510213577;0,542423295383888;0,645128743653648;0,999999654320567;0,839312184375599;0,686365732674007;0,484882772849465;0,338111817657018;-2,14551609259277;-2,4282524118668;-2,59869384510399;-3,05978324250474;-4,0610219701259;-3,99395385733955;-3,3217977374888;-2,72007905507952;-2,13829182353672;-1,18500861275905;-1,85736416666674;-2,23882456322202;-2,86260508058283;-5,02140762454537;-5,09729664790047;-4,06960428105759;-3,34524631734356;-2,65932913921636;0,0616023919182442;0,0160928837337721;0,0388562224715487;0,0179218411707625;0,0385225292945519;0,00612082035677787;0,015699196058898;0,00918210322227181;-2,326355903399198;-0,10900712247367073;1;1;1;-3;-3;1;1;1;-13174,3480711080;NA;All
2770;1,88304088315069;2,84254900688767;2,29896849114977;2,50980797761203;2,71397452471025;2,28043562394877;2,41260264278576;2,44819771007298;2,45700793771892;1,97913013422064;1,92132520506502;1,63046728101526;1,43501376778664;4,90550357958464;1,52473550763761;1,76609058341847;1,91673558388257;1,51866759986513;1,93717807202571;1,61222558828219;-21,2493949166985;-3,79008603045278;-7,20969029393746;-8,51566303812501;-5,61065921085665;-5,62225021785504;-10,536537451225;-9,44246507450126;-6,41341979102222;-16,1050701691777;-11,9039710737268;-17,958603469274;-25,1241603258947;-42,2201109096562;-17,9934367568665;-15,1495215606078;-15,8921403085173;-20,6995455137417;-14,7704510396926;-19,5432018278614;2,68199219822906;1,52838389719892;1,55555567096163;0,906735395569924;0,505569093294629;0,505568510213577;0,542423295383888;0,645128743653648;0,999999654320567;0,839312184375599;0,686365732674007;0,484882772849465;0,338111817657018;-2,14551609259277;-2,4282524118668;-2,59869384510399;-3,05978324250474;-4,0610219701259;-3,99395385733955;-3,3217977374888;-2,72007905507952;-2,13829182353672;-1,18500861275905;-1,85736416666674;-2,23882456322202;-2,86260508058283;-5,02140762454537;-5,09729664790047;-4,06960428105759;-3,34524631734356;-2,65932913921636;0,0616023919182442;0,0160928837337721;0,0388562224715487;0,0179218411707625;0,0385225292945519;0,00612082035677787;0,015699196058898;0,00918210322227181;-3,477335699740503;0,08603341201059996;1;1;1;-3;-3;1;1;1;-13174,8363018177;NA;All
2780;1,88304088315069;2,84254900688767;2,29896849114977;2,50980797761203;2,71397452471025;2,28043562394877;2,41260264278576;2,44819771007298;2,45700793771892;1,97913013422064;1,92132520506502;1,63046728101526;1,43501376778664;4,90550357958464;1,52473550763761;1,76609058341847;1,91673558388257;1,51866759986513;1,93717807202571;1,61222558828219;-21,2493949166985;-3,79008603045278;-7,20969029393746;-8,51566303812501;-5,61065921085665;-5,62225021785504;-10,536537451225;-9,44246507450126;-6,41341979102222;-16,1050701691777;-11,9039710737268;-17,958603469274;-25,1241603258947;-42,2201109096562;-17,9934367568665;-15,1495215606078;-15,8921403085173;-20,6995455137417;-14,7704510396926;-19,5432018278614;2,68199219822906;1,52838389719892;1,55555567096163;0,906735395569924;0,505569093294629;0,505568510213577;0,542423295383888;0,645128743653648;0,999999654320567;0,839312184375599;0,686365732674007;0,484882772849465;0,338111817657018;-2,14551609259277;-2,4282524118668;-2,59869384510399;-3,05978324250474;-4,0610219701259;-3,99395385733955;-3,3217977374888;-2,72007905507952;-2,13829182353672;-1,18500861275905;-1,85736416666674;-2,23882456322202;-2,86260508058283;-5,02140762454537;-5,09729664790047;-4,06960428105759;-3,34524631734356;-2,65932913921636;0,0616023919182442;0,0160928837337721;0,0388562224715487;0,0179218411707625;0,0385225292945519;0,00612082035677787;0,015699196058898;0,00918210322227181;-3,211109759296586;-0,63284858843401282;1;1;1;-3;-3;1;1;1;-13176,8743720568;NA;All
2790;1,88304088315069;2,84254900688767;2,29896849114977;2,50980797761203;2,71397452471025;2,28043562394877;2,41260264278576;2,44819771007298;2,45700793771892;1,97913013422064;1,92132520506502;1,63046728101526;1,43501376778664;4,90550357958464;1,52473550763761;1,76609058341847;1,91673558388257;1,51866759986513;1,93717807202571;1,61222558828219;-21,2493949166985;-3,79008603045278;-7,20969029393746;-8,51566303812501;-5,61065921085665;-5,62225021785504;-10,536537451225;-9,44246507450126;-6,41341979102222;-16,1050701691777;-11,9039710737268;-17,958603469274;-25,1241603258947;-42,2201109096562;-17,9934367568665;-15,1495215606078;-15,8921403085173;-20,6995455137417;-14,7704510396926;-19,5432018278614;2,68199219822906;1,52838389719892;1,55555567096163;0,906735395569924;0,505569093294629;0,505568510213577;0,542423295383888;0,645128743653648;0,999999654320567;0,839312184375599;0,686365732674007;0,484882772849465;0,338111817657018;-2,14551609259277;-2,4282524118668;-2,59869384510399;-3,05978324250474;-4,0610219701259;-3,99395385733955;-3,3217977374888;-2,72007905507952;-2,13829182353672;-1,18500861275905;-1,85736416666674;-2,23882456322202;-2,86260508058283;-5,02140762454537;-5,09729664790047;-4,06960428105759;-3,34524631734356;-2,65932913921636;0,0616023919182442;0,0160928837337721;0,0388562224715487;0,0179218411707625;0,0385225292945519;0,00612082035677787;0,015699196058898;0,00918210322227181;-1,963682978593893;-0,27096854278543303;1;1;1;-3;-3;1;1;1;-13175,0189732090;NA;All
2800;1,88304088315069;2,84254900688767;2,29896849114977;2,50980797761203;2,71397452471025;2,28043562394877;2,41260264278576;2,44819771007298;2,45700793771892;1,97913013422064;1,92132520506502;1,63046728101526;1,43501376778664;4,90550357958464;1,52473550763761;1,76609058341847;1,91673558388257;1,51866759986513;1,93717807202571;1,61222558828219;-21,2493949166985;-3,79008603045278;-7,20969029393746;-8,51566303812501;-5,61065921085665;-5,62225021785504;-10,536537451225;-9,44246507450126;-6,41341979102222;-16,1050701691777;-11,9039710737268;-17,958603469274;-25,1241603258947;-42,2201109096562;-17,9934367568665;-15,1495215606078;-15,8921403085173;-20,6995455137417;-14,7704510396926;-19,5432018278614;2,68199219822906;1,52838389719892;1,55555567096163;0,906735395569924;0,505569093294629;0,505568510213577;0,542423295383888;0,645128743653648;0,999999654320567;0,839312184375599;0,686365732674007;0,484882772849465;0,338111817657018;-2,14551609259277;-2,4282524118668;-2,59869384510399;-3,05978324250474;-4,0610219701259;-3,99395385733955;-3,3217977374888;-2,72007905507952;-2,13829182353672;-1,18500861275905;-1,85736416666674;-2,23882456322202;-2,86260508058283;-5,02140762454537;-5,09729664790047;-4,06960428105759;-3,34524631734356;-2,65932913921636;0,0616023919182442;0,0160928837337721;0,0388562224715487;0,0179218411707625;0,0385225292945519;0,00612082035677787;0,015699196058898;0,00918210322227181;-1,461533709234643;-0,07079280578724337;1;1;1;-3;-3;1;1;1;-13174,6373593686;NA;All
2810;1,88304088315069;2,84254900688767;2,29896849114977;2,50980797761203;2,71397452471025;2,28043562394877;2,41260264278576;2,44819771007298;2,45700793771892;1,97913013422064;1,92132520506502;1,63046728101526;1,43501376778664;4,90550357958464;1,52473550763761;1,76609058341847;1,91673558388257;1,51866759986513;1,93717807202571;1,61222558828219;-21,2493949166985;-3,79008603045278;-7,20969029393746;-8,51566303812501;-5,61065921085665;-5,62225021785504;-10,536537451225;-9,44246507450126;-6,41341979102222;-16,1050701691777;-11,9039710737268;-17,958603469274;-25,1241603258947;-42,2201109096562;-17,9934367568665;-15,1495215606078;-15,8921403085173;-20,6995455137417;-14,7704510396926;-19,5432018278614;2,68199219822906;1,52838389719892;1,55555567096163;0,906735395569924;0,505569093294629;0,505568510213577;0,542423295383888;0,645128743653648;0,999999654320567;0,839312184375599;0,686365732674007;0,484882772849465;0,338111817657018;-2,14551609259277;-2,4282524118668;-2,59869384510399;-3,05978324250474;-4,0610219701259;-3,99395385733955;-3,3217977374888;-2,72007905507952;-2,13829182353672;-1,18500861275905;-1,85736416666674;-2,23882456322202;-2,86260508058283;-5,02140762454537;-5,09729664790047;-4,06960428105759;-3,34524631734356;-2,65932913921636;0,0616023919182442;0,0160928837337721;0,0388562224715487;0,0179218411707625;0,0385225292945519;0,00612082035677787;0,015699196058898;0,00918210322227181;-3,294167496801615;0,09514729906345232;1;1;1;-3;-3;1;1;1;-13174,9243572137;NA;All
2820;1,88304088315069;2,84254900688767;2,29896849114977;2,50980797761203;2,71397452471025;2,28043562394877;2,41260264278576;2,44819771007298;2,45700793771892;1,97913013422064;1,92132520506502;1,63046728101526;1,43501376778664;4,90550357958464;1,52473550763761;1,76609058341847;1,91673558388257;1,51866759986513;1,93717807202571;1,61222558828219;-21,2493949166985;-3,79008603045278;-7,20969029393746;-8,51566303812501;-5,61065921085665;-5,62225021785504;-10,536537451225;-9,44246507450126;-6,41341979102222;-16,1050701691777;-11,9039710737268;-17,958603469274;-25,1241603258947;-42,2201109096562;-17,9934367568665;-15,1495215606078;-15,8921403085173;-20,6995455137417;-14,7704510396926;-19,5432018278614;2,68199219822906;1,52838389719892;1,55555567096163;0,906735395569924;0,505569093294629;0,505568510213577;0,542423295383888;0,645128743653648;0,999999654320567;0,839312184375599;0,686365732674007;0,484882772849465;0,338111817657018;-2,14551609259277;-2,4282524118668;-2,59869384510399;-3,05978324250474;-4,0610219701259;-3,99395385733955;-3,3217977374888;-2,72007905507952;-2,13829182353672;-1,18500861275905;-1,85736416666674;-2,23882456322202;-2,86260508058283;-5,02140762454537;-5,09729664790047;-4,06960428105759;-3,34524631734356;-2,65932913921636;0,0616023919182442;0,0160928837337721;0,0388562224715487;0,0179218411707625;0,0385225292945519;0,00612082035677787;0,015699196058898;0,00918210322227181;-2,384723709845496;-0,20070263949651623;1;1;1;-3;-3;1;1;1;-13174,6255520660;NA;All
2830;1,88304088315069;2,84254900688767;2,29896849114977;2,50980797761203;2,71397452471025;2,28043562394877;2,41260264278576;2,44819771007298;2,45700793771892;1,97913013422064;1,92132520506502;1,63046728101526;1,43501376778664;4,90550357958464;1,52473550763761;1,76609058341847;1,91673558388257;1,51866759986513;1,93717807202571;1,61222558828219;-21,2493949166985;-3,79008603045278;-7,20969029393746;-8,51566303812501;-5,61065921085665;-5,62225021785504;-10,536537451225;-9,44246507450126;-6,41341979102222;-16,1050701691777;-11,9039710737268;-17,958603469274;-25,1241603258947;-42,2201109096562;-17,9934367568665;-15,1495215606078;-15,8921403085173;-20,6995455137417;-14,7704510396926;-19,5432018278614;2,68199219822906;1,52838389719892;1,55555567096163;0,906735395569924;0,505569093294629;0,505568510213577;0,542423295383888;0,645128743653648;0,999999654320567;0,839312184375599;0,686365732674007;0,484882772849465;0,338111817657018;-2,14551609259277;-2,4282524118668;-2,59869384510399;-3,05978324250474;-4,0610219701259;-3,99395385733955;-3,3217977374888;-2,72007905507952;-2,13829182353672;-1,18500861275905;-1,85736416666674;-2,23882456322202;-2,86260508058283;-5,02140762454537;-5,09729664790047;-4,06960428105759;-3,34524631734356;-2,65932913921636;0,0616023919182442;0,0160928837337721;0,0388562224715487;0,0179218411707625;0,0385225292945519;0,00612082035677787;0,015699196058898;0,00918210322227181;-3,226112645707188;-0,10774826131999420;1;1;1;-3;-3;1;1;1;-13174,3015221326;NA;All
2840;1,88304088315069;2,84254900688767;2,29896849114977;2,50980797761203;2,71397452471025;2,28043562394877;2,41260264278576;2,44819771007298;2,45700793771892;1,97913013422064;1,92132520506502;1,63046728101526;1,43501376778664;4,90550357958464;1,52473550763761;1,76609058341847;1,91673558388257;1,51866759986513;1,93717807202571;1,61222558828219;-21,2493949166985;-3,79008603045278;-7,20969029393746;-8,51566303812501;-5,61065921085665;-5,62225021785504;-10,536537451225;-9,44246507450126;-6,41341979102222;-16,1050701691777;-11,9039710737268;-17,958603469274;-25,1241603258947;-42,2201109096562;-17,9934367568665;-15,1495215606078;-15,8921403085173;-20,6995455137417;-14,7704510396926;-19,5432018278614;2,68199219822906;1,52838389719892;1,55555567096163;0,906735395569924;0,505569093294629;0,505568510213577;0,542423295383888;0,645128743653648;0,999999654320567;0,839312184375599;0,686365732674007;0,484882772849465;0,338111817657018;-2,14551609259277;-2,4282524118668;-2,59869384510399;-3,05978324250474;-4,0610219701259;-3,99395385733955;-3,3217977374888;-2,72007905507952;-2,13829182353672;-1,18500861275905;-1,85736416666674;-2,23882456322202;-2,86260508058283;-5,02140762454537;-5,09729664790047;-4,06960428105759;-3,34524631734356;-2,65932913921636;0,0616023919182442;0,0160928837337721;0,0388562224715487;0,0179218411707625;0,0385225292945519;0,00612082035677787;0,015699196058898;0,00918210322227181;-2,823213889385342;-0,11854478997436632;1;1;1;-3;-3;1;1;1;-13174,3328217144;NA;All
2850;1,88304088315069;2,84254900688767;2,29896849114977;2,50980797761203;2,71397452471025;2,28043562394877;2,41260264278576;2,44819771007298;2,45700793771892;1,97913013422064;1,92132520506502;1,63046728101526;1,43501376778664;4,90550357958464;1,52473550763761;1,76609058341847;1,91673558388257;1,51866759986513;1,93717807202571;1,61222558828219;-21,2493949166985;-3,79008603045278;-7,20969029393746;-8,51566303812501;-5,61065921085665;-5,62225021785504;-10,536537451225;-9,44246507450126;-6,41341979102222;-16,1050701691777;-11,9039710737268;-17,958603469274;-25,1241603258947;-42,2201109096562;-17,9934367568665;-15,1495215606078;-15,8921403085173;-20,6995455137417;-14,7704510396926;-19,5432018278614;2,68199219822906;1,52838389719892;1,55555567096163;0,906735395569924;0,505569093294629;0,505568510213577;0,542423295383888;0,645128743653648;0,999999654320567;0,839312184375599;0,686365732674007;0,484882772849465;0,338111817657018;-2,14551609259277;-2,4282524118668;-2,59869384510399;-3,05978324250474;-4,0610219701259;-3,99395385733955;-3,3217977374888;-2,72007905507952;-2,13829182353672;-1,18500861275905;-1,85736416666674;-2,23882456322202;-2,86260508058283;-5,02140762454537;-5,09729664790047;-4,06960428105759;-3,34524631734356;-2,65932913921636;0,0616023919182442;0,0160928837337721;0,0388562224715487;0,0179218411707625;0,0385225292945519;0,00612082035677787;0,015699196058898;0,00918210322227181;-1,246632524665505;-0,14010017146370712;1;1;1;-3;-3;1;1;1;-13174,9946854998;NA;All
2860;1,88304088315069;2,84254900688767;2,29896849114977;2,50980797761203;2,71397452471025;2,28043562394877;2,41260264278576;2,44819771007298;2,45700793771892;1,97913013422064;1,92132520506502;1,63046728101526;1,43501376778664;4,90550357958464;1,52473550763761;1,76609058341847;1,91673558388257;1,51866759986513;1,93717807202571;1,61222558828219;-21,2493949166985;-3,79008603045278;-7,20969029393746;-8,51566303812501;-5,61065921085665;-5,62225021785504;-10,536537451225;-9,44246507450126;-6,41341979102222;-16,1050701691777;-11,9039710737268;-17,958603469274;-25,1241603258947;-42,2201109096562;-17,9934367568665;-15,1495215606078;-15,8921403085173;-20,6995455137417;-14,7704510396926;-19,5432018278614;2,68199219822906;1,52838389719892;1,55555567096163;0,906735395569924;0,505569093294629;0,505568510213577;0,542423295383888;0,645128743653648;0,999999654320567;0,839312184375599;0,686365732674007;0,484882772849465;0,338111817657018;-2,14551609259277;-2,4282524118668;-2,59869384510399;-3,05978324250474;-4,0610219701259;-3,99395385733955;-3,3217977374888;-2,72007905507952;-2,13829182353672;-1,18500861275905;-1,85736416666674;-2,23882456322202;-2,86260508058283;-5,02140762454537;-5,09729664790047;-4,06960428105759;-3,34524631734356;-2,65932913921636;0,0616023919182442;0,0160928837337721;0,0388562224715487;0,0179218411707625;0,0385225292945519;0,00612082035677787;0,015699196058898;0,00918210322227181;-3,272124954129350;0,11553621152623844;1;1;1;-3;-3;1;1;1;-13175,1441982195;NA;All
2870;1,88304088315069;2,84254900688767;2,29896849114977;2,50980797761203;2,71397452471025;2,28043562394877;2,41260264278576;2,44819771007298;2,45700793771892;1,97913013422064;1,92132520506502;1,63046728101526;1,43501376778664;4,90550357958464;1,52473550763761;1,76609058341847;1,91673558388257;1,51866759986513;1,93717807202571;1,61222558828219;-21,2493949166985;-3,79008603045278;-7,20969029393746;-8,51566303812501;-5,61065921085665;-5,62225021785504;-10,536537451225;-9,44246507450126;-6,41341979102222;-16,1050701691777;-11,9039710737268;-17,958603469274;-25,1241603258947;-42,2201109096562;-17,9934367568665;-15,1495215606078;-15,8921403085173;-20,6995455137417;-14,7704510396926;-19,5432018278614;2,68199219822906;1,52838389719892;1,55555567096163;0,906735395569924;0,505569093294629;0,505568510213577;0,542423295383888;0,645128743653648;0,999999654320567;0,839312184375599;0,686365732674007;0,484882772849465;0,338111817657018;-2,14551609259277;-2,4282524118668;-2,59869384510399;-3,05978324250474;-4,0610219701259;-3,99395385733955;-3,3217977374888;-2,72007905507952;-2,13829182353672;-1,18500861275905;-1,85736416666674;-2,23882456322202;-2,86260508058283;-5,02140762454537;-5,09729664790047;-4,06960428105759;-3,34524631734356;-2,65932913921636;0,0616023919182442;0,0160928837337721;0,0388562224715487;0,0179218411707625;0,0385225292945519;0,00612082035677787;0,015699196058898;0,00918210322227181;-3,511117093251159;-0,13307113651169422;1;1;1;-3;-3;1;1;1;-13174,3546511543;NA;All
2880;1,88304088315069;2,84254900688767;2,29896849114977;2,50980797761203;2,71397452471025;2,28043562394877;2,41260264278576;2,44819771007298;2,45700793771892;1,97913013422064;1,92132520506502;1,63046728101526;1,43501376778664;4,90550357958464;1,52473550763761;1,76609058341847;1,91673558388257;1,51866759986513;1,93717807202571;1,61222558828219;-21,2493949166985;-3,79008603045278;-7,20969029393746;-8,51566303812501;-5,61065921085665;-5,62225021785504;-10,536537451225;-9,44246507450126;-6,41341979102222;-16,1050701691777;-11,9039710737268;-17,958603469274;-25,1241603258947;-42,2201109096562;-17,9934367568665;-15,1495215606078;-15,8921403085173;-20,6995455137417;-14,7704510396926;-19,5432018278614;2,68199219822906;1,52838389719892;1,55555567096163;0,906735395569924;0,505569093294629;0,505568510213577;0,542423295383888;0,645128743653648;0,999999654320567;0,839312184375599;0,686365732674007;0,484882772849465;0,338111817657018;-2,14551609259277;-2,4282524118668;-2,59869384510399;-3,05978324250474;-4,0610219701259;-3,99395385733955;-3,3217977374888;-2,72007905507952;-2,13829182353672;-1,18500861275905;-1,85736416666674;-2,23882456322202;-2,86260508058283;-5,02140762454537;-5,09729664790047;-4,06960428105759;-3,34524631734356;-2,65932913921636;0,0616023919182442;0,0160928837337721;0,0388562224715487;0,0179218411707625;0,0385225292945519;0,00612082035677787;0,015699196058898;0,00918210322227181;-2,505052316095702;-0,27390438524167299;1;1;1;-3;-3;1;1;1;-13174,9564468631;NA;All
2890;1,88304088315069;2,84254900688767;2,29896849114977;2,50980797761203;2,71397452471025;2,28043562394877;2,41260264278576;2,44819771007298;2,45700793771892;1,97913013422064;1,92132520506502;1,63046728101526;1,43501376778664;4,90550357958464;1,52473550763761;1,76609058341847;1,91673558388257;1,51866759986513;1,93717807202571;1,61222558828219;-21,2493949166985;-3,79008603045278;-7,20969029393746;-8,51566303812501;-5,61065921085665;-5,62225021785504;-10,536537451225;-9,44246507450126;-6,41341979102222;-16,1050701691777;-11,9039710737268;-17,958603469274;-25,1241603258947;-42,2201109096562;-17,9934367568665;-15,1495215606078;-15,8921403085173;-20,6995455137417;-14,7704510396926;-19,5432018278614;2,68199219822906;1,52838389719892;1,55555567096163;0,906735395569924;0,505569093294629;0,505568510213577;0,542423295383888;0,645128743653648;0,999999654320567;0,839312184375599;0,686365732674007;0,484882772849465;0,338111817657018;-2,14551609259277;-2,4282524118668;-2,59869384510399;-3,05978324250474;-4,0610219701259;-3,99395385733955;-3,3217977374888;-2,72007905507952;-2,13829182353672;-1,18500861275905;-1,85736416666674;-2,23882456322202;-2,86260508058283;-5,02140762454537;-5,09729664790047;-4,06960428105759;-3,34524631734356;-2,65932913921636;0,0616023919182442;0,0160928837337721;0,0388562224715487;0,0179218411707625;0,0385225292945519;0,00612082035677787;0,015699196058898;0,00918210322227181;-3,633490858037688;-0,18101472147861311;1;1;1;-3;-3;1;1;1;-13174,5079415505;NA;All
2900;1,88304088315069;2,84254900688767;2,29896849114977;2,50980797761203;2,71397452471025;2,28043562394877;2,41260264278576;2,44819771007298;2,45700793771892;1,97913013422064;1,92132520506502;1,63046728101526;1,43501376778664;4,90550357958464;1,52473550763761;1,76609058341847;1,91673558388257;1,51866759986513;1,93717807202571;1,61222558828219;-21,2493949166985;-3,79008603045278;-7,20969029393746;-8,51566303812501;-5,61065921085665;-5,62225021785504;-10,536537451225;-9,44246507450126;-6,41341979102222;-16,1050701691777;-11,9039710737268;-17,958603469274;-25,1241603258947;-42,2201109096562;-17,9934367568665;-15,1495215606078;-15,8921403085173;-20,6995455137417;-14,7704510396926;-19,5432018278614;2,68199219822906;1,52838389719892;1,55555567096163;0,906735395569924;0,505569093294629;0,505568510213577;0,542423295383888;0,645128743653648;0,999999654320567;0,839312184375599;0,686365732674007;0,484882772849465;0,338111817657018;-2,14551609259277;-2,4282524118668;-2,59869384510399;-3,05978324250474;-4,0610219701259;-3,99395385733955;-3,3217977374888;-2,72007905507952;-2,13829182353672;-1,18500861275905;-1,85736416666674;-2,23882456322202;-2,86260508058283;-5,02140762454537;-5,09729664790047;-4,06960428105759;-3,34524631734356;-2,65932913921636;0,0616023919182442;0,0160928837337721;0,0388562224715487;0,0179218411707625;0,0385225292945519;0,00612082035677787;0,015699196058898;0,00918210322227181;-1,728509865147543;-0,12315327570767828;1;1;1;-3;-3;1;1;1;-13174,5280868752;NA;All
2910;1,88304088315069;2,84254900688767;2,29896849114977;2,50980797761203;2,71397452471025;2,28043562394877;2,41260264278576;2,44819771007298;2,45700793771892;1,97913013422064;1,92132520506502;1,63046728101526;1,43501376778664;4,90550357958464;1,52473550763761;1,76609058341847;1,91673558388257;1,51866759986513;1,93717807202571;1,61222558828219;-21,2493949166985;-3,79008603045278;-7,20969029393746;-8,51566303812501;-5,61065921085665;-5,62225021785504;-10,536537451225;-9,44246507450126;-6,41341979102222;-16,1050701691777;-11,9039710737268;-17,958603469274;-25,1241603258947;-42,2201109096562;-17,9934367568665;-15,1495215606078;-15,8921403085173;-20,6995455137417;-14,7704510396926;-19,5432018278614;2,68199219822906;1,52838389719892;1,55555567096163;0,906735395569924;0,505569093294629;0,505568510213577;0,542423295383888;0,645128743653648;0,999999654320567;0,839312184375599;0,686365732674007;0,484882772849465;0,338111817657018;-2,14551609259277;-2,4282524118668;-2,59869384510399;-3,05978324250474;-4,0610219701259;-3,99395385733955;-3,3217977374888;-2,72007905507952;-2,13829182353672;-1,18500861275905;-1,85736416666674;-2,23882456322202;-2,86260508058283;-5,02140762454537;-5,09729664790047;-4,06960428105759;-3,34524631734356;-2,65932913921636;0,0616023919182442;0,0160928837337721;0,0388562224715487;0,0179218411707625;0,0385225292945519;0,00612082035677787;0,015699196058898;0,00918210322227181;-3,550538716900371;-0,36013572853094766;1;1;1;-3;-3;1;1;1;-13175,3943761979;NA;All
2920;1,88304088315069;2,84254900688767;2,29896849114977;2,50980797761203;2,71397452471025;2,28043562394877;2,41260264278576;2,44819771007298;2,45700793771892;1,97913013422064;1,92132520506502;1,63046728101526;1,43501376778664;4,90550357958464;1,52473550763761;1,76609058341847;1,91673558388257;1,51866759986513;1,93717807202571;1,61222558828219;-21,2493949166985;-3,79008603045278;-7,20969029393746;-8,51566303812501;-5,61065921085665;-5,62225021785504;-10,536537451225;-9,44246507450126;-6,41341979102222;-16,1050701691777;-11,9039710737268;-17,958603469274;-25,1241603258947;-42,2201109096562;-17,9934367568665;-15,1495215606078;-15,8921403085173;-20,6995455137417;-14,7704510396926;-19,5432018278614;2,68199219822906;1,52838389719892;1,55555567096163;0,906735395569924;0,505569093294629;0,505568510213577;0,542423295383888;0,645128743653648;0,999999654320567;0,839312184375599;0,686365732674007;0,484882772849465;0,338111817657018;-2,14551609259277;-2,4282524118668;-2,59869384510399;-3,05978324250474;-4,0610219701259;-3,99395385733955;-3,3217977374888;-2,72007905507952;-2,13829182353672;-1,18500861275905;-1,85736416666674;-2,23882456322202;-2,86260508058283;-5,02140762454537;-5,09729664790047;-4,06960428105759;-3,34524631734356;-2,65932913921636;0,0616023919182442;0,0160928837337721;0,0388562224715487;0,0179218411707625;0,0385225292945519;0,00612082035677787;0,015699196058898;0,00918210322227181;-2,655190283748180;-0,06286473378449894;1;1;1;-3;-3;1;1;1;-13174,2725857494;NA;All
2930;1,88304088315069;2,84254900688767;2,29896849114977;2,50980797761203;2,71397452471025;2,28043562394877;2,41260264278576;2,44819771007298;2,45700793771892;1,97913013422064;1,92132520506502;1,63046728101526;1,43501376778664;4,90550357958464;1,52473550763761;1,76609058341847;1,91673558388257;1,51866759986513;1,93717807202571;1,61222558828219;-21,2493949166985;-3,79008603045278;-7,20969029393746;-8,51566303812501;-5,61065921085665;-5,62225021785504;-10,536537451225;-9,44246507450126;-6,41341979102222;-16,1050701691777;-11,9039710737268;-17,958603469274;-25,1241603258947;-42,2201109096562;-17,9934367568665;-15,1495215606078;-15,8921403085173;-20,6995455137417;-14,7704510396926;-19,5432018278614;2,68199219822906;1,52838389719892;1,55555567096163;0,906735395569924;0,505569093294629;0,505568510213577;0,542423295383888;0,645128743653648;0,999999654320567;0,839312184375599;0,686365732674007;0,484882772849465;0,338111817657018;-2,14551609259277;-2,4282524118668;-2,59869384510399;-3,05978324250474;-4,0610219701259;-3,99395385733955;-3,3217977374888;-2,72007905507952;-2,13829182353672;-1,18500861275905;-1,85736416666674;-2,23882456322202;-2,86260508058283;-5,02140762454537;-5,09729664790047;-4,06960428105759;-3,34524631734356;-2,65932913921636;0,0616023919182442;0,0160928837337721;0,0388562224715487;0,0179218411707625;0,0385225292945519;0,00612082035677787;0,015699196058898;0,00918210322227181;-2,011326123335288;-0,80601707336338013;1;1;1;-3;-3;1;1;1;-13177,7097858954;NA;All
2940;1,88304088315069;2,84254900688767;2,29896849114977;2,50980797761203;2,71397452471025;2,28043562394877;2,41260264278576;2,44819771007298;2,45700793771892;1,97913013422064;1,92132520506502;1,63046728101526;1,43501376778664;4,90550357958464;1,52473550763761;1,76609058341847;1,91673558388257;1,51866759986513;1,93717807202571;1,61222558828219;-21,2493949166985;-3,79008603045278;-7,20969029393746;-8,51566303812501;-5,61065921085665;-5,62225021785504;-10,536537451225;-9,44246507450126;-6,41341979102222;-16,1050701691777;-11,9039710737268;-17,958603469274;-25,1241603258947;-42,2201109096562;-17,9934367568665;-15,1495215606078;-15,8921403085173;-20,6995455137417;-14,7704510396926;-19,5432018278614;2,68199219822906;1,52838389719892;1,55555567096163;0,906735395569924;0,505569093294629;0,505568510213577;0,542423295383888;0,645128743653648;0,999999654320567;0,839312184375599;0,686365732674007;0,484882772849465;0,338111817657018;-2,14551609259277;-2,4282524118668;-2,59869384510399;-3,05978324250474;-4,0610219701259;-3,99395385733955;-3,3217977374888;-2,72007905507952;-2,13829182353672;-1,18500861275905;-1,85736416666674;-2,23882456322202;-2,86260508058283;-5,02140762454537;-5,09729664790047;-4,06960428105759;-3,34524631734356;-2,65932913921636;0,0616023919182442;0,0160928837337721;0,0388562224715487;0,0179218411707625;0,0385225292945519;0,00612082035677787;0,015699196058898;0,00918210322227181;-3,090719424830296;-0,38988904127777357;1;1;1;-3;-3;1;1;1;-13175,5663764877;NA;All
2950;1,88304088315069;2,84254900688767;2,29896849114977;2,50980797761203;2,71397452471025;2,28043562394877;2,41260264278576;2,44819771007298;2,45700793771892;1,97913013422064;1,92132520506502;1,63046728101526;1,43501376778664;4,90550357958464;1,52473550763761;1,76609058341847;1,91673558388257;1,51866759986513;1,93717807202571;1,61222558828219;-21,2493949166985;-3,79008603045278;-7,20969029393746;-8,51566303812501;-5,61065921085665;-5,62225021785504;-10,536537451225;-9,44246507450126;-6,41341979102222;-16,1050701691777;-11,9039710737268;-17,958603469274;-25,1241603258947;-42,2201109096562;-17,9934367568665;-15,1495215606078;-15,8921403085173;-20,6995455137417;-14,7704510396926;-19,5432018278614;2,68199219822906;1,52838389719892;1,55555567096163;0,906735395569924;0,505569093294629;0,505568510213577;0,542423295383888;0,645128743653648;0,999999654320567;0,839312184375599;0,686365732674007;0,484882772849465;0,338111817657018;-2,14551609259277;-2,4282524118668;-2,59869384510399;-3,05978324250474;-4,0610219701259;-3,99395385733955;-3,3217977374888;-2,72007905507952;-2,13829182353672;-1,18500861275905;-1,85736416666674;-2,23882456322202;-2,86260508058283;-5,02140762454537;-5,09729664790047;-4,06960428105759;-3,34524631734356;-2,65932913921636;0,0616023919182442;0,0160928837337721;0,0388562224715487;0,0179218411707625;0,0385225292945519;0,00612082035677787;0,015699196058898;0,00918210322227181;-3,415290392300681;0,01481817094012888;1;1;1;-3;-3;1;1;1;-13174,3863750712;NA;All
2960;1,88304088315069;2,84254900688767;2,29896849114977;2,50980797761203;2,71397452471025;2,28043562394877;2,41260264278576;2,44819771007298;2,45700793771892;1,97913013422064;1,92132520506502;1,63046728101526;1,43501376778664;4,90550357958464;1,52473550763761;1,76609058341847;1,91673558388257;1,51866759986513;1,93717807202571;1,61222558828219;-21,2493949166985;-3,79008603045278;-7,20969029393746;-8,51566303812501;-5,61065921085665;-5,62225021785504;-10,536537451225;-9,44246507450126;-6,41341979102222;-16,1050701691777;-11,9039710737268;-17,958603469274;-25,1241603258947;-42,2201109096562;-17,9934367568665;-15,1495215606078;-15,8921403085173;-20,6995455137417;-14,7704510396926;-19,5432018278614;2,68199219822906;1,52838389719892;1,55555567096163;0,906735395569924;0,505569093294629;0,505568510213577;0,542423295383888;0,645128743653648;0,999999654320567;0,839312184375599;0,686365732674007;0,484882772849465;0,338111817657018;-2,14551609259277;-2,4282524118668;-2,59869384510399;-3,05978324250474;-4,0610219701259;-3,99395385733955;-3,3217977374888;-2,72007905507952;-2,13829182353672;-1,18500861275905;-1,85736416666674;-2,23882456322202;-2,86260508058283;-5,02140762454537;-5,09729664790047;-4,06960428105759;-3,34524631734356;-2,65932913921636;0,0616023919182442;0,0160928837337721;0,0388562224715487;0,0179218411707625;0,0385225292945519;0,00612082035677787;0,015699196058898;0,00918210322227181;-1,800520820051037;-0,22503423927539495;1;1;1;-3;-3;1;1;1;-13174,8509419216;NA;All
2970;1,88304088315069;2,84254900688767;2,29896849114977;2,50980797761203;2,71397452471025;2,28043562394877;2,41260264278576;2,44819771007298;2,45700793771892;1,97913013422064;1,92132520506502;1,63046728101526;1,43501376778664;4,90550357958464;1,52473550763761;1,76609058341847;1,91673558388257;1,51866759986513;1,93717807202571;1,61222558828219;-21,2493949166985;-3,79008603045278;-7,20969029393746;-8,51566303812501;-5,61065921085665;-5,62225021785504;-10,536537451225;-9,44246507450126;-6,41341979102222;-16,1050701691777;-11,9039710737268;-17,958603469274;-25,1241603258947;-42,2201109096562;-17,9934367568665;-15,1495215606078;-15,8921403085173;-20,6995455137417;-14,7704510396926;-19,5432018278614;2,68199219822906;1,52838389719892;1,55555567096163;0,906735395569924;0,505569093294629;0,505568510213577;0,542423295383888;0,645128743653648;0,999999654320567;0,839312184375599;0,686365732674007;0,484882772849465;0,338111817657018;-2,14551609259277;-2,4282524118668;-2,59869384510399;-3,05978324250474;-4,0610219701259;-3,99395385733955;-3,3217977374888;-2,72007905507952;-2,13829182353672;-1,18500861275905;-1,85736416666674;-2,23882456322202;-2,86260508058283;-5,02140762454537;-5,09729664790047;-4,06960428105759;-3,34524631734356;-2,65932913921636;0,0616023919182442;0,0160928837337721;0,0388562224715487;0,0179218411707625;0,0385225292945519;0,00612082035677787;0,015699196058898;0,00918210322227181;-1,800520820051037;-0,22503423927539495;1;1;1;-3;-3;1;1;1;-13174,8509419216;NA;All
2980;1,88304088315069;2,84254900688767;2,29896849114977;2,50980797761203;2,71397452471025;2,28043562394877;2,41260264278576;2,44819771007298;2,45700793771892;1,97913013422064;1,92132520506502;1,63046728101526;1,43501376778664;4,90550357958464;1,52473550763761;1,76609058341847;1,91673558388257;1,51866759986513;1,93717807202571;1,61222558828219;-21,2493949166985;-3,79008603045278;-7,20969029393746;-8,51566303812501;-5,61065921085665;-5,62225021785504;-10,536537451225;-9,44246507450126;-6,41341979102222;-16,1050701691777;-11,9039710737268;-17,958603469274;-25,1241603258947;-42,2201109096562;-17,9934367568665;-15,1495215606078;-15,8921403085173;-20,6995455137417;-14,7704510396926;-19,5432018278614;2,68199219822906;1,52838389719892;1,55555567096163;0,906735395569924;0,505569093294629;0,505568510213577;0,542423295383888;0,645128743653648;0,999999654320567;0,839312184375599;0,686365732674007;0,484882772849465;0,338111817657018;-2,14551609259277;-2,4282524118668;-2,59869384510399;-3,05978324250474;-4,0610219701259;-3,99395385733955;-3,3217977374888;-2,72007905507952;-2,13829182353672;-1,18500861275905;-1,85736416666674;-2,23882456322202;-2,86260508058283;-5,02140762454537;-5,09729664790047;-4,06960428105759;-3,34524631734356;-2,65932913921636;0,0616023919182442;0,0160928837337721;0,0388562224715487;0,0179218411707625;0,0385225292945519;0,00612082035677787;0,015699196058898;0,00918210322227181;-2,613221736316575;-0,01142672633105608;1;1;1;-3;-3;1;1;1;-13174,3287180344;NA;All
2990;1,88304088315069;2,84254900688767;2,29896849114977;2,50980797761203;2,71397452471025;2,28043562394877;2,41260264278576;2,44819771007298;2,45700793771892;1,97913013422064;1,92132520506502;1,63046728101526;1,43501376778664;4,90550357958464;1,52473550763761;1,76609058341847;1,91673558388257;1,51866759986513;1,93717807202571;1,61222558828219;-21,2493949166985;-3,79008603045278;-7,20969029393746;-8,51566303812501;-5,61065921085665;-5,62225021785504;-10,536537451225;-9,44246507450126;-6,41341979102222;-16,1050701691777;-11,9039710737268;-17,958603469274;-25,1241603258947;-42,2201109096562;-17,9934367568665;-15,1495215606078;-15,8921403085173;-20,6995455137417;-14,7704510396926;-19,5432018278614;2,68199219822906;1,52838389719892;1,55555567096163;0,906735395569924;0,505569093294629;0,505568510213577;0,542423295383888;0,645128743653648;0,999999654320567;0,839312184375599;0,686365732674007;0,484882772849465;0,338111817657018;-2,14551609259277;-2,4282524118668;-2,59869384510399;-3,05978324250474;-4,0610219701259;-3,99395385733955;-3,3217977374888;-2,72007905507952;-2,13829182353672;-1,18500861275905;-1,85736416666674;-2,23882456322202;-2,86260508058283;-5,02140762454537;-5,09729664790047;-4,06960428105759;-3,34524631734356;-2,65932913921636;0,0616023919182442;0,0160928837337721;0,0388562224715487;0,0179218411707625;0,0385225292945519;0,00612082035677787;0,015699196058898;0,00918210322227181;-1,210535309586769;0,03999548046796991;1;1;1;-3;-3;1;1;1;-13175,2387464614;NA;All
3000;1,88304088315069;2,84254900688767;2,29896849114977;2,50980797761203;2,71397452471025;2,28043562394877;2,41260264278576;2,44819771007298;2,45700793771892;1,97913013422064;1,92132520506502;1,63046728101526;1,43501376778664;4,90550357958464;1,52473550763761;1,76609058341847;1,91673558388257;1,51866759986513;1,93717807202571;1,61222558828219;-21,2493949166985;-3,79008603045278;-7,20969029393746;-8,51566303812501;-5,61065921085665;-5,62225021785504;-10,536537451225;-9,44246507450126;-6,41341979102222;-16,1050701691777;-11,9039710737268;-17,958603469274;-25,1241603258947;-42,2201109096562;-17,9934367568665;-15,1495215606078;-15,8921403085173;-20,6995455137417;-14,7704510396926;-19,5432018278614;2,68199219822906;1,52838389719892;1,55555567096163;0,906735395569924;0,505569093294629;0,505568510213577;0,542423295383888;0,645128743653648;0,999999654320567;0,839312184375599;0,686365732674007;0,484882772849465;0,338111817657018;-2,14551609259277;-2,4282524118668;-2,59869384510399;-3,05978324250474;-4,0610219701259;-3,99395385733955;-3,3217977374888;-2,72007905507952;-2,13829182353672;-1,18500861275905;-1,85736416666674;-2,23882456322202;-2,86260508058283;-5,02140762454537;-5,09729664790047;-4,06960428105759;-3,34524631734356;-2,65932913921636;0,0616023919182442;0,0160928837337721;0,0388562224715487;0,0179218411707625;0,0385225292945519;0,00612082035677787;0,015699196058898;0,00918210322227181;-1,394879774408379;-0,30508441661632851;1;1;1;-3;-3;1;1;1;-13175,4968381829;NA;All
3010;1,88304088315069;2,84254900688767;2,29896849114977;2,50980797761203;2,71397452471025;2,28043562394877;2,41260264278576;2,44819771007298;2,45700793771892;1,97913013422064;1,92132520506502;1,63046728101526;1,43501376778664;4,90550357958464;1,52473550763761;1,76609058341847;1,91673558388257;1,51866759986513;1,93717807202571;1,61222558828219;-21,2493949166985;-3,79008603045278;-7,20969029393746;-8,51566303812501;-5,61065921085665;-5,62225021785504;-10,536537451225;-9,44246507450126;-6,41341979102222;-16,1050701691777;-11,9039710737268;-17,958603469274;-25,1241603258947;-42,2201109096562;-17,9934367568665;-15,1495215606078;-15,8921403085173;-20,6995455137417;-14,7704510396926;-19,5432018278614;2,68199219822906;1,52838389719892;1,55555567096163;0,906735395569924;0,505569093294629;0,505568510213577;0,542423295383888;0,645128743653648;0,999999654320567;0,839312184375599;0,686365732674007;0,484882772849465;0,338111817657018;-2,14551609259277;-2,4282524118668;-2,59869384510399;-3,05978324250474;-4,0610219701259;-3,99395385733955;-3,3217977374888;-2,72007905507952;-2,13829182353672;-1,18500861275905;-1,85736416666674;-2,23882456322202;-2,86260508058283;-5,02140762454537;-5,09729664790047;-4,06960428105759;-3,34524631734356;-2,65932913921636;0,0616023919182442;0,0160928837337721;0,0388562224715487;0,0179218411707625;0,0385225292945519;0,00612082035677787;0,015699196058898;0,00918210322227181;-1,461379547681606;-0,39198382838430446;1;1;1;-3;-3;1;1;1;-13175,9072359262;NA;All
3020;1,88304088315069;2,84254900688767;2,29896849114977;2,50980797761203;2,71397452471025;2,28043562394877;2,41260264278576;2,44819771007298;2,45700793771892;1,97913013422064;1,92132520506502;1,63046728101526;1,43501376778664;4,90550357958464;1,52473550763761;1,76609058341847;1,91673558388257;1,51866759986513;1,93717807202571;1,61222558828219;-21,2493949166985;-3,79008603045278;-7,20969029393746;-8,51566303812501;-5,61065921085665;-5,62225021785504;-10,536537451225;-9,44246507450126;-6,41341979102222;-16,1050701691777;-11,9039710737268;-17,958603469274;-25,1241603258947;-42,2201109096562;-17,9934367568665;-15,1495215606078;-15,8921403085173;-20,6995455137417;-14,7704510396926;-19,5432018278614;2,68199219822906;1,52838389719892;1,55555567096163;0,906735395569924;0,505569093294629;0,505568510213577;0,542423295383888;0,645128743653648;0,999999654320567;0,839312184375599;0,686365732674007;0,484882772849465;0,338111817657018;-2,14551609259277;-2,4282524118668;-2,59869384510399;-3,05978324250474;-4,0610219701259;-3,99395385733955;-3,3217977374888;-2,72007905507952;-2,13829182353672;-1,18500861275905;-1,85736416666674;-2,23882456322202;-2,86260508058283;-5,02140762454537;-5,09729664790047;-4,06960428105759;-3,34524631734356;-2,65932913921636;0,0616023919182442;0,0160928837337721;0,0388562224715487;0,0179218411707625;0,0385225292945519;0,00612082035677787;0,015699196058898;0,00918210322227181;-1,287117952356827;-0,35570036855255538;1;1;1;-3;-3;1;1;1;-13175,8839122034;NA;All
3030;1,88304088315069;2,84254900688767;2,29896849114977;2,50980797761203;2,71397452471025;2,28043562394877;2,41260264278576;2,44819771007298;2,45700793771892;1,97913013422064;1,92132520506502;1,63046728101526;1,43501376778664;4,90550357958464;1,52473550763761;1,76609058341847;1,91673558388257;1,51866759986513;1,93717807202571;1,61222558828219;-21,2493949166985;-3,79008603045278;-7,20969029393746;-8,51566303812501;-5,61065921085665;-5,62225021785504;-10,536537451225;-9,44246507450126;-6,41341979102222;-16,1050701691777;-11,9039710737268;-17,958603469274;-25,1241603258947;-42,2201109096562;-17,9934367568665;-15,1495215606078;-15,8921403085173;-20,6995455137417;-14,7704510396926;-19,5432018278614;2,68199219822906;1,52838389719892;1,55555567096163;0,906735395569924;0,505569093294629;0,505568510213577;0,542423295383888;0,645128743653648;0,999999654320567;0,839312184375599;0,686365732674007;0,484882772849465;0,338111817657018;-2,14551609259277;-2,4282524118668;-2,59869384510399;-3,05978324250474;-4,0610219701259;-3,99395385733955;-3,3217977374888;-2,72007905507952;-2,13829182353672;-1,18500861275905;-1,85736416666674;-2,23882456322202;-2,86260508058283;-5,02140762454537;-5,09729664790047;-4,06960428105759;-3,34524631734356;-2,65932913921636;0,0616023919182442;0,0160928837337721;0,0388562224715487;0,0179218411707625;0,0385225292945519;0,00612082035677787;0,015699196058898;0,00918210322227181;-1,505008072714088;0,08429063463124727;1;1;1;-3;-3;1;1;1;-13175,1912308251;NA;All
3040;1,88304088315069;2,84254900688767;2,29896849114977;2,50980797761203;2,71397452471025;2,28043562394877;2,41260264278576;2,44819771007298;2,45700793771892;1,97913013422064;1,92132520506502;1,63046728101526;1,43501376778664;4,90550357958464;1,52473550763761;1,76609058341847;1,91673558388257;1,51866759986513;1,93717807202571;1,61222558828219;-21,2493949166985;-3,79008603045278;-7,20969029393746;-8,51566303812501;-5,61065921085665;-5,62225021785504;-10,536537451225;-9,44246507450126;-6,41341979102222;-16,1050701691777;-11,9039710737268;-17,958603469274;-25,1241603258947;-42,2201109096562;-17,9934367568665;-15,1495215606078;-15,8921403085173;-20,6995455137417;-14,7704510396926;-19,5432018278614;2,68199219822906;1,52838389719892;1,55555567096163;0,906735395569924;0,505569093294629;0,505568510213577;0,542423295383888;0,645128743653648;0,999999654320567;0,839312184375599;0,686365732674007;0,484882772849465;0,338111817657018;-2,14551609259277;-2,4282524118668;-2,59869384510399;-3,05978324250474;-4,0610219701259;-3,99395385733955;-3,3217977374888;-2,72007905507952;-2,13829182353672;-1,18500861275905;-1,85736416666674;-2,23882456322202;-2,86260508058283;-5,02140762454537;-5,09729664790047;-4,06960428105759;-3,34524631734356;-2,65932913921636;0,0616023919182442;0,0160928837337721;0,0388562224715487;0,0179218411707625;0,0385225292945519;0,00612082035677787;0,015699196058898;0,00918210322227181;-1,309367341728076;0,18957139996983521;1;1;1;-3;-3;1;1;1;-13176,9079774275;NA;All
3050;1,88304088315069;2,84254900688767;2,29896849114977;2,50980797761203;2,71397452471025;2,28043562394877;2,41260264278576;2,44819771007298;2,45700793771892;1,97913013422064;1,92132520506502;1,63046728101526;1,43501376778664;4,90550357958464;1,52473550763761;1,76609058341847;1,91673558388257;1,51866759986513;1,93717807202571;1,61222558828219;-21,2493949166985;-3,79008603045278;-7,20969029393746;-8,51566303812501;-5,61065921085665;-5,62225021785504;-10,536537451225;-9,44246507450126;-6,41341979102222;-16,1050701691777;-11,9039710737268;-17,958603469274;-25,1241603258947;-42,2201109096562;-17,9934367568665;-15,1495215606078;-15,8921403085173;-20,6995455137417;-14,7704510396926;-19,5432018278614;2,68199219822906;1,52838389719892;1,55555567096163;0,906735395569924;0,505569093294629;0,505568510213577;0,542423295383888;0,645128743653648;0,999999654320567;0,839312184375599;0,686365732674007;0,484882772849465;0,338111817657018;-2,14551609259277;-2,4282524118668;-2,59869384510399;-3,05978324250474;-4,0610219701259;-3,99395385733955;-3,3217977374888;-2,72007905507952;-2,13829182353672;-1,18500861275905;-1,85736416666674;-2,23882456322202;-2,86260508058283;-5,02140762454537;-5,09729664790047;-4,06960428105759;-3,34524631734356;-2,65932913921636;0,0616023919182442;0,0160928837337721;0,0388562224715487;0,0179218411707625;0,0385225292945519;0,00612082035677787;0,015699196058898;0,00918210322227181;-1,336986656668614;0,10952509379433964;1;1;1;-3;-3;1;1;1;-13175,6325960596;NA;All
3060;1,88304088315069;2,84254900688767;2,29896849114977;2,50980797761203;2,71397452471025;2,28043562394877;2,41260264278576;2,44819771007298;2,45700793771892;1,97913013422064;1,92132520506502;1,63046728101526;1,43501376778664;4,90550357958464;1,52473550763761;1,76609058341847;1,91673558388257;1,51866759986513;1,93717807202571;1,61222558828219;-21,2493949166985;-3,79008603045278;-7,20969029393746;-8,51566303812501;-5,61065921085665;-5,62225021785504;-10,536537451225;-9,44246507450126;-6,41341979102222;-16,1050701691777;-11,9039710737268;-17,958603469274;-25,1241603258947;-42,2201109096562;-17,9934367568665;-15,1495215606078;-15,8921403085173;-20,6995455137417;-14,7704510396926;-19,5432018278614;2,68199219822906;1,52838389719892;1,55555567096163;0,906735395569924;0,505569093294629;0,505568510213577;0,542423295383888;0,645128743653648;0,999999654320567;0,839312184375599;0,686365732674007;0,484882772849465;0,338111817657018;-2,14551609259277;-2,4282524118668;-2,59869384510399;-3,05978324250474;-4,0610219701259;-3,99395385733955;-3,3217977374888;-2,72007905507952;-2,13829182353672;-1,18500861275905;-1,85736416666674;-2,23882456322202;-2,86260508058283;-5,02140762454537;-5,09729664790047;-4,06960428105759;-3,34524631734356;-2,65932913921636;0,0616023919182442;0,0160928837337721;0,0388562224715487;0,0179218411707625;0,0385225292945519;0,00612082035677787;0,015699196058898;0,00918210322227181;-1,620926951959906;0,00397288245143868;1;1;1;-3;-3;1;1;1;-13174,6184703224;NA;All
3070;1,88304088315069;2,84254900688767;2,29896849114977;2,50980797761203;2,71397452471025;2,28043562394877;2,41260264278576;2,44819771007298;2,45700793771892;1,97913013422064;1,92132520506502;1,63046728101526;1,43501376778664;4,90550357958464;1,52473550763761;1,76609058341847;1,91673558388257;1,51866759986513;1,93717807202571;1,61222558828219;-21,2493949166985;-3,79008603045278;-7,20969029393746;-8,51566303812501;-5,61065921085665;-5,62225021785504;-10,536537451225;-9,44246507450126;-6,41341979102222;-16,1050701691777;-11,9039710737268;-17,958603469274;-25,1241603258947;-42,2201109096562;-17,9934367568665;-15,1495215606078;-15,8921403085173;-20,6995455137417;-14,7704510396926;-19,5432018278614;2,68199219822906;1,52838389719892;1,55555567096163;0,906735395569924;0,505569093294629;0,505568510213577;0,542423295383888;0,645128743653648;0,999999654320567;0,839312184375599;0,686365732674007;0,484882772849465;0,338111817657018;-2,14551609259277;-2,4282524118668;-2,59869384510399;-3,05978324250474;-4,0610219701259;-3,99395385733955;-3,3217977374888;-2,72007905507952;-2,13829182353672;-1,18500861275905;-1,85736416666674;-2,23882456322202;-2,86260508058283;-5,02140762454537;-5,09729664790047;-4,06960428105759;-3,34524631734356;-2,65932913921636;0,0616023919182442;0,0160928837337721;0,0388562224715487;0,0179218411707625;0,0385225292945519;0,00612082035677787;0,015699196058898;0,00918210322227181;-2,096896446356447;0,06202071711151069;1;1;1;-3;-3;1;1;1;-13174,7318012564;NA;All
3080;1,88304088315069;2,84254900688767;2,29896849114977;2,50980797761203;2,71397452471025;2,28043562394877;2,41260264278576;2,44819771007298;2,45700793771892;1,97913013422064;1,92132520506502;1,63046728101526;1,43501376778664;4,90550357958464;1,52473550763761;1,76609058341847;1,91673558388257;1,51866759986513;1,93717807202571;1,61222558828219;-21,2493949166985;-3,79008603045278;-7,20969029393746;-8,51566303812501;-5,61065921085665;-5,62225021785504;-10,536537451225;-9,44246507450126;-6,41341979102222;-16,1050701691777;-11,9039710737268;-17,958603469274;-25,1241603258947;-42,2201109096562;-17,9934367568665;-15,1495215606078;-15,8921403085173;-20,6995455137417;-14,7704510396926;-19,5432018278614;2,68199219822906;1,52838389719892;1,55555567096163;0,906735395569924;0,505569093294629;0,505568510213577;0,542423295383888;0,645128743653648;0,999999654320567;0,839312184375599;0,686365732674007;0,484882772849465;0,338111817657018;-2,14551609259277;-2,4282524118668;-2,59869384510399;-3,05978324250474;-4,0610219701259;-3,99395385733955;-3,3217977374888;-2,72007905507952;-2,13829182353672;-1,18500861275905;-1,85736416666674;-2,23882456322202;-2,86260508058283;-5,02140762454537;-5,09729664790047;-4,06960428105759;-3,34524631734356;-2,65932913921636;0,0616023919182442;0,0160928837337721;0,0388562224715487;0,0179218411707625;0,0385225292945519;0,00612082035677787;0,015699196058898;0,00918210322227181;-2,081894687917658;-0,33294376050672458;1;1;1;-3;-3;1;1;1;-13175,3208545505;NA;All
3090;1,88304088315069;2,84254900688767;2,29896849114977;2,50980797761203;2,71397452471025;2,28043562394877;2,41260264278576;2,44819771007298;2,45700793771892;1,97913013422064;1,92132520506502;1,63046728101526;1,43501376778664;4,90550357958464;1,52473550763761;1,76609058341847;1,91673558388257;1,51866759986513;1,93717807202571;1,61222558828219;-21,2493949166985;-3,79008603045278;-7,20969029393746;-8,51566303812501;-5,61065921085665;-5,62225021785504;-10,536537451225;-9,44246507450126;-6,41341979102222;-16,1050701691777;-11,9039710737268;-17,958603469274;-25,1241603258947;-42,2201109096562;-17,9934367568665;-15,1495215606078;-15,8921403085173;-20,6995455137417;-14,7704510396926;-19,5432018278614;2,68199219822906;1,52838389719892;1,55555567096163;0,906735395569924;0,505569093294629;0,505568510213577;0,542423295383888;0,645128743653648;0,999999654320567;0,839312184375599;0,686365732674007;0,484882772849465;0,338111817657018;-2,14551609259277;-2,4282524118668;-2,59869384510399;-3,05978324250474;-4,0610219701259;-3,99395385733955;-3,3217977374888;-2,72007905507952;-2,13829182353672;-1,18500861275905;-1,85736416666674;-2,23882456322202;-2,86260508058283;-5,02140762454537;-5,09729664790047;-4,06960428105759;-3,34524631734356;-2,65932913921636;0,0616023919182442;0,0160928837337721;0,0388562224715487;0,0179218411707625;0,0385225292945519;0,00612082035677787;0,015699196058898;0,00918210322227181;-1,817690671459427;0,01100113200175531;1;1;1;-3;-3;1;1;1;-13174,5418845171;NA;All
3100;1,88304088315069;2,84254900688767;2,29896849114977;2,50980797761203;2,71397452471025;2,28043562394877;2,41260264278576;2,44819771007298;2,45700793771892;1,97913013422064;1,92132520506502;1,63046728101526;1,43501376778664;4,90550357958464;1,52473550763761;1,76609058341847;1,91673558388257;1,51866759986513;1,93717807202571;1,61222558828219;-21,2493949166985;-3,79008603045278;-7,20969029393746;-8,51566303812501;-5,61065921085665;-5,62225021785504;-10,536537451225;-9,44246507450126;-6,41341979102222;-16,1050701691777;-11,9039710737268;-17,958603469274;-25,1241603258947;-42,2201109096562;-17,9934367568665;-15,1495215606078;-15,8921403085173;-20,6995455137417;-14,7704510396926;-19,5432018278614;2,68199219822906;1,52838389719892;1,55555567096163;0,906735395569924;0,505569093294629;0,505568510213577;0,542423295383888;0,645128743653648;0,999999654320567;0,839312184375599;0,686365732674007;0,484882772849465;0,338111817657018;-2,14551609259277;-2,4282524118668;-2,59869384510399;-3,05978324250474;-4,0610219701259;-3,99395385733955;-3,3217977374888;-2,72007905507952;-2,13829182353672;-1,18500861275905;-1,85736416666674;-2,23882456322202;-2,86260508058283;-5,02140762454537;-5,09729664790047;-4,06960428105759;-3,34524631734356;-2,65932913921636;0,0616023919182442;0,0160928837337721;0,0388562224715487;0,0179218411707625;0,0385225292945519;0,00612082035677787;0,015699196058898;0,00918210322227181;-2,380020799351417;-0,01417388987953958;1;1;1;-3;-3;1;1;1;-13174,3417956833;NA;All
3110;1,88304088315069;2,84254900688767;2,29896849114977;2,50980797761203;2,71397452471025;2,28043562394877;2,41260264278576;2,44819771007298;2,45700793771892;1,97913013422064;1,92132520506502;1,63046728101526;1,43501376778664;4,90550357958464;1,52473550763761;1,76609058341847;1,91673558388257;1,51866759986513;1,93717807202571;1,61222558828219;-21,2493949166985;-3,79008603045278;-7,20969029393746;-8,51566303812501;-5,61065921085665;-5,62225021785504;-10,536537451225;-9,44246507450126;-6,41341979102222;-16,1050701691777;-11,9039710737268;-17,958603469274;-25,1241603258947;-42,2201109096562;-17,9934367568665;-15,1495215606078;-15,8921403085173;-20,6995455137417;-14,7704510396926;-19,5432018278614;2,68199219822906;1,52838389719892;1,55555567096163;0,906735395569924;0,505569093294629;0,505568510213577;0,542423295383888;0,645128743653648;0,999999654320567;0,839312184375599;0,686365732674007;0,484882772849465;0,338111817657018;-2,14551609259277;-2,4282524118668;-2,59869384510399;-3,05978324250474;-4,0610219701259;-3,99395385733955;-3,3217977374888;-2,72007905507952;-2,13829182353672;-1,18500861275905;-1,85736416666674;-2,23882456322202;-2,86260508058283;-5,02140762454537;-5,09729664790047;-4,06960428105759;-3,34524631734356;-2,65932913921636;0,0616023919182442;0,0160928837337721;0,0388562224715487;0,0179218411707625;0,0385225292945519;0,00612082035677787;0,015699196058898;0,00918210322227181;-1,805456195109817;-0,10103410560500078;1;1;1;-3;-3;1;1;1;-13174,4532036210;NA;All
3120;1,88304088315069;2,84254900688767;2,29896849114977;2,50980797761203;2,71397452471025;2,28043562394877;2,41260264278576;2,44819771007298;2,45700793771892;1,97913013422064;1,92132520506502;1,63046728101526;1,43501376778664;4,90550357958464;1,52473550763761;1,76609058341847;1,91673558388257;1,51866759986513;1,93717807202571;1,61222558828219;-21,2493949166985;-3,79008603045278;-7,20969029393746;-8,51566303812501;-5,61065921085665;-5,62225021785504;-10,536537451225;-9,44246507450126;-6,41341979102222;-16,1050701691777;-11,9039710737268;-17,958603469274;-25,1241603258947;-42,2201109096562;-17,9934367568665;-15,1495215606078;-15,8921403085173;-20,6995455137417;-14,7704510396926;-19,5432018278614;2,68199219822906;1,52838389719892;1,55555567096163;0,906735395569924;0,505569093294629;0,505568510213577;0,542423295383888;0,645128743653648;0,999999654320567;0,839312184375599;0,686365732674007;0,484882772849465;0,338111817657018;-2,14551609259277;-2,4282524118668;-2,59869384510399;-3,05978324250474;-4,0610219701259;-3,99395385733955;-3,3217977374888;-2,72007905507952;-2,13829182353672;-1,18500861275905;-1,85736416666674;-2,23882456322202;-2,86260508058283;-5,02140762454537;-5,09729664790047;-4,06960428105759;-3,34524631734356;-2,65932913921636;0,0616023919182442;0,0160928837337721;0,0388562224715487;0,0179218411707625;0,0385225292945519;0,00612082035677787;0,015699196058898;0,00918210322227181;-2,090150391230027;-0,19204840127628112;1;1;1;-3;-3;1;1;1;-13174,6324151620;NA;All
3130;1,88304088315069;2,84254900688767;2,29896849114977;2,50980797761203;2,71397452471025;2,28043562394877;2,41260264278576;2,44819771007298;2,45700793771892;1,97913013422064;1,92132520506502;1,63046728101526;1,43501376778664;4,90550357958464;1,52473550763761;1,76609058341847;1,91673558388257;1,51866759986513;1,93717807202571;1,61222558828219;-21,2493949166985;-3,79008603045278;-7,20969029393746;-8,51566303812501;-5,61065921085665;-5,62225021785504;-10,536537451225;-9,44246507450126;-6,41341979102222;-16,1050701691777;-11,9039710737268;-17,958603469274;-25,1241603258947;-42,2201109096562;-17,9934367568665;-15,1495215606078;-15,8921403085173;-20,6995455137417;-14,7704510396926;-19,5432018278614;2,68199219822906;1,52838389719892;1,55555567096163;0,906735395569924;0,505569093294629;0,505568510213577;0,542423295383888;0,645128743653648;0,999999654320567;0,839312184375599;0,686365732674007;0,484882772849465;0,338111817657018;-2,14551609259277;-2,4282524118668;-2,59869384510399;-3,05978324250474;-4,0610219701259;-3,99395385733955;-3,3217977374888;-2,72007905507952;-2,13829182353672;-1,18500861275905;-1,85736416666674;-2,23882456322202;-2,86260508058283;-5,02140762454537;-5,09729664790047;-4,06960428105759;-3,34524631734356;-2,65932913921636;0,0616023919182442;0,0160928837337721;0,0388562224715487;0,0179218411707625;0,0385225292945519;0,00612082035677787;0,015699196058898;0,00918210322227181;-2,025742185788985;-0,06690541417101194;1;1;1;-3;-3;1;1;1;-13174,3526836818;NA;All
3140;1,88304088315069;2,84254900688767;2,29896849114977;2,50980797761203;2,71397452471025;2,28043562394877;2,41260264278576;2,44819771007298;2,45700793771892;1,97913013422064;1,92132520506502;1,63046728101526;1,43501376778664;4,90550357958464;1,52473550763761;1,76609058341847;1,91673558388257;1,51866759986513;1,93717807202571;1,61222558828219;-21,2493949166985;-3,79008603045278;-7,20969029393746;-8,51566303812501;-5,61065921085665;-5,62225021785504;-10,536537451225;-9,44246507450126;-6,41341979102222;-16,1050701691777;-11,9039710737268;-17,958603469274;-25,1241603258947;-42,2201109096562;-17,9934367568665;-15,1495215606078;-15,8921403085173;-20,6995455137417;-14,7704510396926;-19,5432018278614;2,68199219822906;1,52838389719892;1,55555567096163;0,906735395569924;0,505569093294629;0,505568510213577;0,542423295383888;0,645128743653648;0,999999654320567;0,839312184375599;0,686365732674007;0,484882772849465;0,338111817657018;-2,14551609259277;-2,4282524118668;-2,59869384510399;-3,05978324250474;-4,0610219701259;-3,99395385733955;-3,3217977374888;-2,72007905507952;-2,13829182353672;-1,18500861275905;-1,85736416666674;-2,23882456322202;-2,86260508058283;-5,02140762454537;-5,09729664790047;-4,06960428105759;-3,34524631734356;-2,65932913921636;0,0616023919182442;0,0160928837337721;0,0388562224715487;0,0179218411707625;0,0385225292945519;0,00612082035677787;0,015699196058898;0,00918210322227181;-1,190070047875437;-0,09517982018655502;1;1;1;-3;-3;1;1;1;-13175,0044314790;NA;All
3150;1,88304088315069;2,84254900688767;2,29896849114977;2,50980797761203;2,71397452471025;2,28043562394877;2,41260264278576;2,44819771007298;2,45700793771892;1,97913013422064;1,92132520506502;1,63046728101526;1,43501376778664;4,90550357958464;1,52473550763761;1,76609058341847;1,91673558388257;1,51866759986513;1,93717807202571;1,61222558828219;-21,2493949166985;-3,79008603045278;-7,20969029393746;-8,51566303812501;-5,61065921085665;-5,62225021785504;-10,536537451225;-9,44246507450126;-6,41341979102222;-16,1050701691777;-11,9039710737268;-17,958603469274;-25,1241603258947;-42,2201109096562;-17,9934367568665;-15,1495215606078;-15,8921403085173;-20,6995455137417;-14,7704510396926;-19,5432018278614;2,68199219822906;1,52838389719892;1,55555567096163;0,906735395569924;0,505569093294629;0,505568510213577;0,542423295383888;0,645128743653648;0,999999654320567;0,839312184375599;0,686365732674007;0,484882772849465;0,338111817657018;-2,14551609259277;-2,4282524118668;-2,59869384510399;-3,05978324250474;-4,0610219701259;-3,99395385733955;-3,3217977374888;-2,72007905507952;-2,13829182353672;-1,18500861275905;-1,85736416666674;-2,23882456322202;-2,86260508058283;-5,02140762454537;-5,09729664790047;-4,06960428105759;-3,34524631734356;-2,65932913921636;0,0616023919182442;0,0160928837337721;0,0388562224715487;0,0179218411707625;0,0385225292945519;0,00612082035677787;0,015699196058898;0,00918210322227181;-2,211988925294965;0,01859487261763471;1;1;1;-3;-3;1;1;1;-13174,4670555224;NA;All
3160;1,88304088315069;2,84254900688767;2,29896849114977;2,50980797761203;2,71397452471025;2,28043562394877;2,41260264278576;2,44819771007298;2,45700793771892;1,97913013422064;1,92132520506502;1,63046728101526;1,43501376778664;4,90550357958464;1,52473550763761;1,76609058341847;1,91673558388257;1,51866759986513;1,93717807202571;1,61222558828219;-21,2493949166985;-3,79008603045278;-7,20969029393746;-8,51566303812501;-5,61065921085665;-5,62225021785504;-10,536537451225;-9,44246507450126;-6,41341979102222;-16,1050701691777;-11,9039710737268;-17,958603469274;-25,1241603258947;-42,2201109096562;-17,9934367568665;-15,1495215606078;-15,8921403085173;-20,6995455137417;-14,7704510396926;-19,5432018278614;2,68199219822906;1,52838389719892;1,55555567096163;0,906735395569924;0,505569093294629;0,505568510213577;0,542423295383888;0,645128743653648;0,999999654320567;0,839312184375599;0,686365732674007;0,484882772849465;0,338111817657018;-2,14551609259277;-2,4282524118668;-2,59869384510399;-3,05978324250474;-4,0610219701259;-3,99395385733955;-3,3217977374888;-2,72007905507952;-2,13829182353672;-1,18500861275905;-1,85736416666674;-2,23882456322202;-2,86260508058283;-5,02140762454537;-5,09729664790047;-4,06960428105759;-3,34524631734356;-2,65932913921636;0,0616023919182442;0,0160928837337721;0,0388562224715487;0,0179218411707625;0,0385225292945519;0,00612082035677787;0,015699196058898;0,00918210322227181;-2,497335561677962;-0,26136215135008278;1;1;1;-3;-3;1;1;1;-13174,8938038231;NA;All
3170;1,88304088315069;2,84254900688767;2,29896849114977;2,50980797761203;2,71397452471025;2,28043562394877;2,41260264278576;2,44819771007298;2,45700793771892;1,97913013422064;1,92132520506502;1,63046728101526;1,43501376778664;4,90550357958464;1,52473550763761;1,76609058341847;1,91673558388257;1,51866759986513;1,93717807202571;1,61222558828219;-21,2493949166985;-3,79008603045278;-7,20969029393746;-8,51566303812501;-5,61065921085665;-5,62225021785504;-10,536537451225;-9,44246507450126;-6,41341979102222;-16,1050701691777;-11,9039710737268;-17,958603469274;-25,1241603258947;-42,2201109096562;-17,9934367568665;-15,1495215606078;-15,8921403085173;-20,6995455137417;-14,7704510396926;-19,5432018278614;2,68199219822906;1,52838389719892;1,55555567096163;0,906735395569924;0,505569093294629;0,505568510213577;0,542423295383888;0,645128743653648;0,999999654320567;0,839312184375599;0,686365732674007;0,484882772849465;0,338111817657018;-2,14551609259277;-2,4282524118668;-2,59869384510399;-3,05978324250474;-4,0610219701259;-3,99395385733955;-3,3217977374888;-2,72007905507952;-2,13829182353672;-1,18500861275905;-1,85736416666674;-2,23882456322202;-2,86260508058283;-5,02140762454537;-5,09729664790047;-4,06960428105759;-3,34524631734356;-2,65932913921636;0,0616023919182442;0,0160928837337721;0,0388562224715487;0,0179218411707625;0,0385225292945519;0,00612082035677787;0,015699196058898;0,00918210322227181;-2,321061957312000;-0,07480540416760870;1;1;1;-3;-3;1;1;1;-13174,3054643890;NA;All
3180;1,88304088315069;2,84254900688767;2,29896849114977;2,50980797761203;2,71397452471025;2,28043562394877;2,41260264278576;2,44819771007298;2,45700793771892;1,97913013422064;1,92132520506502;1,63046728101526;1,43501376778664;4,90550357958464;1,52473550763761;1,76609058341847;1,91673558388257;1,51866759986513;1,93717807202571;1,61222558828219;-21,2493949166985;-3,79008603045278;-7,20969029393746;-8,51566303812501;-5,61065921085665;-5,62225021785504;-10,536537451225;-9,44246507450126;-6,41341979102222;-16,1050701691777;-11,9039710737268;-17,958603469274;-25,1241603258947;-42,2201109096562;-17,9934367568665;-15,1495215606078;-15,8921403085173;-20,6995455137417;-14,7704510396926;-19,5432018278614;2,68199219822906;1,52838389719892;1,55555567096163;0,906735395569924;0,505569093294629;0,505568510213577;0,542423295383888;0,645128743653648;0,999999654320567;0,839312184375599;0,686365732674007;0,484882772849465;0,338111817657018;-2,14551609259277;-2,4282524118668;-2,59869384510399;-3,05978324250474;-4,0610219701259;-3,99395385733955;-3,3217977374888;-2,72007905507952;-2,13829182353672;-1,18500861275905;-1,85736416666674;-2,23882456322202;-2,86260508058283;-5,02140762454537;-5,09729664790047;-4,06960428105759;-3,34524631734356;-2,65932913921636;0,0616023919182442;0,0160928837337721;0,0388562224715487;0,0179218411707625;0,0385225292945519;0,00612082035677787;0,015699196058898;0,00918210322227181;-2,050518021118921;-0,02148496071497173;1;1;1;-3;-3;1;1;1;-13174,3805271148;NA;All
3190;1,88304088315069;2,84254900688767;2,29896849114977;2,50980797761203;2,71397452471025;2,28043562394877;2,41260264278576;2,44819771007298;2,45700793771892;1,97913013422064;1,92132520506502;1,63046728101526;1,43501376778664;4,90550357958464;1,52473550763761;1,76609058341847;1,91673558388257;1,51866759986513;1,93717807202571;1,61222558828219;-21,2493949166985;-3,79008603045278;-7,20969029393746;-8,51566303812501;-5,61065921085665;-5,62225021785504;-10,536537451225;-9,44246507450126;-6,41341979102222;-16,1050701691777;-11,9039710737268;-17,958603469274;-25,1241603258947;-42,2201109096562;-17,9934367568665;-15,1495215606078;-15,8921403085173;-20,6995455137417;-14,7704510396926;-19,5432018278614;2,68199219822906;1,52838389719892;1,55555567096163;0,906735395569924;0,505569093294629;0,505568510213577;0,542423295383888;0,645128743653648;0,999999654320567;0,839312184375599;0,686365732674007;0,484882772849465;0,338111817657018;-2,14551609259277;-2,4282524118668;-2,59869384510399;-3,05978324250474;-4,0610219701259;-3,99395385733955;-3,3217977374888;-2,72007905507952;-2,13829182353672;-1,18500861275905;-1,85736416666674;-2,23882456322202;-2,86260508058283;-5,02140762454537;-5,09729664790047;-4,06960428105759;-3,34524631734356;-2,65932913921636;0,0616023919182442;0,0160928837337721;0,0388562224715487;0,0179218411707625;0,0385225292945519;0,00612082035677787;0,015699196058898;0,00918210322227181;-1,754980562706988;-0,29647657662780458;1;1;1;-3;-3;1;1;1;-13175,2176661872;NA;All
3200;1,88304088315069;2,84254900688767;2,29896849114977;2,50980797761203;2,71397452471025;2,28043562394877;2,41260264278576;2,44819771007298;2,45700793771892;1,97913013422064;1,92132520506502;1,63046728101526;1,43501376778664;4,90550357958464;1,52473550763761;1,76609058341847;1,91673558388257;1,51866759986513;1,93717807202571;1,61222558828219;-21,2493949166985;-3,79008603045278;-7,20969029393746;-8,51566303812501;-5,61065921085665;-5,62225021785504;-10,536537451225;-9,44246507450126;-6,41341979102222;-16,1050701691777;-11,9039710737268;-17,958603469274;-25,1241603258947;-42,2201109096562;-17,9934367568665;-15,1495215606078;-15,8921403085173;-20,6995455137417;-14,7704510396926;-19,5432018278614;2,68199219822906;1,52838389719892;1,55555567096163;0,906735395569924;0,505569093294629;0,505568510213577;0,542423295383888;0,645128743653648;0,999999654320567;0,839312184375599;0,686365732674007;0,484882772849465;0,338111817657018;-2,14551609259277;-2,4282524118668;-2,59869384510399;-3,05978324250474;-4,0610219701259;-3,99395385733955;-3,3217977374888;-2,72007905507952;-2,13829182353672;-1,18500861275905;-1,85736416666674;-2,23882456322202;-2,86260508058283;-5,02140762454537;-5,09729664790047;-4,06960428105759;-3,34524631734356;-2,65932913921636;0,0616023919182442;0,0160928837337721;0,0388562224715487;0,0179218411707625;0,0385225292945519;0,00612082035677787;0,015699196058898;0,00918210322227181;-1,166206716308493;-0,05992187574822266;1;1;1;-3;-3;1;1;1;-13175,0338705356;NA;All
3210;1,88304088315069;2,84254900688767;2,29896849114977;2,50980797761203;2,71397452471025;2,28043562394877;2,41260264278576;2,44819771007298;2,45700793771892;1,97913013422064;1,92132520506502;1,63046728101526;1,43501376778664;4,90550357958464;1,52473550763761;1,76609058341847;1,91673558388257;1,51866759986513;1,93717807202571;1,61222558828219;-21,2493949166985;-3,79008603045278;-7,20969029393746;-8,51566303812501;-5,61065921085665;-5,62225021785504;-10,536537451225;-9,44246507450126;-6,41341979102222;-16,1050701691777;-11,9039710737268;-17,958603469274;-25,1241603258947;-42,2201109096562;-17,9934367568665;-15,1495215606078;-15,8921403085173;-20,6995455137417;-14,7704510396926;-19,5432018278614;2,68199219822906;1,52838389719892;1,55555567096163;0,906735395569924;0,505569093294629;0,505568510213577;0,542423295383888;0,645128743653648;0,999999654320567;0,839312184375599;0,686365732674007;0,484882772849465;0,338111817657018;-2,14551609259277;-2,4282524118668;-2,59869384510399;-3,05978324250474;-4,0610219701259;-3,99395385733955;-3,3217977374888;-2,72007905507952;-2,13829182353672;-1,18500861275905;-1,85736416666674;-2,23882456322202;-2,86260508058283;-5,02140762454537;-5,09729664790047;-4,06960428105759;-3,34524631734356;-2,65932913921636;0,0616023919182442;0,0160928837337721;0,0388562224715487;0,0179218411707625;0,0385225292945519;0,00612082035677787;0,015699196058898;0,00918210322227181;-1,448360206980783;-0,13485367262085832;1;1;1;-3;-3;1;1;1;-13174,7428282670;NA;All
3220;1,88304088315069;2,84254900688767;2,29896849114977;2,50980797761203;2,71397452471025;2,28043562394877;2,41260264278576;2,44819771007298;2,45700793771892;1,97913013422064;1,92132520506502;1,63046728101526;1,43501376778664;4,90550357958464;1,52473550763761;1,76609058341847;1,91673558388257;1,51866759986513;1,93717807202571;1,61222558828219;-21,2493949166985;-3,79008603045278;-7,20969029393746;-8,51566303812501;-5,61065921085665;-5,62225021785504;-10,536537451225;-9,44246507450126;-6,41341979102222;-16,1050701691777;-11,9039710737268;-17,958603469274;-25,1241603258947;-42,2201109096562;-17,9934367568665;-15,1495215606078;-15,8921403085173;-20,6995455137417;-14,7704510396926;-19,5432018278614;2,68199219822906;1,52838389719892;1,55555567096163;0,906735395569924;0,505569093294629;0,505568510213577;0,542423295383888;0,645128743653648;0,999999654320567;0,839312184375599;0,686365732674007;0,484882772849465;0,338111817657018;-2,14551609259277;-2,4282524118668;-2,59869384510399;-3,05978324250474;-4,0610219701259;-3,99395385733955;-3,3217977374888;-2,72007905507952;-2,13829182353672;-1,18500861275905;-1,85736416666674;-2,23882456322202;-2,86260508058283;-5,02140762454537;-5,09729664790047;-4,06960428105759;-3,34524631734356;-2,65932913921636;0,0616023919182442;0,0160928837337721;0,0388562224715487;0,0179218411707625;0,0385225292945519;0,00612082035677787;0,015699196058898;0,00918210322227181;-2,864262041872904;-0,12844221841525957;1;1;1;-3;-3;1;1;1;-13174,3544122770;NA;All
3230;1,88304088315069;2,84254900688767;2,29896849114977;2,50980797761203;2,71397452471025;2,28043562394877;2,41260264278576;2,44819771007298;2,45700793771892;1,97913013422064;1,92132520506502;1,63046728101526;1,43501376778664;4,90550357958464;1,52473550763761;1,76609058341847;1,91673558388257;1,51866759986513;1,93717807202571;1,61222558828219;-21,2493949166985;-3,79008603045278;-7,20969029393746;-8,51566303812501;-5,61065921085665;-5,62225021785504;-10,536537451225;-9,44246507450126;-6,41341979102222;-16,1050701691777;-11,9039710737268;-17,958603469274;-25,1241603258947;-42,2201109096562;-17,9934367568665;-15,1495215606078;-15,8921403085173;-20,6995455137417;-14,7704510396926;-19,5432018278614;2,68199219822906;1,52838389719892;1,55555567096163;0,906735395569924;0,505569093294629;0,505568510213577;0,542423295383888;0,645128743653648;0,999999654320567;0,839312184375599;0,686365732674007;0,484882772849465;0,338111817657018;-2,14551609259277;-2,4282524118668;-2,59869384510399;-3,05978324250474;-4,0610219701259;-3,99395385733955;-3,3217977374888;-2,72007905507952;-2,13829182353672;-1,18500861275905;-1,85736416666674;-2,23882456322202;-2,86260508058283;-5,02140762454537;-5,09729664790047;-4,06960428105759;-3,34524631734356;-2,65932913921636;0,0616023919182442;0,0160928837337721;0,0388562224715487;0,0179218411707625;0,0385225292945519;0,00612082035677787;0,015699196058898;0,00918210322227181;-1,779615496141084;0,08594444055732456;1;1;1;-3;-3;1;1;1;-13175,0283127777;NA;All
3240;1,88304088315069;2,84254900688767;2,29896849114977;2,50980797761203;2,71397452471025;2,28043562394877;2,41260264278576;2,44819771007298;2,45700793771892;1,97913013422064;1,92132520506502;1,63046728101526;1,43501376778664;4,90550357958464;1,52473550763761;1,76609058341847;1,91673558388257;1,51866759986513;1,93717807202571;1,61222558828219;-21,2493949166985;-3,79008603045278;-7,20969029393746;-8,51566303812501;-5,61065921085665;-5,62225021785504;-10,536537451225;-9,44246507450126;-6,41341979102222;-16,1050701691777;-11,9039710737268;-17,958603469274;-25,1241603258947;-42,2201109096562;-17,9934367568665;-15,1495215606078;-15,8921403085173;-20,6995455137417;-14,7704510396926;-19,5432018278614;2,68199219822906;1,52838389719892;1,55555567096163;0,906735395569924;0,505569093294629;0,505568510213577;0,542423295383888;0,645128743653648;0,999999654320567;0,839312184375599;0,686365732674007;0,484882772849465;0,338111817657018;-2,14551609259277;-2,4282524118668;-2,59869384510399;-3,05978324250474;-4,0610219701259;-3,99395385733955;-3,3217977374888;-2,72007905507952;-2,13829182353672;-1,18500861275905;-1,85736416666674;-2,23882456322202;-2,86260508058283;-5,02140762454537;-5,09729664790047;-4,06960428105759;-3,34524631734356;-2,65932913921636;0,0616023919182442;0,0160928837337721;0,0388562224715487;0,0179218411707625;0,0385225292945519;0,00612082035677787;0,015699196058898;0,00918210322227181;-1,971363111976506;-0,50096670614168004;1;1;1;-3;-3;1;1;1;-13176,2798103663;NA;All
3250;1,88304088315069;2,84254900688767;2,29896849114977;2,50980797761203;2,71397452471025;2,28043562394877;2,41260264278576;2,44819771007298;2,45700793771892;1,97913013422064;1,92132520506502;1,63046728101526;1,43501376778664;4,90550357958464;1,52473550763761;1,76609058341847;1,91673558388257;1,51866759986513;1,93717807202571;1,61222558828219;-21,2493949166985;-3,79008603045278;-7,20969029393746;-8,51566303812501;-5,61065921085665;-5,62225021785504;-10,536537451225;-9,44246507450126;-6,41341979102222;-16,1050701691777;-11,9039710737268;-17,958603469274;-25,1241603258947;-42,2201109096562;-17,9934367568665;-15,1495215606078;-15,8921403085173;-20,6995455137417;-14,7704510396926;-19,5432018278614;2,68199219822906;1,52838389719892;1,55555567096163;0,906735395569924;0,505569093294629;0,505568510213577;0,542423295383888;0,645128743653648;0,999999654320567;0,839312184375599;0,686365732674007;0,484882772849465;0,338111817657018;-2,14551609259277;-2,4282524118668;-2,59869384510399;-3,05978324250474;-4,0610219701259;-3,99395385733955;-3,3217977374888;-2,72007905507952;-2,13829182353672;-1,18500861275905;-1,85736416666674;-2,23882456322202;-2,86260508058283;-5,02140762454537;-5,09729664790047;-4,06960428105759;-3,34524631734356;-2,65932913921636;0,0616023919182442;0,0160928837337721;0,0388562224715487;0,0179218411707625;0,0385225292945519;0,00612082035677787;0,015699196058898;0,00918210322227181;-3,410321110604415;-0,24582496924212183;1;1;1;-3;-3;1;1;1;-13174,7901433964;NA;All
3260;1,88304088315069;2,84254900688767;2,29896849114977;2,50980797761203;2,71397452471025;2,28043562394877;2,41260264278576;2,44819771007298;2,45700793771892;1,97913013422064;1,92132520506502;1,63046728101526;1,43501376778664;4,90550357958464;1,52473550763761;1,76609058341847;1,91673558388257;1,51866759986513;1,93717807202571;1,61222558828219;-21,2493949166985;-3,79008603045278;-7,20969029393746;-8,51566303812501;-5,61065921085665;-5,62225021785504;-10,536537451225;-9,44246507450126;-6,41341979102222;-16,1050701691777;-11,9039710737268;-17,958603469274;-25,1241603258947;-42,2201109096562;-17,9934367568665;-15,1495215606078;-15,8921403085173;-20,6995455137417;-14,7704510396926;-19,5432018278614;2,68199219822906;1,52838389719892;1,55555567096163;0,906735395569924;0,505569093294629;0,505568510213577;0,542423295383888;0,645128743653648;0,999999654320567;0,839312184375599;0,686365732674007;0,484882772849465;0,338111817657018;-2,14551609259277;-2,4282524118668;-2,59869384510399;-3,05978324250474;-4,0610219701259;-3,99395385733955;-3,3217977374888;-2,72007905507952;-2,13829182353672;-1,18500861275905;-1,85736416666674;-2,23882456322202;-2,86260508058283;-5,02140762454537;-5,09729664790047;-4,06960428105759;-3,34524631734356;-2,65932913921636;0,0616023919182442;0,0160928837337721;0,0388562224715487;0,0179218411707625;0,0385225292945519;0,00612082035677787;0,015699196058898;0,00918210322227181;-1,140035604980508;-0,19862526873297209;1;1;1;-3;-3;1;1;1;-13175,3616231130;NA;All
3270;1,88304088315069;2,84254900688767;2,29896849114977;2,50980797761203;2,71397452471025;2,28043562394877;2,41260264278576;2,44819771007298;2,45700793771892;1,97913013422064;1,92132520506502;1,63046728101526;1,43501376778664;4,90550357958464;1,52473550763761;1,76609058341847;1,91673558388257;1,51866759986513;1,93717807202571;1,61222558828219;-21,2493949166985;-3,79008603045278;-7,20969029393746;-8,51566303812501;-5,61065921085665;-5,62225021785504;-10,536537451225;-9,44246507450126;-6,41341979102222;-16,1050701691777;-11,9039710737268;-17,958603469274;-25,1241603258947;-42,2201109096562;-17,9934367568665;-15,1495215606078;-15,8921403085173;-20,6995455137417;-14,7704510396926;-19,5432018278614;2,68199219822906;1,52838389719892;1,55555567096163;0,906735395569924;0,505569093294629;0,505568510213577;0,542423295383888;0,645128743653648;0,999999654320567;0,839312184375599;0,686365732674007;0,484882772849465;0,338111817657018;-2,14551609259277;-2,4282524118668;-2,59869384510399;-3,05978324250474;-4,0610219701259;-3,99395385733955;-3,3217977374888;-2,72007905507952;-2,13829182353672;-1,18500861275905;-1,85736416666674;-2,23882456322202;-2,86260508058283;-5,02140762454537;-5,09729664790047;-4,06960428105759;-3,34524631734356;-2,65932913921636;0,0616023919182442;0,0160928837337721;0,0388562224715487;0,0179218411707625;0,0385225292945519;0,00612082035677787;0,015699196058898;0,00918210322227181;-1,439777580367513;-0,01349210057721005;1;1;1;-3;-3;1;1;1;-13174,7142108622;NA;All
3280;1,88304088315069;2,84254900688767;2,29896849114977;2,50980797761203;2,71397452471025;2,28043562394877;2,41260264278576;2,44819771007298;2,45700793771892;1,97913013422064;1,92132520506502;1,63046728101526;1,43501376778664;4,90550357958464;1,52473550763761;1,76609058341847;1,91673558388257;1,51866759986513;1,93717807202571;1,61222558828219;-21,2493949166985;-3,79008603045278;-7,20969029393746;-8,51566303812501;-5,61065921085665;-5,62225021785504;-10,536537451225;-9,44246507450126;-6,41341979102222;-16,1050701691777;-11,9039710737268;-17,958603469274;-25,1241603258947;-42,2201109096562;-17,9934367568665;-15,1495215606078;-15,8921403085173;-20,6995455137417;-14,7704510396926;-19,5432018278614;2,68199219822906;1,52838389719892;1,55555567096163;0,906735395569924;0,505569093294629;0,505568510213577;0,542423295383888;0,645128743653648;0,999999654320567;0,839312184375599;0,686365732674007;0,484882772849465;0,338111817657018;-2,14551609259277;-2,4282524118668;-2,59869384510399;-3,05978324250474;-4,0610219701259;-3,99395385733955;-3,3217977374888;-2,72007905507952;-2,13829182353672;-1,18500861275905;-1,85736416666674;-2,23882456322202;-2,86260508058283;-5,02140762454537;-5,09729664790047;-4,06960428105759;-3,34524631734356;-2,65932913921636;0,0616023919182442;0,0160928837337721;0,0388562224715487;0,0179218411707625;0,0385225292945519;0,00612082035677787;0,015699196058898;0,00918210322227181;-1,304402779735163;0,17755529949139745;1;1;1;-3;-3;1;1;1;-13176,6847267222;NA;All
3290;1,88304088315069;2,84254900688767;2,29896849114977;2,50980797761203;2,71397452471025;2,28043562394877;2,41260264278576;2,44819771007298;2,45700793771892;1,97913013422064;1,92132520506502;1,63046728101526;1,43501376778664;4,90550357958464;1,52473550763761;1,76609058341847;1,91673558388257;1,51866759986513;1,93717807202571;1,61222558828219;-21,2493949166985;-3,79008603045278;-7,20969029393746;-8,51566303812501;-5,61065921085665;-5,62225021785504;-10,536537451225;-9,44246507450126;-6,41341979102222;-16,1050701691777;-11,9039710737268;-17,958603469274;-25,1241603258947;-42,2201109096562;-17,9934367568665;-15,1495215606078;-15,8921403085173;-20,6995455137417;-14,7704510396926;-19,5432018278614;2,68199219822906;1,52838389719892;1,55555567096163;0,906735395569924;0,505569093294629;0,505568510213577;0,542423295383888;0,645128743653648;0,999999654320567;0,839312184375599;0,686365732674007;0,484882772849465;0,338111817657018;-2,14551609259277;-2,4282524118668;-2,59869384510399;-3,05978324250474;-4,0610219701259;-3,99395385733955;-3,3217977374888;-2,72007905507952;-2,13829182353672;-1,18500861275905;-1,85736416666674;-2,23882456322202;-2,86260508058283;-5,02140762454537;-5,09729664790047;-4,06960428105759;-3,34524631734356;-2,65932913921636;0,0616023919182442;0,0160928837337721;0,0388562224715487;0,0179218411707625;0,0385225292945519;0,00612082035677787;0,015699196058898;0,00918210322227181;-3,840011651683963;-0,07024418708344057;1;1;1;-3;-3;1;1;1;-13174,2525697317;NA;All
3300;1,88304088315069;2,84254900688767;2,29896849114977;2,50980797761203;2,71397452471025;2,28043562394877;2,41260264278576;2,44819771007298;2,45700793771892;1,97913013422064;1,92132520506502;1,63046728101526;1,43501376778664;4,90550357958464;1,52473550763761;1,76609058341847;1,91673558388257;1,51866759986513;1,93717807202571;1,61222558828219;-21,2493949166985;-3,79008603045278;-7,20969029393746;-8,51566303812501;-5,61065921085665;-5,62225021785504;-10,536537451225;-9,44246507450126;-6,41341979102222;-16,1050701691777;-11,9039710737268;-17,958603469274;-25,1241603258947;-42,2201109096562;-17,9934367568665;-15,1495215606078;-15,8921403085173;-20,6995455137417;-14,7704510396926;-19,5432018278614;2,68199219822906;1,52838389719892;1,55555567096163;0,906735395569924;0,505569093294629;0,505568510213577;0,542423295383888;0,645128743653648;0,999999654320567;0,839312184375599;0,686365732674007;0,484882772849465;0,338111817657018;-2,14551609259277;-2,4282524118668;-2,59869384510399;-3,05978324250474;-4,0610219701259;-3,99395385733955;-3,3217977374888;-2,72007905507952;-2,13829182353672;-1,18500861275905;-1,85736416666674;-2,23882456322202;-2,86260508058283;-5,02140762454537;-5,09729664790047;-4,06960428105759;-3,34524631734356;-2,65932913921636;0,0616023919182442;0,0160928837337721;0,0388562224715487;0,0179218411707625;0,0385225292945519;0,00612082035677787;0,015699196058898;0,00918210322227181;-2,230541551116571;0,15206124605030796;1;1;1;-3;-3;1;1;1;-13175,7025588153;NA;All
3310;1,88304088315069;2,84254900688767;2,29896849114977;2,50980797761203;2,71397452471025;2,28043562394877;2,41260264278576;2,44819771007298;2,45700793771892;1,97913013422064;1,92132520506502;1,63046728101526;1,43501376778664;4,90550357958464;1,52473550763761;1,76609058341847;1,91673558388257;1,51866759986513;1,93717807202571;1,61222558828219;-21,2493949166985;-3,79008603045278;-7,20969029393746;-8,51566303812501;-5,61065921085665;-5,62225021785504;-10,536537451225;-9,44246507450126;-6,41341979102222;-16,1050701691777;-11,9039710737268;-17,958603469274;-25,1241603258947;-42,2201109096562;-17,9934367568665;-15,1495215606078;-15,8921403085173;-20,6995455137417;-14,7704510396926;-19,5432018278614;2,68199219822906;1,52838389719892;1,55555567096163;0,906735395569924;0,505569093294629;0,505568510213577;0,542423295383888;0,645128743653648;0,999999654320567;0,839312184375599;0,686365732674007;0,484882772849465;0,338111817657018;-2,14551609259277;-2,4282524118668;-2,59869384510399;-3,05978324250474;-4,0610219701259;-3,99395385733955;-3,3217977374888;-2,72007905507952;-2,13829182353672;-1,18500861275905;-1,85736416666674;-2,23882456322202;-2,86260508058283;-5,02140762454537;-5,09729664790047;-4,06960428105759;-3,34524631734356;-2,65932913921636;0,0616023919182442;0,0160928837337721;0,0388562224715487;0,0179218411707625;0,0385225292945519;0,00612082035677787;0,015699196058898;0,00918210322227181;-2,059559821882986;-0,13933951451906004;1;1;1;-3;-3;1;1;1;-13174,4609380834;NA;All
3320;1,88304088315069;2,84254900688767;2,29896849114977;2,50980797761203;2,71397452471025;2,28043562394877;2,41260264278576;2,44819771007298;2,45700793771892;1,97913013422064;1,92132520506502;1,63046728101526;1,43501376778664;4,90550357958464;1,52473550763761;1,76609058341847;1,91673558388257;1,51866759986513;1,93717807202571;1,61222558828219;-21,2493949166985;-3,79008603045278;-7,20969029393746;-8,51566303812501;-5,61065921085665;-5,62225021785504;-10,536537451225;-9,44246507450126;-6,41341979102222;-16,1050701691777;-11,9039710737268;-17,958603469274;-25,1241603258947;-42,2201109096562;-17,9934367568665;-15,1495215606078;-15,8921403085173;-20,6995455137417;-14,7704510396926;-19,5432018278614;2,68199219822906;1,52838389719892;1,55555567096163;0,906735395569924;0,505569093294629;0,505568510213577;0,542423295383888;0,645128743653648;0,999999654320567;0,839312184375599;0,686365732674007;0,484882772849465;0,338111817657018;-2,14551609259277;-2,4282524118668;-2,59869384510399;-3,05978324250474;-4,0610219701259;-3,99395385733955;-3,3217977374888;-2,72007905507952;-2,13829182353672;-1,18500861275905;-1,85736416666674;-2,23882456322202;-2,86260508058283;-5,02140762454537;-5,09729664790047;-4,06960428105759;-3,34524631734356;-2,65932913921636;0,0616023919182442;0,0160928837337721;0,0388562224715487;0,0179218411707625;0,0385225292945519;0,00612082035677787;0,015699196058898;0,00918210322227181;-3,498663819434662;-0,07568902813179200;1;1;1;-3;-3;1;1;1;-13174,2572921476;NA;All
3330;1,88304088315069;2,84254900688767;2,29896849114977;2,50980797761203;2,71397452471025;2,28043562394877;2,41260264278576;2,44819771007298;2,45700793771892;1,97913013422064;1,92132520506502;1,63046728101526;1,43501376778664;4,90550357958464;1,52473550763761;1,76609058341847;1,91673558388257;1,51866759986513;1,93717807202571;1,61222558828219;-21,2493949166985;-3,79008603045278;-7,20969029393746;-8,51566303812501;-5,61065921085665;-5,62225021785504;-10,536537451225;-9,44246507450126;-6,41341979102222;-16,1050701691777;-11,9039710737268;-17,958603469274;-25,1241603258947;-42,2201109096562;-17,9934367568665;-15,1495215606078;-15,8921403085173;-20,6995455137417;-14,7704510396926;-19,5432018278614;2,68199219822906;1,52838389719892;1,55555567096163;0,906735395569924;0,505569093294629;0,505568510213577;0,542423295383888;0,645128743653648;0,999999654320567;0,839312184375599;0,686365732674007;0,484882772849465;0,338111817657018;-2,14551609259277;-2,4282524118668;-2,59869384510399;-3,05978324250474;-4,0610219701259;-3,99395385733955;-3,3217977374888;-2,72007905507952;-2,13829182353672;-1,18500861275905;-1,85736416666674;-2,23882456322202;-2,86260508058283;-5,02140762454537;-5,09729664790047;-4,06960428105759;-3,34524631734356;-2,65932913921636;0,0616023919182442;0,0160928837337721;0,0388562224715487;0,0179218411707625;0,0385225292945519;0,00612082035677787;0,015699196058898;0,00918210322227181;-3,428824887731837;0,01774527450018493;1;1;1;-3;-3;1;1;1;-13174,3979328872;NA;All
3340;1,88304088315069;2,84254900688767;2,29896849114977;2,50980797761203;2,71397452471025;2,28043562394877;2,41260264278576;2,44819771007298;2,45700793771892;1,97913013422064;1,92132520506502;1,63046728101526;1,43501376778664;4,90550357958464;1,52473550763761;1,76609058341847;1,91673558388257;1,51866759986513;1,93717807202571;1,61222558828219;-21,2493949166985;-3,79008603045278;-7,20969029393746;-8,51566303812501;-5,61065921085665;-5,62225021785504;-10,536537451225;-9,44246507450126;-6,41341979102222;-16,1050701691777;-11,9039710737268;-17,958603469274;-25,1241603258947;-42,2201109096562;-17,9934367568665;-15,1495215606078;-15,8921403085173;-20,6995455137417;-14,7704510396926;-19,5432018278614;2,68199219822906;1,52838389719892;1,55555567096163;0,906735395569924;0,505569093294629;0,505568510213577;0,542423295383888;0,645128743653648;0,999999654320567;0,839312184375599;0,686365732674007;0,484882772849465;0,338111817657018;-2,14551609259277;-2,4282524118668;-2,59869384510399;-3,05978324250474;-4,0610219701259;-3,99395385733955;-3,3217977374888;-2,72007905507952;-2,13829182353672;-1,18500861275905;-1,85736416666674;-2,23882456322202;-2,86260508058283;-5,02140762454537;-5,09729664790047;-4,06960428105759;-3,34524631734356;-2,65932913921636;0,0616023919182442;0,0160928837337721;0,0388562224715487;0,0179218411707625;0,0385225292945519;0,00612082035677787;0,015699196058898;0,00918210322227181;-1,424290097340094;-0,10215060252472248;1;1;1;-3;-3;1;1;1;-13174,7006179942;NA;All
3350;1,88304088315069;2,84254900688767;2,29896849114977;2,50980797761203;2,71397452471025;2,28043562394877;2,41260264278576;2,44819771007298;2,45700793771892;1,97913013422064;1,92132520506502;1,63046728101526;1,43501376778664;4,90550357958464;1,52473550763761;1,76609058341847;1,91673558388257;1,51866759986513;1,93717807202571;1,61222558828219;-21,2493949166985;-3,79008603045278;-7,20969029393746;-8,51566303812501;-5,61065921085665;-5,62225021785504;-10,536537451225;-9,44246507450126;-6,41341979102222;-16,1050701691777;-11,9039710737268;-17,958603469274;-25,1241603258947;-42,2201109096562;-17,9934367568665;-15,1495215606078;-15,8921403085173;-20,6995455137417;-14,7704510396926;-19,5432018278614;2,68199219822906;1,52838389719892;1,55555567096163;0,906735395569924;0,505569093294629;0,505568510213577;0,542423295383888;0,645128743653648;0,999999654320567;0,839312184375599;0,686365732674007;0,484882772849465;0,338111817657018;-2,14551609259277;-2,4282524118668;-2,59869384510399;-3,05978324250474;-4,0610219701259;-3,99395385733955;-3,3217977374888;-2,72007905507952;-2,13829182353672;-1,18500861275905;-1,85736416666674;-2,23882456322202;-2,86260508058283;-5,02140762454537;-5,09729664790047;-4,06960428105759;-3,34524631734356;-2,65932913921636;0,0616023919182442;0,0160928837337721;0,0388562224715487;0,0179218411707625;0,0385225292945519;0,00612082035677787;0,015699196058898;0,00918210322227181;-3,516952147109055;0,14981129894432732;1;1;1;-3;-3;1;1;1;-13175,6007432901;NA;All
3360;1,88304088315069;2,84254900688767;2,29896849114977;2,50980797761203;2,71397452471025;2,28043562394877;2,41260264278576;2,44819771007298;2,45700793771892;1,97913013422064;1,92132520506502;1,63046728101526;1,43501376778664;4,90550357958464;1,52473550763761;1,76609058341847;1,91673558388257;1,51866759986513;1,93717807202571;1,61222558828219;-21,2493949166985;-3,79008603045278;-7,20969029393746;-8,51566303812501;-5,61065921085665;-5,62225021785504;-10,536537451225;-9,44246507450126;-6,41341979102222;-16,1050701691777;-11,9039710737268;-17,958603469274;-25,1241603258947;-42,2201109096562;-17,9934367568665;-15,1495215606078;-15,8921403085173;-20,6995455137417;-14,7704510396926;-19,5432018278614;2,68199219822906;1,52838389719892;1,55555567096163;0,906735395569924;0,505569093294629;0,505568510213577;0,542423295383888;0,645128743653648;0,999999654320567;0,839312184375599;0,686365732674007;0,484882772849465;0,338111817657018;-2,14551609259277;-2,4282524118668;-2,59869384510399;-3,05978324250474;-4,0610219701259;-3,99395385733955;-3,3217977374888;-2,72007905507952;-2,13829182353672;-1,18500861275905;-1,85736416666674;-2,23882456322202;-2,86260508058283;-5,02140762454537;-5,09729664790047;-4,06960428105759;-3,34524631734356;-2,65932913921636;0,0616023919182442;0,0160928837337721;0,0388562224715487;0,0179218411707625;0,0385225292945519;0,00612082035677787;0,015699196058898;0,00918210322227181;-1,198706585450905;-0,74663062297266802;1;1;1;-3;-3;1;1;1;-13177,9619385696;NA;All
3370;1,88304088315069;2,84254900688767;2,29896849114977;2,50980797761203;2,71397452471025;2,28043562394877;2,41260264278576;2,44819771007298;2,45700793771892;1,97913013422064;1,92132520506502;1,63046728101526;1,43501376778664;4,90550357958464;1,52473550763761;1,76609058341847;1,91673558388257;1,51866759986513;1,93717807202571;1,61222558828219;-21,2493949166985;-3,79008603045278;-7,20969029393746;-8,51566303812501;-5,61065921085665;-5,62225021785504;-10,536537451225;-9,44246507450126;-6,41341979102222;-16,1050701691777;-11,9039710737268;-17,958603469274;-25,1241603258947;-42,2201109096562;-17,9934367568665;-15,1495215606078;-15,8921403085173;-20,6995455137417;-14,7704510396926;-19,5432018278614;2,68199219822906;1,52838389719892;1,55555567096163;0,906735395569924;0,505569093294629;0,505568510213577;0,542423295383888;0,645128743653648;0,999999654320567;0,839312184375599;0,686365732674007;0,484882772849465;0,338111817657018;-2,14551609259277;-2,4282524118668;-2,59869384510399;-3,05978324250474;-4,0610219701259;-3,99395385733955;-3,3217977374888;-2,72007905507952;-2,13829182353672;-1,18500861275905;-1,85736416666674;-2,23882456322202;-2,86260508058283;-5,02140762454537;-5,09729664790047;-4,06960428105759;-3,34524631734356;-2,65932913921636;0,0616023919182442;0,0160928837337721;0,0388562224715487;0,0179218411707625;0,0385225292945519;0,00612082035677787;0,015699196058898;0,00918210322227181;-3,298277247928189;-0,35748277929786698;1;1;1;-3;-3;1;1;1;-13175,3815589024;NA;All
3380;1,88304088315069;2,84254900688767;2,29896849114977;2,50980797761203;2,71397452471025;2,28043562394877;2,41260264278576;2,44819771007298;2,45700793771892;1,97913013422064;1,92132520506502;1,63046728101526;1,43501376778664;4,90550357958464;1,52473550763761;1,76609058341847;1,91673558388257;1,51866759986513;1,93717807202571;1,61222558828219;-21,2493949166985;-3,79008603045278;-7,20969029393746;-8,51566303812501;-5,61065921085665;-5,62225021785504;-10,536537451225;-9,44246507450126;-6,41341979102222;-16,1050701691777;-11,9039710737268;-17,958603469274;-25,1241603258947;-42,2201109096562;-17,9934367568665;-15,1495215606078;-15,8921403085173;-20,6995455137417;-14,7704510396926;-19,5432018278614;2,68199219822906;1,52838389719892;1,55555567096163;0,906735395569924;0,505569093294629;0,505568510213577;0,542423295383888;0,645128743653648;0,999999654320567;0,839312184375599;0,686365732674007;0,484882772849465;0,338111817657018;-2,14551609259277;-2,4282524118668;-2,59869384510399;-3,05978324250474;-4,0610219701259;-3,99395385733955;-3,3217977374888;-2,72007905507952;-2,13829182353672;-1,18500861275905;-1,85736416666674;-2,23882456322202;-2,86260508058283;-5,02140762454537;-5,09729664790047;-4,06960428105759;-3,34524631734356;-2,65932913921636;0,0616023919182442;0,0160928837337721;0,0388562224715487;0,0179218411707625;0,0385225292945519;0,00612082035677787;0,015699196058898;0,00918210322227181;-2,394992203585171;-0,07527040139370356;1;1;1;-3;-3;1;1;1;-13174,2973369648;NA;All
3390;1,88304088315069;2,84254900688767;2,29896849114977;2,50980797761203;2,71397452471025;2,28043562394877;2,41260264278576;2,44819771007298;2,45700793771892;1,97913013422064;1,92132520506502;1,63046728101526;1,43501376778664;4,90550357958464;1,52473550763761;1,76609058341847;1,91673558388257;1,51866759986513;1,93717807202571;1,61222558828219;-21,2493949166985;-3,79008603045278;-7,20969029393746;-8,51566303812501;-5,61065921085665;-5,62225021785504;-10,536537451225;-9,44246507450126;-6,41341979102222;-16,1050701691777;-11,9039710737268;-17,958603469274;-25,1241603258947;-42,2201109096562;-17,9934367568665;-15,1495215606078;-15,8921403085173;-20,6995455137417;-14,7704510396926;-19,5432018278614;2,68199219822906;1,52838389719892;1,55555567096163;0,906735395569924;0,505569093294629;0,505568510213577;0,542423295383888;0,645128743653648;0,999999654320567;0,839312184375599;0,686365732674007;0,484882772849465;0,338111817657018;-2,14551609259277;-2,4282524118668;-2,59869384510399;-3,05978324250474;-4,0610219701259;-3,99395385733955;-3,3217977374888;-2,72007905507952;-2,13829182353672;-1,18500861275905;-1,85736416666674;-2,23882456322202;-2,86260508058283;-5,02140762454537;-5,09729664790047;-4,06960428105759;-3,34524631734356;-2,65932913921636;0,0616023919182442;0,0160928837337721;0,0388562224715487;0,0179218411707625;0,0385225292945519;0,00612082035677787;0,015699196058898;0,00918210322227181;-3,710601965997012;-0,20960134260978244;1;1;1;-3;-3;1;1;1;-13174,6229693245;NA;All
3400;1,88304088315069;2,84254900688767;2,29896849114977;2,50980797761203;2,71397452471025;2,28043562394877;2,41260264278576;2,44819771007298;2,45700793771892;1,97913013422064;1,92132520506502;1,63046728101526;1,43501376778664;4,90550357958464;1,52473550763761;1,76609058341847;1,91673558388257;1,51866759986513;1,93717807202571;1,61222558828219;-21,2493949166985;-3,79008603045278;-7,20969029393746;-8,51566303812501;-5,61065921085665;-5,62225021785504;-10,536537451225;-9,44246507450126;-6,41341979102222;-16,1050701691777;-11,9039710737268;-17,958603469274;-25,1241603258947;-42,2201109096562;-17,9934367568665;-15,1495215606078;-15,8921403085173;-20,6995455137417;-14,7704510396926;-19,5432018278614;2,68199219822906;1,52838389719892;1,55555567096163;0,906735395569924;0,505569093294629;0,505568510213577;0,542423295383888;0,645128743653648;0,999999654320567;0,839312184375599;0,686365732674007;0,484882772849465;0,338111817657018;-2,14551609259277;-2,4282524118668;-2,59869384510399;-3,05978324250474;-4,0610219701259;-3,99395385733955;-3,3217977374888;-2,72007905507952;-2,13829182353672;-1,18500861275905;-1,85736416666674;-2,23882456322202;-2,86260508058283;-5,02140762454537;-5,09729664790047;-4,06960428105759;-3,34524631734356;-2,65932913921636;0,0616023919182442;0,0160928837337721;0,0388562224715487;0,0179218411707625;0,0385225292945519;0,00612082035677787;0,015699196058898;0,00918210322227181;-2,261855955161241;-0,20769556698071967;1;1;1;-3;-3;1;1;1;-13174,6688203374;NA;All
3410;1,88304088315069;2,84254900688767;2,29896849114977;2,50980797761203;2,71397452471025;2,28043562394877;2,41260264278576;2,44819771007298;2,45700793771892;1,97913013422064;1,92132520506502;1,63046728101526;1,43501376778664;4,90550357958464;1,52473550763761;1,76609058341847;1,91673558388257;1,51866759986513;1,93717807202571;1,61222558828219;-21,2493949166985;-3,79008603045278;-7,20969029393746;-8,51566303812501;-5,61065921085665;-5,62225021785504;-10,536537451225;-9,44246507450126;-6,41341979102222;-16,1050701691777;-11,9039710737268;-17,958603469274;-25,1241603258947;-42,2201109096562;-17,9934367568665;-15,1495215606078;-15,8921403085173;-20,6995455137417;-14,7704510396926;-19,5432018278614;2,68199219822906;1,52838389719892;1,55555567096163;0,906735395569924;0,505569093294629;0,505568510213577;0,542423295383888;0,645128743653648;0,999999654320567;0,839312184375599;0,686365732674007;0,484882772849465;0,338111817657018;-2,14551609259277;-2,4282524118668;-2,59869384510399;-3,05978324250474;-4,0610219701259;-3,99395385733955;-3,3217977374888;-2,72007905507952;-2,13829182353672;-1,18500861275905;-1,85736416666674;-2,23882456322202;-2,86260508058283;-5,02140762454537;-5,09729664790047;-4,06960428105759;-3,34524631734356;-2,65932913921636;0,0616023919182442;0,0160928837337721;0,0388562224715487;0,0179218411707625;0,0385225292945519;0,00612082035677787;0,015699196058898;0,00918210322227181;-2,089330951196786;-0,23337770013028319;1;1;1;-3;-3;1;1;1;-13174,8098016006;NA;All
3420;1,88304088315069;2,84254900688767;2,29896849114977;2,50980797761203;2,71397452471025;2,28043562394877;2,41260264278576;2,44819771007298;2,45700793771892;1,97913013422064;1,92132520506502;1,63046728101526;1,43501376778664;4,90550357958464;1,52473550763761;1,76609058341847;1,91673558388257;1,51866759986513;1,93717807202571;1,61222558828219;-21,2493949166985;-3,79008603045278;-7,20969029393746;-8,51566303812501;-5,61065921085665;-5,62225021785504;-10,536537451225;-9,44246507450126;-6,41341979102222;-16,1050701691777;-11,9039710737268;-17,958603469274;-25,1241603258947;-42,2201109096562;-17,9934367568665;-15,1495215606078;-15,8921403085173;-20,6995455137417;-14,7704510396926;-19,5432018278614;2,68199219822906;1,52838389719892;1,55555567096163;0,906735395569924;0,505569093294629;0,505568510213577;0,542423295383888;0,645128743653648;0,999999654320567;0,839312184375599;0,686365732674007;0,484882772849465;0,338111817657018;-2,14551609259277;-2,4282524118668;-2,59869384510399;-3,05978324250474;-4,0610219701259;-3,99395385733955;-3,3217977374888;-2,72007905507952;-2,13829182353672;-1,18500861275905;-1,85736416666674;-2,23882456322202;-2,86260508058283;-5,02140762454537;-5,09729664790047;-4,06960428105759;-3,34524631734356;-2,65932913921636;0,0616023919182442;0,0160928837337721;0,0388562224715487;0,0179218411707625;0,0385225292945519;0,00612082035677787;0,015699196058898;0,00918210322227181;-1,747644811819908;0,00820797831201919;1;1;1;-3;-3;1;1;1;-13174,5624012615;NA;All
3430;1,88304088315069;2,84254900688767;2,29896849114977;2,50980797761203;2,71397452471025;2,28043562394877;2,41260264278576;2,44819771007298;2,45700793771892;1,97913013422064;1,92132520506502;1,63046728101526;1,43501376778664;4,90550357958464;1,52473550763761;1,76609058341847;1,91673558388257;1,51866759986513;1,93717807202571;1,61222558828219;-21,2493949166985;-3,79008603045278;-7,20969029393746;-8,51566303812501;-5,61065921085665;-5,62225021785504;-10,536537451225;-9,44246507450126;-6,41341979102222;-16,1050701691777;-11,9039710737268;-17,958603469274;-25,1241603258947;-42,2201109096562;-17,9934367568665;-15,1495215606078;-15,8921403085173;-20,6995455137417;-14,7704510396926;-19,5432018278614;2,68199219822906;1,52838389719892;1,55555567096163;0,906735395569924;0,505569093294629;0,505568510213577;0,542423295383888;0,645128743653648;0,999999654320567;0,839312184375599;0,686365732674007;0,484882772849465;0,338111817657018;-2,14551609259277;-2,4282524118668;-2,59869384510399;-3,05978324250474;-4,0610219701259;-3,99395385733955;-3,3217977374888;-2,72007905507952;-2,13829182353672;-1,18500861275905;-1,85736416666674;-2,23882456322202;-2,86260508058283;-5,02140762454537;-5,09729664790047;-4,06960428105759;-3,34524631734356;-2,65932913921636;0,0616023919182442;0,0160928837337721;0,0388562224715487;0,0179218411707625;0,0385225292945519;0,00612082035677787;0,015699196058898;0,00918210322227181;-1,069096833961608;-0,04123273789546252;1;1;1;-3;-3;1;1;1;-13175,2578571807;NA;All
3440;1,88304088315069;2,84254900688767;2,29896849114977;2,50980797761203;2,71397452471025;2,28043562394877;2,41260264278576;2,44819771007298;2,45700793771892;1,97913013422064;1,92132520506502;1,63046728101526;1,43501376778664;4,90550357958464;1,52473550763761;1,76609058341847;1,91673558388257;1,51866759986513;1,93717807202571;1,61222558828219;-21,2493949166985;-3,79008603045278;-7,20969029393746;-8,51566303812501;-5,61065921085665;-5,62225021785504;-10,536537451225;-9,44246507450126;-6,41341979102222;-16,1050701691777;-11,9039710737268;-17,958603469274;-25,1241603258947;-42,2201109096562;-17,9934367568665;-15,1495215606078;-15,8921403085173;-20,6995455137417;-14,7704510396926;-19,5432018278614;2,68199219822906;1,52838389719892;1,55555567096163;0,906735395569924;0,505569093294629;0,505568510213577;0,542423295383888;0,645128743653648;0,999999654320567;0,839312184375599;0,686365732674007;0,484882772849465;0,338111817657018;-2,14551609259277;-2,4282524118668;-2,59869384510399;-3,05978324250474;-4,0610219701259;-3,99395385733955;-3,3217977374888;-2,72007905507952;-2,13829182353672;-1,18500861275905;-1,85736416666674;-2,23882456322202;-2,86260508058283;-5,02140762454537;-5,09729664790047;-4,06960428105759;-3,34524631734356;-2,65932913921636;0,0616023919182442;0,0160928837337721;0,0388562224715487;0,0179218411707625;0,0385225292945519;0,00612082035677787;0,015699196058898;0,00918210322227181;-3,764584633859290;-0,28181508502682112;1;1;1;-3;-3;1;1;1;-13174,9677029277;NA;All
3450;1,88304088315069;2,84254900688767;2,29896849114977;2,50980797761203;2,71397452471025;2,28043562394877;2,41260264278576;2,44819771007298;2,45700793771892;1,97913013422064;1,92132520506502;1,63046728101526;1,43501376778664;4,90550357958464;1,52473550763761;1,76609058341847;1,91673558388257;1,51866759986513;1,93717807202571;1,61222558828219;-21,2493949166985;-3,79008603045278;-7,20969029393746;-8,51566303812501;-5,61065921085665;-5,62225021785504;-10,536537451225;-9,44246507450126;-6,41341979102222;-16,1050701691777;-11,9039710737268;-17,958603469274;-25,1241603258947;-42,2201109096562;-17,9934367568665;-15,1495215606078;-15,8921403085173;-20,6995455137417;-14,7704510396926;-19,5432018278614;2,68199219822906;1,52838389719892;1,55555567096163;0,906735395569924;0,505569093294629;0,505568510213577;0,542423295383888;0,645128743653648;0,999999654320567;0,839312184375599;0,686365732674007;0,484882772849465;0,338111817657018;-2,14551609259277;-2,4282524118668;-2,59869384510399;-3,05978324250474;-4,0610219701259;-3,99395385733955;-3,3217977374888;-2,72007905507952;-2,13829182353672;-1,18500861275905;-1,85736416666674;-2,23882456322202;-2,86260508058283;-5,02140762454537;-5,09729664790047;-4,06960428105759;-3,34524631734356;-2,65932913921636;0,0616023919182442;0,0160928837337721;0,0388562224715487;0,0179218411707625;0,0385225292945519;0,00612082035677787;0,015699196058898;0,00918210322227181;-3,649488067359518;-0,21759015105640880;1;1;1;-3;-3;1;1;1;-13174,6582515869;NA;All
3460;1,88304088315069;2,84254900688767;2,29896849114977;2,50980797761203;2,71397452471025;2,28043562394877;2,41260264278576;2,44819771007298;2,45700793771892;1,97913013422064;1,92132520506502;1,63046728101526;1,43501376778664;4,90550357958464;1,52473550763761;1,76609058341847;1,91673558388257;1,51866759986513;1,93717807202571;1,61222558828219;-21,2493949166985;-3,79008603045278;-7,20969029393746;-8,51566303812501;-5,61065921085665;-5,62225021785504;-10,536537451225;-9,44246507450126;-6,41341979102222;-16,1050701691777;-11,9039710737268;-17,958603469274;-25,1241603258947;-42,2201109096562;-17,9934367568665;-15,1495215606078;-15,8921403085173;-20,6995455137417;-14,7704510396926;-19,5432018278614;2,68199219822906;1,52838389719892;1,55555567096163;0,906735395569924;0,505569093294629;0,505568510213577;0,542423295383888;0,645128743653648;0,999999654320567;0,839312184375599;0,686365732674007;0,484882772849465;0,338111817657018;-2,14551609259277;-2,4282524118668;-2,59869384510399;-3,05978324250474;-4,0610219701259;-3,99395385733955;-3,3217977374888;-2,72007905507952;-2,13829182353672;-1,18500861275905;-1,85736416666674;-2,23882456322202;-2,86260508058283;-5,02140762454537;-5,09729664790047;-4,06960428105759;-3,34524631734356;-2,65932913921636;0,0616023919182442;0,0160928837337721;0,0388562224715487;0,0179218411707625;0,0385225292945519;0,00612082035677787;0,015699196058898;0,00918210322227181;-2,617680614866615;-0,15315378033273722;1;1;1;-3;-3;1;1;1;-13174,4344193122;NA;All
3470;1,88304088315069;2,84254900688767;2,29896849114977;2,50980797761203;2,71397452471025;2,28043562394877;2,41260264278576;2,44819771007298;2,45700793771892;1,97913013422064;1,92132520506502;1,63046728101526;1,43501376778664;4,90550357958464;1,52473550763761;1,76609058341847;1,91673558388257;1,51866759986513;1,93717807202571;1,61222558828219;-21,2493949166985;-3,79008603045278;-7,20969029393746;-8,51566303812501;-5,61065921085665;-5,62225021785504;-10,536537451225;-9,44246507450126;-6,41341979102222;-16,1050701691777;-11,9039710737268;-17,958603469274;-25,1241603258947;-42,2201109096562;-17,9934367568665;-15,1495215606078;-15,8921403085173;-20,6995455137417;-14,7704510396926;-19,5432018278614;2,68199219822906;1,52838389719892;1,55555567096163;0,906735395569924;0,505569093294629;0,505568510213577;0,542423295383888;0,645128743653648;0,999999654320567;0,839312184375599;0,686365732674007;0,484882772849465;0,338111817657018;-2,14551609259277;-2,4282524118668;-2,59869384510399;-3,05978324250474;-4,0610219701259;-3,99395385733955;-3,3217977374888;-2,72007905507952;-2,13829182353672;-1,18500861275905;-1,85736416666674;-2,23882456322202;-2,86260508058283;-5,02140762454537;-5,09729664790047;-4,06960428105759;-3,34524631734356;-2,65932913921636;0,0616023919182442;0,0160928837337721;0,0388562224715487;0,0179218411707625;0,0385225292945519;0,00612082035677787;0,015699196058898;0,00918210322227181;-3,950192001268452;0,03061294375096396;1;1;1;-3;-3;1;1;1;-13174,4521203853;NA;All
3480;1,88304088315069;2,84254900688767;2,29896849114977;2,50980797761203;2,71397452471025;2,28043562394877;2,41260264278576;2,44819771007298;2,45700793771892;1,97913013422064;1,92132520506502;1,63046728101526;1,43501376778664;4,90550357958464;1,52473550763761;1,76609058341847;1,91673558388257;1,51866759986513;1,93717807202571;1,61222558828219;-21,2493949166985;-3,79008603045278;-7,20969029393746;-8,51566303812501;-5,61065921085665;-5,62225021785504;-10,536537451225;-9,44246507450126;-6,41341979102222;-16,1050701691777;-11,9039710737268;-17,958603469274;-25,1241603258947;-42,2201109096562;-17,9934367568665;-15,1495215606078;-15,8921403085173;-20,6995455137417;-14,7704510396926;-19,5432018278614;2,68199219822906;1,52838389719892;1,55555567096163;0,906735395569924;0,505569093294629;0,505568510213577;0,542423295383888;0,645128743653648;0,999999654320567;0,839312184375599;0,686365732674007;0,484882772849465;0,338111817657018;-2,14551609259277;-2,4282524118668;-2,59869384510399;-3,05978324250474;-4,0610219701259;-3,99395385733955;-3,3217977374888;-2,72007905507952;-2,13829182353672;-1,18500861275905;-1,85736416666674;-2,23882456322202;-2,86260508058283;-5,02140762454537;-5,09729664790047;-4,06960428105759;-3,34524631734356;-2,65932913921636;0,0616023919182442;0,0160928837337721;0,0388562224715487;0,0179218411707625;0,0385225292945519;0,00612082035677787;0,015699196058898;0,00918210322227181;-3,690186300349271;-0,02067934488902518;1;1;1;-3;-3;1;1;1;-13174,2843790883;NA;All
3490;1,88304088315069;2,84254900688767;2,29896849114977;2,50980797761203;2,71397452471025;2,28043562394877;2,41260264278576;2,44819771007298;2,45700793771892;1,97913013422064;1,92132520506502;1,63046728101526;1,43501376778664;4,90550357958464;1,52473550763761;1,76609058341847;1,91673558388257;1,51866759986513;1,93717807202571;1,61222558828219;-21,2493949166985;-3,79008603045278;-7,20969029393746;-8,51566303812501;-5,61065921085665;-5,62225021785504;-10,536537451225;-9,44246507450126;-6,41341979102222;-16,1050701691777;-11,9039710737268;-17,958603469274;-25,1241603258947;-42,2201109096562;-17,9934367568665;-15,1495215606078;-15,8921403085173;-20,6995455137417;-14,7704510396926;-19,5432018278614;2,68199219822906;1,52838389719892;1,55555567096163;0,906735395569924;0,505569093294629;0,505568510213577;0,542423295383888;0,645128743653648;0,999999654320567;0,839312184375599;0,686365732674007;0,484882772849465;0,338111817657018;-2,14551609259277;-2,4282524118668;-2,59869384510399;-3,05978324250474;-4,0610219701259;-3,99395385733955;-3,3217977374888;-2,72007905507952;-2,13829182353672;-1,18500861275905;-1,85736416666674;-2,23882456322202;-2,86260508058283;-5,02140762454537;-5,09729664790047;-4,06960428105759;-3,34524631734356;-2,65932913921636;0,0616023919182442;0,0160928837337721;0,0388562224715487;0,0179218411707625;0,0385225292945519;0,00612082035677787;0,015699196058898;0,00918210322227181;-2,484349727860307;0,07517404001807046;1;1;1;-3;-3;1;1;1;-13174,7776658865;NA;All
3500;1,88304088315069;2,84254900688767;2,29896849114977;2,50980797761203;2,71397452471025;2,28043562394877;2,41260264278576;2,44819771007298;2,45700793771892;1,97913013422064;1,92132520506502;1,63046728101526;1,43501376778664;4,90550357958464;1,52473550763761;1,76609058341847;1,91673558388257;1,51866759986513;1,93717807202571;1,61222558828219;-21,2493949166985;-3,79008603045278;-7,20969029393746;-8,51566303812501;-5,61065921085665;-5,62225021785504;-10,536537451225;-9,44246507450126;-6,41341979102222;-16,1050701691777;-11,9039710737268;-17,958603469274;-25,1241603258947;-42,2201109096562;-17,9934367568665;-15,1495215606078;-15,8921403085173;-20,6995455137417;-14,7704510396926;-19,5432018278614;2,68199219822906;1,52838389719892;1,55555567096163;0,906735395569924;0,505569093294629;0,505568510213577;0,542423295383888;0,645128743653648;0,999999654320567;0,839312184375599;0,686365732674007;0,484882772849465;0,338111817657018;-2,14551609259277;-2,4282524118668;-2,59869384510399;-3,05978324250474;-4,0610219701259;-3,99395385733955;-3,3217977374888;-2,72007905507952;-2,13829182353672;-1,18500861275905;-1,85736416666674;-2,23882456322202;-2,86260508058283;-5,02140762454537;-5,09729664790047;-4,06960428105759;-3,34524631734356;-2,65932913921636;0,0616023919182442;0,0160928837337721;0,0388562224715487;0,0179218411707625;0,0385225292945519;0,00612082035677787;0,015699196058898;0,00918210322227181;-1,078845146813932;-0,14162476008476738;1;1;1;-3;-3;1;1;1;-13175,3105246746;NA;All
3510;1,88304088315069;2,84254900688767;2,29896849114977;2,50980797761203;2,71397452471025;2,28043562394877;2,41260264278576;2,44819771007298;2,45700793771892;1,97913013422064;1,92132520506502;1,63046728101526;1,43501376778664;4,90550357958464;1,52473550763761;1,76609058341847;1,91673558388257;1,51866759986513;1,93717807202571;1,61222558828219;-21,2493949166985;-3,79008603045278;-7,20969029393746;-8,51566303812501;-5,61065921085665;-5,62225021785504;-10,536537451225;-9,44246507450126;-6,41341979102222;-16,1050701691777;-11,9039710737268;-17,958603469274;-25,1241603258947;-42,2201109096562;-17,9934367568665;-15,1495215606078;-15,8921403085173;-20,6995455137417;-14,7704510396926;-19,5432018278614;2,68199219822906;1,52838389719892;1,55555567096163;0,906735395569924;0,505569093294629;0,505568510213577;0,542423295383888;0,645128743653648;0,999999654320567;0,839312184375599;0,686365732674007;0,484882772849465;0,338111817657018;-2,14551609259277;-2,4282524118668;-2,59869384510399;-3,05978324250474;-4,0610219701259;-3,99395385733955;-3,3217977374888;-2,72007905507952;-2,13829182353672;-1,18500861275905;-1,85736416666674;-2,23882456322202;-2,86260508058283;-5,02140762454537;-5,09729664790047;-4,06960428105759;-3,34524631734356;-2,65932913921636;0,0616023919182442;0,0160928837337721;0,0388562224715487;0,0179218411707625;0,0385225292945519;0,00612082035677787;0,015699196058898;0,00918210322227181;-0,716190536721581;-0,05209263975725595;1;1;1;-3;-3;1;1;1;-13176,6377492689;NA;All
3520;1,88304088315069;2,84254900688767;2,29896849114977;2,50980797761203;2,71397452471025;2,28043562394877;2,41260264278576;2,44819771007298;2,45700793771892;1,97913013422064;1,92132520506502;1,63046728101526;1,43501376778664;4,90550357958464;1,52473550763761;1,76609058341847;1,91673558388257;1,51866759986513;1,93717807202571;1,61222558828219;-21,2493949166985;-3,79008603045278;-7,20969029393746;-8,51566303812501;-5,61065921085665;-5,62225021785504;-10,536537451225;-9,44246507450126;-6,41341979102222;-16,1050701691777;-11,9039710737268;-17,958603469274;-25,1241603258947;-42,2201109096562;-17,9934367568665;-15,1495215606078;-15,8921403085173;-20,6995455137417;-14,7704510396926;-19,5432018278614;2,68199219822906;1,52838389719892;1,55555567096163;0,906735395569924;0,505569093294629;0,505568510213577;0,542423295383888;0,645128743653648;0,999999654320567;0,839312184375599;0,686365732674007;0,484882772849465;0,338111817657018;-2,14551609259277;-2,4282524118668;-2,59869384510399;-3,05978324250474;-4,0610219701259;-3,99395385733955;-3,3217977374888;-2,72007905507952;-2,13829182353672;-1,18500861275905;-1,85736416666674;-2,23882456322202;-2,86260508058283;-5,02140762454537;-5,09729664790047;-4,06960428105759;-3,34524631734356;-2,65932913921636;0,0616023919182442;0,0160928837337721;0,0388562224715487;0,0179218411707625;0,0385225292945519;0,00612082035677787;0,015699196058898;0,00918210322227181;-3,851414520247794;-0,00905698084834160;1;1;1;-3;-3;1;1;1;-13174,3084831619;NA;All
3530;1,88304088315069;2,84254900688767;2,29896849114977;2,50980797761203;2,71397452471025;2,28043562394877;2,41260264278576;2,44819771007298;2,45700793771892;1,97913013422064;1,92132520506502;1,63046728101526;1,43501376778664;4,90550357958464;1,52473550763761;1,76609058341847;1,91673558388257;1,51866759986513;1,93717807202571;1,61222558828219;-21,2493949166985;-3,79008603045278;-7,20969029393746;-8,51566303812501;-5,61065921085665;-5,62225021785504;-10,536537451225;-9,44246507450126;-6,41341979102222;-16,1050701691777;-11,9039710737268;-17,958603469274;-25,1241603258947;-42,2201109096562;-17,9934367568665;-15,1495215606078;-15,8921403085173;-20,6995455137417;-14,7704510396926;-19,5432018278614;2,68199219822906;1,52838389719892;1,55555567096163;0,906735395569924;0,505569093294629;0,505568510213577;0,542423295383888;0,645128743653648;0,999999654320567;0,839312184375599;0,686365732674007;0,484882772849465;0,338111817657018;-2,14551609259277;-2,4282524118668;-2,59869384510399;-3,05978324250474;-4,0610219701259;-3,99395385733955;-3,3217977374888;-2,72007905507952;-2,13829182353672;-1,18500861275905;-1,85736416666674;-2,23882456322202;-2,86260508058283;-5,02140762454537;-5,09729664790047;-4,06960428105759;-3,34524631734356;-2,65932913921636;0,0616023919182442;0,0160928837337721;0,0388562224715487;0,0179218411707625;0,0385225292945519;0,00612082035677787;0,015699196058898;0,00918210322227181;-3,720891755222904;-0,09920837424589048;1;1;1;-3;-3;1;1;1;-13174,2830003896;NA;All
3540;1,88304088315069;2,84254900688767;2,29896849114977;2,50980797761203;2,71397452471025;2,28043562394877;2,41260264278576;2,44819771007298;2,45700793771892;1,97913013422064;1,92132520506502;1,63046728101526;1,43501376778664;4,90550357958464;1,52473550763761;1,76609058341847;1,91673558388257;1,51866759986513;1,93717807202571;1,61222558828219;-21,2493949166985;-3,79008603045278;-7,20969029393746;-8,51566303812501;-5,61065921085665;-5,62225021785504;-10,536537451225;-9,44246507450126;-6,41341979102222;-16,1050701691777;-11,9039710737268;-17,958603469274;-25,1241603258947;-42,2201109096562;-17,9934367568665;-15,1495215606078;-15,8921403085173;-20,6995455137417;-14,7704510396926;-19,5432018278614;2,68199219822906;1,52838389719892;1,55555567096163;0,906735395569924;0,505569093294629;0,505568510213577;0,542423295383888;0,645128743653648;0,999999654320567;0,839312184375599;0,686365732674007;0,484882772849465;0,338111817657018;-2,14551609259277;-2,4282524118668;-2,59869384510399;-3,05978324250474;-4,0610219701259;-3,99395385733955;-3,3217977374888;-2,72007905507952;-2,13829182353672;-1,18500861275905;-1,85736416666674;-2,23882456322202;-2,86260508058283;-5,02140762454537;-5,09729664790047;-4,06960428105759;-3,34524631734356;-2,65932913921636;0,0616023919182442;0,0160928837337721;0,0388562224715487;0,0179218411707625;0,0385225292945519;0,00612082035677787;0,015699196058898;0,00918210322227181;-1,004177582793703;-0,12349923061210888;1;1;1;-3;-3;1;1;1;-13175,4604984091;NA;All
3550;1,88304088315069;2,84254900688767;2,29896849114977;2,50980797761203;2,71397452471025;2,28043562394877;2,41260264278576;2,44819771007298;2,45700793771892;1,97913013422064;1,92132520506502;1,63046728101526;1,43501376778664;4,90550357958464;1,52473550763761;1,76609058341847;1,91673558388257;1,51866759986513;1,93717807202571;1,61222558828219;-21,2493949166985;-3,79008603045278;-7,20969029393746;-8,51566303812501;-5,61065921085665;-5,62225021785504;-10,536537451225;-9,44246507450126;-6,41341979102222;-16,1050701691777;-11,9039710737268;-17,958603469274;-25,1241603258947;-42,2201109096562;-17,9934367568665;-15,1495215606078;-15,8921403085173;-20,6995455137417;-14,7704510396926;-19,5432018278614;2,68199219822906;1,52838389719892;1,55555567096163;0,906735395569924;0,505569093294629;0,505568510213577;0,542423295383888;0,645128743653648;0,999999654320567;0,839312184375599;0,686365732674007;0,484882772849465;0,338111817657018;-2,14551609259277;-2,4282524118668;-2,59869384510399;-3,05978324250474;-4,0610219701259;-3,99395385733955;-3,3217977374888;-2,72007905507952;-2,13829182353672;-1,18500861275905;-1,85736416666674;-2,23882456322202;-2,86260508058283;-5,02140762454537;-5,09729664790047;-4,06960428105759;-3,34524631734356;-2,65932913921636;0,0616023919182442;0,0160928837337721;0,0388562224715487;0,0179218411707625;0,0385225292945519;0,00612082035677787;0,015699196058898;0,00918210322227181;-3,438012989714017;-0,20051255850206853;1;1;1;-3;-3;1;1;1;-13174,5867742190;NA;All
3560;1,88304088315069;2,84254900688767;2,29896849114977;2,50980797761203;2,71397452471025;2,28043562394877;2,41260264278576;2,44819771007298;2,45700793771892;1,97913013422064;1,92132520506502;1,63046728101526;1,43501376778664;4,90550357958464;1,52473550763761;1,76609058341847;1,91673558388257;1,51866759986513;1,93717807202571;1,61222558828219;-21,2493949166985;-3,79008603045278;-7,20969029393746;-8,51566303812501;-5,61065921085665;-5,62225021785504;-10,536537451225;-9,44246507450126;-6,41341979102222;-16,1050701691777;-11,9039710737268;-17,958603469274;-25,1241603258947;-42,2201109096562;-17,9934367568665;-15,1495215606078;-15,8921403085173;-20,6995455137417;-14,7704510396926;-19,5432018278614;2,68199219822906;1,52838389719892;1,55555567096163;0,906735395569924;0,505569093294629;0,505568510213577;0,542423295383888;0,645128743653648;0,999999654320567;0,839312184375599;0,686365732674007;0,484882772849465;0,338111817657018;-2,14551609259277;-2,4282524118668;-2,59869384510399;-3,05978324250474;-4,0610219701259;-3,99395385733955;-3,3217977374888;-2,72007905507952;-2,13829182353672;-1,18500861275905;-1,85736416666674;-2,23882456322202;-2,86260508058283;-5,02140762454537;-5,09729664790047;-4,06960428105759;-3,34524631734356;-2,65932913921636;0,0616023919182442;0,0160928837337721;0,0388562224715487;0,0179218411707625;0,0385225292945519;0,00612082035677787;0,015699196058898;0,00918210322227181;-2,329711399726384;-0,25976919592159808;1;1;1;-3;-3;1;1;1;-13174,9011809364;NA;All
3570;1,88304088315069;2,84254900688767;2,29896849114977;2,50980797761203;2,71397452471025;2,28043562394877;2,41260264278576;2,44819771007298;2,45700793771892;1,97913013422064;1,92132520506502;1,63046728101526;1,43501376778664;4,90550357958464;1,52473550763761;1,76609058341847;1,91673558388257;1,51866759986513;1,93717807202571;1,61222558828219;-21,2493949166985;-3,79008603045278;-7,20969029393746;-8,51566303812501;-5,61065921085665;-5,62225021785504;-10,536537451225;-9,44246507450126;-6,41341979102222;-16,1050701691777;-11,9039710737268;-17,958603469274;-25,1241603258947;-42,2201109096562;-17,9934367568665;-15,1495215606078;-15,8921403085173;-20,6995455137417;-14,7704510396926;-19,5432018278614;2,68199219822906;1,52838389719892;1,55555567096163;0,906735395569924;0,505569093294629;0,505568510213577;0,542423295383888;0,645128743653648;0,999999654320567;0,839312184375599;0,686365732674007;0,484882772849465;0,338111817657018;-2,14551609259277;-2,4282524118668;-2,59869384510399;-3,05978324250474;-4,0610219701259;-3,99395385733955;-3,3217977374888;-2,72007905507952;-2,13829182353672;-1,18500861275905;-1,85736416666674;-2,23882456322202;-2,86260508058283;-5,02140762454537;-5,09729664790047;-4,06960428105759;-3,34524631734356;-2,65932913921636;0,0616023919182442;0,0160928837337721;0,0388562224715487;0,0179218411707625;0,0385225292945519;0,00612082035677787;0,015699196058898;0,00918210322227181;-2,591678097709015;-0,10278230553090978;1;1;1;-3;-3;1;1;1;-13174,3138608846;NA;All
3580;1,88304088315069;2,84254900688767;2,29896849114977;2,50980797761203;2,71397452471025;2,28043562394877;2,41260264278576;2,44819771007298;2,45700793771892;1,97913013422064;1,92132520506502;1,63046728101526;1,43501376778664;4,90550357958464;1,52473550763761;1,76609058341847;1,91673558388257;1,51866759986513;1,93717807202571;1,61222558828219;-21,2493949166985;-3,79008603045278;-7,20969029393746;-8,51566303812501;-5,61065921085665;-5,62225021785504;-10,536537451225;-9,44246507450126;-6,41341979102222;-16,1050701691777;-11,9039710737268;-17,958603469274;-25,1241603258947;-42,2201109096562;-17,9934367568665;-15,1495215606078;-15,8921403085173;-20,6995455137417;-14,7704510396926;-19,5432018278614;2,68199219822906;1,52838389719892;1,55555567096163;0,906735395569924;0,505569093294629;0,505568510213577;0,542423295383888;0,645128743653648;0,999999654320567;0,839312184375599;0,686365732674007;0,484882772849465;0,338111817657018;-2,14551609259277;-2,4282524118668;-2,59869384510399;-3,05978324250474;-4,0610219701259;-3,99395385733955;-3,3217977374888;-2,72007905507952;-2,13829182353672;-1,18500861275905;-1,85736416666674;-2,23882456322202;-2,86260508058283;-5,02140762454537;-5,09729664790047;-4,06960428105759;-3,34524631734356;-2,65932913921636;0,0616023919182442;0,0160928837337721;0,0388562224715487;0,0179218411707625;0,0385225292945519;0,00612082035677787;0,015699196058898;0,00918210322227181;-1,809612436451237;-0,01295961978114313;1;1;1;-3;-3;1;1;1;-13174,4730655523;NA;All
3590;1,88304088315069;2,84254900688767;2,29896849114977;2,50980797761203;2,71397452471025;2,28043562394877;2,41260264278576;2,44819771007298;2,45700793771892;1,97913013422064;1,92132520506502;1,63046728101526;1,43501376778664;4,90550357958464;1,52473550763761;1,76609058341847;1,91673558388257;1,51866759986513;1,93717807202571;1,61222558828219;-21,2493949166985;-3,79008603045278;-7,20969029393746;-8,51566303812501;-5,61065921085665;-5,62225021785504;-10,536537451225;-9,44246507450126;-6,41341979102222;-16,1050701691777;-11,9039710737268;-17,958603469274;-25,1241603258947;-42,2201109096562;-17,9934367568665;-15,1495215606078;-15,8921403085173;-20,6995455137417;-14,7704510396926;-19,5432018278614;2,68199219822906;1,52838389719892;1,55555567096163;0,906735395569924;0,505569093294629;0,505568510213577;0,542423295383888;0,645128743653648;0,999999654320567;0,839312184375599;0,686365732674007;0,484882772849465;0,338111817657018;-2,14551609259277;-2,4282524118668;-2,59869384510399;-3,05978324250474;-4,0610219701259;-3,99395385733955;-3,3217977374888;-2,72007905507952;-2,13829182353672;-1,18500861275905;-1,85736416666674;-2,23882456322202;-2,86260508058283;-5,02140762454537;-5,09729664790047;-4,06960428105759;-3,34524631734356;-2,65932913921636;0,0616023919182442;0,0160928837337721;0,0388562224715487;0,0179218411707625;0,0385225292945519;0,00612082035677787;0,015699196058898;0,00918210322227181;-3,726650636956804;-0,23550019534090624;1;1;1;-3;-3;1;1;1;-13174,7390875850;NA;All
3600;1,88304088315069;2,84254900688767;2,29896849114977;2,50980797761203;2,71397452471025;2,28043562394877;2,41260264278576;2,44819771007298;2,45700793771892;1,97913013422064;1,92132520506502;1,63046728101526;1,43501376778664;4,90550357958464;1,52473550763761;1,76609058341847;1,91673558388257;1,51866759986513;1,93717807202571;1,61222558828219;-21,2493949166985;-3,79008603045278;-7,20969029393746;-8,51566303812501;-5,61065921085665;-5,62225021785504;-10,536537451225;-9,44246507450126;-6,41341979102222;-16,1050701691777;-11,9039710737268;-17,958603469274;-25,1241603258947;-42,2201109096562;-17,9934367568665;-15,1495215606078;-15,8921403085173;-20,6995455137417;-14,7704510396926;-19,5432018278614;2,68199219822906;1,52838389719892;1,55555567096163;0,906735395569924;0,505569093294629;0,505568510213577;0,542423295383888;0,645128743653648;0,999999654320567;0,839312184375599;0,686365732674007;0,484882772849465;0,338111817657018;-2,14551609259277;-2,4282524118668;-2,59869384510399;-3,05978324250474;-4,0610219701259;-3,99395385733955;-3,3217977374888;-2,72007905507952;-2,13829182353672;-1,18500861275905;-1,85736416666674;-2,23882456322202;-2,86260508058283;-5,02140762454537;-5,09729664790047;-4,06960428105759;-3,34524631734356;-2,65932913921636;0,0616023919182442;0,0160928837337721;0,0388562224715487;0,0179218411707625;0,0385225292945519;0,00612082035677787;0,015699196058898;0,00918210322227181;-3,417355668962332;-0,04220802749780406;1;1;1;-3;-3;1;1;1;-13174,2586242537;NA;All
3610;1,88304088315069;2,84254900688767;2,29896849114977;2,50980797761203;2,71397452471025;2,28043562394877;2,41260264278576;2,44819771007298;2,45700793771892;1,97913013422064;1,92132520506502;1,63046728101526;1,43501376778664;4,90550357958464;1,52473550763761;1,76609058341847;1,91673558388257;1,51866759986513;1,93717807202571;1,61222558828219;-21,2493949166985;-3,79008603045278;-7,20969029393746;-8,51566303812501;-5,61065921085665;-5,62225021785504;-10,536537451225;-9,44246507450126;-6,41341979102222;-16,1050701691777;-11,9039710737268;-17,958603469274;-25,1241603258947;-42,2201109096562;-17,9934367568665;-15,1495215606078;-15,8921403085173;-20,6995455137417;-14,7704510396926;-19,5432018278614;2,68199219822906;1,52838389719892;1,55555567096163;0,906735395569924;0,505569093294629;0,505568510213577;0,542423295383888;0,645128743653648;0,999999654320567;0,839312184375599;0,686365732674007;0,484882772849465;0,338111817657018;-2,14551609259277;-2,4282524118668;-2,59869384510399;-3,05978324250474;-4,0610219701259;-3,99395385733955;-3,3217977374888;-2,72007905507952;-2,13829182353672;-1,18500861275905;-1,85736416666674;-2,23882456322202;-2,86260508058283;-5,02140762454537;-5,09729664790047;-4,06960428105759;-3,34524631734356;-2,65932913921636;0,0616023919182442;0,0160928837337721;0,0388562224715487;0,0179218411707625;0,0385225292945519;0,00612082035677787;0,015699196058898;0,00918210322227181;-1,566887418121407;-0,13863496673816986;1;1;1;-3;-3;1;1;1;-13174,6578137577;NA;All
3620;1,88304088315069;2,84254900688767;2,29896849114977;2,50980797761203;2,71397452471025;2,28043562394877;2,41260264278576;2,44819771007298;2,45700793771892;1,97913013422064;1,92132520506502;1,63046728101526;1,43501376778664;4,90550357958464;1,52473550763761;1,76609058341847;1,91673558388257;1,51866759986513;1,93717807202571;1,61222558828219;-21,2493949166985;-3,79008603045278;-7,20969029393746;-8,51566303812501;-5,61065921085665;-5,62225021785504;-10,536537451225;-9,44246507450126;-6,41341979102222;-16,1050701691777;-11,9039710737268;-17,958603469274;-25,1241603258947;-42,2201109096562;-17,9934367568665;-15,1495215606078;-15,8921403085173;-20,6995455137417;-14,7704510396926;-19,5432018278614;2,68199219822906;1,52838389719892;1,55555567096163;0,906735395569924;0,505569093294629;0,505568510213577;0,542423295383888;0,645128743653648;0,999999654320567;0,839312184375599;0,686365732674007;0,484882772849465;0,338111817657018;-2,14551609259277;-2,4282524118668;-2,59869384510399;-3,05978324250474;-4,0610219701259;-3,99395385733955;-3,3217977374888;-2,72007905507952;-2,13829182353672;-1,18500861275905;-1,85736416666674;-2,23882456322202;-2,86260508058283;-5,02140762454537;-5,09729664790047;-4,06960428105759;-3,34524631734356;-2,65932913921636;0,0616023919182442;0,0160928837337721;0,0388562224715487;0,0179218411707625;0,0385225292945519;0,00612082035677787;0,015699196058898;0,00918210322227181;-2,952695111932856;-0,30188695378382374;1;1;1;-3;-3;1;1;1;-13175,0826161683;NA;All
3630;1,88304088315069;2,84254900688767;2,29896849114977;2,50980797761203;2,71397452471025;2,28043562394877;2,41260264278576;2,44819771007298;2,45700793771892;1,97913013422064;1,92132520506502;1,63046728101526;1,43501376778664;4,90550357958464;1,52473550763761;1,76609058341847;1,91673558388257;1,51866759986513;1,93717807202571;1,61222558828219;-21,2493949166985;-3,79008603045278;-7,20969029393746;-8,51566303812501;-5,61065921085665;-5,62225021785504;-10,536537451225;-9,44246507450126;-6,41341979102222;-16,1050701691777;-11,9039710737268;-17,958603469274;-25,1241603258947;-42,2201109096562;-17,9934367568665;-15,1495215606078;-15,8921403085173;-20,6995455137417;-14,7704510396926;-19,5432018278614;2,68199219822906;1,52838389719892;1,55555567096163;0,906735395569924;0,505569093294629;0,505568510213577;0,542423295383888;0,645128743653648;0,999999654320567;0,839312184375599;0,686365732674007;0,484882772849465;0,338111817657018;-2,14551609259277;-2,4282524118668;-2,59869384510399;-3,05978324250474;-4,0610219701259;-3,99395385733955;-3,3217977374888;-2,72007905507952;-2,13829182353672;-1,18500861275905;-1,85736416666674;-2,23882456322202;-2,86260508058283;-5,02140762454537;-5,09729664790047;-4,06960428105759;-3,34524631734356;-2,65932913921636;0,0616023919182442;0,0160928837337721;0,0388562224715487;0,0179218411707625;0,0385225292945519;0,00612082035677787;0,015699196058898;0,00918210322227181;-2,629030691490505;0,01677422209894516;1;1;1;-3;-3;1;1;1;-13174,4166240462;NA;All
3640;1,88304088315069;2,84254900688767;2,29896849114977;2,50980797761203;2,71397452471025;2,28043562394877;2,41260264278576;2,44819771007298;2,45700793771892;1,97913013422064;1,92132520506502;1,63046728101526;1,43501376778664;4,90550357958464;1,52473550763761;1,76609058341847;1,91673558388257;1,51866759986513;1,93717807202571;1,61222558828219;-21,2493949166985;-3,79008603045278;-7,20969029393746;-8,51566303812501;-5,61065921085665;-5,62225021785504;-10,536537451225;-9,44246507450126;-6,41341979102222;-16,1050701691777;-11,9039710737268;-17,958603469274;-25,1241603258947;-42,2201109096562;-17,9934367568665;-15,1495215606078;-15,8921403085173;-20,6995455137417;-14,7704510396926;-19,5432018278614;2,68199219822906;1,52838389719892;1,55555567096163;0,906735395569924;0,505569093294629;0,505568510213577;0,542423295383888;0,645128743653648;0,999999654320567;0,839312184375599;0,686365732674007;0,484882772849465;0,338111817657018;-2,14551609259277;-2,4282524118668;-2,59869384510399;-3,05978324250474;-4,0610219701259;-3,99395385733955;-3,3217977374888;-2,72007905507952;-2,13829182353672;-1,18500861275905;-1,85736416666674;-2,23882456322202;-2,86260508058283;-5,02140762454537;-5,09729664790047;-4,06960428105759;-3,34524631734356;-2,65932913921636;0,0616023919182442;0,0160928837337721;0,0388562224715487;0,0179218411707625;0,0385225292945519;0,00612082035677787;0,015699196058898;0,00918210322227181;-1,361273420637086;0,09966179282484738;1;1;1;-3;-3;1;1;1;-13175,4933966914;NA;All
3650;1,88304088315069;2,84254900688767;2,29896849114977;2,50980797761203;2,71397452471025;2,28043562394877;2,41260264278576;2,44819771007298;2,45700793771892;1,97913013422064;1,92132520506502;1,63046728101526;1,43501376778664;4,90550357958464;1,52473550763761;1,76609058341847;1,91673558388257;1,51866759986513;1,93717807202571;1,61222558828219;-21,2493949166985;-3,79008603045278;-7,20969029393746;-8,51566303812501;-5,61065921085665;-5,62225021785504;-10,536537451225;-9,44246507450126;-6,41341979102222;-16,1050701691777;-11,9039710737268;-17,958603469274;-25,1241603258947;-42,2201109096562;-17,9934367568665;-15,1495215606078;-15,8921403085173;-20,6995455137417;-14,7704510396926;-19,5432018278614;2,68199219822906;1,52838389719892;1,55555567096163;0,906735395569924;0,505569093294629;0,505568510213577;0,542423295383888;0,645128743653648;0,999999654320567;0,839312184375599;0,686365732674007;0,484882772849465;0,338111817657018;-2,14551609259277;-2,4282524118668;-2,59869384510399;-3,05978324250474;-4,0610219701259;-3,99395385733955;-3,3217977374888;-2,72007905507952;-2,13829182353672;-1,18500861275905;-1,85736416666674;-2,23882456322202;-2,86260508058283;-5,02140762454537;-5,09729664790047;-4,06960428105759;-3,34524631734356;-2,65932913921636;0,0616023919182442;0,0160928837337721;0,0388562224715487;0,0179218411707625;0,0385225292945519;0,00612082035677787;0,015699196058898;0,00918210322227181;-2,962921191273117;-0,19669576495949792;1;1;1;-3;-3;1;1;1;-13174,5784545745;NA;All
3660;1,88304088315069;2,84254900688767;2,29896849114977;2,50980797761203;2,71397452471025;2,28043562394877;2,41260264278576;2,44819771007298;2,45700793771892;1,97913013422064;1,92132520506502;1,63046728101526;1,43501376778664;4,90550357958464;1,52473550763761;1,76609058341847;1,91673558388257;1,51866759986513;1,93717807202571;1,61222558828219;-21,2493949166985;-3,79008603045278;-7,20969029393746;-8,51566303812501;-5,61065921085665;-5,62225021785504;-10,536537451225;-9,44246507450126;-6,41341979102222;-16,1050701691777;-11,9039710737268;-17,958603469274;-25,1241603258947;-42,2201109096562;-17,9934367568665;-15,1495215606078;-15,8921403085173;-20,6995455137417;-14,7704510396926;-19,5432018278614;2,68199219822906;1,52838389719892;1,55555567096163;0,906735395569924;0,505569093294629;0,505568510213577;0,542423295383888;0,645128743653648;0,999999654320567;0,839312184375599;0,686365732674007;0,484882772849465;0,338111817657018;-2,14551609259277;-2,4282524118668;-2,59869384510399;-3,05978324250474;-4,0610219701259;-3,99395385733955;-3,3217977374888;-2,72007905507952;-2,13829182353672;-1,18500861275905;-1,85736416666674;-2,23882456322202;-2,86260508058283;-5,02140762454537;-5,09729664790047;-4,06960428105759;-3,34524631734356;-2,65932913921636;0,0616023919182442;0,0160928837337721;0,0388562224715487;0,0179218411707625;0,0385225292945519;0,00612082035677787;0,015699196058898;0,00918210322227181;-2,830083717029527;-0,02751471050501385;1;1;1;-3;-3;1;1;1;-13174,2872616458;NA;All
3670;1,88304088315069;2,84254900688767;2,29896849114977;2,50980797761203;2,71397452471025;2,28043562394877;2,41260264278576;2,44819771007298;2,45700793771892;1,97913013422064;1,92132520506502;1,63046728101526;1,43501376778664;4,90550357958464;1,52473550763761;1,76609058341847;1,91673558388257;1,51866759986513;1,93717807202571;1,61222558828219;-21,2493949166985;-3,79008603045278;-7,20969029393746;-8,51566303812501;-5,61065921085665;-5,62225021785504;-10,536537451225;-9,44246507450126;-6,41341979102222;-16,1050701691777;-11,9039710737268;-17,958603469274;-25,1241603258947;-42,2201109096562;-17,9934367568665;-15,1495215606078;-15,8921403085173;-20,6995455137417;-14,7704510396926;-19,5432018278614;2,68199219822906;1,52838389719892;1,55555567096163;0,906735395569924;0,505569093294629;0,505568510213577;0,542423295383888;0,645128743653648;0,999999654320567;0,839312184375599;0,686365732674007;0,484882772849465;0,338111817657018;-2,14551609259277;-2,4282524118668;-2,59869384510399;-3,05978324250474;-4,0610219701259;-3,99395385733955;-3,3217977374888;-2,72007905507952;-2,13829182353672;-1,18500861275905;-1,85736416666674;-2,23882456322202;-2,86260508058283;-5,02140762454537;-5,09729664790047;-4,06960428105759;-3,34524631734356;-2,65932913921636;0,0616023919182442;0,0160928837337721;0,0388562224715487;0,0179218411707625;0,0385225292945519;0,00612082035677787;0,015699196058898;0,00918210322227181;-2,396568420544409;-0,09033470406350870;1;1;1;-3;-3;1;1;1;-13174,3113854114;NA;All
3680;1,88304088315069;2,84254900688767;2,29896849114977;2,50980797761203;2,71397452471025;2,28043562394877;2,41260264278576;2,44819771007298;2,45700793771892;1,97913013422064;1,92132520506502;1,63046728101526;1,43501376778664;4,90550357958464;1,52473550763761;1,76609058341847;1,91673558388257;1,51866759986513;1,93717807202571;1,61222558828219;-21,2493949166985;-3,79008603045278;-7,20969029393746;-8,51566303812501;-5,61065921085665;-5,62225021785504;-10,536537451225;-9,44246507450126;-6,41341979102222;-16,1050701691777;-11,9039710737268;-17,958603469274;-25,1241603258947;-42,2201109096562;-17,9934367568665;-15,1495215606078;-15,8921403085173;-20,6995455137417;-14,7704510396926;-19,5432018278614;2,68199219822906;1,52838389719892;1,55555567096163;0,906735395569924;0,505569093294629;0,505568510213577;0,542423295383888;0,645128743653648;0,999999654320567;0,839312184375599;0,686365732674007;0,484882772849465;0,338111817657018;-2,14551609259277;-2,4282524118668;-2,59869384510399;-3,05978324250474;-4,0610219701259;-3,99395385733955;-3,3217977374888;-2,72007905507952;-2,13829182353672;-1,18500861275905;-1,85736416666674;-2,23882456322202;-2,86260508058283;-5,02140762454537;-5,09729664790047;-4,06960428105759;-3,34524631734356;-2,65932913921636;0,0616023919182442;0,0160928837337721;0,0388562224715487;0,0179218411707625;0,0385225292945519;0,00612082035677787;0,015699196058898;0,00918210322227181;-2,696747254017532;0,07574706857470020;1;1;1;-3;-3;1;1;1;-13174,7670638736;NA;All
3690;1,88304088315069;2,84254900688767;2,29896849114977;2,50980797761203;2,71397452471025;2,28043562394877;2,41260264278576;2,44819771007298;2,45700793771892;1,97913013422064;1,92132520506502;1,63046728101526;1,43501376778664;4,90550357958464;1,52473550763761;1,76609058341847;1,91673558388257;1,51866759986513;1,93717807202571;1,61222558828219;-21,2493949166985;-3,79008603045278;-7,20969029393746;-8,51566303812501;-5,61065921085665;-5,62225021785504;-10,536537451225;-9,44246507450126;-6,41341979102222;-16,1050701691777;-11,9039710737268;-17,958603469274;-25,1241603258947;-42,2201109096562;-17,9934367568665;-15,1495215606078;-15,8921403085173;-20,6995455137417;-14,7704510396926;-19,5432018278614;2,68199219822906;1,52838389719892;1,55555567096163;0,906735395569924;0,505569093294629;0,505568510213577;0,542423295383888;0,645128743653648;0,999999654320567;0,839312184375599;0,686365732674007;0,484882772849465;0,338111817657018;-2,14551609259277;-2,4282524118668;-2,59869384510399;-3,05978324250474;-4,0610219701259;-3,99395385733955;-3,3217977374888;-2,72007905507952;-2,13829182353672;-1,18500861275905;-1,85736416666674;-2,23882456322202;-2,86260508058283;-5,02140762454537;-5,09729664790047;-4,06960428105759;-3,34524631734356;-2,65932913921636;0,0616023919182442;0,0160928837337721;0,0388562224715487;0,0179218411707625;0,0385225292945519;0,00612082035677787;0,015699196058898;0,00918210322227181;-1,811466794037971;-0,09488449010645830;1;1;1;-3;-3;1;1;1;-13174,4418985003;NA;All
3700;1,88304088315069;2,84254900688767;2,29896849114977;2,50980797761203;2,71397452471025;2,28043562394877;2,41260264278576;2,44819771007298;2,45700793771892;1,97913013422064;1,92132520506502;1,63046728101526;1,43501376778664;4,90550357958464;1,52473550763761;1,76609058341847;1,91673558388257;1,51866759986513;1,93717807202571;1,61222558828219;-21,2493949166985;-3,79008603045278;-7,20969029393746;-8,51566303812501;-5,61065921085665;-5,62225021785504;-10,536537451225;-9,44246507450126;-6,41341979102222;-16,1050701691777;-11,9039710737268;-17,958603469274;-25,1241603258947;-42,2201109096562;-17,9934367568665;-15,1495215606078;-15,8921403085173;-20,6995455137417;-14,7704510396926;-19,5432018278614;2,68199219822906;1,52838389719892;1,55555567096163;0,906735395569924;0,505569093294629;0,505568510213577;0,542423295383888;0,645128743653648;0,999999654320567;0,839312184375599;0,686365732674007;0,484882772849465;0,338111817657018;-2,14551609259277;-2,4282524118668;-2,59869384510399;-3,05978324250474;-4,0610219701259;-3,99395385733955;-3,3217977374888;-2,72007905507952;-2,13829182353672;-1,18500861275905;-1,85736416666674;-2,23882456322202;-2,86260508058283;-5,02140762454537;-5,09729664790047;-4,06960428105759;-3,34524631734356;-2,65932913921636;0,0616023919182442;0,0160928837337721;0,0388562224715487;0,0179218411707625;0,0385225292945519;0,00612082035677787;0,015699196058898;0,00918210322227181;-3,117754253589941;-0,48649896838329793;1;1;1;-3;-3;1;1;1;-13176,1090241633;NA;All
3710;1,88304088315069;2,84254900688767;2,29896849114977;2,50980797761203;2,71397452471025;2,28043562394877;2,41260264278576;2,44819771007298;2,45700793771892;1,97913013422064;1,92132520506502;1,63046728101526;1,43501376778664;4,90550357958464;1,52473550763761;1,76609058341847;1,91673558388257;1,51866759986513;1,93717807202571;1,61222558828219;-21,2493949166985;-3,79008603045278;-7,20969029393746;-8,51566303812501;-5,61065921085665;-5,62225021785504;-10,536537451225;-9,44246507450126;-6,41341979102222;-16,1050701691777;-11,9039710737268;-17,958603469274;-25,1241603258947;-42,2201109096562;-17,9934367568665;-15,1495215606078;-15,8921403085173;-20,6995455137417;-14,7704510396926;-19,5432018278614;2,68199219822906;1,52838389719892;1,55555567096163;0,906735395569924;0,505569093294629;0,505568510213577;0,542423295383888;0,645128743653648;0,999999654320567;0,839312184375599;0,686365732674007;0,484882772849465;0,338111817657018;-2,14551609259277;-2,4282524118668;-2,59869384510399;-3,05978324250474;-4,0610219701259;-3,99395385733955;-3,3217977374888;-2,72007905507952;-2,13829182353672;-1,18500861275905;-1,85736416666674;-2,23882456322202;-2,86260508058283;-5,02140762454537;-5,09729664790047;-4,06960428105759;-3,34524631734356;-2,65932913921636;0,0616023919182442;0,0160928837337721;0,0388562224715487;0,0179218411707625;0,0385225292945519;0,00612082035677787;0,015699196058898;0,00918210322227181;-1,162888377149452;-0,43572857774952850;1;1;1;-3;-3;1;1;1;-13176,4977604036;NA;All
3720;1,88304088315069;2,84254900688767;2,29896849114977;2,50980797761203;2,71397452471025;2,28043562394877;2,41260264278576;2,44819771007298;2,45700793771892;1,97913013422064;1,92132520506502;1,63046728101526;1,43501376778664;4,90550357958464;1,52473550763761;1,76609058341847;1,91673558388257;1,51866759986513;1,93717807202571;1,61222558828219;-21,2493949166985;-3,79008603045278;-7,20969029393746;-8,51566303812501;-5,61065921085665;-5,62225021785504;-10,536537451225;-9,44246507450126;-6,41341979102222;-16,1050701691777;-11,9039710737268;-17,958603469274;-25,1241603258947;-42,2201109096562;-17,9934367568665;-15,1495215606078;-15,8921403085173;-20,6995455137417;-14,7704510396926;-19,5432018278614;2,68199219822906;1,52838389719892;1,55555567096163;0,906735395569924;0,505569093294629;0,505568510213577;0,542423295383888;0,645128743653648;0,999999654320567;0,839312184375599;0,686365732674007;0,484882772849465;0,338111817657018;-2,14551609259277;-2,4282524118668;-2,59869384510399;-3,05978324250474;-4,0610219701259;-3,99395385733955;-3,3217977374888;-2,72007905507952;-2,13829182353672;-1,18500861275905;-1,85736416666674;-2,23882456322202;-2,86260508058283;-5,02140762454537;-5,09729664790047;-4,06960428105759;-3,34524631734356;-2,65932913921636;0,0616023919182442;0,0160928837337721;0,0388562224715487;0,0179218411707625;0,0385225292945519;0,00612082035677787;0,015699196058898;0,00918210322227181;-2,085948019551815;0,09828392517346252;1;1;1;-3;-3;1;1;1;-13175,0468205350;NA;All
3730;1,88304088315069;2,84254900688767;2,29896849114977;2,50980797761203;2,71397452471025;2,28043562394877;2,41260264278576;2,44819771007298;2,45700793771892;1,97913013422064;1,92132520506502;1,63046728101526;1,43501376778664;4,90550357958464;1,52473550763761;1,76609058341847;1,91673558388257;1,51866759986513;1,93717807202571;1,61222558828219;-21,2493949166985;-3,79008603045278;-7,20969029393746;-8,51566303812501;-5,61065921085665;-5,62225021785504;-10,536537451225;-9,44246507450126;-6,41341979102222;-16,1050701691777;-11,9039710737268;-17,958603469274;-25,1241603258947;-42,2201109096562;-17,9934367568665;-15,1495215606078;-15,8921403085173;-20,6995455137417;-14,7704510396926;-19,5432018278614;2,68199219822906;1,52838389719892;1,55555567096163;0,906735395569924;0,505569093294629;0,505568510213577;0,542423295383888;0,645128743653648;0,999999654320567;0,839312184375599;0,686365732674007;0,484882772849465;0,338111817657018;-2,14551609259277;-2,4282524118668;-2,59869384510399;-3,05978324250474;-4,0610219701259;-3,99395385733955;-3,3217977374888;-2,72007905507952;-2,13829182353672;-1,18500861275905;-1,85736416666674;-2,23882456322202;-2,86260508058283;-5,02140762454537;-5,09729664790047;-4,06960428105759;-3,34524631734356;-2,65932913921636;0,0616023919182442;0,0160928837337721;0,0388562224715487;0,0179218411707625;0,0385225292945519;0,00612082035677787;0,015699196058898;0,00918210322227181;-3,298847139433088;-0,18817065909409528;1;1;1;-3;-3;1;1;1;-13174,5385101399;NA;All
3740;1,88304088315069;2,84254900688767;2,29896849114977;2,50980797761203;2,71397452471025;2,28043562394877;2,41260264278576;2,44819771007298;2,45700793771892;1,97913013422064;1,92132520506502;1,63046728101526;1,43501376778664;4,90550357958464;1,52473550763761;1,76609058341847;1,91673558388257;1,51866759986513;1,93717807202571;1,61222558828219;-21,2493949166985;-3,79008603045278;-7,20969029393746;-8,51566303812501;-5,61065921085665;-5,62225021785504;-10,536537451225;-9,44246507450126;-6,41341979102222;-16,1050701691777;-11,9039710737268;-17,958603469274;-25,1241603258947;-42,2201109096562;-17,9934367568665;-15,1495215606078;-15,8921403085173;-20,6995455137417;-14,7704510396926;-19,5432018278614;2,68199219822906;1,52838389719892;1,55555567096163;0,906735395569924;0,505569093294629;0,505568510213577;0,542423295383888;0,645128743653648;0,999999654320567;0,839312184375599;0,686365732674007;0,484882772849465;0,338111817657018;-2,14551609259277;-2,4282524118668;-2,59869384510399;-3,05978324250474;-4,0610219701259;-3,99395385733955;-3,3217977374888;-2,72007905507952;-2,13829182353672;-1,18500861275905;-1,85736416666674;-2,23882456322202;-2,86260508058283;-5,02140762454537;-5,09729664790047;-4,06960428105759;-3,34524631734356;-2,65932913921636;0,0616023919182442;0,0160928837337721;0,0388562224715487;0,0179218411707625;0,0385225292945519;0,00612082035677787;0,015699196058898;0,00918210322227181;-3,225979063812466;-0,58942426244415747;1;1;1;-3;-3;1;1;1;-13176,6575892575;NA;All
3750;1,88304088315069;2,84254900688767;2,29896849114977;2,50980797761203;2,71397452471025;2,28043562394877;2,41260264278576;2,44819771007298;2,45700793771892;1,97913013422064;1,92132520506502;1,63046728101526;1,43501376778664;4,90550357958464;1,52473550763761;1,76609058341847;1,91673558388257;1,51866759986513;1,93717807202571;1,61222558828219;-21,2493949166985;-3,79008603045278;-7,20969029393746;-8,51566303812501;-5,61065921085665;-5,62225021785504;-10,536537451225;-9,44246507450126;-6,41341979102222;-16,1050701691777;-11,9039710737268;-17,958603469274;-25,1241603258947;-42,2201109096562;-17,9934367568665;-15,1495215606078;-15,8921403085173;-20,6995455137417;-14,7704510396926;-19,5432018278614;2,68199219822906;1,52838389719892;1,55555567096163;0,906735395569924;0,505569093294629;0,505568510213577;0,542423295383888;0,645128743653648;0,999999654320567;0,839312184375599;0,686365732674007;0,484882772849465;0,338111817657018;-2,14551609259277;-2,4282524118668;-2,59869384510399;-3,05978324250474;-4,0610219701259;-3,99395385733955;-3,3217977374888;-2,72007905507952;-2,13829182353672;-1,18500861275905;-1,85736416666674;-2,23882456322202;-2,86260508058283;-5,02140762454537;-5,09729664790047;-4,06960428105759;-3,34524631734356;-2,65932913921636;0,0616023919182442;0,0160928837337721;0,0388562224715487;0,0179218411707625;0,0385225292945519;0,00612082035677787;0,015699196058898;0,00918210322227181;-3,380084525854742;-0,23802056905190347;1;1;1;-3;-3;1;1;1;-13174,7531212183;NA;All
3760;1,88304088315069;2,84254900688767;2,29896849114977;2,50980797761203;2,71397452471025;2,28043562394877;2,41260264278576;2,44819771007298;2,45700793771892;1,97913013422064;1,92132520506502;1,63046728101526;1,43501376778664;4,90550357958464;1,52473550763761;1,76609058341847;1,91673558388257;1,51866759986513;1,93717807202571;1,61222558828219;-21,2493949166985;-3,79008603045278;-7,20969029393746;-8,51566303812501;-5,61065921085665;-5,62225021785504;-10,536537451225;-9,44246507450126;-6,41341979102222;-16,1050701691777;-11,9039710737268;-17,958603469274;-25,1241603258947;-42,2201109096562;-17,9934367568665;-15,1495215606078;-15,8921403085173;-20,6995455137417;-14,7704510396926;-19,5432018278614;2,68199219822906;1,52838389719892;1,55555567096163;0,906735395569924;0,505569093294629;0,505568510213577;0,542423295383888;0,645128743653648;0,999999654320567;0,839312184375599;0,686365732674007;0,484882772849465;0,338111817657018;-2,14551609259277;-2,4282524118668;-2,59869384510399;-3,05978324250474;-4,0610219701259;-3,99395385733955;-3,3217977374888;-2,72007905507952;-2,13829182353672;-1,18500861275905;-1,85736416666674;-2,23882456322202;-2,86260508058283;-5,02140762454537;-5,09729664790047;-4,06960428105759;-3,34524631734356;-2,65932913921636;0,0616023919182442;0,0160928837337721;0,0388562224715487;0,0179218411707625;0,0385225292945519;0,00612082035677787;0,015699196058898;0,00918210322227181;-3,637370672311048;-1,20015431604420408;1;1;1;-3;-3;1;1;1;-13178,7333393491;NA;All
3770;1,88304088315069;2,84254900688767;2,29896849114977;2,50980797761203;2,71397452471025;2,28043562394877;2,41260264278576;2,44819771007298;2,45700793771892;1,97913013422064;1,92132520506502;1,63046728101526;1,43501376778664;4,90550357958464;1,52473550763761;1,76609058341847;1,91673558388257;1,51866759986513;1,93717807202571;1,61222558828219;-21,2493949166985;-3,79008603045278;-7,20969029393746;-8,51566303812501;-5,61065921085665;-5,62225021785504;-10,536537451225;-9,44246507450126;-6,41341979102222;-16,1050701691777;-11,9039710737268;-17,958603469274;-25,1241603258947;-42,2201109096562;-17,9934367568665;-15,1495215606078;-15,8921403085173;-20,6995455137417;-14,7704510396926;-19,5432018278614;2,68199219822906;1,52838389719892;1,55555567096163;0,906735395569924;0,505569093294629;0,505568510213577;0,542423295383888;0,645128743653648;0,999999654320567;0,839312184375599;0,686365732674007;0,484882772849465;0,338111817657018;-2,14551609259277;-2,4282524118668;-2,59869384510399;-3,05978324250474;-4,0610219701259;-3,99395385733955;-3,3217977374888;-2,72007905507952;-2,13829182353672;-1,18500861275905;-1,85736416666674;-2,23882456322202;-2,86260508058283;-5,02140762454537;-5,09729664790047;-4,06960428105759;-3,34524631734356;-2,65932913921636;0,0616023919182442;0,0160928837337721;0,0388562224715487;0,0179218411707625;0,0385225292945519;0,00612082035677787;0,015699196058898;0,00918210322227181;-1,544199273554061;-0,51797304675986933;1;1;1;-3;-3;1;1;1;-13176,5401366315;NA;All
3780;1,88304088315069;2,84254900688767;2,29896849114977;2,50980797761203;2,71397452471025;2,28043562394877;2,41260264278576;2,44819771007298;2,45700793771892;1,97913013422064;1,92132520506502;1,63046728101526;1,43501376778664;4,90550357958464;1,52473550763761;1,76609058341847;1,91673558388257;1,51866759986513;1,93717807202571;1,61222558828219;-21,2493949166985;-3,79008603045278;-7,20969029393746;-8,51566303812501;-5,61065921085665;-5,62225021785504;-10,536537451225;-9,44246507450126;-6,41341979102222;-16,1050701691777;-11,9039710737268;-17,958603469274;-25,1241603258947;-42,2201109096562;-17,9934367568665;-15,1495215606078;-15,8921403085173;-20,6995455137417;-14,7704510396926;-19,5432018278614;2,68199219822906;1,52838389719892;1,55555567096163;0,906735395569924;0,505569093294629;0,505568510213577;0,542423295383888;0,645128743653648;0,999999654320567;0,839312184375599;0,686365732674007;0,484882772849465;0,338111817657018;-2,14551609259277;-2,4282524118668;-2,59869384510399;-3,05978324250474;-4,0610219701259;-3,99395385733955;-3,3217977374888;-2,72007905507952;-2,13829182353672;-1,18500861275905;-1,85736416666674;-2,23882456322202;-2,86260508058283;-5,02140762454537;-5,09729664790047;-4,06960428105759;-3,34524631734356;-2,65932913921636;0,0616023919182442;0,0160928837337721;0,0388562224715487;0,0179218411707625;0,0385225292945519;0,00612082035677787;0,015699196058898;0,00918210322227181;-2,424963764090994;-0,68375115556725241;1;1;1;-3;-3;1;1;1;-13177,1428700353;NA;All
3790;1,88304088315069;2,84254900688767;2,29896849114977;2,50980797761203;2,71397452471025;2,28043562394877;2,41260264278576;2,44819771007298;2,45700793771892;1,97913013422064;1,92132520506502;1,63046728101526;1,43501376778664;4,90550357958464;1,52473550763761;1,76609058341847;1,91673558388257;1,51866759986513;1,93717807202571;1,61222558828219;-21,2493949166985;-3,79008603045278;-7,20969029393746;-8,51566303812501;-5,61065921085665;-5,62225021785504;-10,536537451225;-9,44246507450126;-6,41341979102222;-16,1050701691777;-11,9039710737268;-17,958603469274;-25,1241603258947;-42,2201109096562;-17,9934367568665;-15,1495215606078;-15,8921403085173;-20,6995455137417;-14,7704510396926;-19,5432018278614;2,68199219822906;1,52838389719892;1,55555567096163;0,906735395569924;0,505569093294629;0,505568510213577;0,542423295383888;0,645128743653648;0,999999654320567;0,839312184375599;0,686365732674007;0,484882772849465;0,338111817657018;-2,14551609259277;-2,4282524118668;-2,59869384510399;-3,05978324250474;-4,0610219701259;-3,99395385733955;-3,3217977374888;-2,72007905507952;-2,13829182353672;-1,18500861275905;-1,85736416666674;-2,23882456322202;-2,86260508058283;-5,02140762454537;-5,09729664790047;-4,06960428105759;-3,34524631734356;-2,65932913921636;0,0616023919182442;0,0160928837337721;0,0388562224715487;0,0179218411707625;0,0385225292945519;0,00612082035677787;0,015699196058898;0,00918210322227181;-3,387449564692085;0,14441058507359761;1;1;1;-3;-3;1;1;1;-13175,5215273567;NA;All
3800;1,88304088315069;2,84254900688767;2,29896849114977;2,50980797761203;2,71397452471025;2,28043562394877;2,41260264278576;2,44819771007298;2,45700793771892;1,97913013422064;1,92132520506502;1,63046728101526;1,43501376778664;4,90550357958464;1,52473550763761;1,76609058341847;1,91673558388257;1,51866759986513;1,93717807202571;1,61222558828219;-21,2493949166985;-3,79008603045278;-7,20969029393746;-8,51566303812501;-5,61065921085665;-5,62225021785504;-10,536537451225;-9,44246507450126;-6,41341979102222;-16,1050701691777;-11,9039710737268;-17,958603469274;-25,1241603258947;-42,2201109096562;-17,9934367568665;-15,1495215606078;-15,8921403085173;-20,6995455137417;-14,7704510396926;-19,5432018278614;2,68199219822906;1,52838389719892;1,55555567096163;0,906735395569924;0,505569093294629;0,505568510213577;0,542423295383888;0,645128743653648;0,999999654320567;0,839312184375599;0,686365732674007;0,484882772849465;0,338111817657018;-2,14551609259277;-2,4282524118668;-2,59869384510399;-3,05978324250474;-4,0610219701259;-3,99395385733955;-3,3217977374888;-2,72007905507952;-2,13829182353672;-1,18500861275905;-1,85736416666674;-2,23882456322202;-2,86260508058283;-5,02140762454537;-5,09729664790047;-4,06960428105759;-3,34524631734356;-2,65932913921636;0,0616023919182442;0,0160928837337721;0,0388562224715487;0,0179218411707625;0,0385225292945519;0,00612082035677787;0,015699196058898;0,00918210322227181;-3,744168087039141;0,04508885054959319;1;1;1;-3;-3;1;1;1;-13174,5309807680;NA;All
3810;1,88304088315069;2,84254900688767;2,29896849114977;2,50980797761203;2,71397452471025;2,28043562394877;2,41260264278576;2,44819771007298;2,45700793771892;1,97913013422064;1,92132520506502;1,63046728101526;1,43501376778664;4,90550357958464;1,52473550763761;1,76609058341847;1,91673558388257;1,51866759986513;1,93717807202571;1,61222558828219;-21,2493949166985;-3,79008603045278;-7,20969029393746;-8,51566303812501;-5,61065921085665;-5,62225021785504;-10,536537451225;-9,44246507450126;-6,41341979102222;-16,1050701691777;-11,9039710737268;-17,958603469274;-25,1241603258947;-42,2201109096562;-17,9934367568665;-15,1495215606078;-15,8921403085173;-20,6995455137417;-14,7704510396926;-19,5432018278614;2,68199219822906;1,52838389719892;1,55555567096163;0,906735395569924;0,505569093294629;0,505568510213577;0,542423295383888;0,645128743653648;0,999999654320567;0,839312184375599;0,686365732674007;0,484882772849465;0,338111817657018;-2,14551609259277;-2,4282524118668;-2,59869384510399;-3,05978324250474;-4,0610219701259;-3,99395385733955;-3,3217977374888;-2,72007905507952;-2,13829182353672;-1,18500861275905;-1,85736416666674;-2,23882456322202;-2,86260508058283;-5,02140762454537;-5,09729664790047;-4,06960428105759;-3,34524631734356;-2,65932913921636;0,0616023919182442;0,0160928837337721;0,0388562224715487;0,0179218411707625;0,0385225292945519;0,00612082035677787;0,015699196058898;0,00918210322227181;-1,763073754097813;-0,36635932450741954;1;1;1;-3;-3;1;1;1;-13175,5933618776;NA;All
3820;1,88304088315069;2,84254900688767;2,29896849114977;2,50980797761203;2,71397452471025;2,28043562394877;2,41260264278576;2,44819771007298;2,45700793771892;1,97913013422064;1,92132520506502;1,63046728101526;1,43501376778664;4,90550357958464;1,52473550763761;1,76609058341847;1,91673558388257;1,51866759986513;1,93717807202571;1,61222558828219;-21,2493949166985;-3,79008603045278;-7,20969029393746;-8,51566303812501;-5,61065921085665;-5,62225021785504;-10,536537451225;-9,44246507450126;-6,41341979102222;-16,1050701691777;-11,9039710737268;-17,958603469274;-25,1241603258947;-42,2201109096562;-17,9934367568665;-15,1495215606078;-15,8921403085173;-20,6995455137417;-14,7704510396926;-19,5432018278614;2,68199219822906;1,52838389719892;1,55555567096163;0,906735395569924;0,505569093294629;0,505568510213577;0,542423295383888;0,645128743653648;0,999999654320567;0,839312184375599;0,686365732674007;0,484882772849465;0,338111817657018;-2,14551609259277;-2,4282524118668;-2,59869384510399;-3,05978324250474;-4,0610219701259;-3,99395385733955;-3,3217977374888;-2,72007905507952;-2,13829182353672;-1,18500861275905;-1,85736416666674;-2,23882456322202;-2,86260508058283;-5,02140762454537;-5,09729664790047;-4,06960428105759;-3,34524631734356;-2,65932913921636;0,0616023919182442;0,0160928837337721;0,0388562224715487;0,0179218411707625;0,0385225292945519;0,00612082035677787;0,015699196058898;0,00918210322227181;-3,292520502690317;-0,27730354640352778;1;1;1;-3;-3;1;1;1;-13174,9478707417;NA;All
3830;1,88304088315069;2,84254900688767;2,29896849114977;2,50980797761203;2,71397452471025;2,28043562394877;2,41260264278576;2,44819771007298;2,45700793771892;1,97913013422064;1,92132520506502;1,63046728101526;1,43501376778664;4,90550357958464;1,52473550763761;1,76609058341847;1,91673558388257;1,51866759986513;1,93717807202571;1,61222558828219;-21,2493949166985;-3,79008603045278;-7,20969029393746;-8,51566303812501;-5,61065921085665;-5,62225021785504;-10,536537451225;-9,44246507450126;-6,41341979102222;-16,1050701691777;-11,9039710737268;-17,958603469274;-25,1241603258947;-42,2201109096562;-17,9934367568665;-15,1495215606078;-15,8921403085173;-20,6995455137417;-14,7704510396926;-19,5432018278614;2,68199219822906;1,52838389719892;1,55555567096163;0,906735395569924;0,505569093294629;0,505568510213577;0,542423295383888;0,645128743653648;0,999999654320567;0,839312184375599;0,686365732674007;0,484882772849465;0,338111817657018;-2,14551609259277;-2,4282524118668;-2,59869384510399;-3,05978324250474;-4,0610219701259;-3,99395385733955;-3,3217977374888;-2,72007905507952;-2,13829182353672;-1,18500861275905;-1,85736416666674;-2,23882456322202;-2,86260508058283;-5,02140762454537;-5,09729664790047;-4,06960428105759;-3,34524631734356;-2,65932913921636;0,0616023919182442;0,0160928837337721;0,0388562224715487;0,0179218411707625;0,0385225292945519;0,00612082035677787;0,015699196058898;0,00918210322227181;-2,655596241333593;-0,19923073309377959;1;1;1;-3;-3;1;1;1;-13174,5999548454;NA;All
3840;1,88304088315069;2,84254900688767;2,29896849114977;2,50980797761203;2,71397452471025;2,28043562394877;2,41260264278576;2,44819771007298;2,45700793771892;1,97913013422064;1,92132520506502;1,63046728101526;1,43501376778664;4,90550357958464;1,52473550763761;1,76609058341847;1,91673558388257;1,51866759986513;1,93717807202571;1,61222558828219;-21,2493949166985;-3,79008603045278;-7,20969029393746;-8,51566303812501;-5,61065921085665;-5,62225021785504;-10,536537451225;-9,44246507450126;-6,41341979102222;-16,1050701691777;-11,9039710737268;-17,958603469274;-25,1241603258947;-42,2201109096562;-17,9934367568665;-15,1495215606078;-15,8921403085173;-20,6995455137417;-14,7704510396926;-19,5432018278614;2,68199219822906;1,52838389719892;1,55555567096163;0,906735395569924;0,505569093294629;0,505568510213577;0,542423295383888;0,645128743653648;0,999999654320567;0,839312184375599;0,686365732674007;0,484882772849465;0,338111817657018;-2,14551609259277;-2,4282524118668;-2,59869384510399;-3,05978324250474;-4,0610219701259;-3,99395385733955;-3,3217977374888;-2,72007905507952;-2,13829182353672;-1,18500861275905;-1,85736416666674;-2,23882456322202;-2,86260508058283;-5,02140762454537;-5,09729664790047;-4,06960428105759;-3,34524631734356;-2,65932913921636;0,0616023919182442;0,0160928837337721;0,0388562224715487;0,0179218411707625;0,0385225292945519;0,00612082035677787;0,015699196058898;0,00918210322227181;-0,806557100972187;-0,06527918038139030;1;1;1;-3;-3;1;1;1;-13176,1430858112;NA;All
3850;1,88304088315069;2,84254900688767;2,29896849114977;2,50980797761203;2,71397452471025;2,28043562394877;2,41260264278576;2,44819771007298;2,45700793771892;1,97913013422064;1,92132520506502;1,63046728101526;1,43501376778664;4,90550357958464;1,52473550763761;1,76609058341847;1,91673558388257;1,51866759986513;1,93717807202571;1,61222558828219;-21,2493949166985;-3,79008603045278;-7,20969029393746;-8,51566303812501;-5,61065921085665;-5,62225021785504;-10,536537451225;-9,44246507450126;-6,41341979102222;-16,1050701691777;-11,9039710737268;-17,958603469274;-25,1241603258947;-42,2201109096562;-17,9934367568665;-15,1495215606078;-15,8921403085173;-20,6995455137417;-14,7704510396926;-19,5432018278614;2,68199219822906;1,52838389719892;1,55555567096163;0,906735395569924;0,505569093294629;0,505568510213577;0,542423295383888;0,645128743653648;0,999999654320567;0,839312184375599;0,686365732674007;0,484882772849465;0,338111817657018;-2,14551609259277;-2,4282524118668;-2,59869384510399;-3,05978324250474;-4,0610219701259;-3,99395385733955;-3,3217977374888;-2,72007905507952;-2,13829182353672;-1,18500861275905;-1,85736416666674;-2,23882456322202;-2,86260508058283;-5,02140762454537;-5,09729664790047;-4,06960428105759;-3,34524631734356;-2,65932913921636;0,0616023919182442;0,0160928837337721;0,0388562224715487;0,0179218411707625;0,0385225292945519;0,00612082035677787;0,015699196058898;0,00918210322227181;-3,255446141729598;-0,21399888380861873;1;1;1;-3;-3;1;1;1;-13174,6458361572;NA;All
3860;1,88304088315069;2,84254900688767;2,29896849114977;2,50980797761203;2,71397452471025;2,28043562394877;2,41260264278576;2,44819771007298;2,45700793771892;1,97913013422064;1,92132520506502;1,63046728101526;1,43501376778664;4,90550357958464;1,52473550763761;1,76609058341847;1,91673558388257;1,51866759986513;1,93717807202571;1,61222558828219;-21,2493949166985;-3,79008603045278;-7,20969029393746;-8,51566303812501;-5,61065921085665;-5,62225021785504;-10,536537451225;-9,44246507450126;-6,41341979102222;-16,1050701691777;-11,9039710737268;-17,958603469274;-25,1241603258947;-42,2201109096562;-17,9934367568665;-15,1495215606078;-15,8921403085173;-20,6995455137417;-14,7704510396926;-19,5432018278614;2,68199219822906;1,52838389719892;1,55555567096163;0,906735395569924;0,505569093294629;0,505568510213577;0,542423295383888;0,645128743653648;0,999999654320567;0,839312184375599;0,686365732674007;0,484882772849465;0,338111817657018;-2,14551609259277;-2,4282524118668;-2,59869384510399;-3,05978324250474;-4,0610219701259;-3,99395385733955;-3,3217977374888;-2,72007905507952;-2,13829182353672;-1,18500861275905;-1,85736416666674;-2,23882456322202;-2,86260508058283;-5,02140762454537;-5,09729664790047;-4,06960428105759;-3,34524631734356;-2,65932913921636;0,0616023919182442;0,0160928837337721;0,0388562224715487;0,0179218411707625;0,0385225292945519;0,00612082035677787;0,015699196058898;0,00918210322227181;-2,224231102903848;0,12202975539668126;1;1;1;-3;-3;1;1;1;-13175,2871089072;NA;All
3870;1,88304088315069;2,84254900688767;2,29896849114977;2,50980797761203;2,71397452471025;2,28043562394877;2,41260264278576;2,44819771007298;2,45700793771892;1,97913013422064;1,92132520506502;1,63046728101526;1,43501376778664;4,90550357958464;1,52473550763761;1,76609058341847;1,91673558388257;1,51866759986513;1,93717807202571;1,61222558828219;-21,2493949166985;-3,79008603045278;-7,20969029393746;-8,51566303812501;-5,61065921085665;-5,62225021785504;-10,536537451225;-9,44246507450126;-6,41341979102222;-16,1050701691777;-11,9039710737268;-17,958603469274;-25,1241603258947;-42,2201109096562;-17,9934367568665;-15,1495215606078;-15,8921403085173;-20,6995455137417;-14,7704510396926;-19,5432018278614;2,68199219822906;1,52838389719892;1,55555567096163;0,906735395569924;0,505569093294629;0,505568510213577;0,542423295383888;0,645128743653648;0,999999654320567;0,839312184375599;0,686365732674007;0,484882772849465;0,338111817657018;-2,14551609259277;-2,4282524118668;-2,59869384510399;-3,05978324250474;-4,0610219701259;-3,99395385733955;-3,3217977374888;-2,72007905507952;-2,13829182353672;-1,18500861275905;-1,85736416666674;-2,23882456322202;-2,86260508058283;-5,02140762454537;-5,09729664790047;-4,06960428105759;-3,34524631734356;-2,65932913921636;0,0616023919182442;0,0160928837337721;0,0388562224715487;0,0179218411707625;0,0385225292945519;0,00612082035677787;0,015699196058898;0,00918210322227181;-3,877950915191582;-0,09993590691257941;1;1;1;-3;-3;1;1;1;-13174,2830600233;NA;All
3880;1,88304088315069;2,84254900688767;2,29896849114977;2,50980797761203;2,71397452471025;2,28043562394877;2,41260264278576;2,44819771007298;2,45700793771892;1,97913013422064;1,92132520506502;1,63046728101526;1,43501376778664;4,90550357958464;1,52473550763761;1,76609058341847;1,91673558388257;1,51866759986513;1,93717807202571;1,61222558828219;-21,2493949166985;-3,79008603045278;-7,20969029393746;-8,51566303812501;-5,61065921085665;-5,62225021785504;-10,536537451225;-9,44246507450126;-6,41341979102222;-16,1050701691777;-11,9039710737268;-17,958603469274;-25,1241603258947;-42,2201109096562;-17,9934367568665;-15,1495215606078;-15,8921403085173;-20,6995455137417;-14,7704510396926;-19,5432018278614;2,68199219822906;1,52838389719892;1,55555567096163;0,906735395569924;0,505569093294629;0,505568510213577;0,542423295383888;0,645128743653648;0,999999654320567;0,839312184375599;0,686365732674007;0,484882772849465;0,338111817657018;-2,14551609259277;-2,4282524118668;-2,59869384510399;-3,05978324250474;-4,0610219701259;-3,99395385733955;-3,3217977374888;-2,72007905507952;-2,13829182353672;-1,18500861275905;-1,85736416666674;-2,23882456322202;-2,86260508058283;-5,02140762454537;-5,09729664790047;-4,06960428105759;-3,34524631734356;-2,65932913921636;0,0616023919182442;0,0160928837337721;0,0388562224715487;0,0179218411707625;0,0385225292945519;0,00612082035677787;0,015699196058898;0,00918210322227181;-3,372299779821778;0,05432287844780700;1;1;1;-3;-3;1;1;1;-13174,5908611646;NA;All
3890;1,88304088315069;2,84254900688767;2,29896849114977;2,50980797761203;2,71397452471025;2,28043562394877;2,41260264278576;2,44819771007298;2,45700793771892;1,97913013422064;1,92132520506502;1,63046728101526;1,43501376778664;4,90550357958464;1,52473550763761;1,76609058341847;1,91673558388257;1,51866759986513;1,93717807202571;1,61222558828219;-21,2493949166985;-3,79008603045278;-7,20969029393746;-8,51566303812501;-5,61065921085665;-5,62225021785504;-10,536537451225;-9,44246507450126;-6,41341979102222;-16,1050701691777;-11,9039710737268;-17,958603469274;-25,1241603258947;-42,2201109096562;-17,9934367568665;-15,1495215606078;-15,8921403085173;-20,6995455137417;-14,7704510396926;-19,5432018278614;2,68199219822906;1,52838389719892;1,55555567096163;0,906735395569924;0,505569093294629;0,505568510213577;0,542423295383888;0,645128743653648;0,999999654320567;0,839312184375599;0,686365732674007;0,484882772849465;0,338111817657018;-2,14551609259277;-2,4282524118668;-2,59869384510399;-3,05978324250474;-4,0610219701259;-3,99395385733955;-3,3217977374888;-2,72007905507952;-2,13829182353672;-1,18500861275905;-1,85736416666674;-2,23882456322202;-2,86260508058283;-5,02140762454537;-5,09729664790047;-4,06960428105759;-3,34524631734356;-2,65932913921636;0,0616023919182442;0,0160928837337721;0,0388562224715487;0,0179218411707625;0,0385225292945519;0,00612082035677787;0,015699196058898;0,00918210322227181;-1,658229539180600;0,08999246844336513;1;1;1;-3;-3;1;1;1;-13175,1306835407;NA;All
3900;1,88304088315069;2,84254900688767;2,29896849114977;2,50980797761203;2,71397452471025;2,28043562394877;2,41260264278576;2,44819771007298;2,45700793771892;1,97913013422064;1,92132520506502;1,63046728101526;1,43501376778664;4,90550357958464;1,52473550763761;1,76609058341847;1,91673558388257;1,51866759986513;1,93717807202571;1,61222558828219;-21,2493949166985;-3,79008603045278;-7,20969029393746;-8,51566303812501;-5,61065921085665;-5,62225021785504;-10,536537451225;-9,44246507450126;-6,41341979102222;-16,1050701691777;-11,9039710737268;-17,958603469274;-25,1241603258947;-42,2201109096562;-17,9934367568665;-15,1495215606078;-15,8921403085173;-20,6995455137417;-14,7704510396926;-19,5432018278614;2,68199219822906;1,52838389719892;1,55555567096163;0,906735395569924;0,505569093294629;0,505568510213577;0,542423295383888;0,645128743653648;0,999999654320567;0,839312184375599;0,686365732674007;0,484882772849465;0,338111817657018;-2,14551609259277;-2,4282524118668;-2,59869384510399;-3,05978324250474;-4,0610219701259;-3,99395385733955;-3,3217977374888;-2,72007905507952;-2,13829182353672;-1,18500861275905;-1,85736416666674;-2,23882456322202;-2,86260508058283;-5,02140762454537;-5,09729664790047;-4,06960428105759;-3,34524631734356;-2,65932913921636;0,0616023919182442;0,0160928837337721;0,0388562224715487;0,0179218411707625;0,0385225292945519;0,00612082035677787;0,015699196058898;0,00918210322227181;-3,372861893385952;-0,21305671095844572;1;1;1;-3;-3;1;1;1;-13174,6402306280;NA;All
3910;1,88304088315069;2,84254900688767;2,29896849114977;2,50980797761203;2,71397452471025;2,28043562394877;2,41260264278576;2,44819771007298;2,45700793771892;1,97913013422064;1,92132520506502;1,63046728101526;1,43501376778664;4,90550357958464;1,52473550763761;1,76609058341847;1,91673558388257;1,51866759986513;1,93717807202571;1,61222558828219;-21,2493949166985;-3,79008603045278;-7,20969029393746;-8,51566303812501;-5,61065921085665;-5,62225021785504;-10,536537451225;-9,44246507450126;-6,41341979102222;-16,1050701691777;-11,9039710737268;-17,958603469274;-25,1241603258947;-42,2201109096562;-17,9934367568665;-15,1495215606078;-15,8921403085173;-20,6995455137417;-14,7704510396926;-19,5432018278614;2,68199219822906;1,52838389719892;1,55555567096163;0,906735395569924;0,505569093294629;0,505568510213577;0,542423295383888;0,645128743653648;0,999999654320567;0,839312184375599;0,686365732674007;0,484882772849465;0,338111817657018;-2,14551609259277;-2,4282524118668;-2,59869384510399;-3,05978324250474;-4,0610219701259;-3,99395385733955;-3,3217977374888;-2,72007905507952;-2,13829182353672;-1,18500861275905;-1,85736416666674;-2,23882456322202;-2,86260508058283;-5,02140762454537;-5,09729664790047;-4,06960428105759;-3,34524631734356;-2,65932913921636;0,0616023919182442;0,0160928837337721;0,0388562224715487;0,0179218411707625;0,0385225292945519;0,00612082035677787;0,015699196058898;0,00918210322227181;-2,280144380044381;-0,48787002357058096;1;1;1;-3;-3;1;1;1;-13176,1579374581;NA;All
3920;1,88304088315069;2,84254900688767;2,29896849114977;2,50980797761203;2,71397452471025;2,28043562394877;2,41260264278576;2,44819771007298;2,45700793771892;1,97913013422064;1,92132520506502;1,63046728101526;1,43501376778664;4,90550357958464;1,52473550763761;1,76609058341847;1,91673558388257;1,51866759986513;1,93717807202571;1,61222558828219;-21,2493949166985;-3,79008603045278;-7,20969029393746;-8,51566303812501;-5,61065921085665;-5,62225021785504;-10,536537451225;-9,44246507450126;-6,41341979102222;-16,1050701691777;-11,9039710737268;-17,958603469274;-25,1241603258947;-42,2201109096562;-17,9934367568665;-15,1495215606078;-15,8921403085173;-20,6995455137417;-14,7704510396926;-19,5432018278614;2,68199219822906;1,52838389719892;1,55555567096163;0,906735395569924;0,505569093294629;0,505568510213577;0,542423295383888;0,645128743653648;0,999999654320567;0,839312184375599;0,686365732674007;0,484882772849465;0,338111817657018;-2,14551609259277;-2,4282524118668;-2,59869384510399;-3,05978324250474;-4,0610219701259;-3,99395385733955;-3,3217977374888;-2,72007905507952;-2,13829182353672;-1,18500861275905;-1,85736416666674;-2,23882456322202;-2,86260508058283;-5,02140762454537;-5,09729664790047;-4,06960428105759;-3,34524631734356;-2,65932913921636;0,0616023919182442;0,0160928837337721;0,0388562224715487;0,0179218411707625;0,0385225292945519;0,00612082035677787;0,015699196058898;0,00918210322227181;-1,383754968902076;-0,05956539907293390;1;1;1;-3;-3;1;1;1;-13174,7150474940;NA;All
3930;1,88304088315069;2,84254900688767;2,29896849114977;2,50980797761203;2,71397452471025;2,28043562394877;2,41260264278576;2,44819771007298;2,45700793771892;1,97913013422064;1,92132520506502;1,63046728101526;1,43501376778664;4,90550357958464;1,52473550763761;1,76609058341847;1,91673558388257;1,51866759986513;1,93717807202571;1,61222558828219;-21,2493949166985;-3,79008603045278;-7,20969029393746;-8,51566303812501;-5,61065921085665;-5,62225021785504;-10,536537451225;-9,44246507450126;-6,41341979102222;-16,1050701691777;-11,9039710737268;-17,958603469274;-25,1241603258947;-42,2201109096562;-17,9934367568665;-15,1495215606078;-15,8921403085173;-20,6995455137417;-14,7704510396926;-19,5432018278614;2,68199219822906;1,52838389719892;1,55555567096163;0,906735395569924;0,505569093294629;0,505568510213577;0,542423295383888;0,645128743653648;0,999999654320567;0,839312184375599;0,686365732674007;0,484882772849465;0,338111817657018;-2,14551609259277;-2,4282524118668;-2,59869384510399;-3,05978324250474;-4,0610219701259;-3,99395385733955;-3,3217977374888;-2,72007905507952;-2,13829182353672;-1,18500861275905;-1,85736416666674;-2,23882456322202;-2,86260508058283;-5,02140762454537;-5,09729664790047;-4,06960428105759;-3,34524631734356;-2,65932913921636;0,0616023919182442;0,0160928837337721;0,0388562224715487;0,0179218411707625;0,0385225292945519;0,00612082035677787;0,015699196058898;0,00918210322227181;-3,375033777171446;-0,07068182798951400;1;1;1;-3;-3;1;1;1;-13174,2558199372;NA;All
3940;1,88304088315069;2,84254900688767;2,29896849114977;2,50980797761203;2,71397452471025;2,28043562394877;2,41260264278576;2,44819771007298;2,45700793771892;1,97913013422064;1,92132520506502;1,63046728101526;1,43501376778664;4,90550357958464;1,52473550763761;1,76609058341847;1,91673558388257;1,51866759986513;1,93717807202571;1,61222558828219;-21,2493949166985;-3,79008603045278;-7,20969029393746;-8,51566303812501;-5,61065921085665;-5,62225021785504;-10,536537451225;-9,44246507450126;-6,41341979102222;-16,1050701691777;-11,9039710737268;-17,958603469274;-25,1241603258947;-42,2201109096562;-17,9934367568665;-15,1495215606078;-15,8921403085173;-20,6995455137417;-14,7704510396926;-19,5432018278614;2,68199219822906;1,52838389719892;1,55555567096163;0,906735395569924;0,505569093294629;0,505568510213577;0,542423295383888;0,645128743653648;0,999999654320567;0,839312184375599;0,686365732674007;0,484882772849465;0,338111817657018;-2,14551609259277;-2,4282524118668;-2,59869384510399;-3,05978324250474;-4,0610219701259;-3,99395385733955;-3,3217977374888;-2,72007905507952;-2,13829182353672;-1,18500861275905;-1,85736416666674;-2,23882456322202;-2,86260508058283;-5,02140762454537;-5,09729664790047;-4,06960428105759;-3,34524631734356;-2,65932913921636;0,0616023919182442;0,0160928837337721;0,0388562224715487;0,0179218411707625;0,0385225292945519;0,00612082035677787;0,015699196058898;0,00918210322227181;-2,975179627769367;-0,37693829719898886;1;1;1;-3;-3;1;1;1;-13175,4959174325;NA;All
3950;1,88304088315069;2,84254900688767;2,29896849114977;2,50980797761203;2,71397452471025;2,28043562394877;2,41260264278576;2,44819771007298;2,45700793771892;1,97913013422064;1,92132520506502;1,63046728101526;1,43501376778664;4,90550357958464;1,52473550763761;1,76609058341847;1,91673558388257;1,51866759986513;1,93717807202571;1,61222558828219;-21,2493949166985;-3,79008603045278;-7,20969029393746;-8,51566303812501;-5,61065921085665;-5,62225021785504;-10,536537451225;-9,44246507450126;-6,41341979102222;-16,1050701691777;-11,9039710737268;-17,958603469274;-25,1241603258947;-42,2201109096562;-17,9934367568665;-15,1495215606078;-15,8921403085173;-20,6995455137417;-14,7704510396926;-19,5432018278614;2,68199219822906;1,52838389719892;1,55555567096163;0,906735395569924;0,505569093294629;0,505568510213577;0,542423295383888;0,645128743653648;0,999999654320567;0,839312184375599;0,686365732674007;0,484882772849465;0,338111817657018;-2,14551609259277;-2,4282524118668;-2,59869384510399;-3,05978324250474;-4,0610219701259;-3,99395385733955;-3,3217977374888;-2,72007905507952;-2,13829182353672;-1,18500861275905;-1,85736416666674;-2,23882456322202;-2,86260508058283;-5,02140762454537;-5,09729664790047;-4,06960428105759;-3,34524631734356;-2,65932913921636;0,0616023919182442;0,0160928837337721;0,0388562224715487;0,0179218411707625;0,0385225292945519;0,00612082035677787;0,015699196058898;0,00918210322227181;-2,239101500766737;-0,56083265794137938;1;1;1;-3;-3;1;1;1;-13176,5558705019;NA;All
3960;1,88304088315069;2,84254900688767;2,29896849114977;2,50980797761203;2,71397452471025;2,28043562394877;2,41260264278576;2,44819771007298;2,45700793771892;1,97913013422064;1,92132520506502;1,63046728101526;1,43501376778664;4,90550357958464;1,52473550763761;1,76609058341847;1,91673558388257;1,51866759986513;1,93717807202571;1,61222558828219;-21,2493949166985;-3,79008603045278;-7,20969029393746;-8,51566303812501;-5,61065921085665;-5,62225021785504;-10,536537451225;-9,44246507450126;-6,41341979102222;-16,1050701691777;-11,9039710737268;-17,958603469274;-25,1241603258947;-42,2201109096562;-17,9934367568665;-15,1495215606078;-15,8921403085173;-20,6995455137417;-14,7704510396926;-19,5432018278614;2,68199219822906;1,52838389719892;1,55555567096163;0,906735395569924;0,505569093294629;0,505568510213577;0,542423295383888;0,645128743653648;0,999999654320567;0,839312184375599;0,686365732674007;0,484882772849465;0,338111817657018;-2,14551609259277;-2,4282524118668;-2,59869384510399;-3,05978324250474;-4,0610219701259;-3,99395385733955;-3,3217977374888;-2,72007905507952;-2,13829182353672;-1,18500861275905;-1,85736416666674;-2,23882456322202;-2,86260508058283;-5,02140762454537;-5,09729664790047;-4,06960428105759;-3,34524631734356;-2,65932913921636;0,0616023919182442;0,0160928837337721;0,0388562224715487;0,0179218411707625;0,0385225292945519;0,00612082035677787;0,015699196058898;0,00918210322227181;-0,961523510256525;-0,34001036288427045;1;1;1;-3;-3;1;1;1;-13176,4319716432;NA;All
3970;1,88304088315069;2,84254900688767;2,29896849114977;2,50980797761203;2,71397452471025;2,28043562394877;2,41260264278576;2,44819771007298;2,45700793771892;1,97913013422064;1,92132520506502;1,63046728101526;1,43501376778664;4,90550357958464;1,52473550763761;1,76609058341847;1,91673558388257;1,51866759986513;1,93717807202571;1,61222558828219;-21,2493949166985;-3,79008603045278;-7,20969029393746;-8,51566303812501;-5,61065921085665;-5,62225021785504;-10,536537451225;-9,44246507450126;-6,41341979102222;-16,1050701691777;-11,9039710737268;-17,958603469274;-25,1241603258947;-42,2201109096562;-17,9934367568665;-15,1495215606078;-15,8921403085173;-20,6995455137417;-14,7704510396926;-19,5432018278614;2,68199219822906;1,52838389719892;1,55555567096163;0,906735395569924;0,505569093294629;0,505568510213577;0,542423295383888;0,645128743653648;0,999999654320567;0,839312184375599;0,686365732674007;0,484882772849465;0,338111817657018;-2,14551609259277;-2,4282524118668;-2,59869384510399;-3,05978324250474;-4,0610219701259;-3,99395385733955;-3,3217977374888;-2,72007905507952;-2,13829182353672;-1,18500861275905;-1,85736416666674;-2,23882456322202;-2,86260508058283;-5,02140762454537;-5,09729664790047;-4,06960428105759;-3,34524631734356;-2,65932913921636;0,0616023919182442;0,0160928837337721;0,0388562224715487;0,0179218411707625;0,0385225292945519;0,00612082035677787;0,015699196058898;0,00918210322227181;-2,324248176707441;-0,23292991156989479;1;1;1;-3;-3;1;1;1;-13174,7731361293;NA;All
3980;1,88304088315069;2,84254900688767;2,29896849114977;2,50980797761203;2,71397452471025;2,28043562394877;2,41260264278576;2,44819771007298;2,45700793771892;1,97913013422064;1,92132520506502;1,63046728101526;1,43501376778664;4,90550357958464;1,52473550763761;1,76609058341847;1,91673558388257;1,51866759986513;1,93717807202571;1,61222558828219;-21,2493949166985;-3,79008603045278;-7,20969029393746;-8,51566303812501;-5,61065921085665;-5,62225021785504;-10,536537451225;-9,44246507450126;-6,41341979102222;-16,1050701691777;-11,9039710737268;-17,958603469274;-25,1241603258947;-42,2201109096562;-17,9934367568665;-15,1495215606078;-15,8921403085173;-20,6995455137417;-14,7704510396926;-19,5432018278614;2,68199219822906;1,52838389719892;1,55555567096163;0,906735395569924;0,505569093294629;0,505568510213577;0,542423295383888;0,645128743653648;0,999999654320567;0,839312184375599;0,686365732674007;0,484882772849465;0,338111817657018;-2,14551609259277;-2,4282524118668;-2,59869384510399;-3,05978324250474;-4,0610219701259;-3,99395385733955;-3,3217977374888;-2,72007905507952;-2,13829182353672;-1,18500861275905;-1,85736416666674;-2,23882456322202;-2,86260508058283;-5,02140762454537;-5,09729664790047;-4,06960428105759;-3,34524631734356;-2,65932913921636;0,0616023919182442;0,0160928837337721;0,0388562224715487;0,0179218411707625;0,0385225292945519;0,00612082035677787;0,015699196058898;0,00918210322227181;-2,552063982616756;-0,11244935118965849;1;1;1;-3;-3;1;1;1;-13174,3338805261;NA;All
3990;1,88304088315069;2,84254900688767;2,29896849114977;2,50980797761203;2,71397452471025;2,28043562394877;2,41260264278576;2,44819771007298;2,45700793771892;1,97913013422064;1,92132520506502;1,63046728101526;1,43501376778664;4,90550357958464;1,52473550763761;1,76609058341847;1,91673558388257;1,51866759986513;1,93717807202571;1,61222558828219;-21,2493949166985;-3,79008603045278;-7,20969029393746;-8,51566303812501;-5,61065921085665;-5,62225021785504;-10,536537451225;-9,44246507450126;-6,41341979102222;-16,1050701691777;-11,9039710737268;-17,958603469274;-25,1241603258947;-42,2201109096562;-17,9934367568665;-15,1495215606078;-15,8921403085173;-20,6995455137417;-14,7704510396926;-19,5432018278614;2,68199219822906;1,52838389719892;1,55555567096163;0,906735395569924;0,505569093294629;0,505568510213577;0,542423295383888;0,645128743653648;0,999999654320567;0,839312184375599;0,686365732674007;0,484882772849465;0,338111817657018;-2,14551609259277;-2,4282524118668;-2,59869384510399;-3,05978324250474;-4,0610219701259;-3,99395385733955;-3,3217977374888;-2,72007905507952;-2,13829182353672;-1,18500861275905;-1,85736416666674;-2,23882456322202;-2,86260508058283;-5,02140762454537;-5,09729664790047;-4,06960428105759;-3,34524631734356;-2,65932913921636;0,0616023919182442;0,0160928837337721;0,0388562224715487;0,0179218411707625;0,0385225292945519;0,00612082035677787;0,015699196058898;0,00918210322227181;-3,825421730161967;0,15650891209387419;1;1;1;-3;-3;1;1;1;-13175,7026827187;NA;All
4000;1,88304088315069;2,84254900688767;2,29896849114977;2,50980797761203;2,71397452471025;2,28043562394877;2,41260264278576;2,44819771007298;2,45700793771892;1,97913013422064;1,92132520506502;1,63046728101526;1,43501376778664;4,90550357958464;1,52473550763761;1,76609058341847;1,91673558388257;1,51866759986513;1,93717807202571;1,61222558828219;-21,2493949166985;-3,79008603045278;-7,20969029393746;-8,51566303812501;-5,61065921085665;-5,62225021785504;-10,536537451225;-9,44246507450126;-6,41341979102222;-16,1050701691777;-11,9039710737268;-17,958603469274;-25,1241603258947;-42,2201109096562;-17,9934367568665;-15,1495215606078;-15,8921403085173;-20,6995455137417;-14,7704510396926;-19,5432018278614;2,68199219822906;1,52838389719892;1,55555567096163;0,906735395569924;0,505569093294629;0,505568510213577;0,542423295383888;0,645128743653648;0,999999654320567;0,839312184375599;0,686365732674007;0,484882772849465;0,338111817657018;-2,14551609259277;-2,4282524118668;-2,59869384510399;-3,05978324250474;-4,0610219701259;-3,99395385733955;-3,3217977374888;-2,72007905507952;-2,13829182353672;-1,18500861275905;-1,85736416666674;-2,23882456322202;-2,86260508058283;-5,02140762454537;-5,09729664790047;-4,06960428105759;-3,34524631734356;-2,65932913921636;0,0616023919182442;0,0160928837337721;0,0388562224715487;0,0179218411707625;0,0385225292945519;0,00612082035677787;0,015699196058898;0,00918210322227181;-1,925807704695865;-0,28623604170078681;1;1;1;-3;-3;1;1;1;-13175,1070226635;NA;All
4010;1,88304088315069;2,84254900688767;2,29896849114977;2,50980797761203;2,71397452471025;2,28043562394877;2,41260264278576;2,44819771007298;2,45700793771892;1,97913013422064;1,92132520506502;1,63046728101526;1,43501376778664;4,90550357958464;1,52473550763761;1,76609058341847;1,91673558388257;1,51866759986513;1,93717807202571;1,61222558828219;-21,2493949166985;-3,79008603045278;-7,20969029393746;-8,51566303812501;-5,61065921085665;-5,62225021785504;-10,536537451225;-9,44246507450126;-6,41341979102222;-16,1050701691777;-11,9039710737268;-17,958603469274;-25,1241603258947;-42,2201109096562;-17,9934367568665;-15,1495215606078;-15,8921403085173;-20,6995455137417;-14,7704510396926;-19,5432018278614;2,68199219822906;1,52838389719892;1,55555567096163;0,906735395569924;0,505569093294629;0,505568510213577;0,542423295383888;0,645128743653648;0,999999654320567;0,839312184375599;0,686365732674007;0,484882772849465;0,338111817657018;-2,14551609259277;-2,4282524118668;-2,59869384510399;-3,05978324250474;-4,0610219701259;-3,99395385733955;-3,3217977374888;-2,72007905507952;-2,13829182353672;-1,18500861275905;-1,85736416666674;-2,23882456322202;-2,86260508058283;-5,02140762454537;-5,09729664790047;-4,06960428105759;-3,34524631734356;-2,65932913921636;0,0616023919182442;0,0160928837337721;0,0388562224715487;0,0179218411707625;0,0385225292945519;0,00612082035677787;0,015699196058898;0,00918210322227181;-2,650036824045827;-0,13045949975431304;1;1;1;-3;-3;1;1;1;-13174,3685264722;NA;All
4020;1,88304088315069;2,84254900688767;2,29896849114977;2,50980797761203;2,71397452471025;2,28043562394877;2,41260264278576;2,44819771007298;2,45700793771892;1,97913013422064;1,92132520506502;1,63046728101526;1,43501376778664;4,90550357958464;1,52473550763761;1,76609058341847;1,91673558388257;1,51866759986513;1,93717807202571;1,61222558828219;-21,2493949166985;-3,79008603045278;-7,20969029393746;-8,51566303812501;-5,61065921085665;-5,62225021785504;-10,536537451225;-9,44246507450126;-6,41341979102222;-16,1050701691777;-11,9039710737268;-17,958603469274;-25,1241603258947;-42,2201109096562;-17,9934367568665;-15,1495215606078;-15,8921403085173;-20,6995455137417;-14,7704510396926;-19,5432018278614;2,68199219822906;1,52838389719892;1,55555567096163;0,906735395569924;0,505569093294629;0,505568510213577;0,542423295383888;0,645128743653648;0,999999654320567;0,839312184375599;0,686365732674007;0,484882772849465;0,338111817657018;-2,14551609259277;-2,4282524118668;-2,59869384510399;-3,05978324250474;-4,0610219701259;-3,99395385733955;-3,3217977374888;-2,72007905507952;-2,13829182353672;-1,18500861275905;-1,85736416666674;-2,23882456322202;-2,86260508058283;-5,02140762454537;-5,09729664790047;-4,06960428105759;-3,34524631734356;-2,65932913921636;0,0616023919182442;0,0160928837337721;0,0388562224715487;0,0179218411707625;0,0385225292945519;0,00612082035677787;0,015699196058898;0,00918210322227181;-2,824711567577426;-0,02979394030107529;1;1;1;-3;-3;1;1;1;-13174,2841276496;NA;All
4030;1,88304088315069;2,84254900688767;2,29896849114977;2,50980797761203;2,71397452471025;2,28043562394877;2,41260264278576;2,44819771007298;2,45700793771892;1,97913013422064;1,92132520506502;1,63046728101526;1,43501376778664;4,90550357958464;1,52473550763761;1,76609058341847;1,91673558388257;1,51866759986513;1,93717807202571;1,61222558828219;-21,2493949166985;-3,79008603045278;-7,20969029393746;-8,51566303812501;-5,61065921085665;-5,62225021785504;-10,536537451225;-9,44246507450126;-6,41341979102222;-16,1050701691777;-11,9039710737268;-17,958603469274;-25,1241603258947;-42,2201109096562;-17,9934367568665;-15,1495215606078;-15,8921403085173;-20,6995455137417;-14,7704510396926;-19,5432018278614;2,68199219822906;1,52838389719892;1,55555567096163;0,906735395569924;0,505569093294629;0,505568510213577;0,542423295383888;0,645128743653648;0,999999654320567;0,839312184375599;0,686365732674007;0,484882772849465;0,338111817657018;-2,14551609259277;-2,4282524118668;-2,59869384510399;-3,05978324250474;-4,0610219701259;-3,99395385733955;-3,3217977374888;-2,72007905507952;-2,13829182353672;-1,18500861275905;-1,85736416666674;-2,23882456322202;-2,86260508058283;-5,02140762454537;-5,09729664790047;-4,06960428105759;-3,34524631734356;-2,65932913921636;0,0616023919182442;0,0160928837337721;0,0388562224715487;0,0179218411707625;0,0385225292945519;0,00612082035677787;0,015699196058898;0,00918210322227181;-3,158619254253302;-0,07781198600733218;1;1;1;-3;-3;1;1;1;-13174,2630545930;NA;All
4040;1,88304088315069;2,84254900688767;2,29896849114977;2,50980797761203;2,71397452471025;2,28043562394877;2,41260264278576;2,44819771007298;2,45700793771892;1,97913013422064;1,92132520506502;1,63046728101526;1,43501376778664;4,90550357958464;1,52473550763761;1,76609058341847;1,91673558388257;1,51866759986513;1,93717807202571;1,61222558828219;-21,2493949166985;-3,79008603045278;-7,20969029393746;-8,51566303812501;-5,61065921085665;-5,62225021785504;-10,536537451225;-9,44246507450126;-6,41341979102222;-16,1050701691777;-11,9039710737268;-17,958603469274;-25,1241603258947;-42,2201109096562;-17,9934367568665;-15,1495215606078;-15,8921403085173;-20,6995455137417;-14,7704510396926;-19,5432018278614;2,68199219822906;1,52838389719892;1,55555567096163;0,906735395569924;0,505569093294629;0,505568510213577;0,542423295383888;0,645128743653648;0,999999654320567;0,839312184375599;0,686365732674007;0,484882772849465;0,338111817657018;-2,14551609259277;-2,4282524118668;-2,59869384510399;-3,05978324250474;-4,0610219701259;-3,99395385733955;-3,3217977374888;-2,72007905507952;-2,13829182353672;-1,18500861275905;-1,85736416666674;-2,23882456322202;-2,86260508058283;-5,02140762454537;-5,09729664790047;-4,06960428105759;-3,34524631734356;-2,65932913921636;0,0616023919182442;0,0160928837337721;0,0388562224715487;0,0179218411707625;0,0385225292945519;0,00612082035677787;0,015699196058898;0,00918210322227181;-2,957836519726680;-0,03385268510411159;1;1;1;-3;-3;1;1;1;-13174,2746459368;NA;All
4050;1,88304088315069;2,84254900688767;2,29896849114977;2,50980797761203;2,71397452471025;2,28043562394877;2,41260264278576;2,44819771007298;2,45700793771892;1,97913013422064;1,92132520506502;1,63046728101526;1,43501376778664;4,90550357958464;1,52473550763761;1,76609058341847;1,91673558388257;1,51866759986513;1,93717807202571;1,61222558828219;-21,2493949166985;-3,79008603045278;-7,20969029393746;-8,51566303812501;-5,61065921085665;-5,62225021785504;-10,536537451225;-9,44246507450126;-6,41341979102222;-16,1050701691777;-11,9039710737268;-17,958603469274;-25,1241603258947;-42,2201109096562;-17,9934367568665;-15,1495215606078;-15,8921403085173;-20,6995455137417;-14,7704510396926;-19,5432018278614;2,68199219822906;1,52838389719892;1,55555567096163;0,906735395569924;0,505569093294629;0,505568510213577;0,542423295383888;0,645128743653648;0,999999654320567;0,839312184375599;0,686365732674007;0,484882772849465;0,338111817657018;-2,14551609259277;-2,4282524118668;-2,59869384510399;-3,05978324250474;-4,0610219701259;-3,99395385733955;-3,3217977374888;-2,72007905507952;-2,13829182353672;-1,18500861275905;-1,85736416666674;-2,23882456322202;-2,86260508058283;-5,02140762454537;-5,09729664790047;-4,06960428105759;-3,34524631734356;-2,65932913921636;0,0616023919182442;0,0160928837337721;0,0388562224715487;0,0179218411707625;0,0385225292945519;0,00612082035677787;0,015699196058898;0,00918210322227181;-3,452460198053639;0,00896099880630435;1;1;1;-3;-3;1;1;1;-13174,3642616168;NA;All
4060;1,88304088315069;2,84254900688767;2,29896849114977;2,50980797761203;2,71397452471025;2,28043562394877;2,41260264278576;2,44819771007298;2,45700793771892;1,97913013422064;1,92132520506502;1,63046728101526;1,43501376778664;4,90550357958464;1,52473550763761;1,76609058341847;1,91673558388257;1,51866759986513;1,93717807202571;1,61222558828219;-21,2493949166985;-3,79008603045278;-7,20969029393746;-8,51566303812501;-5,61065921085665;-5,62225021785504;-10,536537451225;-9,44246507450126;-6,41341979102222;-16,1050701691777;-11,9039710737268;-17,958603469274;-25,1241603258947;-42,2201109096562;-17,9934367568665;-15,1495215606078;-15,8921403085173;-20,6995455137417;-14,7704510396926;-19,5432018278614;2,68199219822906;1,52838389719892;1,55555567096163;0,906735395569924;0,505569093294629;0,505568510213577;0,542423295383888;0,645128743653648;0,999999654320567;0,839312184375599;0,686365732674007;0,484882772849465;0,338111817657018;-2,14551609259277;-2,4282524118668;-2,59869384510399;-3,05978324250474;-4,0610219701259;-3,99395385733955;-3,3217977374888;-2,72007905507952;-2,13829182353672;-1,18500861275905;-1,85736416666674;-2,23882456322202;-2,86260508058283;-5,02140762454537;-5,09729664790047;-4,06960428105759;-3,34524631734356;-2,65932913921636;0,0616023919182442;0,0160928837337721;0,0388562224715487;0,0179218411707625;0,0385225292945519;0,00612082035677787;0,015699196058898;0,00918210322227181;-2,679299240832468;-0,45381872330149287;1;1;1;-3;-3;1;1;1;-13175,9389685107;NA;All
4070;1,88304088315069;2,84254900688767;2,29896849114977;2,50980797761203;2,71397452471025;2,28043562394877;2,41260264278576;2,44819771007298;2,45700793771892;1,97913013422064;1,92132520506502;1,63046728101526;1,43501376778664;4,90550357958464;1,52473550763761;1,76609058341847;1,91673558388257;1,51866759986513;1,93717807202571;1,61222558828219;-21,2493949166985;-3,79008603045278;-7,20969029393746;-8,51566303812501;-5,61065921085665;-5,62225021785504;-10,536537451225;-9,44246507450126;-6,41341979102222;-16,1050701691777;-11,9039710737268;-17,958603469274;-25,1241603258947;-42,2201109096562;-17,9934367568665;-15,1495215606078;-15,8921403085173;-20,6995455137417;-14,7704510396926;-19,5432018278614;2,68199219822906;1,52838389719892;1,55555567096163;0,906735395569924;0,505569093294629;0,505568510213577;0,542423295383888;0,645128743653648;0,999999654320567;0,839312184375599;0,686365732674007;0,484882772849465;0,338111817657018;-2,14551609259277;-2,4282524118668;-2,59869384510399;-3,05978324250474;-4,0610219701259;-3,99395385733955;-3,3217977374888;-2,72007905507952;-2,13829182353672;-1,18500861275905;-1,85736416666674;-2,23882456322202;-2,86260508058283;-5,02140762454537;-5,09729664790047;-4,06960428105759;-3,34524631734356;-2,65932913921636;0,0616023919182442;0,0160928837337721;0,0388562224715487;0,0179218411707625;0,0385225292945519;0,00612082035677787;0,015699196058898;0,00918210322227181;-2,505984974036576;-0,26358587114334753;1;1;1;-3;-3;1;1;1;-13174,9042885600;NA;All
4080;1,88304088315069;2,84254900688767;2,29896849114977;2,50980797761203;2,71397452471025;2,28043562394877;2,41260264278576;2,44819771007298;2,45700793771892;1,97913013422064;1,92132520506502;1,63046728101526;1,43501376778664;4,90550357958464;1,52473550763761;1,76609058341847;1,91673558388257;1,51866759986513;1,93717807202571;1,61222558828219;-21,2493949166985;-3,79008603045278;-7,20969029393746;-8,51566303812501;-5,61065921085665;-5,62225021785504;-10,536537451225;-9,44246507450126;-6,41341979102222;-16,1050701691777;-11,9039710737268;-17,958603469274;-25,1241603258947;-42,2201109096562;-17,9934367568665;-15,1495215606078;-15,8921403085173;-20,6995455137417;-14,7704510396926;-19,5432018278614;2,68199219822906;1,52838389719892;1,55555567096163;0,906735395569924;0,505569093294629;0,505568510213577;0,542423295383888;0,645128743653648;0,999999654320567;0,839312184375599;0,686365732674007;0,484882772849465;0,338111817657018;-2,14551609259277;-2,4282524118668;-2,59869384510399;-3,05978324250474;-4,0610219701259;-3,99395385733955;-3,3217977374888;-2,72007905507952;-2,13829182353672;-1,18500861275905;-1,85736416666674;-2,23882456322202;-2,86260508058283;-5,02140762454537;-5,09729664790047;-4,06960428105759;-3,34524631734356;-2,65932913921636;0,0616023919182442;0,0160928837337721;0,0388562224715487;0,0179218411707625;0,0385225292945519;0,00612082035677787;0,015699196058898;0,00918210322227181;-2,528068022108178;-0,29165034069333107;1;1;1;-3;-3;1;1;1;-13175,0467367590;NA;All
4090;1,88304088315069;2,84254900688767;2,29896849114977;2,50980797761203;2,71397452471025;2,28043562394877;2,41260264278576;2,44819771007298;2,45700793771892;1,97913013422064;1,92132520506502;1,63046728101526;1,43501376778664;4,90550357958464;1,52473550763761;1,76609058341847;1,91673558388257;1,51866759986513;1,93717807202571;1,61222558828219;-21,2493949166985;-3,79008603045278;-7,20969029393746;-8,51566303812501;-5,61065921085665;-5,62225021785504;-10,536537451225;-9,44246507450126;-6,41341979102222;-16,1050701691777;-11,9039710737268;-17,958603469274;-25,1241603258947;-42,2201109096562;-17,9934367568665;-15,1495215606078;-15,8921403085173;-20,6995455137417;-14,7704510396926;-19,5432018278614;2,68199219822906;1,52838389719892;1,55555567096163;0,906735395569924;0,505569093294629;0,505568510213577;0,542423295383888;0,645128743653648;0,999999654320567;0,839312184375599;0,686365732674007;0,484882772849465;0,338111817657018;-2,14551609259277;-2,4282524118668;-2,59869384510399;-3,05978324250474;-4,0610219701259;-3,99395385733955;-3,3217977374888;-2,72007905507952;-2,13829182353672;-1,18500861275905;-1,85736416666674;-2,23882456322202;-2,86260508058283;-5,02140762454537;-5,09729664790047;-4,06960428105759;-3,34524631734356;-2,65932913921636;0,0616023919182442;0,0160928837337721;0,0388562224715487;0,0179218411707625;0,0385225292945519;0,00612082035677787;0,015699196058898;0,00918210322227181;-3,979308797764102;0,12163699009759306;1;1;1;-3;-3;1;1;1;-13175,2125360140;NA;All
4100;1,88304088315069;2,84254900688767;2,29896849114977;2,50980797761203;2,71397452471025;2,28043562394877;2,41260264278576;2,44819771007298;2,45700793771892;1,97913013422064;1,92132520506502;1,63046728101526;1,43501376778664;4,90550357958464;1,52473550763761;1,76609058341847;1,91673558388257;1,51866759986513;1,93717807202571;1,61222558828219;-21,2493949166985;-3,79008603045278;-7,20969029393746;-8,51566303812501;-5,61065921085665;-5,62225021785504;-10,536537451225;-9,44246507450126;-6,41341979102222;-16,1050701691777;-11,9039710737268;-17,958603469274;-25,1241603258947;-42,2201109096562;-17,9934367568665;-15,1495215606078;-15,8921403085173;-20,6995455137417;-14,7704510396926;-19,5432018278614;2,68199219822906;1,52838389719892;1,55555567096163;0,906735395569924;0,505569093294629;0,505568510213577;0,542423295383888;0,645128743653648;0,999999654320567;0,839312184375599;0,686365732674007;0,484882772849465;0,338111817657018;-2,14551609259277;-2,4282524118668;-2,59869384510399;-3,05978324250474;-4,0610219701259;-3,99395385733955;-3,3217977374888;-2,72007905507952;-2,13829182353672;-1,18500861275905;-1,85736416666674;-2,23882456322202;-2,86260508058283;-5,02140762454537;-5,09729664790047;-4,06960428105759;-3,34524631734356;-2,65932913921636;0,0616023919182442;0,0160928837337721;0,0388562224715487;0,0179218411707625;0,0385225292945519;0,00612082035677787;0,015699196058898;0,00918210322227181;-2,568950600419200;0,12403351654768496;1;1;1;-3;-3;1;1;1;-13175,2726688666;NA;All
4110;1,88304088315069;2,84254900688767;2,29896849114977;2,50980797761203;2,71397452471025;2,28043562394877;2,41260264278576;2,44819771007298;2,45700793771892;1,97913013422064;1,92132520506502;1,63046728101526;1,43501376778664;4,90550357958464;1,52473550763761;1,76609058341847;1,91673558388257;1,51866759986513;1,93717807202571;1,61222558828219;-21,2493949166985;-3,79008603045278;-7,20969029393746;-8,51566303812501;-5,61065921085665;-5,62225021785504;-10,536537451225;-9,44246507450126;-6,41341979102222;-16,1050701691777;-11,9039710737268;-17,958603469274;-25,1241603258947;-42,2201109096562;-17,9934367568665;-15,1495215606078;-15,8921403085173;-20,6995455137417;-14,7704510396926;-19,5432018278614;2,68199219822906;1,52838389719892;1,55555567096163;0,906735395569924;0,505569093294629;0,505568510213577;0,542423295383888;0,645128743653648;0,999999654320567;0,839312184375599;0,686365732674007;0,484882772849465;0,338111817657018;-2,14551609259277;-2,4282524118668;-2,59869384510399;-3,05978324250474;-4,0610219701259;-3,99395385733955;-3,3217977374888;-2,72007905507952;-2,13829182353672;-1,18500861275905;-1,85736416666674;-2,23882456322202;-2,86260508058283;-5,02140762454537;-5,09729664790047;-4,06960428105759;-3,34524631734356;-2,65932913921636;0,0616023919182442;0,0160928837337721;0,0388562224715487;0,0179218411707625;0,0385225292945519;0,00612082035677787;0,015699196058898;0,00918210322227181;-2,914985714956821;-0,01015503024423818;1;1;1;-3;-3;1;1;1;-13174,3179930691;NA;All
4120;1,88304088315069;2,84254900688767;2,29896849114977;2,50980797761203;2,71397452471025;2,28043562394877;2,41260264278576;2,44819771007298;2,45700793771892;1,97913013422064;1,92132520506502;1,63046728101526;1,43501376778664;4,90550357958464;1,52473550763761;1,76609058341847;1,91673558388257;1,51866759986513;1,93717807202571;1,61222558828219;-21,2493949166985;-3,79008603045278;-7,20969029393746;-8,51566303812501;-5,61065921085665;-5,62225021785504;-10,536537451225;-9,44246507450126;-6,41341979102222;-16,1050701691777;-11,9039710737268;-17,958603469274;-25,1241603258947;-42,2201109096562;-17,9934367568665;-15,1495215606078;-15,8921403085173;-20,6995455137417;-14,7704510396926;-19,5432018278614;2,68199219822906;1,52838389719892;1,55555567096163;0,906735395569924;0,505569093294629;0,505568510213577;0,542423295383888;0,645128743653648;0,999999654320567;0,839312184375599;0,686365732674007;0,484882772849465;0,338111817657018;-2,14551609259277;-2,4282524118668;-2,59869384510399;-3,05978324250474;-4,0610219701259;-3,99395385733955;-3,3217977374888;-2,72007905507952;-2,13829182353672;-1,18500861275905;-1,85736416666674;-2,23882456322202;-2,86260508058283;-5,02140762454537;-5,09729664790047;-4,06960428105759;-3,34524631734356;-2,65932913921636;0,0616023919182442;0,0160928837337721;0,0388562224715487;0,0179218411707625;0,0385225292945519;0,00612082035677787;0,015699196058898;0,00918210322227181;-3,476397656646957;-0,30309178350198679;1;1;1;-3;-3;1;1;1;-13175,0812551379;NA;All
4130;1,88304088315069;2,84254900688767;2,29896849114977;2,50980797761203;2,71397452471025;2,28043562394877;2,41260264278576;2,44819771007298;2,45700793771892;1,97913013422064;1,92132520506502;1,63046728101526;1,43501376778664;4,90550357958464;1,52473550763761;1,76609058341847;1,91673558388257;1,51866759986513;1,93717807202571;1,61222558828219;-21,2493949166985;-3,79008603045278;-7,20969029393746;-8,51566303812501;-5,61065921085665;-5,62225021785504;-10,536537451225;-9,44246507450126;-6,41341979102222;-16,1050701691777;-11,9039710737268;-17,958603469274;-25,1241603258947;-42,2201109096562;-17,9934367568665;-15,1495215606078;-15,8921403085173;-20,6995455137417;-14,7704510396926;-19,5432018278614;2,68199219822906;1,52838389719892;1,55555567096163;0,906735395569924;0,505569093294629;0,505568510213577;0,542423295383888;0,645128743653648;0,999999654320567;0,839312184375599;0,686365732674007;0,484882772849465;0,338111817657018;-2,14551609259277;-2,4282524118668;-2,59869384510399;-3,05978324250474;-4,0610219701259;-3,99395385733955;-3,3217977374888;-2,72007905507952;-2,13829182353672;-1,18500861275905;-1,85736416666674;-2,23882456322202;-2,86260508058283;-5,02140762454537;-5,09729664790047;-4,06960428105759;-3,34524631734356;-2,65932913921636;0,0616023919182442;0,0160928837337721;0,0388562224715487;0,0179218411707625;0,0385225292945519;0,00612082035677787;0,015699196058898;0,00918210322227181;-2,032573598149125;-0,54078490514173616;1;1;1;-3;-3;1;1;1;-13176,4816053779;NA;All
4140;1,88304088315069;2,84254900688767;2,29896849114977;2,50980797761203;2,71397452471025;2,28043562394877;2,41260264278576;2,44819771007298;2,45700793771892;1,97913013422064;1,92132520506502;1,63046728101526;1,43501376778664;4,90550357958464;1,52473550763761;1,76609058341847;1,91673558388257;1,51866759986513;1,93717807202571;1,61222558828219;-21,2493949166985;-3,79008603045278;-7,20969029393746;-8,51566303812501;-5,61065921085665;-5,62225021785504;-10,536537451225;-9,44246507450126;-6,41341979102222;-16,1050701691777;-11,9039710737268;-17,958603469274;-25,1241603258947;-42,2201109096562;-17,9934367568665;-15,1495215606078;-15,8921403085173;-20,6995455137417;-14,7704510396926;-19,5432018278614;2,68199219822906;1,52838389719892;1,55555567096163;0,906735395569924;0,505569093294629;0,505568510213577;0,542423295383888;0,645128743653648;0,999999654320567;0,839312184375599;0,686365732674007;0,484882772849465;0,338111817657018;-2,14551609259277;-2,4282524118668;-2,59869384510399;-3,05978324250474;-4,0610219701259;-3,99395385733955;-3,3217977374888;-2,72007905507952;-2,13829182353672;-1,18500861275905;-1,85736416666674;-2,23882456322202;-2,86260508058283;-5,02140762454537;-5,09729664790047;-4,06960428105759;-3,34524631734356;-2,65932913921636;0,0616023919182442;0,0160928837337721;0,0388562224715487;0,0179218411707625;0,0385225292945519;0,00612082035677787;0,015699196058898;0,00918210322227181;-2,540224795457981;-0,46959999583980422;1;1;1;-3;-3;1;1;1;-13176,0349120205;NA;All
4150;1,88304088315069;2,84254900688767;2,29896849114977;2,50980797761203;2,71397452471025;2,28043562394877;2,41260264278576;2,44819771007298;2,45700793771892;1,97913013422064;1,92132520506502;1,63046728101526;1,43501376778664;4,90550357958464;1,52473550763761;1,76609058341847;1,91673558388257;1,51866759986513;1,93717807202571;1,61222558828219;-21,2493949166985;-3,79008603045278;-7,20969029393746;-8,51566303812501;-5,61065921085665;-5,62225021785504;-10,536537451225;-9,44246507450126;-6,41341979102222;-16,1050701691777;-11,9039710737268;-17,958603469274;-25,1241603258947;-42,2201109096562;-17,9934367568665;-15,1495215606078;-15,8921403085173;-20,6995455137417;-14,7704510396926;-19,5432018278614;2,68199219822906;1,52838389719892;1,55555567096163;0,906735395569924;0,505569093294629;0,505568510213577;0,542423295383888;0,645128743653648;0,999999654320567;0,839312184375599;0,686365732674007;0,484882772849465;0,338111817657018;-2,14551609259277;-2,4282524118668;-2,59869384510399;-3,05978324250474;-4,0610219701259;-3,99395385733955;-3,3217977374888;-2,72007905507952;-2,13829182353672;-1,18500861275905;-1,85736416666674;-2,23882456322202;-2,86260508058283;-5,02140762454537;-5,09729664790047;-4,06960428105759;-3,34524631734356;-2,65932913921636;0,0616023919182442;0,0160928837337721;0,0388562224715487;0,0179218411707625;0,0385225292945519;0,00612082035677787;0,015699196058898;0,00918210322227181;-3,798144120173764;-0,01434639251555792;1;1;1;-3;-3;1;1;1;-13174,2966106774;NA;All
4160;1,88304088315069;2,84254900688767;2,29896849114977;2,50980797761203;2,71397452471025;2,28043562394877;2,41260264278576;2,44819771007298;2,45700793771892;1,97913013422064;1,92132520506502;1,63046728101526;1,43501376778664;4,90550357958464;1,52473550763761;1,76609058341847;1,91673558388257;1,51866759986513;1,93717807202571;1,61222558828219;-21,2493949166985;-3,79008603045278;-7,20969029393746;-8,51566303812501;-5,61065921085665;-5,62225021785504;-10,536537451225;-9,44246507450126;-6,41341979102222;-16,1050701691777;-11,9039710737268;-17,958603469274;-25,1241603258947;-42,2201109096562;-17,9934367568665;-15,1495215606078;-15,8921403085173;-20,6995455137417;-14,7704510396926;-19,5432018278614;2,68199219822906;1,52838389719892;1,55555567096163;0,906735395569924;0,505569093294629;0,505568510213577;0,542423295383888;0,645128743653648;0,999999654320567;0,839312184375599;0,686365732674007;0,484882772849465;0,338111817657018;-2,14551609259277;-2,4282524118668;-2,59869384510399;-3,05978324250474;-4,0610219701259;-3,99395385733955;-3,3217977374888;-2,72007905507952;-2,13829182353672;-1,18500861275905;-1,85736416666674;-2,23882456322202;-2,86260508058283;-5,02140762454537;-5,09729664790047;-4,06960428105759;-3,34524631734356;-2,65932913921636;0,0616023919182442;0,0160928837337721;0,0388562224715487;0,0179218411707625;0,0385225292945519;0,00612082035677787;0,015699196058898;0,00918210322227181;-3,798144120173764;-0,01434639251555792;1;1;1;-3;-3;1;1;1;-13174,2966106774;NA;All
4170;1,88304088315069;2,84254900688767;2,29896849114977;2,50980797761203;2,71397452471025;2,28043562394877;2,41260264278576;2,44819771007298;2,45700793771892;1,97913013422064;1,92132520506502;1,63046728101526;1,43501376778664;4,90550357958464;1,52473550763761;1,76609058341847;1,91673558388257;1,51866759986513;1,93717807202571;1,61222558828219;-21,2493949166985;-3,79008603045278;-7,20969029393746;-8,51566303812501;-5,61065921085665;-5,62225021785504;-10,536537451225;-9,44246507450126;-6,41341979102222;-16,1050701691777;-11,9039710737268;-17,958603469274;-25,1241603258947;-42,2201109096562;-17,9934367568665;-15,1495215606078;-15,8921403085173;-20,6995455137417;-14,7704510396926;-19,5432018278614;2,68199219822906;1,52838389719892;1,55555567096163;0,906735395569924;0,505569093294629;0,505568510213577;0,542423295383888;0,645128743653648;0,999999654320567;0,839312184375599;0,686365732674007;0,484882772849465;0,338111817657018;-2,14551609259277;-2,4282524118668;-2,59869384510399;-3,05978324250474;-4,0610219701259;-3,99395385733955;-3,3217977374888;-2,72007905507952;-2,13829182353672;-1,18500861275905;-1,85736416666674;-2,23882456322202;-2,86260508058283;-5,02140762454537;-5,09729664790047;-4,06960428105759;-3,34524631734356;-2,65932913921636;0,0616023919182442;0,0160928837337721;0,0388562224715487;0,0179218411707625;0,0385225292945519;0,00612082035677787;0,015699196058898;0,00918210322227181;-1,663408846938013;-0,08530190518302738;1;1;1;-3;-3;1;1;1;-13174,5005267683;NA;All
4180;1,88304088315069;2,84254900688767;2,29896849114977;2,50980797761203;2,71397452471025;2,28043562394877;2,41260264278576;2,44819771007298;2,45700793771892;1,97913013422064;1,92132520506502;1,63046728101526;1,43501376778664;4,90550357958464;1,52473550763761;1,76609058341847;1,91673558388257;1,51866759986513;1,93717807202571;1,61222558828219;-21,2493949166985;-3,79008603045278;-7,20969029393746;-8,51566303812501;-5,61065921085665;-5,62225021785504;-10,536537451225;-9,44246507450126;-6,41341979102222;-16,1050701691777;-11,9039710737268;-17,958603469274;-25,1241603258947;-42,2201109096562;-17,9934367568665;-15,1495215606078;-15,8921403085173;-20,6995455137417;-14,7704510396926;-19,5432018278614;2,68199219822906;1,52838389719892;1,55555567096163;0,906735395569924;0,505569093294629;0,505568510213577;0,542423295383888;0,645128743653648;0,999999654320567;0,839312184375599;0,686365732674007;0,484882772849465;0,338111817657018;-2,14551609259277;-2,4282524118668;-2,59869384510399;-3,05978324250474;-4,0610219701259;-3,99395385733955;-3,3217977374888;-2,72007905507952;-2,13829182353672;-1,18500861275905;-1,85736416666674;-2,23882456322202;-2,86260508058283;-5,02140762454537;-5,09729664790047;-4,06960428105759;-3,34524631734356;-2,65932913921636;0,0616023919182442;0,0160928837337721;0,0388562224715487;0,0179218411707625;0,0385225292945519;0,00612082035677787;0,015699196058898;0,00918210322227181;-1,663408846938013;-0,08530190518302738;1;1;1;-3;-3;1;1;1;-13174,5005267683;NA;All
4190;1,88304088315069;2,84254900688767;2,29896849114977;2,50980797761203;2,71397452471025;2,28043562394877;2,41260264278576;2,44819771007298;2,45700793771892;1,97913013422064;1,92132520506502;1,63046728101526;1,43501376778664;4,90550357958464;1,52473550763761;1,76609058341847;1,91673558388257;1,51866759986513;1,93717807202571;1,61222558828219;-21,2493949166985;-3,79008603045278;-7,20969029393746;-8,51566303812501;-5,61065921085665;-5,62225021785504;-10,536537451225;-9,44246507450126;-6,41341979102222;-16,1050701691777;-11,9039710737268;-17,958603469274;-25,1241603258947;-42,2201109096562;-17,9934367568665;-15,1495215606078;-15,8921403085173;-20,6995455137417;-14,7704510396926;-19,5432018278614;2,68199219822906;1,52838389719892;1,55555567096163;0,906735395569924;0,505569093294629;0,505568510213577;0,542423295383888;0,645128743653648;0,999999654320567;0,839312184375599;0,686365732674007;0,484882772849465;0,338111817657018;-2,14551609259277;-2,4282524118668;-2,59869384510399;-3,05978324250474;-4,0610219701259;-3,99395385733955;-3,3217977374888;-2,72007905507952;-2,13829182353672;-1,18500861275905;-1,85736416666674;-2,23882456322202;-2,86260508058283;-5,02140762454537;-5,09729664790047;-4,06960428105759;-3,34524631734356;-2,65932913921636;0,0616023919182442;0,0160928837337721;0,0388562224715487;0,0179218411707625;0,0385225292945519;0,00612082035677787;0,015699196058898;0,00918210322227181;-3,143176688662912;0,11741169683752922;1;1;1;-3;-3;1;1;1;-13175,1683892806;NA;All
4200;1,88304088315069;2,84254900688767;2,29896849114977;2,50980797761203;2,71397452471025;2,28043562394877;2,41260264278576;2,44819771007298;2,45700793771892;1,97913013422064;1,92132520506502;1,63046728101526;1,43501376778664;4,90550357958464;1,52473550763761;1,76609058341847;1,91673558388257;1,51866759986513;1,93717807202571;1,61222558828219;-21,2493949166985;-3,79008603045278;-7,20969029393746;-8,51566303812501;-5,61065921085665;-5,62225021785504;-10,536537451225;-9,44246507450126;-6,41341979102222;-16,1050701691777;-11,9039710737268;-17,958603469274;-25,1241603258947;-42,2201109096562;-17,9934367568665;-15,1495215606078;-15,8921403085173;-20,6995455137417;-14,7704510396926;-19,5432018278614;2,68199219822906;1,52838389719892;1,55555567096163;0,906735395569924;0,505569093294629;0,505568510213577;0,542423295383888;0,645128743653648;0,999999654320567;0,839312184375599;0,686365732674007;0,484882772849465;0,338111817657018;-2,14551609259277;-2,4282524118668;-2,59869384510399;-3,05978324250474;-4,0610219701259;-3,99395385733955;-3,3217977374888;-2,72007905507952;-2,13829182353672;-1,18500861275905;-1,85736416666674;-2,23882456322202;-2,86260508058283;-5,02140762454537;-5,09729664790047;-4,06960428105759;-3,34524631734356;-2,65932913921636;0,0616023919182442;0,0160928837337721;0,0388562224715487;0,0179218411707625;0,0385225292945519;0,00612082035677787;0,015699196058898;0,00918210322227181;-2,407532906336043;-0,12475898865959820;1;1;1;-3;-3;1;1;1;-13174,3721061636;NA;All
4210;1,88304088315069;2,84254900688767;2,29896849114977;2,50980797761203;2,71397452471025;2,28043562394877;2,41260264278576;2,44819771007298;2,45700793771892;1,97913013422064;1,92132520506502;1,63046728101526;1,43501376778664;4,90550357958464;1,52473550763761;1,76609058341847;1,91673558388257;1,51866759986513;1,93717807202571;1,61222558828219;-21,2493949166985;-3,79008603045278;-7,20969029393746;-8,51566303812501;-5,61065921085665;-5,62225021785504;-10,536537451225;-9,44246507450126;-6,41341979102222;-16,1050701691777;-11,9039710737268;-17,958603469274;-25,1241603258947;-42,2201109096562;-17,9934367568665;-15,1495215606078;-15,8921403085173;-20,6995455137417;-14,7704510396926;-19,5432018278614;2,68199219822906;1,52838389719892;1,55555567096163;0,906735395569924;0,505569093294629;0,505568510213577;0,542423295383888;0,645128743653648;0,999999654320567;0,839312184375599;0,686365732674007;0,484882772849465;0,338111817657018;-2,14551609259277;-2,4282524118668;-2,59869384510399;-3,05978324250474;-4,0610219701259;-3,99395385733955;-3,3217977374888;-2,72007905507952;-2,13829182353672;-1,18500861275905;-1,85736416666674;-2,23882456322202;-2,86260508058283;-5,02140762454537;-5,09729664790047;-4,06960428105759;-3,34524631734356;-2,65932913921636;0,0616023919182442;0,0160928837337721;0,0388562224715487;0,0179218411707625;0,0385225292945519;0,00612082035677787;0,015699196058898;0,00918210322227181;-2,314316296455947;0,17100277887593365;1;1;1;-3;-3;1;1;1;-13176,0017791036;NA;All
4220;1,88304088315069;2,84254900688767;2,29896849114977;2,50980797761203;2,71397452471025;2,28043562394877;2,41260264278576;2,44819771007298;2,45700793771892;1,97913013422064;1,92132520506502;1,63046728101526;1,43501376778664;4,90550357958464;1,52473550763761;1,76609058341847;1,91673558388257;1,51866759986513;1,93717807202571;1,61222558828219;-21,2493949166985;-3,79008603045278;-7,20969029393746;-8,51566303812501;-5,61065921085665;-5,62225021785504;-10,536537451225;-9,44246507450126;-6,41341979102222;-16,1050701691777;-11,9039710737268;-17,958603469274;-25,1241603258947;-42,2201109096562;-17,9934367568665;-15,1495215606078;-15,8921403085173;-20,6995455137417;-14,7704510396926;-19,5432018278614;2,68199219822906;1,52838389719892;1,55555567096163;0,906735395569924;0,505569093294629;0,505568510213577;0,542423295383888;0,645128743653648;0,999999654320567;0,839312184375599;0,686365732674007;0,484882772849465;0,338111817657018;-2,14551609259277;-2,4282524118668;-2,59869384510399;-3,05978324250474;-4,0610219701259;-3,99395385733955;-3,3217977374888;-2,72007905507952;-2,13829182353672;-1,18500861275905;-1,85736416666674;-2,23882456322202;-2,86260508058283;-5,02140762454537;-5,09729664790047;-4,06960428105759;-3,34524631734356;-2,65932913921636;0,0616023919182442;0,0160928837337721;0,0388562224715487;0,0179218411707625;0,0385225292945519;0,00612082035677787;0,015699196058898;0,00918210322227181;-2,862154017811150;0,03474263083429097;1;1;1;-3;-3;1;1;1;-13174,4871729093;NA;All
4230;1,88304088315069;2,84254900688767;2,29896849114977;2,50980797761203;2,71397452471025;2,28043562394877;2,41260264278576;2,44819771007298;2,45700793771892;1,97913013422064;1,92132520506502;1,63046728101526;1,43501376778664;4,90550357958464;1,52473550763761;1,76609058341847;1,91673558388257;1,51866759986513;1,93717807202571;1,61222558828219;-21,2493949166985;-3,79008603045278;-7,20969029393746;-8,51566303812501;-5,61065921085665;-5,62225021785504;-10,536537451225;-9,44246507450126;-6,41341979102222;-16,1050701691777;-11,9039710737268;-17,958603469274;-25,1241603258947;-42,2201109096562;-17,9934367568665;-15,1495215606078;-15,8921403085173;-20,6995455137417;-14,7704510396926;-19,5432018278614;2,68199219822906;1,52838389719892;1,55555567096163;0,906735395569924;0,505569093294629;0,505568510213577;0,542423295383888;0,645128743653648;0,999999654320567;0,839312184375599;0,686365732674007;0,484882772849465;0,338111817657018;-2,14551609259277;-2,4282524118668;-2,59869384510399;-3,05978324250474;-4,0610219701259;-3,99395385733955;-3,3217977374888;-2,72007905507952;-2,13829182353672;-1,18500861275905;-1,85736416666674;-2,23882456322202;-2,86260508058283;-5,02140762454537;-5,09729664790047;-4,06960428105759;-3,34524631734356;-2,65932913921636;0,0616023919182442;0,0160928837337721;0,0388562224715487;0,0179218411707625;0,0385225292945519;0,00612082035677787;0,015699196058898;0,00918210322227181;-2,005522788417847;-0,11843764368682322;1;1;1;-3;-3;1;1;1;-13174,4220289678;NA;All
4240;1,88304088315069;2,84254900688767;2,29896849114977;2,50980797761203;2,71397452471025;2,28043562394877;2,41260264278576;2,44819771007298;2,45700793771892;1,97913013422064;1,92132520506502;1,63046728101526;1,43501376778664;4,90550357958464;1,52473550763761;1,76609058341847;1,91673558388257;1,51866759986513;1,93717807202571;1,61222558828219;-21,2493949166985;-3,79008603045278;-7,20969029393746;-8,51566303812501;-5,61065921085665;-5,62225021785504;-10,536537451225;-9,44246507450126;-6,41341979102222;-16,1050701691777;-11,9039710737268;-17,958603469274;-25,1241603258947;-42,2201109096562;-17,9934367568665;-15,1495215606078;-15,8921403085173;-20,6995455137417;-14,7704510396926;-19,5432018278614;2,68199219822906;1,52838389719892;1,55555567096163;0,906735395569924;0,505569093294629;0,505568510213577;0,542423295383888;0,645128743653648;0,999999654320567;0,839312184375599;0,686365732674007;0,484882772849465;0,338111817657018;-2,14551609259277;-2,4282524118668;-2,59869384510399;-3,05978324250474;-4,0610219701259;-3,99395385733955;-3,3217977374888;-2,72007905507952;-2,13829182353672;-1,18500861275905;-1,85736416666674;-2,23882456322202;-2,86260508058283;-5,02140762454537;-5,09729664790047;-4,06960428105759;-3,34524631734356;-2,65932913921636;0,0616023919182442;0,0160928837337721;0,0388562224715487;0,0179218411707625;0,0385225292945519;0,00612082035677787;0,015699196058898;0,00918210322227181;-1,381260653064780;-0,22631956533391795;1;1;1;-3;-3;1;1;1;-13175,1299413139;NA;All
4250;1,88304088315069;2,84254900688767;2,29896849114977;2,50980797761203;2,71397452471025;2,28043562394877;2,41260264278576;2,44819771007298;2,45700793771892;1,97913013422064;1,92132520506502;1,63046728101526;1,43501376778664;4,90550357958464;1,52473550763761;1,76609058341847;1,91673558388257;1,51866759986513;1,93717807202571;1,61222558828219;-21,2493949166985;-3,79008603045278;-7,20969029393746;-8,51566303812501;-5,61065921085665;-5,62225021785504;-10,536537451225;-9,44246507450126;-6,41341979102222;-16,1050701691777;-11,9039710737268;-17,958603469274;-25,1241603258947;-42,2201109096562;-17,9934367568665;-15,1495215606078;-15,8921403085173;-20,6995455137417;-14,7704510396926;-19,5432018278614;2,68199219822906;1,52838389719892;1,55555567096163;0,906735395569924;0,505569093294629;0,505568510213577;0,542423295383888;0,645128743653648;0,999999654320567;0,839312184375599;0,686365732674007;0,484882772849465;0,338111817657018;-2,14551609259277;-2,4282524118668;-2,59869384510399;-3,05978324250474;-4,0610219701259;-3,99395385733955;-3,3217977374888;-2,72007905507952;-2,13829182353672;-1,18500861275905;-1,85736416666674;-2,23882456322202;-2,86260508058283;-5,02140762454537;-5,09729664790047;-4,06960428105759;-3,34524631734356;-2,65932913921636;0,0616023919182442;0,0160928837337721;0,0388562224715487;0,0179218411707625;0,0385225292945519;0,00612082035677787;0,015699196058898;0,00918210322227181;-3,909543641652664;-0,06718213658154631;1;1;1;-3;-3;1;1;1;-13174,2509366346;NA;All
4260;1,88304088315069;2,84254900688767;2,29896849114977;2,50980797761203;2,71397452471025;2,28043562394877;2,41260264278576;2,44819771007298;2,45700793771892;1,97913013422064;1,92132520506502;1,63046728101526;1,43501376778664;4,90550357958464;1,52473550763761;1,76609058341847;1,91673558388257;1,51866759986513;1,93717807202571;1,61222558828219;-21,2493949166985;-3,79008603045278;-7,20969029393746;-8,51566303812501;-5,61065921085665;-5,62225021785504;-10,536537451225;-9,44246507450126;-6,41341979102222;-16,1050701691777;-11,9039710737268;-17,958603469274;-25,1241603258947;-42,2201109096562;-17,9934367568665;-15,1495215606078;-15,8921403085173;-20,6995455137417;-14,7704510396926;-19,5432018278614;2,68199219822906;1,52838389719892;1,55555567096163;0,906735395569924;0,505569093294629;0,505568510213577;0,542423295383888;0,645128743653648;0,999999654320567;0,839312184375599;0,686365732674007;0,484882772849465;0,338111817657018;-2,14551609259277;-2,4282524118668;-2,59869384510399;-3,05978324250474;-4,0610219701259;-3,99395385733955;-3,3217977374888;-2,72007905507952;-2,13829182353672;-1,18500861275905;-1,85736416666674;-2,23882456322202;-2,86260508058283;-5,02140762454537;-5,09729664790047;-4,06960428105759;-3,34524631734356;-2,65932913921636;0,0616023919182442;0,0160928837337721;0,0388562224715487;0,0179218411707625;0,0385225292945519;0,00612082035677787;0,015699196058898;0,00918210322227181;-3,909543641652664;-0,06718213658154631;1;1;1;-3;-3;1;1;1;-13174,2509366346;NA;All
4270;1,88304088315069;2,84254900688767;2,29896849114977;2,50980797761203;2,71397452471025;2,28043562394877;2,41260264278576;2,44819771007298;2,45700793771892;1,97913013422064;1,92132520506502;1,63046728101526;1,43501376778664;4,90550357958464;1,52473550763761;1,76609058341847;1,91673558388257;1,51866759986513;1,93717807202571;1,61222558828219;-21,2493949166985;-3,79008603045278;-7,20969029393746;-8,51566303812501;-5,61065921085665;-5,62225021785504;-10,536537451225;-9,44246507450126;-6,41341979102222;-16,1050701691777;-11,9039710737268;-17,958603469274;-25,1241603258947;-42,2201109096562;-17,9934367568665;-15,1495215606078;-15,8921403085173;-20,6995455137417;-14,7704510396926;-19,5432018278614;2,68199219822906;1,52838389719892;1,55555567096163;0,906735395569924;0,505569093294629;0,505568510213577;0,542423295383888;0,645128743653648;0,999999654320567;0,839312184375599;0,686365732674007;0,484882772849465;0,338111817657018;-2,14551609259277;-2,4282524118668;-2,59869384510399;-3,05978324250474;-4,0610219701259;-3,99395385733955;-3,3217977374888;-2,72007905507952;-2,13829182353672;-1,18500861275905;-1,85736416666674;-2,23882456322202;-2,86260508058283;-5,02140762454537;-5,09729664790047;-4,06960428105759;-3,34524631734356;-2,65932913921636;0,0616023919182442;0,0160928837337721;0,0388562224715487;0,0179218411707625;0,0385225292945519;0,00612082035677787;0,015699196058898;0,00918210322227181;-1,396001609328958;-0,03253833616850030;1;1;1;-3;-3;1;1;1;-13174,7233315958;NA;All
4280;1,88304088315069;2,84254900688767;2,29896849114977;2,50980797761203;2,71397452471025;2,28043562394877;2,41260264278576;2,44819771007298;2,45700793771892;1,97913013422064;1,92132520506502;1,63046728101526;1,43501376778664;4,90550357958464;1,52473550763761;1,76609058341847;1,91673558388257;1,51866759986513;1,93717807202571;1,61222558828219;-21,2493949166985;-3,79008603045278;-7,20969029393746;-8,51566303812501;-5,61065921085665;-5,62225021785504;-10,536537451225;-9,44246507450126;-6,41341979102222;-16,1050701691777;-11,9039710737268;-17,958603469274;-25,1241603258947;-42,2201109096562;-17,9934367568665;-15,1495215606078;-15,8921403085173;-20,6995455137417;-14,7704510396926;-19,5432018278614;2,68199219822906;1,52838389719892;1,55555567096163;0,906735395569924;0,505569093294629;0,505568510213577;0,542423295383888;0,645128743653648;0,999999654320567;0,839312184375599;0,686365732674007;0,484882772849465;0,338111817657018;-2,14551609259277;-2,4282524118668;-2,59869384510399;-3,05978324250474;-4,0610219701259;-3,99395385733955;-3,3217977374888;-2,72007905507952;-2,13829182353672;-1,18500861275905;-1,85736416666674;-2,23882456322202;-2,86260508058283;-5,02140762454537;-5,09729664790047;-4,06960428105759;-3,34524631734356;-2,65932913921636;0,0616023919182442;0,0160928837337721;0,0388562224715487;0,0179218411707625;0,0385225292945519;0,00612082035677787;0,015699196058898;0,00918210322227181;-2,979992816247471;-0,43184452823928698;1;1;1;-3;-3;1;1;1;-13175,8054987807;NA;All
4290;1,88304088315069;2,84254900688767;2,29896849114977;2,50980797761203;2,71397452471025;2,28043562394877;2,41260264278576;2,44819771007298;2,45700793771892;1,97913013422064;1,92132520506502;1,63046728101526;1,43501376778664;4,90550357958464;1,52473550763761;1,76609058341847;1,91673558388257;1,51866759986513;1,93717807202571;1,61222558828219;-21,2493949166985;-3,79008603045278;-7,20969029393746;-8,51566303812501;-5,61065921085665;-5,62225021785504;-10,536537451225;-9,44246507450126;-6,41341979102222;-16,1050701691777;-11,9039710737268;-17,958603469274;-25,1241603258947;-42,2201109096562;-17,9934367568665;-15,1495215606078;-15,8921403085173;-20,6995455137417;-14,7704510396926;-19,5432018278614;2,68199219822906;1,52838389719892;1,55555567096163;0,906735395569924;0,505569093294629;0,505568510213577;0,542423295383888;0,645128743653648;0,999999654320567;0,839312184375599;0,686365732674007;0,484882772849465;0,338111817657018;-2,14551609259277;-2,4282524118668;-2,59869384510399;-3,05978324250474;-4,0610219701259;-3,99395385733955;-3,3217977374888;-2,72007905507952;-2,13829182353672;-1,18500861275905;-1,85736416666674;-2,23882456322202;-2,86260508058283;-5,02140762454537;-5,09729664790047;-4,06960428105759;-3,34524631734356;-2,65932913921636;0,0616023919182442;0,0160928837337721;0,0388562224715487;0,0179218411707625;0,0385225292945519;0,00612082035677787;0,015699196058898;0,00918210322227181;-2,481906495517685;-0,39808823163560064;1;1;1;-3;-3;1;1;1;-13175,6363408779;NA;All
4300;1,88304088315069;2,84254900688767;2,29896849114977;2,50980797761203;2,71397452471025;2,28043562394877;2,41260264278576;2,44819771007298;2,45700793771892;1,97913013422064;1,92132520506502;1,63046728101526;1,43501376778664;4,90550357958464;1,52473550763761;1,76609058341847;1,91673558388257;1,51866759986513;1,93717807202571;1,61222558828219;-21,2493949166985;-3,79008603045278;-7,20969029393746;-8,51566303812501;-5,61065921085665;-5,62225021785504;-10,536537451225;-9,44246507450126;-6,41341979102222;-16,1050701691777;-11,9039710737268;-17,958603469274;-25,1241603258947;-42,2201109096562;-17,9934367568665;-15,1495215606078;-15,8921403085173;-20,6995455137417;-14,7704510396926;-19,5432018278614;2,68199219822906;1,52838389719892;1,55555567096163;0,906735395569924;0,505569093294629;0,505568510213577;0,542423295383888;0,645128743653648;0,999999654320567;0,839312184375599;0,686365732674007;0,484882772849465;0,338111817657018;-2,14551609259277;-2,4282524118668;-2,59869384510399;-3,05978324250474;-4,0610219701259;-3,99395385733955;-3,3217977374888;-2,72007905507952;-2,13829182353672;-1,18500861275905;-1,85736416666674;-2,23882456322202;-2,86260508058283;-5,02140762454537;-5,09729664790047;-4,06960428105759;-3,34524631734356;-2,65932913921636;0,0616023919182442;0,0160928837337721;0,0388562224715487;0,0179218411707625;0,0385225292945519;0,00612082035677787;0,015699196058898;0,00918210322227181;-2,290736899416144;-0,29916643750719440;1;1;1;-3;-3;1;1;1;-13175,1071312569;NA;All
4310;1,88304088315069;2,84254900688767;2,29896849114977;2,50980797761203;2,71397452471025;2,28043562394877;2,41260264278576;2,44819771007298;2,45700793771892;1,97913013422064;1,92132520506502;1,63046728101526;1,43501376778664;4,90550357958464;1,52473550763761;1,76609058341847;1,91673558388257;1,51866759986513;1,93717807202571;1,61222558828219;-21,2493949166985;-3,79008603045278;-7,20969029393746;-8,51566303812501;-5,61065921085665;-5,62225021785504;-10,536537451225;-9,44246507450126;-6,41341979102222;-16,1050701691777;-11,9039710737268;-17,958603469274;-25,1241603258947;-42,2201109096562;-17,9934367568665;-15,1495215606078;-15,8921403085173;-20,6995455137417;-14,7704510396926;-19,5432018278614;2,68199219822906;1,52838389719892;1,55555567096163;0,906735395569924;0,505569093294629;0,505568510213577;0,542423295383888;0,645128743653648;0,999999654320567;0,839312184375599;0,686365732674007;0,484882772849465;0,338111817657018;-2,14551609259277;-2,4282524118668;-2,59869384510399;-3,05978324250474;-4,0610219701259;-3,99395385733955;-3,3217977374888;-2,72007905507952;-2,13829182353672;-1,18500861275905;-1,85736416666674;-2,23882456322202;-2,86260508058283;-5,02140762454537;-5,09729664790047;-4,06960428105759;-3,34524631734356;-2,65932913921636;0,0616023919182442;0,0160928837337721;0,0388562224715487;0,0179218411707625;0,0385225292945519;0,00612082035677787;0,015699196058898;0,00918210322227181;-1,254176319867999;-0,16043167480506496;1;1;1;-3;-3;1;1;1;-13175,0400365067;NA;All
4320;1,88304088315069;2,84254900688767;2,29896849114977;2,50980797761203;2,71397452471025;2,28043562394877;2,41260264278576;2,44819771007298;2,45700793771892;1,97913013422064;1,92132520506502;1,63046728101526;1,43501376778664;4,90550357958464;1,52473550763761;1,76609058341847;1,91673558388257;1,51866759986513;1,93717807202571;1,61222558828219;-21,2493949166985;-3,79008603045278;-7,20969029393746;-8,51566303812501;-5,61065921085665;-5,62225021785504;-10,536537451225;-9,44246507450126;-6,41341979102222;-16,1050701691777;-11,9039710737268;-17,958603469274;-25,1241603258947;-42,2201109096562;-17,9934367568665;-15,1495215606078;-15,8921403085173;-20,6995455137417;-14,7704510396926;-19,5432018278614;2,68199219822906;1,52838389719892;1,55555567096163;0,906735395569924;0,505569093294629;0,505568510213577;0,542423295383888;0,645128743653648;0,999999654320567;0,839312184375599;0,686365732674007;0,484882772849465;0,338111817657018;-2,14551609259277;-2,4282524118668;-2,59869384510399;-3,05978324250474;-4,0610219701259;-3,99395385733955;-3,3217977374888;-2,72007905507952;-2,13829182353672;-1,18500861275905;-1,85736416666674;-2,23882456322202;-2,86260508058283;-5,02140762454537;-5,09729664790047;-4,06960428105759;-3,34524631734356;-2,65932913921636;0,0616023919182442;0,0160928837337721;0,0388562224715487;0,0179218411707625;0,0385225292945519;0,00612082035677787;0,015699196058898;0,00918210322227181;-3,588840059492667;-0,17093638182748289;1;1;1;-3;-3;1;1;1;-13174,4716749932;NA;All
4330;1,88304088315069;2,84254900688767;2,29896849114977;2,50980797761203;2,71397452471025;2,28043562394877;2,41260264278576;2,44819771007298;2,45700793771892;1,97913013422064;1,92132520506502;1,63046728101526;1,43501376778664;4,90550357958464;1,52473550763761;1,76609058341847;1,91673558388257;1,51866759986513;1,93717807202571;1,61222558828219;-21,2493949166985;-3,79008603045278;-7,20969029393746;-8,51566303812501;-5,61065921085665;-5,62225021785504;-10,536537451225;-9,44246507450126;-6,41341979102222;-16,1050701691777;-11,9039710737268;-17,958603469274;-25,1241603258947;-42,2201109096562;-17,9934367568665;-15,1495215606078;-15,8921403085173;-20,6995455137417;-14,7704510396926;-19,5432018278614;2,68199219822906;1,52838389719892;1,55555567096163;0,906735395569924;0,505569093294629;0,505568510213577;0,542423295383888;0,645128743653648;0,999999654320567;0,839312184375599;0,686365732674007;0,484882772849465;0,338111817657018;-2,14551609259277;-2,4282524118668;-2,59869384510399;-3,05978324250474;-4,0610219701259;-3,99395385733955;-3,3217977374888;-2,72007905507952;-2,13829182353672;-1,18500861275905;-1,85736416666674;-2,23882456322202;-2,86260508058283;-5,02140762454537;-5,09729664790047;-4,06960428105759;-3,34524631734356;-2,65932913921636;0,0616023919182442;0,0160928837337721;0,0388562224715487;0,0179218411707625;0,0385225292945519;0,00612082035677787;0,015699196058898;0,00918210322227181;-2,803482612399763;0,05085423336260808;1;1;1;-3;-3;1;1;1;-13174,5820925309;NA;All
4340;1,88304088315069;2,84254900688767;2,29896849114977;2,50980797761203;2,71397452471025;2,28043562394877;2,41260264278576;2,44819771007298;2,45700793771892;1,97913013422064;1,92132520506502;1,63046728101526;1,43501376778664;4,90550357958464;1,52473550763761;1,76609058341847;1,91673558388257;1,51866759986513;1,93717807202571;1,61222558828219;-21,2493949166985;-3,79008603045278;-7,20969029393746;-8,51566303812501;-5,61065921085665;-5,62225021785504;-10,536537451225;-9,44246507450126;-6,41341979102222;-16,1050701691777;-11,9039710737268;-17,958603469274;-25,1241603258947;-42,2201109096562;-17,9934367568665;-15,1495215606078;-15,8921403085173;-20,6995455137417;-14,7704510396926;-19,5432018278614;2,68199219822906;1,52838389719892;1,55555567096163;0,906735395569924;0,505569093294629;0,505568510213577;0,542423295383888;0,645128743653648;0,999999654320567;0,839312184375599;0,686365732674007;0,484882772849465;0,338111817657018;-2,14551609259277;-2,4282524118668;-2,59869384510399;-3,05978324250474;-4,0610219701259;-3,99395385733955;-3,3217977374888;-2,72007905507952;-2,13829182353672;-1,18500861275905;-1,85736416666674;-2,23882456322202;-2,86260508058283;-5,02140762454537;-5,09729664790047;-4,06960428105759;-3,34524631734356;-2,65932913921636;0,0616023919182442;0,0160928837337721;0,0388562224715487;0,0179218411707625;0,0385225292945519;0,00612082035677787;0,015699196058898;0,00918210322227181;-3,902156391103252;0,12904700965718277;1;1;1;-3;-3;1;1;1;-13175,3065065177;NA;All
4350;1,88304088315069;2,84254900688767;2,29896849114977;2,50980797761203;2,71397452471025;2,28043562394877;2,41260264278576;2,44819771007298;2,45700793771892;1,97913013422064;1,92132520506502;1,63046728101526;1,43501376778664;4,90550357958464;1,52473550763761;1,76609058341847;1,91673558388257;1,51866759986513;1,93717807202571;1,61222558828219;-21,2493949166985;-3,79008603045278;-7,20969029393746;-8,51566303812501;-5,61065921085665;-5,62225021785504;-10,536537451225;-9,44246507450126;-6,41341979102222;-16,1050701691777;-11,9039710737268;-17,958603469274;-25,1241603258947;-42,2201109096562;-17,9934367568665;-15,1495215606078;-15,8921403085173;-20,6995455137417;-14,7704510396926;-19,5432018278614;2,68199219822906;1,52838389719892;1,55555567096163;0,906735395569924;0,505569093294629;0,505568510213577;0,542423295383888;0,645128743653648;0,999999654320567;0,839312184375599;0,686365732674007;0,484882772849465;0,338111817657018;-2,14551609259277;-2,4282524118668;-2,59869384510399;-3,05978324250474;-4,0610219701259;-3,99395385733955;-3,3217977374888;-2,72007905507952;-2,13829182353672;-1,18500861275905;-1,85736416666674;-2,23882456322202;-2,86260508058283;-5,02140762454537;-5,09729664790047;-4,06960428105759;-3,34524631734356;-2,65932913921636;0,0616023919182442;0,0160928837337721;0,0388562224715487;0,0179218411707625;0,0385225292945519;0,00612082035677787;0,015699196058898;0,00918210322227181;-3,357899352900477;0,00267832158410955;1;1;1;-3;-3;1;1;1;-13174,3446621768;NA;All
4360;1,88304088315069;2,84254900688767;2,29896849114977;2,50980797761203;2,71397452471025;2,28043562394877;2,41260264278576;2,44819771007298;2,45700793771892;1,97913013422064;1,92132520506502;1,63046728101526;1,43501376778664;4,90550357958464;1,52473550763761;1,76609058341847;1,91673558388257;1,51866759986513;1,93717807202571;1,61222558828219;-21,2493949166985;-3,79008603045278;-7,20969029393746;-8,51566303812501;-5,61065921085665;-5,62225021785504;-10,536537451225;-9,44246507450126;-6,41341979102222;-16,1050701691777;-11,9039710737268;-17,958603469274;-25,1241603258947;-42,2201109096562;-17,9934367568665;-15,1495215606078;-15,8921403085173;-20,6995455137417;-14,7704510396926;-19,5432018278614;2,68199219822906;1,52838389719892;1,55555567096163;0,906735395569924;0,505569093294629;0,505568510213577;0,542423295383888;0,645128743653648;0,999999654320567;0,839312184375599;0,686365732674007;0,484882772849465;0,338111817657018;-2,14551609259277;-2,4282524118668;-2,59869384510399;-3,05978324250474;-4,0610219701259;-3,99395385733955;-3,3217977374888;-2,72007905507952;-2,13829182353672;-1,18500861275905;-1,85736416666674;-2,23882456322202;-2,86260508058283;-5,02140762454537;-5,09729664790047;-4,06960428105759;-3,34524631734356;-2,65932913921636;0,0616023919182442;0,0160928837337721;0,0388562224715487;0,0179218411707625;0,0385225292945519;0,00612082035677787;0,015699196058898;0,00918210322227181;-3,750540779320525;0,00334833440235753;1;1;1;-3;-3;1;1;1;-13174,3436016650;NA;All
4370;1,88304088315069;2,84254900688767;2,29896849114977;2,50980797761203;2,71397452471025;2,28043562394877;2,41260264278576;2,44819771007298;2,45700793771892;1,97913013422064;1,92132520506502;1,63046728101526;1,43501376778664;4,90550357958464;1,52473550763761;1,76609058341847;1,91673558388257;1,51866759986513;1,93717807202571;1,61222558828219;-21,2493949166985;-3,79008603045278;-7,20969029393746;-8,51566303812501;-5,61065921085665;-5,62225021785504;-10,536537451225;-9,44246507450126;-6,41341979102222;-16,1050701691777;-11,9039710737268;-17,958603469274;-25,1241603258947;-42,2201109096562;-17,9934367568665;-15,1495215606078;-15,8921403085173;-20,6995455137417;-14,7704510396926;-19,5432018278614;2,68199219822906;1,52838389719892;1,55555567096163;0,906735395569924;0,505569093294629;0,505568510213577;0,542423295383888;0,645128743653648;0,999999654320567;0,839312184375599;0,686365732674007;0,484882772849465;0,338111817657018;-2,14551609259277;-2,4282524118668;-2,59869384510399;-3,05978324250474;-4,0610219701259;-3,99395385733955;-3,3217977374888;-2,72007905507952;-2,13829182353672;-1,18500861275905;-1,85736416666674;-2,23882456322202;-2,86260508058283;-5,02140762454537;-5,09729664790047;-4,06960428105759;-3,34524631734356;-2,65932913921636;0,0616023919182442;0,0160928837337721;0,0388562224715487;0,0179218411707625;0,0385225292945519;0,00612082035677787;0,015699196058898;0,00918210322227181;-2,996645034656940;-0,11613558119856036;1;1;1;-3;-3;1;1;1;-13174,3223953428;NA;All
4380;1,88304088315069;2,84254900688767;2,29896849114977;2,50980797761203;2,71397452471025;2,28043562394877;2,41260264278576;2,44819771007298;2,45700793771892;1,97913013422064;1,92132520506502;1,63046728101526;1,43501376778664;4,90550357958464;1,52473550763761;1,76609058341847;1,91673558388257;1,51866759986513;1,93717807202571;1,61222558828219;-21,2493949166985;-3,79008603045278;-7,20969029393746;-8,51566303812501;-5,61065921085665;-5,62225021785504;-10,536537451225;-9,44246507450126;-6,41341979102222;-16,1050701691777;-11,9039710737268;-17,958603469274;-25,1241603258947;-42,2201109096562;-17,9934367568665;-15,1495215606078;-15,8921403085173;-20,6995455137417;-14,7704510396926;-19,5432018278614;2,68199219822906;1,52838389719892;1,55555567096163;0,906735395569924;0,505569093294629;0,505568510213577;0,542423295383888;0,645128743653648;0,999999654320567;0,839312184375599;0,686365732674007;0,484882772849465;0,338111817657018;-2,14551609259277;-2,4282524118668;-2,59869384510399;-3,05978324250474;-4,0610219701259;-3,99395385733955;-3,3217977374888;-2,72007905507952;-2,13829182353672;-1,18500861275905;-1,85736416666674;-2,23882456322202;-2,86260508058283;-5,02140762454537;-5,09729664790047;-4,06960428105759;-3,34524631734356;-2,65932913921636;0,0616023919182442;0,0160928837337721;0,0388562224715487;0,0179218411707625;0,0385225292945519;0,00612082035677787;0,015699196058898;0,00918210322227181;-1,952923468318023;-0,10677646343549380;1;1;1;-3;-3;1;1;1;-13174,4130743759;NA;All
4390;1,88304088315069;2,84254900688767;2,29896849114977;2,50980797761203;2,71397452471025;2,28043562394877;2,41260264278576;2,44819771007298;2,45700793771892;1,97913013422064;1,92132520506502;1,63046728101526;1,43501376778664;4,90550357958464;1,52473550763761;1,76609058341847;1,91673558388257;1,51866759986513;1,93717807202571;1,61222558828219;-21,2493949166985;-3,79008603045278;-7,20969029393746;-8,51566303812501;-5,61065921085665;-5,62225021785504;-10,536537451225;-9,44246507450126;-6,41341979102222;-16,1050701691777;-11,9039710737268;-17,958603469274;-25,1241603258947;-42,2201109096562;-17,9934367568665;-15,1495215606078;-15,8921403085173;-20,6995455137417;-14,7704510396926;-19,5432018278614;2,68199219822906;1,52838389719892;1,55555567096163;0,906735395569924;0,505569093294629;0,505568510213577;0,542423295383888;0,645128743653648;0,999999654320567;0,839312184375599;0,686365732674007;0,484882772849465;0,338111817657018;-2,14551609259277;-2,4282524118668;-2,59869384510399;-3,05978324250474;-4,0610219701259;-3,99395385733955;-3,3217977374888;-2,72007905507952;-2,13829182353672;-1,18500861275905;-1,85736416666674;-2,23882456322202;-2,86260508058283;-5,02140762454537;-5,09729664790047;-4,06960428105759;-3,34524631734356;-2,65932913921636;0,0616023919182442;0,0160928837337721;0,0388562224715487;0,0179218411707625;0,0385225292945519;0,00612082035677787;0,015699196058898;0,00918210322227181;-3,702938285717819;-0,19264601582712243;1;1;1;-3;-3;1;1;1;-13174,5530062388;NA;All
4400;1,88304088315069;2,84254900688767;2,29896849114977;2,50980797761203;2,71397452471025;2,28043562394877;2,41260264278576;2,44819771007298;2,45700793771892;1,97913013422064;1,92132520506502;1,63046728101526;1,43501376778664;4,90550357958464;1,52473550763761;1,76609058341847;1,91673558388257;1,51866759986513;1,93717807202571;1,61222558828219;-21,2493949166985;-3,79008603045278;-7,20969029393746;-8,51566303812501;-5,61065921085665;-5,62225021785504;-10,536537451225;-9,44246507450126;-6,41341979102222;-16,1050701691777;-11,9039710737268;-17,958603469274;-25,1241603258947;-42,2201109096562;-17,9934367568665;-15,1495215606078;-15,8921403085173;-20,6995455137417;-14,7704510396926;-19,5432018278614;2,68199219822906;1,52838389719892;1,55555567096163;0,906735395569924;0,505569093294629;0,505568510213577;0,542423295383888;0,645128743653648;0,999999654320567;0,839312184375599;0,686365732674007;0,484882772849465;0,338111817657018;-2,14551609259277;-2,4282524118668;-2,59869384510399;-3,05978324250474;-4,0610219701259;-3,99395385733955;-3,3217977374888;-2,72007905507952;-2,13829182353672;-1,18500861275905;-1,85736416666674;-2,23882456322202;-2,86260508058283;-5,02140762454537;-5,09729664790047;-4,06960428105759;-3,34524631734356;-2,65932913921636;0,0616023919182442;0,0160928837337721;0,0388562224715487;0,0179218411707625;0,0385225292945519;0,00612082035677787;0,015699196058898;0,00918210322227181;-3,341813760080741;-0,31360643391272336;1;1;1;-3;-3;1;1;1;-13175,1388663841;NA;All
4410;1,88304088315069;2,84254900688767;2,29896849114977;2,50980797761203;2,71397452471025;2,28043562394877;2,41260264278576;2,44819771007298;2,45700793771892;1,97913013422064;1,92132520506502;1,63046728101526;1,43501376778664;4,90550357958464;1,52473550763761;1,76609058341847;1,91673558388257;1,51866759986513;1,93717807202571;1,61222558828219;-21,2493949166985;-3,79008603045278;-7,20969029393746;-8,51566303812501;-5,61065921085665;-5,62225021785504;-10,536537451225;-9,44246507450126;-6,41341979102222;-16,1050701691777;-11,9039710737268;-17,958603469274;-25,1241603258947;-42,2201109096562;-17,9934367568665;-15,1495215606078;-15,8921403085173;-20,6995455137417;-14,7704510396926;-19,5432018278614;2,68199219822906;1,52838389719892;1,55555567096163;0,906735395569924;0,505569093294629;0,505568510213577;0,542423295383888;0,645128743653648;0,999999654320567;0,839312184375599;0,686365732674007;0,484882772849465;0,338111817657018;-2,14551609259277;-2,4282524118668;-2,59869384510399;-3,05978324250474;-4,0610219701259;-3,99395385733955;-3,3217977374888;-2,72007905507952;-2,13829182353672;-1,18500861275905;-1,85736416666674;-2,23882456322202;-2,86260508058283;-5,02140762454537;-5,09729664790047;-4,06960428105759;-3,34524631734356;-2,65932913921636;0,0616023919182442;0,0160928837337721;0,0388562224715487;0,0179218411707625;0,0385225292945519;0,00612082035677787;0,015699196058898;0,00918210322227181;-2,752852217712255;-0,25832964283308546;1;1;1;-3;-3;1;1;1;-13174,8646671533;NA;All
4420;1,88304088315069;2,84254900688767;2,29896849114977;2,50980797761203;2,71397452471025;2,28043562394877;2,41260264278576;2,44819771007298;2,45700793771892;1,97913013422064;1,92132520506502;1,63046728101526;1,43501376778664;4,90550357958464;1,52473550763761;1,76609058341847;1,91673558388257;1,51866759986513;1,93717807202571;1,61222558828219;-21,2493949166985;-3,79008603045278;-7,20969029393746;-8,51566303812501;-5,61065921085665;-5,62225021785504;-10,536537451225;-9,44246507450126;-6,41341979102222;-16,1050701691777;-11,9039710737268;-17,958603469274;-25,1241603258947;-42,2201109096562;-17,9934367568665;-15,1495215606078;-15,8921403085173;-20,6995455137417;-14,7704510396926;-19,5432018278614;2,68199219822906;1,52838389719892;1,55555567096163;0,906735395569924;0,505569093294629;0,505568510213577;0,542423295383888;0,645128743653648;0,999999654320567;0,839312184375599;0,686365732674007;0,484882772849465;0,338111817657018;-2,14551609259277;-2,4282524118668;-2,59869384510399;-3,05978324250474;-4,0610219701259;-3,99395385733955;-3,3217977374888;-2,72007905507952;-2,13829182353672;-1,18500861275905;-1,85736416666674;-2,23882456322202;-2,86260508058283;-5,02140762454537;-5,09729664790047;-4,06960428105759;-3,34524631734356;-2,65932913921636;0,0616023919182442;0,0160928837337721;0,0388562224715487;0,0179218411707625;0,0385225292945519;0,00612082035677787;0,015699196058898;0,00918210322227181;-1,424226423848117;-0,16956935280514648;1;1;1;-3;-3;1;1;1;-13174,8668890662;NA;All
4430;1,88304088315069;2,84254900688767;2,29896849114977;2,50980797761203;2,71397452471025;2,28043562394877;2,41260264278576;2,44819771007298;2,45700793771892;1,97913013422064;1,92132520506502;1,63046728101526;1,43501376778664;4,90550357958464;1,52473550763761;1,76609058341847;1,91673558388257;1,51866759986513;1,93717807202571;1,61222558828219;-21,2493949166985;-3,79008603045278;-7,20969029393746;-8,51566303812501;-5,61065921085665;-5,62225021785504;-10,536537451225;-9,44246507450126;-6,41341979102222;-16,1050701691777;-11,9039710737268;-17,958603469274;-25,1241603258947;-42,2201109096562;-17,9934367568665;-15,1495215606078;-15,8921403085173;-20,6995455137417;-14,7704510396926;-19,5432018278614;2,68199219822906;1,52838389719892;1,55555567096163;0,906735395569924;0,505569093294629;0,505568510213577;0,542423295383888;0,645128743653648;0,999999654320567;0,839312184375599;0,686365732674007;0,484882772849465;0,338111817657018;-2,14551609259277;-2,4282524118668;-2,59869384510399;-3,05978324250474;-4,0610219701259;-3,99395385733955;-3,3217977374888;-2,72007905507952;-2,13829182353672;-1,18500861275905;-1,85736416666674;-2,23882456322202;-2,86260508058283;-5,02140762454537;-5,09729664790047;-4,06960428105759;-3,34524631734356;-2,65932913921636;0,0616023919182442;0,0160928837337721;0,0388562224715487;0,0179218411707625;0,0385225292945519;0,00612082035677787;0,015699196058898;0,00918210322227181;-2,733051950336744;0,05444347510066348;1;1;1;-3;-3;1;1;1;-13174,6079002181;NA;All
4440;1,88304088315069;2,84254900688767;2,29896849114977;2,50980797761203;2,71397452471025;2,28043562394877;2,41260264278576;2,44819771007298;2,45700793771892;1,97913013422064;1,92132520506502;1,63046728101526;1,43501376778664;4,90550357958464;1,52473550763761;1,76609058341847;1,91673558388257;1,51866759986513;1,93717807202571;1,61222558828219;-21,2493949166985;-3,79008603045278;-7,20969029393746;-8,51566303812501;-5,61065921085665;-5,62225021785504;-10,536537451225;-9,44246507450126;-6,41341979102222;-16,1050701691777;-11,9039710737268;-17,958603469274;-25,1241603258947;-42,2201109096562;-17,9934367568665;-15,1495215606078;-15,8921403085173;-20,6995455137417;-14,7704510396926;-19,5432018278614;2,68199219822906;1,52838389719892;1,55555567096163;0,906735395569924;0,505569093294629;0,505568510213577;0,542423295383888;0,645128743653648;0,999999654320567;0,839312184375599;0,686365732674007;0,484882772849465;0,338111817657018;-2,14551609259277;-2,4282524118668;-2,59869384510399;-3,05978324250474;-4,0610219701259;-3,99395385733955;-3,3217977374888;-2,72007905507952;-2,13829182353672;-1,18500861275905;-1,85736416666674;-2,23882456322202;-2,86260508058283;-5,02140762454537;-5,09729664790047;-4,06960428105759;-3,34524631734356;-2,65932913921636;0,0616023919182442;0,0160928837337721;0,0388562224715487;0,0179218411707625;0,0385225292945519;0,00612082035677787;0,015699196058898;0,00918210322227181;-2,395326730575549;0,10119809425218762;1;1;1;-3;-3;1;1;1;-13175,0274466085;NA;All
4450;1,88304088315069;2,84254900688767;2,29896849114977;2,50980797761203;2,71397452471025;2,28043562394877;2,41260264278576;2,44819771007298;2,45700793771892;1,97913013422064;1,92132520506502;1,63046728101526;1,43501376778664;4,90550357958464;1,52473550763761;1,76609058341847;1,91673558388257;1,51866759986513;1,93717807202571;1,61222558828219;-21,2493949166985;-3,79008603045278;-7,20969029393746;-8,51566303812501;-5,61065921085665;-5,62225021785504;-10,536537451225;-9,44246507450126;-6,41341979102222;-16,1050701691777;-11,9039710737268;-17,958603469274;-25,1241603258947;-42,2201109096562;-17,9934367568665;-15,1495215606078;-15,8921403085173;-20,6995455137417;-14,7704510396926;-19,5432018278614;2,68199219822906;1,52838389719892;1,55555567096163;0,906735395569924;0,505569093294629;0,505568510213577;0,542423295383888;0,645128743653648;0,999999654320567;0,839312184375599;0,686365732674007;0,484882772849465;0,338111817657018;-2,14551609259277;-2,4282524118668;-2,59869384510399;-3,05978324250474;-4,0610219701259;-3,99395385733955;-3,3217977374888;-2,72007905507952;-2,13829182353672;-1,18500861275905;-1,85736416666674;-2,23882456322202;-2,86260508058283;-5,02140762454537;-5,09729664790047;-4,06960428105759;-3,34524631734356;-2,65932913921636;0,0616023919182442;0,0160928837337721;0,0388562224715487;0,0179218411707625;0,0385225292945519;0,00612082035677787;0,015699196058898;0,00918210322227181;-1,519271272555360;-0,29510032553836757;1;1;1;-3;-3;1;1;1;-13175,3402913006;NA;All
4460;1,88304088315069;2,84254900688767;2,29896849114977;2,50980797761203;2,71397452471025;2,28043562394877;2,41260264278576;2,44819771007298;2,45700793771892;1,97913013422064;1,92132520506502;1,63046728101526;1,43501376778664;4,90550357958464;1,52473550763761;1,76609058341847;1,91673558388257;1,51866759986513;1,93717807202571;1,61222558828219;-21,2493949166985;-3,79008603045278;-7,20969029393746;-8,51566303812501;-5,61065921085665;-5,62225021785504;-10,536537451225;-9,44246507450126;-6,41341979102222;-16,1050701691777;-11,9039710737268;-17,958603469274;-25,1241603258947;-42,2201109096562;-17,9934367568665;-15,1495215606078;-15,8921403085173;-20,6995455137417;-14,7704510396926;-19,5432018278614;2,68199219822906;1,52838389719892;1,55555567096163;0,906735395569924;0,505569093294629;0,505568510213577;0,542423295383888;0,645128743653648;0,999999654320567;0,839312184375599;0,686365732674007;0,484882772849465;0,338111817657018;-2,14551609259277;-2,4282524118668;-2,59869384510399;-3,05978324250474;-4,0610219701259;-3,99395385733955;-3,3217977374888;-2,72007905507952;-2,13829182353672;-1,18500861275905;-1,85736416666674;-2,23882456322202;-2,86260508058283;-5,02140762454537;-5,09729664790047;-4,06960428105759;-3,34524631734356;-2,65932913921636;0,0616023919182442;0,0160928837337721;0,0388562224715487;0,0179218411707625;0,0385225292945519;0,00612082035677787;0,015699196058898;0,00918210322227181;-1,487643147388773;-0,05854193519704077;1;1;1;-3;-3;1;1;1;-13174,6133010782;NA;All
4470;1,88304088315069;2,84254900688767;2,29896849114977;2,50980797761203;2,71397452471025;2,28043562394877;2,41260264278576;2,44819771007298;2,45700793771892;1,97913013422064;1,92132520506502;1,63046728101526;1,43501376778664;4,90550357958464;1,52473550763761;1,76609058341847;1,91673558388257;1,51866759986513;1,93717807202571;1,61222558828219;-21,2493949166985;-3,79008603045278;-7,20969029393746;-8,51566303812501;-5,61065921085665;-5,62225021785504;-10,536537451225;-9,44246507450126;-6,41341979102222;-16,1050701691777;-11,9039710737268;-17,958603469274;-25,1241603258947;-42,2201109096562;-17,9934367568665;-15,1495215606078;-15,8921403085173;-20,6995455137417;-14,7704510396926;-19,5432018278614;2,68199219822906;1,52838389719892;1,55555567096163;0,906735395569924;0,505569093294629;0,505568510213577;0,542423295383888;0,645128743653648;0,999999654320567;0,839312184375599;0,686365732674007;0,484882772849465;0,338111817657018;-2,14551609259277;-2,4282524118668;-2,59869384510399;-3,05978324250474;-4,0610219701259;-3,99395385733955;-3,3217977374888;-2,72007905507952;-2,13829182353672;-1,18500861275905;-1,85736416666674;-2,23882456322202;-2,86260508058283;-5,02140762454537;-5,09729664790047;-4,06960428105759;-3,34524631734356;-2,65932913921636;0,0616023919182442;0,0160928837337721;0,0388562224715487;0,0179218411707625;0,0385225292945519;0,00612082035677787;0,015699196058898;0,00918210322227181;-3,388187726189389;0,12908522646475054;1;1;1;-3;-3;1;1;1;-13175,3103532410;NA;All
4480;1,88304088315069;2,84254900688767;2,29896849114977;2,50980797761203;2,71397452471025;2,28043562394877;2,41260264278576;2,44819771007298;2,45700793771892;1,97913013422064;1,92132520506502;1,63046728101526;1,43501376778664;4,90550357958464;1,52473550763761;1,76609058341847;1,91673558388257;1,51866759986513;1,93717807202571;1,61222558828219;-21,2493949166985;-3,79008603045278;-7,20969029393746;-8,51566303812501;-5,61065921085665;-5,62225021785504;-10,536537451225;-9,44246507450126;-6,41341979102222;-16,1050701691777;-11,9039710737268;-17,958603469274;-25,1241603258947;-42,2201109096562;-17,9934367568665;-15,1495215606078;-15,8921403085173;-20,6995455137417;-14,7704510396926;-19,5432018278614;2,68199219822906;1,52838389719892;1,55555567096163;0,906735395569924;0,505569093294629;0,505568510213577;0,542423295383888;0,645128743653648;0,999999654320567;0,839312184375599;0,686365732674007;0,484882772849465;0,338111817657018;-2,14551609259277;-2,4282524118668;-2,59869384510399;-3,05978324250474;-4,0610219701259;-3,99395385733955;-3,3217977374888;-2,72007905507952;-2,13829182353672;-1,18500861275905;-1,85736416666674;-2,23882456322202;-2,86260508058283;-5,02140762454537;-5,09729664790047;-4,06960428105759;-3,34524631734356;-2,65932913921636;0,0616023919182442;0,0160928837337721;0,0388562224715487;0,0179218411707625;0,0385225292945519;0,00612082035677787;0,015699196058898;0,00918210322227181;-3,345453044444519;-0,09447727665157676;1;1;1;-3;-3;1;1;1;-13174,2784265232;NA;All
4490;1,88304088315069;2,84254900688767;2,29896849114977;2,50980797761203;2,71397452471025;2,28043562394877;2,41260264278576;2,44819771007298;2,45700793771892;1,97913013422064;1,92132520506502;1,63046728101526;1,43501376778664;4,90550357958464;1,52473550763761;1,76609058341847;1,91673558388257;1,51866759986513;1,93717807202571;1,61222558828219;-21,2493949166985;-3,79008603045278;-7,20969029393746;-8,51566303812501;-5,61065921085665;-5,62225021785504;-10,536537451225;-9,44246507450126;-6,41341979102222;-16,1050701691777;-11,9039710737268;-17,958603469274;-25,1241603258947;-42,2201109096562;-17,9934367568665;-15,1495215606078;-15,8921403085173;-20,6995455137417;-14,7704510396926;-19,5432018278614;2,68199219822906;1,52838389719892;1,55555567096163;0,906735395569924;0,505569093294629;0,505568510213577;0,542423295383888;0,645128743653648;0,999999654320567;0,839312184375599;0,686365732674007;0,484882772849465;0,338111817657018;-2,14551609259277;-2,4282524118668;-2,59869384510399;-3,05978324250474;-4,0610219701259;-3,99395385733955;-3,3217977374888;-2,72007905507952;-2,13829182353672;-1,18500861275905;-1,85736416666674;-2,23882456322202;-2,86260508058283;-5,02140762454537;-5,09729664790047;-4,06960428105759;-3,34524631734356;-2,65932913921636;0,0616023919182442;0,0160928837337721;0,0388562224715487;0,0179218411707625;0,0385225292945519;0,00612082035677787;0,015699196058898;0,00918210322227181;-3,518615794409414;-0,19468259474524535;1;1;1;-3;-3;1;1;1;-13174,5620251260;NA;All
4500;1,88304088315069;2,84254900688767;2,29896849114977;2,50980797761203;2,71397452471025;2,28043562394877;2,41260264278576;2,44819771007298;2,45700793771892;1,97913013422064;1,92132520506502;1,63046728101526;1,43501376778664;4,90550357958464;1,52473550763761;1,76609058341847;1,91673558388257;1,51866759986513;1,93717807202571;1,61222558828219;-21,2493949166985;-3,79008603045278;-7,20969029393746;-8,51566303812501;-5,61065921085665;-5,62225021785504;-10,536537451225;-9,44246507450126;-6,41341979102222;-16,1050701691777;-11,9039710737268;-17,958603469274;-25,1241603258947;-42,2201109096562;-17,9934367568665;-15,1495215606078;-15,8921403085173;-20,6995455137417;-14,7704510396926;-19,5432018278614;2,68199219822906;1,52838389719892;1,55555567096163;0,906735395569924;0,505569093294629;0,505568510213577;0,542423295383888;0,645128743653648;0,999999654320567;0,839312184375599;0,686365732674007;0,484882772849465;0,338111817657018;-2,14551609259277;-2,4282524118668;-2,59869384510399;-3,05978324250474;-4,0610219701259;-3,99395385733955;-3,3217977374888;-2,72007905507952;-2,13829182353672;-1,18500861275905;-1,85736416666674;-2,23882456322202;-2,86260508058283;-5,02140762454537;-5,09729664790047;-4,06960428105759;-3,34524631734356;-2,65932913921636;0,0616023919182442;0,0160928837337721;0,0388562224715487;0,0179218411707625;0,0385225292945519;0,00612082035677787;0,015699196058898;0,00918210322227181;-1,589889633358805;-0,12702903032645285;1;1;1;-3;-3;1;1;1;-13174,6139412725;NA;All
4510;1,88304088315069;2,84254900688767;2,29896849114977;2,50980797761203;2,71397452471025;2,28043562394877;2,41260264278576;2,44819771007298;2,45700793771892;1,97913013422064;1,92132520506502;1,63046728101526;1,43501376778664;4,90550357958464;1,52473550763761;1,76609058341847;1,91673558388257;1,51866759986513;1,93717807202571;1,61222558828219;-21,2493949166985;-3,79008603045278;-7,20969029393746;-8,51566303812501;-5,61065921085665;-5,62225021785504;-10,536537451225;-9,44246507450126;-6,41341979102222;-16,1050701691777;-11,9039710737268;-17,958603469274;-25,1241603258947;-42,2201109096562;-17,9934367568665;-15,1495215606078;-15,8921403085173;-20,6995455137417;-14,7704510396926;-19,5432018278614;2,68199219822906;1,52838389719892;1,55555567096163;0,906735395569924;0,505569093294629;0,505568510213577;0,542423295383888;0,645128743653648;0,999999654320567;0,839312184375599;0,686365732674007;0,484882772849465;0,338111817657018;-2,14551609259277;-2,4282524118668;-2,59869384510399;-3,05978324250474;-4,0610219701259;-3,99395385733955;-3,3217977374888;-2,72007905507952;-2,13829182353672;-1,18500861275905;-1,85736416666674;-2,23882456322202;-2,86260508058283;-5,02140762454537;-5,09729664790047;-4,06960428105759;-3,34524631734356;-2,65932913921636;0,0616023919182442;0,0160928837337721;0,0388562224715487;0,0179218411707625;0,0385225292945519;0,00612082035677787;0,015699196058898;0,00918210322227181;-0,496522583074523;0,02327465341002594;1;1;1;-3;-3;1;1;1;-13178,6987145221;NA;All
4520;1,88304088315069;2,84254900688767;2,29896849114977;2,50980797761203;2,71397452471025;2,28043562394877;2,41260264278576;2,44819771007298;2,45700793771892;1,97913013422064;1,92132520506502;1,63046728101526;1,43501376778664;4,90550357958464;1,52473550763761;1,76609058341847;1,91673558388257;1,51866759986513;1,93717807202571;1,61222558828219;-21,2493949166985;-3,79008603045278;-7,20969029393746;-8,51566303812501;-5,61065921085665;-5,62225021785504;-10,536537451225;-9,44246507450126;-6,41341979102222;-16,1050701691777;-11,9039710737268;-17,958603469274;-25,1241603258947;-42,2201109096562;-17,9934367568665;-15,1495215606078;-15,8921403085173;-20,6995455137417;-14,7704510396926;-19,5432018278614;2,68199219822906;1,52838389719892;1,55555567096163;0,906735395569924;0,505569093294629;0,505568510213577;0,542423295383888;0,645128743653648;0,999999654320567;0,839312184375599;0,686365732674007;0,484882772849465;0,338111817657018;-2,14551609259277;-2,4282524118668;-2,59869384510399;-3,05978324250474;-4,0610219701259;-3,99395385733955;-3,3217977374888;-2,72007905507952;-2,13829182353672;-1,18500861275905;-1,85736416666674;-2,23882456322202;-2,86260508058283;-5,02140762454537;-5,09729664790047;-4,06960428105759;-3,34524631734356;-2,65932913921636;0,0616023919182442;0,0160928837337721;0,0388562224715487;0,0179218411707625;0,0385225292945519;0,00612082035677787;0,015699196058898;0,00918210322227181;-3,789617703086443;0,01712409772486512;1;1;1;-3;-3;1;1;1;-13174,3931629180;NA;All
4530;1,88304088315069;2,84254900688767;2,29896849114977;2,50980797761203;2,71397452471025;2,28043562394877;2,41260264278576;2,44819771007298;2,45700793771892;1,97913013422064;1,92132520506502;1,63046728101526;1,43501376778664;4,90550357958464;1,52473550763761;1,76609058341847;1,91673558388257;1,51866759986513;1,93717807202571;1,61222558828219;-21,2493949166985;-3,79008603045278;-7,20969029393746;-8,51566303812501;-5,61065921085665;-5,62225021785504;-10,536537451225;-9,44246507450126;-6,41341979102222;-16,1050701691777;-11,9039710737268;-17,958603469274;-25,1241603258947;-42,2201109096562;-17,9934367568665;-15,1495215606078;-15,8921403085173;-20,6995455137417;-14,7704510396926;-19,5432018278614;2,68199219822906;1,52838389719892;1,55555567096163;0,906735395569924;0,505569093294629;0,505568510213577;0,542423295383888;0,645128743653648;0,999999654320567;0,839312184375599;0,686365732674007;0,484882772849465;0,338111817657018;-2,14551609259277;-2,4282524118668;-2,59869384510399;-3,05978324250474;-4,0610219701259;-3,99395385733955;-3,3217977374888;-2,72007905507952;-2,13829182353672;-1,18500861275905;-1,85736416666674;-2,23882456322202;-2,86260508058283;-5,02140762454537;-5,09729664790047;-4,06960428105759;-3,34524631734356;-2,65932913921636;0,0616023919182442;0,0160928837337721;0,0388562224715487;0,0179218411707625;0,0385225292945519;0,00612082035677787;0,015699196058898;0,00918210322227181;-3,421724778611553;0,15413581372814206;1;1;1;-3;-3;1;1;1;-13175,6680553403;NA;All
4540;1,88304088315069;2,84254900688767;2,29896849114977;2,50980797761203;2,71397452471025;2,28043562394877;2,41260264278576;2,44819771007298;2,45700793771892;1,97913013422064;1,92132520506502;1,63046728101526;1,43501376778664;4,90550357958464;1,52473550763761;1,76609058341847;1,91673558388257;1,51866759986513;1,93717807202571;1,61222558828219;-21,2493949166985;-3,79008603045278;-7,20969029393746;-8,51566303812501;-5,61065921085665;-5,62225021785504;-10,536537451225;-9,44246507450126;-6,41341979102222;-16,1050701691777;-11,9039710737268;-17,958603469274;-25,1241603258947;-42,2201109096562;-17,9934367568665;-15,1495215606078;-15,8921403085173;-20,6995455137417;-14,7704510396926;-19,5432018278614;2,68199219822906;1,52838389719892;1,55555567096163;0,906735395569924;0,505569093294629;0,505568510213577;0,542423295383888;0,645128743653648;0,999999654320567;0,839312184375599;0,686365732674007;0,484882772849465;0,338111817657018;-2,14551609259277;-2,4282524118668;-2,59869384510399;-3,05978324250474;-4,0610219701259;-3,99395385733955;-3,3217977374888;-2,72007905507952;-2,13829182353672;-1,18500861275905;-1,85736416666674;-2,23882456322202;-2,86260508058283;-5,02140762454537;-5,09729664790047;-4,06960428105759;-3,34524631734356;-2,65932913921636;0,0616023919182442;0,0160928837337721;0,0388562224715487;0,0179218411707625;0,0385225292945519;0,00612082035677787;0,015699196058898;0,00918210322227181;-3,856825770183576;0,06163117816071347;1;1;1;-3;-3;1;1;1;-13174,6374968784;NA;All
4550;1,88304088315069;2,84254900688767;2,29896849114977;2,50980797761203;2,71397452471025;2,28043562394877;2,41260264278576;2,44819771007298;2,45700793771892;1,97913013422064;1,92132520506502;1,63046728101526;1,43501376778664;4,90550357958464;1,52473550763761;1,76609058341847;1,91673558388257;1,51866759986513;1,93717807202571;1,61222558828219;-21,2493949166985;-3,79008603045278;-7,20969029393746;-8,51566303812501;-5,61065921085665;-5,62225021785504;-10,536537451225;-9,44246507450126;-6,41341979102222;-16,1050701691777;-11,9039710737268;-17,958603469274;-25,1241603258947;-42,2201109096562;-17,9934367568665;-15,1495215606078;-15,8921403085173;-20,6995455137417;-14,7704510396926;-19,5432018278614;2,68199219822906;1,52838389719892;1,55555567096163;0,906735395569924;0,505569093294629;0,505568510213577;0,542423295383888;0,645128743653648;0,999999654320567;0,839312184375599;0,686365732674007;0,484882772849465;0,338111817657018;-2,14551609259277;-2,4282524118668;-2,59869384510399;-3,05978324250474;-4,0610219701259;-3,99395385733955;-3,3217977374888;-2,72007905507952;-2,13829182353672;-1,18500861275905;-1,85736416666674;-2,23882456322202;-2,86260508058283;-5,02140762454537;-5,09729664790047;-4,06960428105759;-3,34524631734356;-2,65932913921636;0,0616023919182442;0,0160928837337721;0,0388562224715487;0,0179218411707625;0,0385225292945519;0,00612082035677787;0,015699196058898;0,00918210322227181;-3,951837989426789;-0,19749889379968241;1;1;1;-3;-3;1;1;1;-13174,5716714921;NA;All
4560;1,88304088315069;2,84254900688767;2,29896849114977;2,50980797761203;2,71397452471025;2,28043562394877;2,41260264278576;2,44819771007298;2,45700793771892;1,97913013422064;1,92132520506502;1,63046728101526;1,43501376778664;4,90550357958464;1,52473550763761;1,76609058341847;1,91673558388257;1,51866759986513;1,93717807202571;1,61222558828219;-21,2493949166985;-3,79008603045278;-7,20969029393746;-8,51566303812501;-5,61065921085665;-5,62225021785504;-10,536537451225;-9,44246507450126;-6,41341979102222;-16,1050701691777;-11,9039710737268;-17,958603469274;-25,1241603258947;-42,2201109096562;-17,9934367568665;-15,1495215606078;-15,8921403085173;-20,6995455137417;-14,7704510396926;-19,5432018278614;2,68199219822906;1,52838389719892;1,55555567096163;0,906735395569924;0,505569093294629;0,505568510213577;0,542423295383888;0,645128743653648;0,999999654320567;0,839312184375599;0,686365732674007;0,484882772849465;0,338111817657018;-2,14551609259277;-2,4282524118668;-2,59869384510399;-3,05978324250474;-4,0610219701259;-3,99395385733955;-3,3217977374888;-2,72007905507952;-2,13829182353672;-1,18500861275905;-1,85736416666674;-2,23882456322202;-2,86260508058283;-5,02140762454537;-5,09729664790047;-4,06960428105759;-3,34524631734356;-2,65932913921636;0,0616023919182442;0,0160928837337721;0,0388562224715487;0,0179218411707625;0,0385225292945519;0,00612082035677787;0,015699196058898;0,00918210322227181;-2,232673636524561;0,16619707080309593;1;1;1;-3;-3;1;1;1;-13175,9312944710;NA;All
4570;1,88304088315069;2,84254900688767;2,29896849114977;2,50980797761203;2,71397452471025;2,28043562394877;2,41260264278576;2,44819771007298;2,45700793771892;1,97913013422064;1,92132520506502;1,63046728101526;1,43501376778664;4,90550357958464;1,52473550763761;1,76609058341847;1,91673558388257;1,51866759986513;1,93717807202571;1,61222558828219;-21,2493949166985;-3,79008603045278;-7,20969029393746;-8,51566303812501;-5,61065921085665;-5,62225021785504;-10,536537451225;-9,44246507450126;-6,41341979102222;-16,1050701691777;-11,9039710737268;-17,958603469274;-25,1241603258947;-42,2201109096562;-17,9934367568665;-15,1495215606078;-15,8921403085173;-20,6995455137417;-14,7704510396926;-19,5432018278614;2,68199219822906;1,52838389719892;1,55555567096163;0,906735395569924;0,505569093294629;0,505568510213577;0,542423295383888;0,645128743653648;0,999999654320567;0,839312184375599;0,686365732674007;0,484882772849465;0,338111817657018;-2,14551609259277;-2,4282524118668;-2,59869384510399;-3,05978324250474;-4,0610219701259;-3,99395385733955;-3,3217977374888;-2,72007905507952;-2,13829182353672;-1,18500861275905;-1,85736416666674;-2,23882456322202;-2,86260508058283;-5,02140762454537;-5,09729664790047;-4,06960428105759;-3,34524631734356;-2,65932913921636;0,0616023919182442;0,0160928837337721;0,0388562224715487;0,0179218411707625;0,0385225292945519;0,00612082035677787;0,015699196058898;0,00918210322227181;-3,952008887051389;0,05407757419453720;1;1;1;-3;-3;1;1;1;-13174,5855943343;NA;All
4580;1,88304088315069;2,84254900688767;2,29896849114977;2,50980797761203;2,71397452471025;2,28043562394877;2,41260264278576;2,44819771007298;2,45700793771892;1,97913013422064;1,92132520506502;1,63046728101526;1,43501376778664;4,90550357958464;1,52473550763761;1,76609058341847;1,91673558388257;1,51866759986513;1,93717807202571;1,61222558828219;-21,2493949166985;-3,79008603045278;-7,20969029393746;-8,51566303812501;-5,61065921085665;-5,62225021785504;-10,536537451225;-9,44246507450126;-6,41341979102222;-16,1050701691777;-11,9039710737268;-17,958603469274;-25,1241603258947;-42,2201109096562;-17,9934367568665;-15,1495215606078;-15,8921403085173;-20,6995455137417;-14,7704510396926;-19,5432018278614;2,68199219822906;1,52838389719892;1,55555567096163;0,906735395569924;0,505569093294629;0,505568510213577;0,542423295383888;0,645128743653648;0,999999654320567;0,839312184375599;0,686365732674007;0,484882772849465;0,338111817657018;-2,14551609259277;-2,4282524118668;-2,59869384510399;-3,05978324250474;-4,0610219701259;-3,99395385733955;-3,3217977374888;-2,72007905507952;-2,13829182353672;-1,18500861275905;-1,85736416666674;-2,23882456322202;-2,86260508058283;-5,02140762454537;-5,09729664790047;-4,06960428105759;-3,34524631734356;-2,65932913921636;0,0616023919182442;0,0160928837337721;0,0388562224715487;0,0179218411707625;0,0385225292945519;0,00612082035677787;0,015699196058898;0,00918210322227181;-1,656874053857534;-0,08201623373281738;1;1;1;-3;-3;1;1;1;-13174,5013363357;NA;All
4590;1,88304088315069;2,84254900688767;2,29896849114977;2,50980797761203;2,71397452471025;2,28043562394877;2,41260264278576;2,44819771007298;2,45700793771892;1,97913013422064;1,92132520506502;1,63046728101526;1,43501376778664;4,90550357958464;1,52473550763761;1,76609058341847;1,91673558388257;1,51866759986513;1,93717807202571;1,61222558828219;-21,2493949166985;-3,79008603045278;-7,20969029393746;-8,51566303812501;-5,61065921085665;-5,62225021785504;-10,536537451225;-9,44246507450126;-6,41341979102222;-16,1050701691777;-11,9039710737268;-17,958603469274;-25,1241603258947;-42,2201109096562;-17,9934367568665;-15,1495215606078;-15,8921403085173;-20,6995455137417;-14,7704510396926;-19,5432018278614;2,68199219822906;1,52838389719892;1,55555567096163;0,906735395569924;0,505569093294629;0,505568510213577;0,542423295383888;0,645128743653648;0,999999654320567;0,839312184375599;0,686365732674007;0,484882772849465;0,338111817657018;-2,14551609259277;-2,4282524118668;-2,59869384510399;-3,05978324250474;-4,0610219701259;-3,99395385733955;-3,3217977374888;-2,72007905507952;-2,13829182353672;-1,18500861275905;-1,85736416666674;-2,23882456322202;-2,86260508058283;-5,02140762454537;-5,09729664790047;-4,06960428105759;-3,34524631734356;-2,65932913921636;0,0616023919182442;0,0160928837337721;0,0388562224715487;0,0179218411707625;0,0385225292945519;0,00612082035677787;0,015699196058898;0,00918210322227181;-2,657882067021865;-0,08276312602844416;1;1;1;-3;-3;1;1;1;-13174,2835116642;NA;All
4600;1,88304088315069;2,84254900688767;2,29896849114977;2,50980797761203;2,71397452471025;2,28043562394877;2,41260264278576;2,44819771007298;2,45700793771892;1,97913013422064;1,92132520506502;1,63046728101526;1,43501376778664;4,90550357958464;1,52473550763761;1,76609058341847;1,91673558388257;1,51866759986513;1,93717807202571;1,61222558828219;-21,2493949166985;-3,79008603045278;-7,20969029393746;-8,51566303812501;-5,61065921085665;-5,62225021785504;-10,536537451225;-9,44246507450126;-6,41341979102222;-16,1050701691777;-11,9039710737268;-17,958603469274;-25,1241603258947;-42,2201109096562;-17,9934367568665;-15,1495215606078;-15,8921403085173;-20,6995455137417;-14,7704510396926;-19,5432018278614;2,68199219822906;1,52838389719892;1,55555567096163;0,906735395569924;0,505569093294629;0,505568510213577;0,542423295383888;0,645128743653648;0,999999654320567;0,839312184375599;0,686365732674007;0,484882772849465;0,338111817657018;-2,14551609259277;-2,4282524118668;-2,59869384510399;-3,05978324250474;-4,0610219701259;-3,99395385733955;-3,3217977374888;-2,72007905507952;-2,13829182353672;-1,18500861275905;-1,85736416666674;-2,23882456322202;-2,86260508058283;-5,02140762454537;-5,09729664790047;-4,06960428105759;-3,34524631734356;-2,65932913921636;0,0616023919182442;0,0160928837337721;0,0388562224715487;0,0179218411707625;0,0385225292945519;0,00612082035677787;0,015699196058898;0,00918210322227181;-3,562481506014150;-0,14597695452347914;1;1;1;-3;-3;1;1;1;-13174,3904757271;NA;All
4610;1,88304088315069;2,84254900688767;2,29896849114977;2,50980797761203;2,71397452471025;2,28043562394877;2,41260264278576;2,44819771007298;2,45700793771892;1,97913013422064;1,92132520506502;1,63046728101526;1,43501376778664;4,90550357958464;1,52473550763761;1,76609058341847;1,91673558388257;1,51866759986513;1,93717807202571;1,61222558828219;-21,2493949166985;-3,79008603045278;-7,20969029393746;-8,51566303812501;-5,61065921085665;-5,62225021785504;-10,536537451225;-9,44246507450126;-6,41341979102222;-16,1050701691777;-11,9039710737268;-17,958603469274;-25,1241603258947;-42,2201109096562;-17,9934367568665;-15,1495215606078;-15,8921403085173;-20,6995455137417;-14,7704510396926;-19,5432018278614;2,68199219822906;1,52838389719892;1,55555567096163;0,906735395569924;0,505569093294629;0,505568510213577;0,542423295383888;0,645128743653648;0,999999654320567;0,839312184375599;0,686365732674007;0,484882772849465;0,338111817657018;-2,14551609259277;-2,4282524118668;-2,59869384510399;-3,05978324250474;-4,0610219701259;-3,99395385733955;-3,3217977374888;-2,72007905507952;-2,13829182353672;-1,18500861275905;-1,85736416666674;-2,23882456322202;-2,86260508058283;-5,02140762454537;-5,09729664790047;-4,06960428105759;-3,34524631734356;-2,65932913921636;0,0616023919182442;0,0160928837337721;0,0388562224715487;0,0179218411707625;0,0385225292945519;0,00612082035677787;0,015699196058898;0,00918210322227181;-3,508242467882732;0,06134002641783726;1;1;1;-3;-3;1;1;1;-13174,6371050946;NA;All
4620;1,88304088315069;2,84254900688767;2,29896849114977;2,50980797761203;2,71397452471025;2,28043562394877;2,41260264278576;2,44819771007298;2,45700793771892;1,97913013422064;1,92132520506502;1,63046728101526;1,43501376778664;4,90550357958464;1,52473550763761;1,76609058341847;1,91673558388257;1,51866759986513;1,93717807202571;1,61222558828219;-21,2493949166985;-3,79008603045278;-7,20969029393746;-8,51566303812501;-5,61065921085665;-5,62225021785504;-10,536537451225;-9,44246507450126;-6,41341979102222;-16,1050701691777;-11,9039710737268;-17,958603469274;-25,1241603258947;-42,2201109096562;-17,9934367568665;-15,1495215606078;-15,8921403085173;-20,6995455137417;-14,7704510396926;-19,5432018278614;2,68199219822906;1,52838389719892;1,55555567096163;0,906735395569924;0,505569093294629;0,505568510213577;0,542423295383888;0,645128743653648;0,999999654320567;0,839312184375599;0,686365732674007;0,484882772849465;0,338111817657018;-2,14551609259277;-2,4282524118668;-2,59869384510399;-3,05978324250474;-4,0610219701259;-3,99395385733955;-3,3217977374888;-2,72007905507952;-2,13829182353672;-1,18500861275905;-1,85736416666674;-2,23882456322202;-2,86260508058283;-5,02140762454537;-5,09729664790047;-4,06960428105759;-3,34524631734356;-2,65932913921636;0,0616023919182442;0,0160928837337721;0,0388562224715487;0,0179218411707625;0,0385225292945519;0,00612082035677787;0,015699196058898;0,00918210322227181;-1,879512198775495;-0,29889774241654921;1;1;1;-3;-3;1;1;1;-13175,1864141910;NA;All
4630;1,88304088315069;2,84254900688767;2,29896849114977;2,50980797761203;2,71397452471025;2,28043562394877;2,41260264278576;2,44819771007298;2,45700793771892;1,97913013422064;1,92132520506502;1,63046728101526;1,43501376778664;4,90550357958464;1,52473550763761;1,76609058341847;1,91673558388257;1,51866759986513;1,93717807202571;1,61222558828219;-21,2493949166985;-3,79008603045278;-7,20969029393746;-8,51566303812501;-5,61065921085665;-5,62225021785504;-10,536537451225;-9,44246507450126;-6,41341979102222;-16,1050701691777;-11,9039710737268;-17,958603469274;-25,1241603258947;-42,2201109096562;-17,9934367568665;-15,1495215606078;-15,8921403085173;-20,6995455137417;-14,7704510396926;-19,5432018278614;2,68199219822906;1,52838389719892;1,55555567096163;0,906735395569924;0,505569093294629;0,505568510213577;0,542423295383888;0,645128743653648;0,999999654320567;0,839312184375599;0,686365732674007;0,484882772849465;0,338111817657018;-2,14551609259277;-2,4282524118668;-2,59869384510399;-3,05978324250474;-4,0610219701259;-3,99395385733955;-3,3217977374888;-2,72007905507952;-2,13829182353672;-1,18500861275905;-1,85736416666674;-2,23882456322202;-2,86260508058283;-5,02140762454537;-5,09729664790047;-4,06960428105759;-3,34524631734356;-2,65932913921636;0,0616023919182442;0,0160928837337721;0,0388562224715487;0,0179218411707625;0,0385225292945519;0,00612082035677787;0,015699196058898;0,00918210322227181;-3,630609729661320;-0,34213662825244839;1;1;1;-3;-3;1;1;1;-13175,2937117612;NA;All
4640;1,88304088315069;2,84254900688767;2,29896849114977;2,50980797761203;2,71397452471025;2,28043562394877;2,41260264278576;2,44819771007298;2,45700793771892;1,97913013422064;1,92132520506502;1,63046728101526;1,43501376778664;4,90550357958464;1,52473550763761;1,76609058341847;1,91673558388257;1,51866759986513;1,93717807202571;1,61222558828219;-21,2493949166985;-3,79008603045278;-7,20969029393746;-8,51566303812501;-5,61065921085665;-5,62225021785504;-10,536537451225;-9,44246507450126;-6,41341979102222;-16,1050701691777;-11,9039710737268;-17,958603469274;-25,1241603258947;-42,2201109096562;-17,9934367568665;-15,1495215606078;-15,8921403085173;-20,6995455137417;-14,7704510396926;-19,5432018278614;2,68199219822906;1,52838389719892;1,55555567096163;0,906735395569924;0,505569093294629;0,505568510213577;0,542423295383888;0,645128743653648;0,999999654320567;0,839312184375599;0,686365732674007;0,484882772849465;0,338111817657018;-2,14551609259277;-2,4282524118668;-2,59869384510399;-3,05978324250474;-4,0610219701259;-3,99395385733955;-3,3217977374888;-2,72007905507952;-2,13829182353672;-1,18500861275905;-1,85736416666674;-2,23882456322202;-2,86260508058283;-5,02140762454537;-5,09729664790047;-4,06960428105759;-3,34524631734356;-2,65932913921636;0,0616023919182442;0,0160928837337721;0,0388562224715487;0,0179218411707625;0,0385225292945519;0,00612082035677787;0,015699196058898;0,00918210322227181;-2,126317722099635;0,05158519626020375;1;1;1;-3;-3;1;1;1;-13174,6549656647;NA;All
4650;1,88304088315069;2,84254900688767;2,29896849114977;2,50980797761203;2,71397452471025;2,28043562394877;2,41260264278576;2,44819771007298;2,45700793771892;1,97913013422064;1,92132520506502;1,63046728101526;1,43501376778664;4,90550357958464;1,52473550763761;1,76609058341847;1,91673558388257;1,51866759986513;1,93717807202571;1,61222558828219;-21,2493949166985;-3,79008603045278;-7,20969029393746;-8,51566303812501;-5,61065921085665;-5,62225021785504;-10,536537451225;-9,44246507450126;-6,41341979102222;-16,1050701691777;-11,9039710737268;-17,958603469274;-25,1241603258947;-42,2201109096562;-17,9934367568665;-15,1495215606078;-15,8921403085173;-20,6995455137417;-14,7704510396926;-19,5432018278614;2,68199219822906;1,52838389719892;1,55555567096163;0,906735395569924;0,505569093294629;0,505568510213577;0,542423295383888;0,645128743653648;0,999999654320567;0,839312184375599;0,686365732674007;0,484882772849465;0,338111817657018;-2,14551609259277;-2,4282524118668;-2,59869384510399;-3,05978324250474;-4,0610219701259;-3,99395385733955;-3,3217977374888;-2,72007905507952;-2,13829182353672;-1,18500861275905;-1,85736416666674;-2,23882456322202;-2,86260508058283;-5,02140762454537;-5,09729664790047;-4,06960428105759;-3,34524631734356;-2,65932913921636;0,0616023919182442;0,0160928837337721;0,0388562224715487;0,0179218411707625;0,0385225292945519;0,00612082035677787;0,015699196058898;0,00918210322227181;-2,021611888526466;0,02682878313337717;1;1;1;-3;-3;1;1;1;-13174,5420577518;NA;All
4660;1,88304088315069;2,84254900688767;2,29896849114977;2,50980797761203;2,71397452471025;2,28043562394877;2,41260264278576;2,44819771007298;2,45700793771892;1,97913013422064;1,92132520506502;1,63046728101526;1,43501376778664;4,90550357958464;1,52473550763761;1,76609058341847;1,91673558388257;1,51866759986513;1,93717807202571;1,61222558828219;-21,2493949166985;-3,79008603045278;-7,20969029393746;-8,51566303812501;-5,61065921085665;-5,62225021785504;-10,536537451225;-9,44246507450126;-6,41341979102222;-16,1050701691777;-11,9039710737268;-17,958603469274;-25,1241603258947;-42,2201109096562;-17,9934367568665;-15,1495215606078;-15,8921403085173;-20,6995455137417;-14,7704510396926;-19,5432018278614;2,68199219822906;1,52838389719892;1,55555567096163;0,906735395569924;0,505569093294629;0,505568510213577;0,542423295383888;0,645128743653648;0,999999654320567;0,839312184375599;0,686365732674007;0,484882772849465;0,338111817657018;-2,14551609259277;-2,4282524118668;-2,59869384510399;-3,05978324250474;-4,0610219701259;-3,99395385733955;-3,3217977374888;-2,72007905507952;-2,13829182353672;-1,18500861275905;-1,85736416666674;-2,23882456322202;-2,86260508058283;-5,02140762454537;-5,09729664790047;-4,06960428105759;-3,34524631734356;-2,65932913921636;0,0616023919182442;0,0160928837337721;0,0388562224715487;0,0179218411707625;0,0385225292945519;0,00612082035677787;0,015699196058898;0,00918210322227181;-1,974348285742479;-0,01885991769810250;1;1;1;-3;-3;1;1;1;-13174,4047809463;NA;All
4670;1,88304088315069;2,84254900688767;2,29896849114977;2,50980797761203;2,71397452471025;2,28043562394877;2,41260264278576;2,44819771007298;2,45700793771892;1,97913013422064;1,92132520506502;1,63046728101526;1,43501376778664;4,90550357958464;1,52473550763761;1,76609058341847;1,91673558388257;1,51866759986513;1,93717807202571;1,61222558828219;-21,2493949166985;-3,79008603045278;-7,20969029393746;-8,51566303812501;-5,61065921085665;-5,62225021785504;-10,536537451225;-9,44246507450126;-6,41341979102222;-16,1050701691777;-11,9039710737268;-17,958603469274;-25,1241603258947;-42,2201109096562;-17,9934367568665;-15,1495215606078;-15,8921403085173;-20,6995455137417;-14,7704510396926;-19,5432018278614;2,68199219822906;1,52838389719892;1,55555567096163;0,906735395569924;0,505569093294629;0,505568510213577;0,542423295383888;0,645128743653648;0,999999654320567;0,839312184375599;0,686365732674007;0,484882772849465;0,338111817657018;-2,14551609259277;-2,4282524118668;-2,59869384510399;-3,05978324250474;-4,0610219701259;-3,99395385733955;-3,3217977374888;-2,72007905507952;-2,13829182353672;-1,18500861275905;-1,85736416666674;-2,23882456322202;-2,86260508058283;-5,02140762454537;-5,09729664790047;-4,06960428105759;-3,34524631734356;-2,65932913921636;0,0616023919182442;0,0160928837337721;0,0388562224715487;0,0179218411707625;0,0385225292945519;0,00612082035677787;0,015699196058898;0,00918210322227181;-1,639576445020246;-0,36049228094478081;1;1;1;-3;-3;1;1;1;-13175,6167834747;NA;All
4680;1,88304088315069;2,84254900688767;2,29896849114977;2,50980797761203;2,71397452471025;2,28043562394877;2,41260264278576;2,44819771007298;2,45700793771892;1,97913013422064;1,92132520506502;1,63046728101526;1,43501376778664;4,90550357958464;1,52473550763761;1,76609058341847;1,91673558388257;1,51866759986513;1,93717807202571;1,61222558828219;-21,2493949166985;-3,79008603045278;-7,20969029393746;-8,51566303812501;-5,61065921085665;-5,62225021785504;-10,536537451225;-9,44246507450126;-6,41341979102222;-16,1050701691777;-11,9039710737268;-17,958603469274;-25,1241603258947;-42,2201109096562;-17,9934367568665;-15,1495215606078;-15,8921403085173;-20,6995455137417;-14,7704510396926;-19,5432018278614;2,68199219822906;1,52838389719892;1,55555567096163;0,906735395569924;0,505569093294629;0,505568510213577;0,542423295383888;0,645128743653648;0,999999654320567;0,839312184375599;0,686365732674007;0,484882772849465;0,338111817657018;-2,14551609259277;-2,4282524118668;-2,59869384510399;-3,05978324250474;-4,0610219701259;-3,99395385733955;-3,3217977374888;-2,72007905507952;-2,13829182353672;-1,18500861275905;-1,85736416666674;-2,23882456322202;-2,86260508058283;-5,02140762454537;-5,09729664790047;-4,06960428105759;-3,34524631734356;-2,65932913921636;0,0616023919182442;0,0160928837337721;0,0388562224715487;0,0179218411707625;0,0385225292945519;0,00612082035677787;0,015699196058898;0,00918210322227181;-2,563715788723299;-0,70290915931030529;1;1;1;-3;-3;1;1;1;-13177,2207488876;NA;All
4690;1,88304088315069;2,84254900688767;2,29896849114977;2,50980797761203;2,71397452471025;2,28043562394877;2,41260264278576;2,44819771007298;2,45700793771892;1,97913013422064;1,92132520506502;1,63046728101526;1,43501376778664;4,90550357958464;1,52473550763761;1,76609058341847;1,91673558388257;1,51866759986513;1,93717807202571;1,61222558828219;-21,2493949166985;-3,79008603045278;-7,20969029393746;-8,51566303812501;-5,61065921085665;-5,62225021785504;-10,536537451225;-9,44246507450126;-6,41341979102222;-16,1050701691777;-11,9039710737268;-17,958603469274;-25,1241603258947;-42,2201109096562;-17,9934367568665;-15,1495215606078;-15,8921403085173;-20,6995455137417;-14,7704510396926;-19,5432018278614;2,68199219822906;1,52838389719892;1,55555567096163;0,906735395569924;0,505569093294629;0,505568510213577;0,542423295383888;0,645128743653648;0,999999654320567;0,839312184375599;0,686365732674007;0,484882772849465;0,338111817657018;-2,14551609259277;-2,4282524118668;-2,59869384510399;-3,05978324250474;-4,0610219701259;-3,99395385733955;-3,3217977374888;-2,72007905507952;-2,13829182353672;-1,18500861275905;-1,85736416666674;-2,23882456322202;-2,86260508058283;-5,02140762454537;-5,09729664790047;-4,06960428105759;-3,34524631734356;-2,65932913921636;0,0616023919182442;0,0160928837337721;0,0388562224715487;0,0179218411707625;0,0385225292945519;0,00612082035677787;0,015699196058898;0,00918210322227181;-1,968658308658156;-0,42262389966003422;1;1;1;-3;-3;1;1;1;-13175,8450843252;NA;All
4700;1,88304088315069;2,84254900688767;2,29896849114977;2,50980797761203;2,71397452471025;2,28043562394877;2,41260264278576;2,44819771007298;2,45700793771892;1,97913013422064;1,92132520506502;1,63046728101526;1,43501376778664;4,90550357958464;1,52473550763761;1,76609058341847;1,91673558388257;1,51866759986513;1,93717807202571;1,61222558828219;-21,2493949166985;-3,79008603045278;-7,20969029393746;-8,51566303812501;-5,61065921085665;-5,62225021785504;-10,536537451225;-9,44246507450126;-6,41341979102222;-16,1050701691777;-11,9039710737268;-17,958603469274;-25,1241603258947;-42,2201109096562;-17,9934367568665;-15,1495215606078;-15,8921403085173;-20,6995455137417;-14,7704510396926;-19,5432018278614;2,68199219822906;1,52838389719892;1,55555567096163;0,906735395569924;0,505569093294629;0,505568510213577;0,542423295383888;0,645128743653648;0,999999654320567;0,839312184375599;0,686365732674007;0,484882772849465;0,338111817657018;-2,14551609259277;-2,4282524118668;-2,59869384510399;-3,05978324250474;-4,0610219701259;-3,99395385733955;-3,3217977374888;-2,72007905507952;-2,13829182353672;-1,18500861275905;-1,85736416666674;-2,23882456322202;-2,86260508058283;-5,02140762454537;-5,09729664790047;-4,06960428105759;-3,34524631734356;-2,65932913921636;0,0616023919182442;0,0160928837337721;0,0388562224715487;0,0179218411707625;0,0385225292945519;0,00612082035677787;0,015699196058898;0,00918210322227181;-2,012170493108749;-0,27486985829981941;1;1;1;-3;-3;1;1;1;-13175,0273694883;NA;All
4710;1,88304088315069;2,84254900688767;2,29896849114977;2,50980797761203;2,71397452471025;2,28043562394877;2,41260264278576;2,44819771007298;2,45700793771892;1,97913013422064;1,92132520506502;1,63046728101526;1,43501376778664;4,90550357958464;1,52473550763761;1,76609058341847;1,91673558388257;1,51866759986513;1,93717807202571;1,61222558828219;-21,2493949166985;-3,79008603045278;-7,20969029393746;-8,51566303812501;-5,61065921085665;-5,62225021785504;-10,536537451225;-9,44246507450126;-6,41341979102222;-16,1050701691777;-11,9039710737268;-17,958603469274;-25,1241603258947;-42,2201109096562;-17,9934367568665;-15,1495215606078;-15,8921403085173;-20,6995455137417;-14,7704510396926;-19,5432018278614;2,68199219822906;1,52838389719892;1,55555567096163;0,906735395569924;0,505569093294629;0,505568510213577;0,542423295383888;0,645128743653648;0,999999654320567;0,839312184375599;0,686365732674007;0,484882772849465;0,338111817657018;-2,14551609259277;-2,4282524118668;-2,59869384510399;-3,05978324250474;-4,0610219701259;-3,99395385733955;-3,3217977374888;-2,72007905507952;-2,13829182353672;-1,18500861275905;-1,85736416666674;-2,23882456322202;-2,86260508058283;-5,02140762454537;-5,09729664790047;-4,06960428105759;-3,34524631734356;-2,65932913921636;0,0616023919182442;0,0160928837337721;0,0388562224715487;0,0179218411707625;0,0385225292945519;0,00612082035677787;0,015699196058898;0,00918210322227181;-3,951901289943850;-0,44165884719510512;1;1;1;-3;-3;1;1;1;-13175,8520813134;NA;All
4720;1,88304088315069;2,84254900688767;2,29896849114977;2,50980797761203;2,71397452471025;2,28043562394877;2,41260264278576;2,44819771007298;2,45700793771892;1,97913013422064;1,92132520506502;1,63046728101526;1,43501376778664;4,90550357958464;1,52473550763761;1,76609058341847;1,91673558388257;1,51866759986513;1,93717807202571;1,61222558828219;-21,2493949166985;-3,79008603045278;-7,20969029393746;-8,51566303812501;-5,61065921085665;-5,62225021785504;-10,536537451225;-9,44246507450126;-6,41341979102222;-16,1050701691777;-11,9039710737268;-17,958603469274;-25,1241603258947;-42,2201109096562;-17,9934367568665;-15,1495215606078;-15,8921403085173;-20,6995455137417;-14,7704510396926;-19,5432018278614;2,68199219822906;1,52838389719892;1,55555567096163;0,906735395569924;0,505569093294629;0,505568510213577;0,542423295383888;0,645128743653648;0,999999654320567;0,839312184375599;0,686365732674007;0,484882772849465;0,338111817657018;-2,14551609259277;-2,4282524118668;-2,59869384510399;-3,05978324250474;-4,0610219701259;-3,99395385733955;-3,3217977374888;-2,72007905507952;-2,13829182353672;-1,18500861275905;-1,85736416666674;-2,23882456322202;-2,86260508058283;-5,02140762454537;-5,09729664790047;-4,06960428105759;-3,34524631734356;-2,65932913921636;0,0616023919182442;0,0160928837337721;0,0388562224715487;0,0179218411707625;0,0385225292945519;0,00612082035677787;0,015699196058898;0,00918210322227181;-3,654482315203144;-0,11864935191876191;1;1;1;-3;-3;1;1;1;-13174,3195480816;NA;All
4730;1,88304088315069;2,84254900688767;2,29896849114977;2,50980797761203;2,71397452471025;2,28043562394877;2,41260264278576;2,44819771007298;2,45700793771892;1,97913013422064;1,92132520506502;1,63046728101526;1,43501376778664;4,90550357958464;1,52473550763761;1,76609058341847;1,91673558388257;1,51866759986513;1,93717807202571;1,61222558828219;-21,2493949166985;-3,79008603045278;-7,20969029393746;-8,51566303812501;-5,61065921085665;-5,62225021785504;-10,536537451225;-9,44246507450126;-6,41341979102222;-16,1050701691777;-11,9039710737268;-17,958603469274;-25,1241603258947;-42,2201109096562;-17,9934367568665;-15,1495215606078;-15,8921403085173;-20,6995455137417;-14,7704510396926;-19,5432018278614;2,68199219822906;1,52838389719892;1,55555567096163;0,906735395569924;0,505569093294629;0,505568510213577;0,542423295383888;0,645128743653648;0,999999654320567;0,839312184375599;0,686365732674007;0,484882772849465;0,338111817657018;-2,14551609259277;-2,4282524118668;-2,59869384510399;-3,05978324250474;-4,0610219701259;-3,99395385733955;-3,3217977374888;-2,72007905507952;-2,13829182353672;-1,18500861275905;-1,85736416666674;-2,23882456322202;-2,86260508058283;-5,02140762454537;-5,09729664790047;-4,06960428105759;-3,34524631734356;-2,65932913921636;0,0616023919182442;0,0160928837337721;0,0388562224715487;0,0179218411707625;0,0385225292945519;0,00612082035677787;0,015699196058898;0,00918210322227181;-3,704743825768763;0,01982576814147613;1;1;1;-3;-3;1;1;1;-13174,4043046503;NA;All
4740;1,88304088315069;2,84254900688767;2,29896849114977;2,50980797761203;2,71397452471025;2,28043562394877;2,41260264278576;2,44819771007298;2,45700793771892;1,97913013422064;1,92132520506502;1,63046728101526;1,43501376778664;4,90550357958464;1,52473550763761;1,76609058341847;1,91673558388257;1,51866759986513;1,93717807202571;1,61222558828219;-21,2493949166985;-3,79008603045278;-7,20969029393746;-8,51566303812501;-5,61065921085665;-5,62225021785504;-10,536537451225;-9,44246507450126;-6,41341979102222;-16,1050701691777;-11,9039710737268;-17,958603469274;-25,1241603258947;-42,2201109096562;-17,9934367568665;-15,1495215606078;-15,8921403085173;-20,6995455137417;-14,7704510396926;-19,5432018278614;2,68199219822906;1,52838389719892;1,55555567096163;0,906735395569924;0,505569093294629;0,505568510213577;0,542423295383888;0,645128743653648;0,999999654320567;0,839312184375599;0,686365732674007;0,484882772849465;0,338111817657018;-2,14551609259277;-2,4282524118668;-2,59869384510399;-3,05978324250474;-4,0610219701259;-3,99395385733955;-3,3217977374888;-2,72007905507952;-2,13829182353672;-1,18500861275905;-1,85736416666674;-2,23882456322202;-2,86260508058283;-5,02140762454537;-5,09729664790047;-4,06960428105759;-3,34524631734356;-2,65932913921636;0,0616023919182442;0,0160928837337721;0,0388562224715487;0,0179218411707625;0,0385225292945519;0,00612082035677787;0,015699196058898;0,00918210322227181;-3,001438427306069;-0,49632254532316633;1;1;1;-3;-3;1;1;1;-13176,1652919991;NA;All
4750;1,88304088315069;2,84254900688767;2,29896849114977;2,50980797761203;2,71397452471025;2,28043562394877;2,41260264278576;2,44819771007298;2,45700793771892;1,97913013422064;1,92132520506502;1,63046728101526;1,43501376778664;4,90550357958464;1,52473550763761;1,76609058341847;1,91673558388257;1,51866759986513;1,93717807202571;1,61222558828219;-21,2493949166985;-3,79008603045278;-7,20969029393746;-8,51566303812501;-5,61065921085665;-5,62225021785504;-10,536537451225;-9,44246507450126;-6,41341979102222;-16,1050701691777;-11,9039710737268;-17,958603469274;-25,1241603258947;-42,2201109096562;-17,9934367568665;-15,1495215606078;-15,8921403085173;-20,6995455137417;-14,7704510396926;-19,5432018278614;2,68199219822906;1,52838389719892;1,55555567096163;0,906735395569924;0,505569093294629;0,505568510213577;0,542423295383888;0,645128743653648;0,999999654320567;0,839312184375599;0,686365732674007;0,484882772849465;0,338111817657018;-2,14551609259277;-2,4282524118668;-2,59869384510399;-3,05978324250474;-4,0610219701259;-3,99395385733955;-3,3217977374888;-2,72007905507952;-2,13829182353672;-1,18500861275905;-1,85736416666674;-2,23882456322202;-2,86260508058283;-5,02140762454537;-5,09729664790047;-4,06960428105759;-3,34524631734356;-2,65932913921636;0,0616023919182442;0,0160928837337721;0,0388562224715487;0,0179218411707625;0,0385225292945519;0,00612082035677787;0,015699196058898;0,00918210322227181;-1,573936059257489;-0,59399214849879733;1;1;1;-3;-3;1;1;1;-13176,9172907991;NA;All
4760;1,88304088315069;2,84254900688767;2,29896849114977;2,50980797761203;2,71397452471025;2,28043562394877;2,41260264278576;2,44819771007298;2,45700793771892;1,97913013422064;1,92132520506502;1,63046728101526;1,43501376778664;4,90550357958464;1,52473550763761;1,76609058341847;1,91673558388257;1,51866759986513;1,93717807202571;1,61222558828219;-21,2493949166985;-3,79008603045278;-7,20969029393746;-8,51566303812501;-5,61065921085665;-5,62225021785504;-10,536537451225;-9,44246507450126;-6,41341979102222;-16,1050701691777;-11,9039710737268;-17,958603469274;-25,1241603258947;-42,2201109096562;-17,9934367568665;-15,1495215606078;-15,8921403085173;-20,6995455137417;-14,7704510396926;-19,5432018278614;2,68199219822906;1,52838389719892;1,55555567096163;0,906735395569924;0,505569093294629;0,505568510213577;0,542423295383888;0,645128743653648;0,999999654320567;0,839312184375599;0,686365732674007;0,484882772849465;0,338111817657018;-2,14551609259277;-2,4282524118668;-2,59869384510399;-3,05978324250474;-4,0610219701259;-3,99395385733955;-3,3217977374888;-2,72007905507952;-2,13829182353672;-1,18500861275905;-1,85736416666674;-2,23882456322202;-2,86260508058283;-5,02140762454537;-5,09729664790047;-4,06960428105759;-3,34524631734356;-2,65932913921636;0,0616023919182442;0,0160928837337721;0,0388562224715487;0,0179218411707625;0,0385225292945519;0,00612082035677787;0,015699196058898;0,00918210322227181;-2,240853487834067;-0,27262936393110548;1;1;1;-3;-3;1;1;1;-13174,9761158696;NA;All
4770;1,88304088315069;2,84254900688767;2,29896849114977;2,50980797761203;2,71397452471025;2,28043562394877;2,41260264278576;2,44819771007298;2,45700793771892;1,97913013422064;1,92132520506502;1,63046728101526;1,43501376778664;4,90550357958464;1,52473550763761;1,76609058341847;1,91673558388257;1,51866759986513;1,93717807202571;1,61222558828219;-21,2493949166985;-3,79008603045278;-7,20969029393746;-8,51566303812501;-5,61065921085665;-5,62225021785504;-10,536537451225;-9,44246507450126;-6,41341979102222;-16,1050701691777;-11,9039710737268;-17,958603469274;-25,1241603258947;-42,2201109096562;-17,9934367568665;-15,1495215606078;-15,8921403085173;-20,6995455137417;-14,7704510396926;-19,5432018278614;2,68199219822906;1,52838389719892;1,55555567096163;0,906735395569924;0,505569093294629;0,505568510213577;0,542423295383888;0,645128743653648;0,999999654320567;0,839312184375599;0,686365732674007;0,484882772849465;0,338111817657018;-2,14551609259277;-2,4282524118668;-2,59869384510399;-3,05978324250474;-4,0610219701259;-3,99395385733955;-3,3217977374888;-2,72007905507952;-2,13829182353672;-1,18500861275905;-1,85736416666674;-2,23882456322202;-2,86260508058283;-5,02140762454537;-5,09729664790047;-4,06960428105759;-3,34524631734356;-2,65932913921636;0,0616023919182442;0,0160928837337721;0,0388562224715487;0,0179218411707625;0,0385225292945519;0,00612082035677787;0,015699196058898;0,00918210322227181;-1,916975099167811;-0,45903235667599784;1;1;1;-3;-3;1;1;1;-13176,0617459180;NA;All
4780;1,88304088315069;2,84254900688767;2,29896849114977;2,50980797761203;2,71397452471025;2,28043562394877;2,41260264278576;2,44819771007298;2,45700793771892;1,97913013422064;1,92132520506502;1,63046728101526;1,43501376778664;4,90550357958464;1,52473550763761;1,76609058341847;1,91673558388257;1,51866759986513;1,93717807202571;1,61222558828219;-21,2493949166985;-3,79008603045278;-7,20969029393746;-8,51566303812501;-5,61065921085665;-5,62225021785504;-10,536537451225;-9,44246507450126;-6,41341979102222;-16,1050701691777;-11,9039710737268;-17,958603469274;-25,1241603258947;-42,2201109096562;-17,9934367568665;-15,1495215606078;-15,8921403085173;-20,6995455137417;-14,7704510396926;-19,5432018278614;2,68199219822906;1,52838389719892;1,55555567096163;0,906735395569924;0,505569093294629;0,505568510213577;0,542423295383888;0,645128743653648;0,999999654320567;0,839312184375599;0,686365732674007;0,484882772849465;0,338111817657018;-2,14551609259277;-2,4282524118668;-2,59869384510399;-3,05978324250474;-4,0610219701259;-3,99395385733955;-3,3217977374888;-2,72007905507952;-2,13829182353672;-1,18500861275905;-1,85736416666674;-2,23882456322202;-2,86260508058283;-5,02140762454537;-5,09729664790047;-4,06960428105759;-3,34524631734356;-2,65932913921636;0,0616023919182442;0,0160928837337721;0,0388562224715487;0,0179218411707625;0,0385225292945519;0,00612082035677787;0,015699196058898;0,00918210322227181;-2,979198948376579;-0,05572872513741067;1;1;1;-3;-3;1;1;1;-13174,2603450836;NA;All
4790;1,88304088315069;2,84254900688767;2,29896849114977;2,50980797761203;2,71397452471025;2,28043562394877;2,41260264278576;2,44819771007298;2,45700793771892;1,97913013422064;1,92132520506502;1,63046728101526;1,43501376778664;4,90550357958464;1,52473550763761;1,76609058341847;1,91673558388257;1,51866759986513;1,93717807202571;1,61222558828219;-21,2493949166985;-3,79008603045278;-7,20969029393746;-8,51566303812501;-5,61065921085665;-5,62225021785504;-10,536537451225;-9,44246507450126;-6,41341979102222;-16,1050701691777;-11,9039710737268;-17,958603469274;-25,1241603258947;-42,2201109096562;-17,9934367568665;-15,1495215606078;-15,8921403085173;-20,6995455137417;-14,7704510396926;-19,5432018278614;2,68199219822906;1,52838389719892;1,55555567096163;0,906735395569924;0,505569093294629;0,505568510213577;0,542423295383888;0,645128743653648;0,999999654320567;0,839312184375599;0,686365732674007;0,484882772849465;0,338111817657018;-2,14551609259277;-2,4282524118668;-2,59869384510399;-3,05978324250474;-4,0610219701259;-3,99395385733955;-3,3217977374888;-2,72007905507952;-2,13829182353672;-1,18500861275905;-1,85736416666674;-2,23882456322202;-2,86260508058283;-5,02140762454537;-5,09729664790047;-4,06960428105759;-3,34524631734356;-2,65932913921636;0,0616023919182442;0,0160928837337721;0,0388562224715487;0,0179218411707625;0,0385225292945519;0,00612082035677787;0,015699196058898;0,00918210322227181;-2,133271256218372;-0,06123981600088708;1;1;1;-3;-3;1;1;1;-13174,3289163876;NA;All
4800;1,88304088315069;2,84254900688767;2,29896849114977;2,50980797761203;2,71397452471025;2,28043562394877;2,41260264278576;2,44819771007298;2,45700793771892;1,97913013422064;1,92132520506502;1,63046728101526;1,43501376778664;4,90550357958464;1,52473550763761;1,76609058341847;1,91673558388257;1,51866759986513;1,93717807202571;1,61222558828219;-21,2493949166985;-3,79008603045278;-7,20969029393746;-8,51566303812501;-5,61065921085665;-5,62225021785504;-10,536537451225;-9,44246507450126;-6,41341979102222;-16,1050701691777;-11,9039710737268;-17,958603469274;-25,1241603258947;-42,2201109096562;-17,9934367568665;-15,1495215606078;-15,8921403085173;-20,6995455137417;-14,7704510396926;-19,5432018278614;2,68199219822906;1,52838389719892;1,55555567096163;0,906735395569924;0,505569093294629;0,505568510213577;0,542423295383888;0,645128743653648;0,999999654320567;0,839312184375599;0,686365732674007;0,484882772849465;0,338111817657018;-2,14551609259277;-2,4282524118668;-2,59869384510399;-3,05978324250474;-4,0610219701259;-3,99395385733955;-3,3217977374888;-2,72007905507952;-2,13829182353672;-1,18500861275905;-1,85736416666674;-2,23882456322202;-2,86260508058283;-5,02140762454537;-5,09729664790047;-4,06960428105759;-3,34524631734356;-2,65932913921636;0,0616023919182442;0,0160928837337721;0,0388562224715487;0,0179218411707625;0,0385225292945519;0,00612082035677787;0,015699196058898;0,00918210322227181;-3,225687576501183;-0,22079788819196161;1;1;1;-3;-3;1;1;1;-13174,6759863958;NA;All
4810;1,88304088315069;2,84254900688767;2,29896849114977;2,50980797761203;2,71397452471025;2,28043562394877;2,41260264278576;2,44819771007298;2,45700793771892;1,97913013422064;1,92132520506502;1,63046728101526;1,43501376778664;4,90550357958464;1,52473550763761;1,76609058341847;1,91673558388257;1,51866759986513;1,93717807202571;1,61222558828219;-21,2493949166985;-3,79008603045278;-7,20969029393746;-8,51566303812501;-5,61065921085665;-5,62225021785504;-10,536537451225;-9,44246507450126;-6,41341979102222;-16,1050701691777;-11,9039710737268;-17,958603469274;-25,1241603258947;-42,2201109096562;-17,9934367568665;-15,1495215606078;-15,8921403085173;-20,6995455137417;-14,7704510396926;-19,5432018278614;2,68199219822906;1,52838389719892;1,55555567096163;0,906735395569924;0,505569093294629;0,505568510213577;0,542423295383888;0,645128743653648;0,999999654320567;0,839312184375599;0,686365732674007;0,484882772849465;0,338111817657018;-2,14551609259277;-2,4282524118668;-2,59869384510399;-3,05978324250474;-4,0610219701259;-3,99395385733955;-3,3217977374888;-2,72007905507952;-2,13829182353672;-1,18500861275905;-1,85736416666674;-2,23882456322202;-2,86260508058283;-5,02140762454537;-5,09729664790047;-4,06960428105759;-3,34524631734356;-2,65932913921636;0,0616023919182442;0,0160928837337721;0,0388562224715487;0,0179218411707625;0,0385225292945519;0,00612082035677787;0,015699196058898;0,00918210322227181;-3,817138142277158;-0,52334726393826025;1;1;1;-3;-3;1;1;1;-13176,3051755875;NA;All
4820;1,88304088315069;2,84254900688767;2,29896849114977;2,50980797761203;2,71397452471025;2,28043562394877;2,41260264278576;2,44819771007298;2,45700793771892;1,97913013422064;1,92132520506502;1,63046728101526;1,43501376778664;4,90550357958464;1,52473550763761;1,76609058341847;1,91673558388257;1,51866759986513;1,93717807202571;1,61222558828219;-21,2493949166985;-3,79008603045278;-7,20969029393746;-8,51566303812501;-5,61065921085665;-5,62225021785504;-10,536537451225;-9,44246507450126;-6,41341979102222;-16,1050701691777;-11,9039710737268;-17,958603469274;-25,1241603258947;-42,2201109096562;-17,9934367568665;-15,1495215606078;-15,8921403085173;-20,6995455137417;-14,7704510396926;-19,5432018278614;2,68199219822906;1,52838389719892;1,55555567096163;0,906735395569924;0,505569093294629;0,505568510213577;0,542423295383888;0,645128743653648;0,999999654320567;0,839312184375599;0,686365732674007;0,484882772849465;0,338111817657018;-2,14551609259277;-2,4282524118668;-2,59869384510399;-3,05978324250474;-4,0610219701259;-3,99395385733955;-3,3217977374888;-2,72007905507952;-2,13829182353672;-1,18500861275905;-1,85736416666674;-2,23882456322202;-2,86260508058283;-5,02140762454537;-5,09729664790047;-4,06960428105759;-3,34524631734356;-2,65932913921636;0,0616023919182442;0,0160928837337721;0,0388562224715487;0,0179218411707625;0,0385225292945519;0,00612082035677787;0,015699196058898;0,00918210322227181;-1,793673252342926;-0,55895023983126602;1;1;1;-3;-3;1;1;1;-13176,6396962213;NA;All
4830;1,88304088315069;2,84254900688767;2,29896849114977;2,50980797761203;2,71397452471025;2,28043562394877;2,41260264278576;2,44819771007298;2,45700793771892;1,97913013422064;1,92132520506502;1,63046728101526;1,43501376778664;4,90550357958464;1,52473550763761;1,76609058341847;1,91673558388257;1,51866759986513;1,93717807202571;1,61222558828219;-21,2493949166985;-3,79008603045278;-7,20969029393746;-8,51566303812501;-5,61065921085665;-5,62225021785504;-10,536537451225;-9,44246507450126;-6,41341979102222;-16,1050701691777;-11,9039710737268;-17,958603469274;-25,1241603258947;-42,2201109096562;-17,9934367568665;-15,1495215606078;-15,8921403085173;-20,6995455137417;-14,7704510396926;-19,5432018278614;2,68199219822906;1,52838389719892;1,55555567096163;0,906735395569924;0,505569093294629;0,505568510213577;0,542423295383888;0,645128743653648;0,999999654320567;0,839312184375599;0,686365732674007;0,484882772849465;0,338111817657018;-2,14551609259277;-2,4282524118668;-2,59869384510399;-3,05978324250474;-4,0610219701259;-3,99395385733955;-3,3217977374888;-2,72007905507952;-2,13829182353672;-1,18500861275905;-1,85736416666674;-2,23882456322202;-2,86260508058283;-5,02140762454537;-5,09729664790047;-4,06960428105759;-3,34524631734356;-2,65932913921636;0,0616023919182442;0,0160928837337721;0,0388562224715487;0,0179218411707625;0,0385225292945519;0,00612082035677787;0,015699196058898;0,00918210322227181;-2,097343305310405;-0,37059140043787386;1;1;1;-3;-3;1;1;1;-13175,5269709258;NA;All
4840;1,88304088315069;2,84254900688767;2,29896849114977;2,50980797761203;2,71397452471025;2,28043562394877;2,41260264278576;2,44819771007298;2,45700793771892;1,97913013422064;1,92132520506502;1,63046728101526;1,43501376778664;4,90550357958464;1,52473550763761;1,76609058341847;1,91673558388257;1,51866759986513;1,93717807202571;1,61222558828219;-21,2493949166985;-3,79008603045278;-7,20969029393746;-8,51566303812501;-5,61065921085665;-5,62225021785504;-10,536537451225;-9,44246507450126;-6,41341979102222;-16,1050701691777;-11,9039710737268;-17,958603469274;-25,1241603258947;-42,2201109096562;-17,9934367568665;-15,1495215606078;-15,8921403085173;-20,6995455137417;-14,7704510396926;-19,5432018278614;2,68199219822906;1,52838389719892;1,55555567096163;0,906735395569924;0,505569093294629;0,505568510213577;0,542423295383888;0,645128743653648;0,999999654320567;0,839312184375599;0,686365732674007;0,484882772849465;0,338111817657018;-2,14551609259277;-2,4282524118668;-2,59869384510399;-3,05978324250474;-4,0610219701259;-3,99395385733955;-3,3217977374888;-2,72007905507952;-2,13829182353672;-1,18500861275905;-1,85736416666674;-2,23882456322202;-2,86260508058283;-5,02140762454537;-5,09729664790047;-4,06960428105759;-3,34524631734356;-2,65932913921636;0,0616023919182442;0,0160928837337721;0,0388562224715487;0,0179218411707625;0,0385225292945519;0,00612082035677787;0,015699196058898;0,00918210322227181;-3,280145941355929;-0,14211307709879378;1;1;1;-3;-3;1;1;1;-13174,3821826863;NA;All
4850;1,88304088315069;2,84254900688767;2,29896849114977;2,50980797761203;2,71397452471025;2,28043562394877;2,41260264278576;2,44819771007298;2,45700793771892;1,97913013422064;1,92132520506502;1,63046728101526;1,43501376778664;4,90550357958464;1,52473550763761;1,76609058341847;1,91673558388257;1,51866759986513;1,93717807202571;1,61222558828219;-21,2493949166985;-3,79008603045278;-7,20969029393746;-8,51566303812501;-5,61065921085665;-5,62225021785504;-10,536537451225;-9,44246507450126;-6,41341979102222;-16,1050701691777;-11,9039710737268;-17,958603469274;-25,1241603258947;-42,2201109096562;-17,9934367568665;-15,1495215606078;-15,8921403085173;-20,6995455137417;-14,7704510396926;-19,5432018278614;2,68199219822906;1,52838389719892;1,55555567096163;0,906735395569924;0,505569093294629;0,505568510213577;0,542423295383888;0,645128743653648;0,999999654320567;0,839312184375599;0,686365732674007;0,484882772849465;0,338111817657018;-2,14551609259277;-2,4282524118668;-2,59869384510399;-3,05978324250474;-4,0610219701259;-3,99395385733955;-3,3217977374888;-2,72007905507952;-2,13829182353672;-1,18500861275905;-1,85736416666674;-2,23882456322202;-2,86260508058283;-5,02140762454537;-5,09729664790047;-4,06960428105759;-3,34524631734356;-2,65932913921636;0,0616023919182442;0,0160928837337721;0,0388562224715487;0,0179218411707625;0,0385225292945519;0,00612082035677787;0,015699196058898;0,00918210322227181;-3,928655608008816;-0,05601430490634773;1;1;1;-3;-3;1;1;1;-13174,2496812034;NA;All
4860;1,88304088315069;2,84254900688767;2,29896849114977;2,50980797761203;2,71397452471025;2,28043562394877;2,41260264278576;2,44819771007298;2,45700793771892;1,97913013422064;1,92132520506502;1,63046728101526;1,43501376778664;4,90550357958464;1,52473550763761;1,76609058341847;1,91673558388257;1,51866759986513;1,93717807202571;1,61222558828219;-21,2493949166985;-3,79008603045278;-7,20969029393746;-8,51566303812501;-5,61065921085665;-5,62225021785504;-10,536537451225;-9,44246507450126;-6,41341979102222;-16,1050701691777;-11,9039710737268;-17,958603469274;-25,1241603258947;-42,2201109096562;-17,9934367568665;-15,1495215606078;-15,8921403085173;-20,6995455137417;-14,7704510396926;-19,5432018278614;2,68199219822906;1,52838389719892;1,55555567096163;0,906735395569924;0,505569093294629;0,505568510213577;0,542423295383888;0,645128743653648;0,999999654320567;0,839312184375599;0,686365732674007;0,484882772849465;0,338111817657018;-2,14551609259277;-2,4282524118668;-2,59869384510399;-3,05978324250474;-4,0610219701259;-3,99395385733955;-3,3217977374888;-2,72007905507952;-2,13829182353672;-1,18500861275905;-1,85736416666674;-2,23882456322202;-2,86260508058283;-5,02140762454537;-5,09729664790047;-4,06960428105759;-3,34524631734356;-2,65932913921636;0,0616023919182442;0,0160928837337721;0,0388562224715487;0,0179218411707625;0,0385225292945519;0,00612082035677787;0,015699196058898;0,00918210322227181;-3,458868249979830;-0,36780458831285079;1;1;1;-3;-3;1;1;1;-13175,4375985929;NA;All
4870;1,88304088315069;2,84254900688767;2,29896849114977;2,50980797761203;2,71397452471025;2,28043562394877;2,41260264278576;2,44819771007298;2,45700793771892;1,97913013422064;1,92132520506502;1,63046728101526;1,43501376778664;4,90550357958464;1,52473550763761;1,76609058341847;1,91673558388257;1,51866759986513;1,93717807202571;1,61222558828219;-21,2493949166985;-3,79008603045278;-7,20969029393746;-8,51566303812501;-5,61065921085665;-5,62225021785504;-10,536537451225;-9,44246507450126;-6,41341979102222;-16,1050701691777;-11,9039710737268;-17,958603469274;-25,1241603258947;-42,2201109096562;-17,9934367568665;-15,1495215606078;-15,8921403085173;-20,6995455137417;-14,7704510396926;-19,5432018278614;2,68199219822906;1,52838389719892;1,55555567096163;0,906735395569924;0,505569093294629;0,505568510213577;0,542423295383888;0,645128743653648;0,999999654320567;0,839312184375599;0,686365732674007;0,484882772849465;0,338111817657018;-2,14551609259277;-2,4282524118668;-2,59869384510399;-3,05978324250474;-4,0610219701259;-3,99395385733955;-3,3217977374888;-2,72007905507952;-2,13829182353672;-1,18500861275905;-1,85736416666674;-2,23882456322202;-2,86260508058283;-5,02140762454537;-5,09729664790047;-4,06960428105759;-3,34524631734356;-2,65932913921636;0,0616023919182442;0,0160928837337721;0,0388562224715487;0,0179218411707625;0,0385225292945519;0,00612082035677787;0,015699196058898;0,00918210322227181;-1,916945944041603;0,05667853362541417;1;1;1;-3;-3;1;1;1;-13174,7428439184;NA;All
4880;1,88304088315069;2,84254900688767;2,29896849114977;2,50980797761203;2,71397452471025;2,28043562394877;2,41260264278576;2,44819771007298;2,45700793771892;1,97913013422064;1,92132520506502;1,63046728101526;1,43501376778664;4,90550357958464;1,52473550763761;1,76609058341847;1,91673558388257;1,51866759986513;1,93717807202571;1,61222558828219;-21,2493949166985;-3,79008603045278;-7,20969029393746;-8,51566303812501;-5,61065921085665;-5,62225021785504;-10,536537451225;-9,44246507450126;-6,41341979102222;-16,1050701691777;-11,9039710737268;-17,958603469274;-25,1241603258947;-42,2201109096562;-17,9934367568665;-15,1495215606078;-15,8921403085173;-20,6995455137417;-14,7704510396926;-19,5432018278614;2,68199219822906;1,52838389719892;1,55555567096163;0,906735395569924;0,505569093294629;0,505568510213577;0,542423295383888;0,645128743653648;0,999999654320567;0,839312184375599;0,686365732674007;0,484882772849465;0,338111817657018;-2,14551609259277;-2,4282524118668;-2,59869384510399;-3,05978324250474;-4,0610219701259;-3,99395385733955;-3,3217977374888;-2,72007905507952;-2,13829182353672;-1,18500861275905;-1,85736416666674;-2,23882456322202;-2,86260508058283;-5,02140762454537;-5,09729664790047;-4,06960428105759;-3,34524631734356;-2,65932913921636;0,0616023919182442;0,0160928837337721;0,0388562224715487;0,0179218411707625;0,0385225292945519;0,00612082035677787;0,015699196058898;0,00918210322227181;-1,270228626369360;-0,26430460447027010;1;1;1;-3;-3;1;1;1;-13175,4356885727;NA;All
4890;1,88304088315069;2,84254900688767;2,29896849114977;2,50980797761203;2,71397452471025;2,28043562394877;2,41260264278576;2,44819771007298;2,45700793771892;1,97913013422064;1,92132520506502;1,63046728101526;1,43501376778664;4,90550357958464;1,52473550763761;1,76609058341847;1,91673558388257;1,51866759986513;1,93717807202571;1,61222558828219;-21,2493949166985;-3,79008603045278;-7,20969029393746;-8,51566303812501;-5,61065921085665;-5,62225021785504;-10,536537451225;-9,44246507450126;-6,41341979102222;-16,1050701691777;-11,9039710737268;-17,958603469274;-25,1241603258947;-42,2201109096562;-17,9934367568665;-15,1495215606078;-15,8921403085173;-20,6995455137417;-14,7704510396926;-19,5432018278614;2,68199219822906;1,52838389719892;1,55555567096163;0,906735395569924;0,505569093294629;0,505568510213577;0,542423295383888;0,645128743653648;0,999999654320567;0,839312184375599;0,686365732674007;0,484882772849465;0,338111817657018;-2,14551609259277;-2,4282524118668;-2,59869384510399;-3,05978324250474;-4,0610219701259;-3,99395385733955;-3,3217977374888;-2,72007905507952;-2,13829182353672;-1,18500861275905;-1,85736416666674;-2,23882456322202;-2,86260508058283;-5,02140762454537;-5,09729664790047;-4,06960428105759;-3,34524631734356;-2,65932913921636;0,0616023919182442;0,0160928837337721;0,0388562224715487;0,0179218411707625;0,0385225292945519;0,00612082035677787;0,015699196058898;0,00918210322227181;-1,538185084039148;-0,28752638939295239;1;1;1;-3;-3;1;1;1;-13175,2881041899;NA;All
4900;1,88304088315069;2,84254900688767;2,29896849114977;2,50980797761203;2,71397452471025;2,28043562394877;2,41260264278576;2,44819771007298;2,45700793771892;1,97913013422064;1,92132520506502;1,63046728101526;1,43501376778664;4,90550357958464;1,52473550763761;1,76609058341847;1,91673558388257;1,51866759986513;1,93717807202571;1,61222558828219;-21,2493949166985;-3,79008603045278;-7,20969029393746;-8,51566303812501;-5,61065921085665;-5,62225021785504;-10,536537451225;-9,44246507450126;-6,41341979102222;-16,1050701691777;-11,9039710737268;-17,958603469274;-25,1241603258947;-42,2201109096562;-17,9934367568665;-15,1495215606078;-15,8921403085173;-20,6995455137417;-14,7704510396926;-19,5432018278614;2,68199219822906;1,52838389719892;1,55555567096163;0,906735395569924;0,505569093294629;0,505568510213577;0,542423295383888;0,645128743653648;0,999999654320567;0,839312184375599;0,686365732674007;0,484882772849465;0,338111817657018;-2,14551609259277;-2,4282524118668;-2,59869384510399;-3,05978324250474;-4,0610219701259;-3,99395385733955;-3,3217977374888;-2,72007905507952;-2,13829182353672;-1,18500861275905;-1,85736416666674;-2,23882456322202;-2,86260508058283;-5,02140762454537;-5,09729664790047;-4,06960428105759;-3,34524631734356;-2,65932913921636;0,0616023919182442;0,0160928837337721;0,0388562224715487;0,0179218411707625;0,0385225292945519;0,00612082035677787;0,015699196058898;0,00918210322227181;-3,656099051308122;-0,07108714407171533;1;1;1;-3;-3;1;1;1;-13174,2539103239;NA;All
4910;1,88304088315069;2,84254900688767;2,29896849114977;2,50980797761203;2,71397452471025;2,28043562394877;2,41260264278576;2,44819771007298;2,45700793771892;1,97913013422064;1,92132520506502;1,63046728101526;1,43501376778664;4,90550357958464;1,52473550763761;1,76609058341847;1,91673558388257;1,51866759986513;1,93717807202571;1,61222558828219;-21,2493949166985;-3,79008603045278;-7,20969029393746;-8,51566303812501;-5,61065921085665;-5,62225021785504;-10,536537451225;-9,44246507450126;-6,41341979102222;-16,1050701691777;-11,9039710737268;-17,958603469274;-25,1241603258947;-42,2201109096562;-17,9934367568665;-15,1495215606078;-15,8921403085173;-20,6995455137417;-14,7704510396926;-19,5432018278614;2,68199219822906;1,52838389719892;1,55555567096163;0,906735395569924;0,505569093294629;0,505568510213577;0,542423295383888;0,645128743653648;0,999999654320567;0,839312184375599;0,686365732674007;0,484882772849465;0,338111817657018;-2,14551609259277;-2,4282524118668;-2,59869384510399;-3,05978324250474;-4,0610219701259;-3,99395385733955;-3,3217977374888;-2,72007905507952;-2,13829182353672;-1,18500861275905;-1,85736416666674;-2,23882456322202;-2,86260508058283;-5,02140762454537;-5,09729664790047;-4,06960428105759;-3,34524631734356;-2,65932913921636;0,0616023919182442;0,0160928837337721;0,0388562224715487;0,0179218411707625;0,0385225292945519;0,00612082035677787;0,015699196058898;0,00918210322227181;-1,589101711265928;-0,40617935095674235;1;1;1;-3;-3;1;1;1;-13175,8983516669;NA;All
4920;1,88304088315069;2,84254900688767;2,29896849114977;2,50980797761203;2,71397452471025;2,28043562394877;2,41260264278576;2,44819771007298;2,45700793771892;1,97913013422064;1,92132520506502;1,63046728101526;1,43501376778664;4,90550357958464;1,52473550763761;1,76609058341847;1,91673558388257;1,51866759986513;1,93717807202571;1,61222558828219;-21,2493949166985;-3,79008603045278;-7,20969029393746;-8,51566303812501;-5,61065921085665;-5,62225021785504;-10,536537451225;-9,44246507450126;-6,41341979102222;-16,1050701691777;-11,9039710737268;-17,958603469274;-25,1241603258947;-42,2201109096562;-17,9934367568665;-15,1495215606078;-15,8921403085173;-20,6995455137417;-14,7704510396926;-19,5432018278614;2,68199219822906;1,52838389719892;1,55555567096163;0,906735395569924;0,505569093294629;0,505568510213577;0,542423295383888;0,645128743653648;0,999999654320567;0,839312184375599;0,686365732674007;0,484882772849465;0,338111817657018;-2,14551609259277;-2,4282524118668;-2,59869384510399;-3,05978324250474;-4,0610219701259;-3,99395385733955;-3,3217977374888;-2,72007905507952;-2,13829182353672;-1,18500861275905;-1,85736416666674;-2,23882456322202;-2,86260508058283;-5,02140762454537;-5,09729664790047;-4,06960428105759;-3,34524631734356;-2,65932913921636;0,0616023919182442;0,0160928837337721;0,0388562224715487;0,0179218411707625;0,0385225292945519;0,00612082035677787;0,015699196058898;0,00918210322227181;-3,816284521761701;-0,14797614071339971;1;1;1;-3;-3;1;1;1;-13174,3954583097;NA;All
4930;1,88304088315069;2,84254900688767;2,29896849114977;2,50980797761203;2,71397452471025;2,28043562394877;2,41260264278576;2,44819771007298;2,45700793771892;1,97913013422064;1,92132520506502;1,63046728101526;1,43501376778664;4,90550357958464;1,52473550763761;1,76609058341847;1,91673558388257;1,51866759986513;1,93717807202571;1,61222558828219;-21,2493949166985;-3,79008603045278;-7,20969029393746;-8,51566303812501;-5,61065921085665;-5,62225021785504;-10,536537451225;-9,44246507450126;-6,41341979102222;-16,1050701691777;-11,9039710737268;-17,958603469274;-25,1241603258947;-42,2201109096562;-17,9934367568665;-15,1495215606078;-15,8921403085173;-20,6995455137417;-14,7704510396926;-19,5432018278614;2,68199219822906;1,52838389719892;1,55555567096163;0,906735395569924;0,505569093294629;0,505568510213577;0,542423295383888;0,645128743653648;0,999999654320567;0,839312184375599;0,686365732674007;0,484882772849465;0,338111817657018;-2,14551609259277;-2,4282524118668;-2,59869384510399;-3,05978324250474;-4,0610219701259;-3,99395385733955;-3,3217977374888;-2,72007905507952;-2,13829182353672;-1,18500861275905;-1,85736416666674;-2,23882456322202;-2,86260508058283;-5,02140762454537;-5,09729664790047;-4,06960428105759;-3,34524631734356;-2,65932913921636;0,0616023919182442;0,0160928837337721;0,0388562224715487;0,0179218411707625;0,0385225292945519;0,00612082035677787;0,015699196058898;0,00918210322227181;-3,825024605599747;-0,07094653090342350;1;1;1;-3;-3;1;1;1;-13174,2529410833;NA;All
4940;1,88304088315069;2,84254900688767;2,29896849114977;2,50980797761203;2,71397452471025;2,28043562394877;2,41260264278576;2,44819771007298;2,45700793771892;1,97913013422064;1,92132520506502;1,63046728101526;1,43501376778664;4,90550357958464;1,52473550763761;1,76609058341847;1,91673558388257;1,51866759986513;1,93717807202571;1,61222558828219;-21,2493949166985;-3,79008603045278;-7,20969029393746;-8,51566303812501;-5,61065921085665;-5,62225021785504;-10,536537451225;-9,44246507450126;-6,41341979102222;-16,1050701691777;-11,9039710737268;-17,958603469274;-25,1241603258947;-42,2201109096562;-17,9934367568665;-15,1495215606078;-15,8921403085173;-20,6995455137417;-14,7704510396926;-19,5432018278614;2,68199219822906;1,52838389719892;1,55555567096163;0,906735395569924;0,505569093294629;0,505568510213577;0,542423295383888;0,645128743653648;0,999999654320567;0,839312184375599;0,686365732674007;0,484882772849465;0,338111817657018;-2,14551609259277;-2,4282524118668;-2,59869384510399;-3,05978324250474;-4,0610219701259;-3,99395385733955;-3,3217977374888;-2,72007905507952;-2,13829182353672;-1,18500861275905;-1,85736416666674;-2,23882456322202;-2,86260508058283;-5,02140762454537;-5,09729664790047;-4,06960428105759;-3,34524631734356;-2,65932913921636;0,0616023919182442;0,0160928837337721;0,0388562224715487;0,0179218411707625;0,0385225292945519;0,00612082035677787;0,015699196058898;0,00918210322227181;-1,516106474028106;-0,23238713770572533;1;1;1;-3;-3;1;1;1;-13175,0379602125;NA;All
4950;1,88304088315069;2,84254900688767;2,29896849114977;2,50980797761203;2,71397452471025;2,28043562394877;2,41260264278576;2,44819771007298;2,45700793771892;1,97913013422064;1,92132520506502;1,63046728101526;1,43501376778664;4,90550357958464;1,52473550763761;1,76609058341847;1,91673558388257;1,51866759986513;1,93717807202571;1,61222558828219;-21,2493949166985;-3,79008603045278;-7,20969029393746;-8,51566303812501;-5,61065921085665;-5,62225021785504;-10,536537451225;-9,44246507450126;-6,41341979102222;-16,1050701691777;-11,9039710737268;-17,958603469274;-25,1241603258947;-42,2201109096562;-17,9934367568665;-15,1495215606078;-15,8921403085173;-20,6995455137417;-14,7704510396926;-19,5432018278614;2,68199219822906;1,52838389719892;1,55555567096163;0,906735395569924;0,505569093294629;0,505568510213577;0,542423295383888;0,645128743653648;0,999999654320567;0,839312184375599;0,686365732674007;0,484882772849465;0,338111817657018;-2,14551609259277;-2,4282524118668;-2,59869384510399;-3,05978324250474;-4,0610219701259;-3,99395385733955;-3,3217977374888;-2,72007905507952;-2,13829182353672;-1,18500861275905;-1,85736416666674;-2,23882456322202;-2,86260508058283;-5,02140762454537;-5,09729664790047;-4,06960428105759;-3,34524631734356;-2,65932913921636;0,0616023919182442;0,0160928837337721;0,0388562224715487;0,0179218411707625;0,0385225292945519;0,00612082035677787;0,015699196058898;0,00918210322227181;-1,218024992824846;-0,13891438383151403;1;1;1;-3;-3;1;1;1;-13175,0359108918;NA;All
4960;1,88304088315069;2,84254900688767;2,29896849114977;2,50980797761203;2,71397452471025;2,28043562394877;2,41260264278576;2,44819771007298;2,45700793771892;1,97913013422064;1,92132520506502;1,63046728101526;1,43501376778664;4,90550357958464;1,52473550763761;1,76609058341847;1,91673558388257;1,51866759986513;1,93717807202571;1,61222558828219;-21,2493949166985;-3,79008603045278;-7,20969029393746;-8,51566303812501;-5,61065921085665;-5,62225021785504;-10,536537451225;-9,44246507450126;-6,41341979102222;-16,1050701691777;-11,9039710737268;-17,958603469274;-25,1241603258947;-42,2201109096562;-17,9934367568665;-15,1495215606078;-15,8921403085173;-20,6995455137417;-14,7704510396926;-19,5432018278614;2,68199219822906;1,52838389719892;1,55555567096163;0,906735395569924;0,505569093294629;0,505568510213577;0,542423295383888;0,645128743653648;0,999999654320567;0,839312184375599;0,686365732674007;0,484882772849465;0,338111817657018;-2,14551609259277;-2,4282524118668;-2,59869384510399;-3,05978324250474;-4,0610219701259;-3,99395385733955;-3,3217977374888;-2,72007905507952;-2,13829182353672;-1,18500861275905;-1,85736416666674;-2,23882456322202;-2,86260508058283;-5,02140762454537;-5,09729664790047;-4,06960428105759;-3,34524631734356;-2,65932913921636;0,0616023919182442;0,0160928837337721;0,0388562224715487;0,0179218411707625;0,0385225292945519;0,00612082035677787;0,015699196058898;0,00918210322227181;-2,117532654846935;-0,25215290150333142;1;1;1;-3;-3;1;1;1;-13174,8933568741;NA;All
4970;1,88304088315069;2,84254900688767;2,29896849114977;2,50980797761203;2,71397452471025;2,28043562394877;2,41260264278576;2,44819771007298;2,45700793771892;1,97913013422064;1,92132520506502;1,63046728101526;1,43501376778664;4,90550357958464;1,52473550763761;1,76609058341847;1,91673558388257;1,51866759986513;1,93717807202571;1,61222558828219;-21,2493949166985;-3,79008603045278;-7,20969029393746;-8,51566303812501;-5,61065921085665;-5,62225021785504;-10,536537451225;-9,44246507450126;-6,41341979102222;-16,1050701691777;-11,9039710737268;-17,958603469274;-25,1241603258947;-42,2201109096562;-17,9934367568665;-15,1495215606078;-15,8921403085173;-20,6995455137417;-14,7704510396926;-19,5432018278614;2,68199219822906;1,52838389719892;1,55555567096163;0,906735395569924;0,505569093294629;0,505568510213577;0,542423295383888;0,645128743653648;0,999999654320567;0,839312184375599;0,686365732674007;0,484882772849465;0,338111817657018;-2,14551609259277;-2,4282524118668;-2,59869384510399;-3,05978324250474;-4,0610219701259;-3,99395385733955;-3,3217977374888;-2,72007905507952;-2,13829182353672;-1,18500861275905;-1,85736416666674;-2,23882456322202;-2,86260508058283;-5,02140762454537;-5,09729664790047;-4,06960428105759;-3,34524631734356;-2,65932913921636;0,0616023919182442;0,0160928837337721;0,0388562224715487;0,0179218411707625;0,0385225292945519;0,00612082035677787;0,015699196058898;0,00918210322227181;-3,943943594138968;0,01442839182271469;1;1;1;-3;-3;1;1;1;-13174,3820693442;NA;All
4980;1,88304088315069;2,84254900688767;2,29896849114977;2,50980797761203;2,71397452471025;2,28043562394877;2,41260264278576;2,44819771007298;2,45700793771892;1,97913013422064;1,92132520506502;1,63046728101526;1,43501376778664;4,90550357958464;1,52473550763761;1,76609058341847;1,91673558388257;1,51866759986513;1,93717807202571;1,61222558828219;-21,2493949166985;-3,79008603045278;-7,20969029393746;-8,51566303812501;-5,61065921085665;-5,62225021785504;-10,536537451225;-9,44246507450126;-6,41341979102222;-16,1050701691777;-11,9039710737268;-17,958603469274;-25,1241603258947;-42,2201109096562;-17,9934367568665;-15,1495215606078;-15,8921403085173;-20,6995455137417;-14,7704510396926;-19,5432018278614;2,68199219822906;1,52838389719892;1,55555567096163;0,906735395569924;0,505569093294629;0,505568510213577;0,542423295383888;0,645128743653648;0,999999654320567;0,839312184375599;0,686365732674007;0,484882772849465;0,338111817657018;-2,14551609259277;-2,4282524118668;-2,59869384510399;-3,05978324250474;-4,0610219701259;-3,99395385733955;-3,3217977374888;-2,72007905507952;-2,13829182353672;-1,18500861275905;-1,85736416666674;-2,23882456322202;-2,86260508058283;-5,02140762454537;-5,09729664790047;-4,06960428105759;-3,34524631734356;-2,65932913921636;0,0616023919182442;0,0160928837337721;0,0388562224715487;0,0179218411707625;0,0385225292945519;0,00612082035677787;0,015699196058898;0,00918210322227181;-3,740012199627880;-0,18629782882205259;1;1;1;-3;-3;1;1;1;-13174,5277246624;NA;All
4990;1,88304088315069;2,84254900688767;2,29896849114977;2,50980797761203;2,71397452471025;2,28043562394877;2,41260264278576;2,44819771007298;2,45700793771892;1,97913013422064;1,92132520506502;1,63046728101526;1,43501376778664;4,90550357958464;1,52473550763761;1,76609058341847;1,91673558388257;1,51866759986513;1,93717807202571;1,61222558828219;-21,2493949166985;-3,79008603045278;-7,20969029393746;-8,51566303812501;-5,61065921085665;-5,62225021785504;-10,536537451225;-9,44246507450126;-6,41341979102222;-16,1050701691777;-11,9039710737268;-17,958603469274;-25,1241603258947;-42,2201109096562;-17,9934367568665;-15,1495215606078;-15,8921403085173;-20,6995455137417;-14,7704510396926;-19,5432018278614;2,68199219822906;1,52838389719892;1,55555567096163;0,906735395569924;0,505569093294629;0,505568510213577;0,542423295383888;0,645128743653648;0,999999654320567;0,839312184375599;0,686365732674007;0,484882772849465;0,338111817657018;-2,14551609259277;-2,4282524118668;-2,59869384510399;-3,05978324250474;-4,0610219701259;-3,99395385733955;-3,3217977374888;-2,72007905507952;-2,13829182353672;-1,18500861275905;-1,85736416666674;-2,23882456322202;-2,86260508058283;-5,02140762454537;-5,09729664790047;-4,06960428105759;-3,34524631734356;-2,65932913921636;0,0616023919182442;0,0160928837337721;0,0388562224715487;0,0179218411707625;0,0385225292945519;0,00612082035677787;0,015699196058898;0,00918210322227181;-2,907215449135589;0,03779420173598227;1;1;1;-3;-3;1;1;1;-13174,5019076183;NA;All
5000;1,88304088315069;2,84254900688767;2,29896849114977;2,50980797761203;2,71397452471025;2,28043562394877;2,41260264278576;2,44819771007298;2,45700793771892;1,97913013422064;1,92132520506502;1,63046728101526;1,43501376778664;4,90550357958464;1,52473550763761;1,76609058341847;1,91673558388257;1,51866759986513;1,93717807202571;1,61222558828219;-21,2493949166985;-3,79008603045278;-7,20969029393746;-8,51566303812501;-5,61065921085665;-5,62225021785504;-10,536537451225;-9,44246507450126;-6,41341979102222;-16,1050701691777;-11,9039710737268;-17,958603469274;-25,1241603258947;-42,2201109096562;-17,9934367568665;-15,1495215606078;-15,8921403085173;-20,6995455137417;-14,7704510396926;-19,5432018278614;2,68199219822906;1,52838389719892;1,55555567096163;0,906735395569924;0,505569093294629;0,505568510213577;0,542423295383888;0,645128743653648;0,999999654320567;0,839312184375599;0,686365732674007;0,484882772849465;0,338111817657018;-2,14551609259277;-2,4282524118668;-2,59869384510399;-3,05978324250474;-4,0610219701259;-3,99395385733955;-3,3217977374888;-2,72007905507952;-2,13829182353672;-1,18500861275905;-1,85736416666674;-2,23882456322202;-2,86260508058283;-5,02140762454537;-5,09729664790047;-4,06960428105759;-3,34524631734356;-2,65932913921636;0,0616023919182442;0,0160928837337721;0,0388562224715487;0,0179218411707625;0,0385225292945519;0,00612082035677787;0,015699196058898;0,00918210322227181;-3,604076579856082;-0,14593269720068347;1;1;1;-3;-3;1;1;1;-13174,3899721255;NA;All
